,date,open,high,low,close,volume,frac,fracHigh,fracLow,month
0,2019-02-19 08:00:00,118.0,118.0,118.0,118.0,100.0,0.0,0.0,0.0,2
1,2019-02-19 09:00:00,117.58,118.94,117.58,118.86,286500.0,0.010886205136928059,0.011566592957986047,0.0,2
2,2019-02-19 10:00:00,118.93,120.37,118.6928,120.265,353216.0,0.01122509038930458,0.01210796266711509,0.0019944505171109175,2
3,2019-02-19 11:00:00,120.17,120.73,120.12,120.52,157774.0,0.002912540567529286,0.004660064908046952,0.0004160772239327383,2
4,2019-02-19 12:00:00,120.48,120.5325,119.85,120.07,137954.0,-0.0034030544488712713,0.00043575697211151133,0.005229083665338726,2
5,2019-02-19 13:00:00,120.079,120.079,119.5,119.74,87631.0,-0.0028231414318906608,0.0,0.004821825631459236,2
6,2019-02-19 14:00:00,119.76,120.08,119.4,119.76,150214.0,0.0,0.002672010688042695,0.0030060120240480914,2
7,2019-02-19 15:00:00,119.82,119.95,119.31,119.39,430898.0,-0.00358871640794519,0.0010849607744951566,0.0042563845768652225,2
8,2019-02-19 16:00:00,119.36,119.36,119.36,119.36,100124.0,0.0,0.0,0.0,2
9,2019-02-20 09:00:00,119.46,119.94,119.23,119.85,99597.0,0.0032646911099949824,0.004018081366147698,0.001925330654612337,2
10,2019-02-20 10:00:00,119.72,119.97,119.61,119.74,75981.0,0.00016705646508516556,0.002088205813564985,0.0009188105579685887,2
11,2019-02-20 11:00:00,119.71,120.28,119.68,120.27,160430.0,0.004677971765099009,0.0047615069751901044,0.0002506056302730509,2
12,2019-02-20 12:00:00,120.28,120.75,120.1775,120.33,86474.0,0.00041569670768205154,0.003907549052211497,0.000852178250748306,2
13,2019-02-20 13:00:00,120.3,120.83,120.27,120.74,78459.0,0.003657522859517853,0.004405652535328356,0.00024937655860350074,2
14,2019-02-20 14:00:00,120.83,121.29,120.65,121.23,148066.0,0.0033104361499628047,0.003807001572457237,0.0014896962674831797,2
15,2019-02-20 15:00:00,121.23,121.24,120.76,120.86,305673.0,-0.0030520498226511966,8.248783304455089e-05,0.0038769281530974084,2
16,2019-02-20 16:00:00,120.83,120.83,120.19,120.83,12493.0,0.0,0.0,0.005296697839940417,2
17,2019-02-21 07:00:00,121.7,121.7,121.7,121.7,135.0,0.0,0.0,0.0,2
18,2019-02-21 08:00:00,122.0,123.03,122.0,123.03,4850.0,0.008442622950819682,0.008442622950819682,0.0,2
19,2019-02-21 09:00:00,123.0,124.25,122.03,122.6,392280.0,-0.0032520325203252497,0.01016260162601626,0.007886178861788608,2
20,2019-02-21 10:00:00,122.45,123.35,122.4,123.01,419378.0,0.004573295222539831,0.0073499387505103425,0.00040832993058388857,2
21,2019-02-21 11:00:00,123.05,123.19,122.41,122.52,241963.0,-0.004307192198293386,0.0011377488825680664,0.005201137748882573,2
22,2019-02-21 12:00:00,122.51,122.81,122.15,122.71,139582.0,0.0016325197943024131,0.0024487796914537357,0.002938535629744506,2
23,2019-02-21 13:00:00,122.73,122.74,121.77,121.86,85820.0,-0.007088731361525337,8.147967082205576e-05,0.007822048398924532,2
24,2019-02-21 14:00:00,121.86,121.86,120.79,120.94,186178.0,-0.007549647136057785,0.0,0.008780567864762787,2
25,2019-02-21 15:00:00,120.93,121.31,120.51,120.97,400642.0,0.00033076986686506277,0.003142313735218684,0.003473083602083864,2
26,2019-02-21 16:00:00,120.97,121.1,120.97,121.1,21034.0,0.0010746466065966393,0.0010746466065966393,0.0,2
27,2019-02-21 17:00:00,121.1,121.1,121.1,121.1,100.0,0.0,0.0,0.0,2
28,2019-02-22 09:00:00,121.03,121.35,120.35,120.83,74017.0,-0.0016524828554903977,0.0026439725687845425,0.005618441708667329,2
29,2019-02-22 10:00:00,120.74,121.435,120.63,120.88,96964.0,0.0011595163160510234,0.005756170283253333,0.0009110485340400815,2
30,2019-02-22 11:00:00,120.91,121.31,120.765,121.265,125694.0,0.0029360681498635677,0.003308245802663185,0.0011992391034653545,2
31,2019-02-22 12:00:00,121.265,121.39,120.7155,120.99,80079.0,-0.0022677606893992965,0.0010308003133632953,0.004531398177545003,2
32,2019-02-22 13:00:00,120.95,121.12,120.75,121.12,62408.0,0.001405539479123619,0.001405539479123619,0.0016535758577924996,2
33,2019-02-22 14:00:00,121.09,121.23,120.5691,120.64,100807.0,-0.00371624411594684,0.0011561648360723475,0.004301759022214861,2
34,2019-02-22 15:00:00,120.6,121.0699,120.6,120.93,203103.0,0.002736318407960303,0.0038963515754561343,0.0,2
35,2019-02-22 16:00:00,120.93,120.94,120.93,120.93,17938.0,0.0,8.269246671620693e-05,0.0,2
36,2019-02-25 08:00:00,121.71,121.77,121.1,121.1,2979.0,-0.005011913565031628,0.0004929751047572285,0.005011913565031628,2
37,2019-02-25 09:00:00,122.26,122.26,120.79,121.23,113066.0,-0.008424668738753485,0.0,0.01202355635530835,2
38,2019-02-25 10:00:00,121.24,121.67,120.79,121.18,108943.0,-0.0004948861761793803,0.003546684262619654,0.003711646321345997,2
39,2019-02-25 11:00:00,121.23,121.575,120.97,121.45,71688.0,0.0018147323269817608,0.0028458302400395847,0.002144683659160316,2
40,2019-02-25 12:00:00,121.43,121.43,120.97,121.25,69338.0,-0.0014823355019353275,0.0,0.003788190727167981,2
41,2019-02-25 13:00:00,121.25,121.465,121.22,121.38,43227.0,0.0010721649484535707,0.0017731958762886879,0.00024742268041238054,2
42,2019-02-25 14:00:00,121.354,121.48,120.9,120.93,61117.0,-0.0034939103779026023,0.001038284687773001,0.0037411210178485547,2
43,2019-02-25 15:00:00,120.9,121.07,120.47,120.55,259254.0,-0.002894954507857804,0.0014061207609593672,0.003556658395368129,2
44,2019-02-25 16:00:00,120.56,120.56,120.56,120.56,15862.0,0.0,0.0,0.0,2
45,2019-02-26 09:00:00,120.02,120.68,120.02,120.53,115179.0,0.0042492917847025925,0.005499083486085743,0.0,2
46,2019-02-26 10:00:00,120.5,120.79,120.11,120.1571,107826.0,-0.0028456431535269725,0.0024066390041494294,0.0032365145228215814,2
47,2019-02-26 11:00:00,120.15,120.725,120.12,120.41,73795.0,0.0021639617145234363,0.004785684560965365,0.00024968789013733776,2
48,2019-02-26 12:00:00,120.46,120.71,120.21,120.39,68886.0,-0.0005811057612484906,0.0020753777187448117,0.0020753777187448117,2
49,2019-02-26 13:00:00,120.39,120.41,120.03,120.17,68828.0,-0.0018273943018523038,0.0001661267547138136,0.002990281584849235,2
50,2019-02-26 14:00:00,120.19,120.3,119.82,119.87,69318.0,-0.0026624511190614293,0.0009152175721773811,0.0030784591064148812,2
51,2019-02-26 15:00:00,119.87,120.1048,119.39,119.66,257434.0,-0.0017518978893802282,0.0019587886877449967,0.0040043380328689746,2
52,2019-02-26 16:00:00,119.66,119.66,119.66,119.66,7193.0,0.0,0.0,0.0,2
53,2019-02-27 09:00:00,119.0,119.92,118.68,118.7,94646.0,-0.002521008403361321,0.007731092436974805,0.0026890756302520437,2
54,2019-02-27 10:00:00,118.755,118.96,117.21,118.09,323205.0,-0.005599764220453809,0.0017262431055534361,0.01300997852721992,2
55,2019-02-27 11:00:00,118.05,118.81,117.97,118.69,92986.0,0.00542143159678103,0.006437950021177511,0.0006776789495976137,2
56,2019-02-27 12:00:00,118.66,118.92,118.13,118.505,129098.0,-0.0013062531602899136,0.0021911343333895594,0.0044665430642171,2
57,2019-02-27 13:00:00,118.52,118.95,118.39,118.805,82470.0,0.002404657441782069,0.003628079649004445,0.0010968612892338463,2
58,2019-02-27 14:00:00,118.79,118.88,118.57,118.67,85380.0,-0.0010101860425962164,0.0007576395319470427,0.0018520077447597698,2
59,2019-02-27 15:00:00,118.68,118.76,118.11,118.44,285493.0,-0.002022244691607761,0.0006740815638692138,0.004802831142568313,2
60,2019-02-27 16:00:00,118.46,118.46,118.46,118.46,6000.0,0.0,0.0,0.0,2
61,2019-02-28 09:00:00,118.21,118.21,117.29,117.74,88143.0,-0.003975974959817265,0.0,0.007782759495812431,2
62,2019-02-28 10:00:00,117.695,118.13,117.395,118.05,146284.0,0.0030162708696206634,0.0036959938824929037,0.0025489612982709307,2
63,2019-02-28 11:00:00,118.0704,119.07,117.95,118.79,90206.0,0.0060946689432745185,0.008466135458167217,0.0010197306014039387,2
64,2019-02-28 12:00:00,118.81,119.215,118.76,119.11,55424.0,0.002525039979799656,0.0034088039727295776,0.0004208399966332561,2
65,2019-02-28 13:00:00,119.13,119.27,118.905,119.075,70182.0,-0.0004616805170821171,0.0011751867707546426,0.0018886930244270488,2
66,2019-02-28 14:00:00,119.05,119.18,118.65,119.02,94466.0,-0.0002519949601008075,0.0010919781604368725,0.0033599328013439018,2
67,2019-02-28 15:00:00,119.0,119.43,118.34,118.49,271292.0,-0.004285714285714328,0.003613445378151318,0.005546218487394929,2
68,2019-02-28 16:00:00,118.48,118.48,118.48,118.48,68396.0,0.0,0.0,0.0,2
69,2019-03-01 09:00:00,119.97,121.25,119.83,121.2,173173.0,0.01025256314078523,0.010669334000166718,0.0011669584062682385,3
70,2019-03-01 10:00:00,121.12,121.13,119.5,119.82,109922.0,-0.010733157199471691,8.256274768816797e-05,0.013375165125495414,3
71,2019-03-01 11:00:00,119.82,120.13,119.37,119.49,98022.0,-0.0027541311967951786,0.0025872141545652,0.0037556334501751684,3
72,2019-03-01 12:00:00,119.51,119.57,119.3,119.33,96136.0,-0.0015061501129613156,0.000502050037653653,0.0017571751317882014,3
73,2019-03-01 13:00:00,119.31,119.37,118.7,118.7731,120385.0,-0.004500041907635595,0.000502891626854432,0.005112731539686526,3
74,2019-03-01 14:00:00,118.8,119.08,118.7,118.93,242212.0,0.0010942760942761756,0.0023569023569023667,0.0008417508417507939,3
75,2019-03-01 15:00:00,118.9,119.08,118.61,119.03,411776.0,0.00109335576114378,0.0015138772077375323,0.002439024390243955,3
76,2019-03-01 16:00:00,119.03,119.03,119.0,119.0,8144.0,-0.0002520373015206346,0.0,0.0002520373015206346,3
77,2019-03-04 09:00:00,119.19,119.68,118.86,119.555,130757.0,0.0030623374444165544,0.004111083144559184,0.0027686886483765274,3
78,2019-03-04 10:00:00,119.54,119.7,118.46,118.48,194106.0,-0.008867324744855297,0.0013384641124309568,0.009034632758909256,3
79,2019-03-04 11:00:00,118.45,118.53,116.76,117.02,144356.0,-0.012072604474461856,0.0006753904601097365,0.014267623469818469,3
80,2019-03-04 12:00:00,117.01,117.31,116.51,116.92,133231.0,-0.0007691650286300607,0.0025638834287667477,0.00427313904794462,3
81,2019-03-04 13:00:00,116.895,117.47,116.55,117.4,66328.0,0.00432011634372736,0.004918944351768706,0.002951366611061199,3
82,2019-03-04 14:00:00,117.4074,117.64,117.23,117.23,110124.0,-0.0015109780133108438,0.001981135771680533,0.0015109780133108438,3
83,2019-03-04 15:00:00,117.25,117.7,117.14,117.7,354199.0,0.0038379530916844594,0.0038379530916844594,0.0009381663113006348,3
84,2019-03-04 16:00:00,117.68,117.68,117.68,117.68,34458.0,0.0,0.0,0.0,3
85,2019-03-05 09:00:00,118.15,118.63,118.03,118.46,142452.0,0.0026237833262800513,0.004062632247143375,0.0010156580617859039,3
86,2019-03-05 10:00:00,118.5,119.57,118.49,119.42,158972.0,0.007763713080168791,0.009029535864978845,8.438818565405161e-05,3
87,2019-03-05 11:00:00,119.41,119.9,119.2,119.28,110006.0,-0.00108868603969513,0.004103508918851094,0.0017586466795075266,3
88,2019-03-05 12:00:00,119.28,119.81,119.15,119.79,89760.0,0.00427565392354129,0.004443326626425228,0.00108987256874577,3
89,2019-03-05 13:00:00,119.79,119.97,119.29,119.3,116046.0,-0.004090491693797555,0.0015026296018030938,0.004173971116119876,3
90,2019-03-05 14:00:00,119.3,119.67,119.16,119.62,106909.0,0.002682313495389836,0.003101424979044464,0.0011735121542330307,3
91,2019-03-05 15:00:00,119.575,119.74,119.295,119.4,355663.0,-0.001463516621367319,0.0013798871001462851,0.002341626594187758,3
92,2019-03-05 16:00:00,119.41,119.41,119.41,119.41,10439.0,0.0,0.0,0.0,3
93,2019-03-06 09:00:00,118.45,119.28,118.29,118.62,163990.0,0.001435204727733235,0.007007176023638651,0.001350780920219473,3
94,2019-03-06 10:00:00,118.6,118.69,118.12,118.3052,87766.0,-0.002485666104553078,0.0007588532883642784,0.004047217537942578,3
95,2019-03-06 11:00:00,118.25,118.48,117.77,118.01,78989.0,-0.002029598308668033,0.0019450317124736066,0.004059196617336186,3
96,2019-03-06 12:00:00,118.0,118.23,117.93,118.0,59203.0,0.0,0.001949152542372915,0.000593220338982993,3
97,2019-03-06 13:00:00,118.0,118.09,117.65,118.07,104007.0,0.000593220338982993,0.0007627118644068085,0.002966101694915206,3
98,2019-03-06 14:00:00,118.09,118.15,117.8,117.93,90374.0,-0.0013548988059953982,0.0005080870522483045,0.0024557540858667648,3
99,2019-03-06 15:00:00,117.89,117.95,117.0,117.09,276269.0,-0.006785986936975122,0.0005089490202731553,0.007549410467384855,3
100,2019-03-06 16:00:00,117.09,117.09,117.09,117.09,8630.0,0.0,0.0,0.0,3
101,2019-03-06 18:00:00,117.0,117.0,117.0,117.0,150.0,0.0,0.0,0.0,3
102,2019-03-06 19:00:00,117.0,117.0,117.0,117.0,250.0,0.0,0.0,0.0,3
103,2019-03-07 08:00:00,117.0999,117.0999,117.0999,117.0999,100.0,0.0,0.0,0.0,3
104,2019-03-07 09:00:00,116.85,117.1,115.0,115.8,132924.0,-0.008985879332477511,0.002139495079161318,0.015832263585793704,3
105,2019-03-07 10:00:00,115.82,116.34,115.52,115.8,154855.0,-0.00017268174753925077,0.004489725436021501,0.002590226213089252,3
106,2019-03-07 11:00:00,115.76,116.39,115.5,116.08,106585.0,0.002764340013821641,0.005442294402211433,0.0022460262612301754,3
107,2019-03-07 12:00:00,116.03,116.47,116.0,116.38,156352.0,0.0030164612600189116,0.0037921227268809593,0.0002585538222873493,3
108,2019-03-07 13:00:00,116.38,116.4,115.72,115.8,70068.0,-0.004983674170819714,0.00017185083347663027,0.005671077504725869,3
109,2019-03-07 14:00:00,115.82,115.865,115.22,115.27,86762.0,-0.0047487480573303155,0.00038853393196340623,0.005180452426178504,3
110,2019-03-07 15:00:00,115.29,115.94,115.09,115.71,479766.0,0.0036429872495445177,0.0056379564576285145,0.0017347558331165134,3
111,2019-03-07 16:00:00,115.71,115.71,115.71,115.71,236653.0,0.0,0.0,0.0,3
112,2019-03-07 17:00:00,115.75,115.8,115.75,115.8,250.0,0.00043196544276455427,0.00043196544276455427,0.0,3
113,2019-03-08 08:00:00,114.8,115.71,114.8,115.71,3460.0,0.007926829268292654,0.007926829268292654,0.0,3
114,2019-03-08 09:00:00,115.0,115.44,114.56,115.11,100964.0,0.0009565217391304298,0.0038260869565217193,0.0038260869565217193,3
115,2019-03-08 10:00:00,115.0075,115.9,114.79,115.63,99577.0,0.0054126904767080606,0.0077603634545574205,0.001891181009934021,3
116,2019-03-08 11:00:00,115.58,115.92,115.3236,115.68,75639.0,0.000865201591971003,0.002941685412701189,0.0022183768818134567,3
117,2019-03-08 12:00:00,115.7,115.94,115.395,115.41,84308.0,-0.0025064822817632347,0.0020743301642177606,0.0026361279170268523,3
118,2019-03-08 13:00:00,115.45,115.89,115.37,115.76,76249.0,0.0026851450844521635,0.003811173668254636,0.0006929406669553772,3
119,2019-03-08 14:00:00,115.78,116.49,115.63,116.25,83071.0,0.004059423043703566,0.006132319917084071,0.0012955605458628925,3
120,2019-03-08 15:00:00,116.24,116.67,115.89,116.54,277871.0,0.002580867171369678,0.0036992429456297903,0.0030110116999311283,3
121,2019-03-08 16:00:00,116.54,116.54,116.54,116.54,119850.0,0.0,0.0,0.0,3
122,2019-03-11 09:00:00,116.65,117.0,116.22,117.0,51732.0,0.00300042863266176,0.00300042863266176,0.0036862408915559947,3
123,2019-03-11 10:00:00,116.99,117.17,116.64,116.81,72433.0,-0.0015385930421402908,0.0015385930421404122,0.0029917086930506395,3
124,2019-03-11 11:00:00,116.76,117.16,116.76,117.11,59887.0,0.002997601918465179,0.003425830763960187,0.0,3
125,2019-03-11 12:00:00,117.07,117.15,116.47,116.93,83785.0,-0.0011958657213631705,0.000683351840779128,0.00512513880584261,3
126,2019-03-11 13:00:00,116.9,117.3,116.88,117.19,63516.0,0.0024807527801539095,0.003421727972626103,0.00017108639863139632,3
127,2019-03-11 14:00:00,117.185,117.26,117.03,117.15,70593.0,-0.0002986730383581225,0.0006400136536246349,0.0013226948841575383,3
128,2019-03-11 15:00:00,117.11,117.3,116.79,116.88,227517.0,-0.001963965502519033,0.0016224062846895886,0.002732473742635071,3
129,2019-03-11 16:00:00,116.88,116.88,116.88,116.88,6190.0,0.0,0.0,0.0,3
130,2019-03-12 09:00:00,117.34,117.34,116.2,116.84,51831.0,-0.004261121527185955,0.0,0.009715357081983983,3
131,2019-03-12 10:00:00,116.87,116.87,115.37,116.1,147730.0,-0.0065885171558142394,0.0,0.01283477368015744,3
132,2019-03-12 11:00:00,116.055,116.38,115.63,116.37,98506.0,0.002714230321830147,0.0028003963637929312,0.0036620567834217514,3
133,2019-03-12 12:00:00,116.4,116.62,116.21,116.58,117599.0,0.001546391752577256,0.0018900343642611584,0.0016323024054983842,3
134,2019-03-12 13:00:00,116.58,117.14,116.57,117.05,67301.0,0.00403156630639903,0.004803568365071216,8.577800651917239e-05,3
135,2019-03-12 14:00:00,117.06,117.07,116.55,116.65,67498.0,-0.003502477362036533,8.542627712276529e-05,0.004356740133265036,3
136,2019-03-12 15:00:00,116.625,116.72,116.06,116.27,237175.0,-0.0030439442658092516,0.0008145766345123161,0.004844587352625918,3
137,2019-03-12 16:00:00,116.29,116.29,116.29,116.29,10589.0,0.0,0.0,0.0,3
138,2019-03-12 18:00:00,116.29,116.29,116.29,116.29,135.0,0.0,0.0,0.0,3
139,2019-03-13 08:00:00,118.25,118.25,118.25,118.25,200.0,0.0,0.0,0.0,3
140,2019-03-13 09:00:00,116.4,118.85,116.4,118.11,118280.0,0.014690721649484482,0.02104810996563564,0.0,3
141,2019-03-13 10:00:00,118.16,118.37,117.335,117.39,164926.0,-0.006516587677725085,0.0017772511848341906,0.0069820582261340795,3
142,2019-03-13 11:00:00,117.42,118.12,117.4,117.76,114065.0,0.0028955884857775798,0.005961505706012628,0.0001703287344574691,3
143,2019-03-13 12:00:00,117.82,117.92,117.57,117.65,58451.0,-0.0014428789679170556,0.0008487523340689911,0.002121880835172297,3
144,2019-03-13 13:00:00,117.69,117.88,117.61,117.83,65812.0,0.0011895658084799096,0.0016144107400798515,0.0006797518905599312,3
145,2019-03-13 14:00:00,117.81,117.94,117.06,117.36,80013.0,-0.0038197097020626672,0.0011034716917069471,0.006366182836771072,3
146,2019-03-13 15:00:00,117.35,117.39,116.32,117.12,293803.0,-0.001959948870898933,0.0003408606731998829,0.008777162334895621,3
147,2019-03-13 16:00:00,117.12,117.12,117.12,117.12,7624.0,0.0,0.0,0.0,3
148,2019-03-13 18:00:00,117.12,117.12,117.12,117.12,394.0,0.0,0.0,0.0,3
149,2019-03-14 09:00:00,117.04,117.28,116.73,116.8,79619.0,-0.0020505809979494967,0.0020505809979493752,0.002648667122351352,3
150,2019-03-14 10:00:00,116.83,116.88,115.94,116.26,120470.0,-0.00487888384832657,0.00042797226739704834,0.007617906359667899,3
151,2019-03-14 11:00:00,116.28,116.6,116.145,116.18,85502.0,-0.0008599931200549907,0.002751977984176068,0.0011609907120743474,3
152,2019-03-14 12:00:00,116.15,116.35,116.06,116.13,101105.0,-0.00017219113215678202,0.0017219113215668413,0.000774860094705152,3
153,2019-03-14 13:00:00,116.14,116.16,115.465,115.64,128457.0,-0.004305148958153952,0.00017220595832612381,0.005811951093507811,3
154,2019-03-14 14:00:00,115.71,116.22,115.65,116.1564,93047.0,0.0038579206637283834,0.004407570650764888,0.0005185377236192902,3
155,2019-03-14 15:00:00,116.13,116.48,116.05,116.45,234543.0,0.0027555325927840126,0.0030138637733575177,0.0006888831481959726,3
156,2019-03-14 16:00:00,116.45,116.45,115.42,115.42,15523.0,-0.008844997853155871,0.0,0.008844997853155871,3
157,2019-03-15 09:00:00,116.84,118.45,116.77,118.0,249344.0,0.009928106812735335,0.013779527559055113,0.0005991098938720249,3
158,2019-03-15 10:00:00,117.95,118.18,117.39,117.485,72159.0,-0.003942348452734238,0.0019499788045782447,0.004747774480712185,3
159,2019-03-15 11:00:00,117.51,117.9,117.23,117.9,65124.0,0.003318866479448562,0.003318866479448562,0.0023827759339630768,3
160,2019-03-15 12:00:00,117.85,118.0,117.77,117.77,45948.0,-0.0006788290199405881,0.0012728044123886779,0.0006788290199405881,3
161,2019-03-15 13:00:00,117.83,117.86,117.61,117.78,27367.0,-0.0004243401510650697,0.00025460409063906593,0.001867096664686403,3
162,2019-03-15 14:00:00,117.79,117.83,117.38,117.42,53395.0,-0.003141183462093595,0.00033958740130734394,0.003480770863401059,3
163,2019-03-15 15:00:00,117.42,117.82,117.15,117.19,237444.0,-0.001958780446261318,0.003406574689149987,0.0022994379151762565,3
164,2019-03-15 16:00:00,117.18,117.18,117.18,117.18,99770.0,0.0,0.0,0.0,3
165,2019-03-18 09:00:00,117.63,118.13,117.38,117.77,66878.0,0.0011901725750233833,0.0042506163393692085,0.0021253081696846043,3
166,2019-03-18 10:00:00,117.8,118.335,117.68,118.3,202045.0,0.004244482173174873,0.004541595925297085,0.0010186757215618874,3
167,2019-03-18 11:00:00,118.32,118.36,117.82,117.86,231404.0,-0.0038877620013522125,0.00033806626098720633,0.0042258282623394185,3
168,2019-03-18 12:00:00,117.88,118.53,117.8,118.53,154505.0,0.005514082117407582,0.005514082117407582,0.0006786562606039896,3
169,2019-03-18 13:00:00,118.51,118.73,118.06,118.3,107963.0,-0.0017720023626698839,0.001856383427558846,0.003797147920006774,3
170,2019-03-18 14:00:00,118.25,118.39,117.9729,118.1,110494.0,-0.0012684989429175956,0.001183932346723049,0.0023433403805497195,3
171,2019-03-18 15:00:00,118.11,118.55,118.05,118.31,249945.0,0.0016933367200067974,0.0037253407840148823,0.0005080010160020513,3
172,2019-03-18 16:00:00,118.3,118.3,118.3,118.3,62061.0,0.0,0.0,0.0,3
173,2019-03-19 09:00:00,118.95,119.45,118.54,119.27,76171.0,0.0026902059688944362,0.004203446826397646,0.003446826397646041,3
174,2019-03-19 10:00:00,119.23,119.34,118.82,118.95,99932.0,-0.0023484022477564467,0.0009225865973328813,0.003438731862786302,3
175,2019-03-19 11:00:00,118.99,119.36,118.85,119.35,63863.0,0.0030254643247331664,0.003109505000420242,0.0011765694596184602,3
176,2019-03-19 12:00:00,119.35,119.39,118.43,118.64,93518.0,-0.00594888981985751,0.00033514872224554886,0.007708420611646314,3
177,2019-03-19 13:00:00,118.67,118.75,118.26,118.3,53879.0,-0.003117889946911642,0.0006741383668997918,0.0034549591303614778,3
178,2019-03-19 14:00:00,118.25,118.29,117.77,117.81,90001.0,-0.0037209302325581202,0.0003382663847780656,0.004059196617336186,3
179,2019-03-19 15:00:00,117.87,117.97,116.97,117.47,271126.0,-0.0033935691863918355,0.0008483922965978986,0.00763553066938157,3
180,2019-03-19 16:00:00,117.44,117.44,117.44,117.44,104429.0,0.0,0.0,0.0,3
181,2019-03-20 09:00:00,117.1,117.1,115.99,116.02,89580.0,-0.009222886421861642,0.0,0.00947907771135781,3
182,2019-03-20 10:00:00,116.01,116.56,115.43,115.7,152207.0,-0.002672183432462738,0.004740970605982218,0.004999569002672169,3
183,2019-03-20 11:00:00,115.72,116.08,115.3,115.36,122012.0,-0.003110957483581053,0.003110957483581053,0.003629450397511249,3
184,2019-03-20 12:00:00,115.37,115.6,115.2,115.395,83016.0,0.0002166941145877739,0.001993585854208111,0.0014735199791973798,3
185,2019-03-20 13:00:00,115.38,115.7,115.37,115.69,54001.0,0.002686774137632192,0.002773444271104242,8.667013347192673e-05,3
186,2019-03-20 14:00:00,115.71,117.0,115.71,116.76,150169.0,0.009074410163339482,0.011148561057817011,0.0,3
187,2019-03-20 15:00:00,116.76,116.79,115.92,116.02,350766.0,-0.006337786913326559,0.00025693730729702924,0.007194244604316576,3
188,2019-03-20 16:00:00,116.0,116.0,116.0,116.0,294841.0,0.0,0.0,0.0,3
189,2019-03-21 09:00:00,115.57,116.74,115.28,116.67,65771.0,0.00951804101410408,0.010123734533183368,0.0025093017219000786,3
190,2019-03-21 10:00:00,116.71,117.0,116.4453,116.63,138563.0,-0.0006854596864021789,0.002484791363208005,0.002268014737383177,3
191,2019-03-21 11:00:00,116.65,117.81,116.6225,117.72,92360.0,0.0091727389627089,0.009944277753964822,0.00023574796399488564,3
192,2019-03-21 12:00:00,117.7433,117.77,116.9,116.974,59745.0,-0.006533705102540877,0.00022676449530454015,0.007162190969677249,3
193,2019-03-21 13:00:00,116.98,117.45,116.97,117.11,43131.0,0.0011113010771071589,0.0040177808172337055,8.548469823905895e-05,3
194,2019-03-21 14:00:00,117.11,117.84,117.095,117.8,62503.0,0.005891896507556978,0.0062334557253864225,0.00012808470668602655,3
195,2019-03-21 15:00:00,117.8,118.01,117.52,117.78,186100.0,-0.00016977928692696114,0.0017826825127335141,0.0023769100169779385,3
196,2019-03-21 16:00:00,117.77,117.77,117.77,117.77,14002.0,0.0,0.0,0.0,3
197,2019-03-21 17:00:00,117.78,117.78,117.77,117.78,4340.0,0.0,0.0,8.490405841403562e-05,3
198,2019-03-22 08:00:00,117.0,117.0,117.0,117.0,100.0,0.0,0.0,0.0,3
199,2019-03-22 09:00:00,117.28,117.45,115.82,115.82,86608.0,-0.012448840381991882,0.001449522510231938,0.012448840381991882,3
200,2019-03-22 10:00:00,115.86,116.4,115.55,116.06,135521.0,0.0017262213015708859,0.00466079751424138,0.002675643017434855,3
201,2019-03-22 11:00:00,116.05,116.2001,115.52,115.565,210382.0,-0.004179233089185691,0.0012934080137872383,0.004566996984058606,3
202,2019-03-22 12:00:00,115.58,115.86,115.13,115.695,194525.0,0.0009949818307665244,0.002422564457518612,0.003893407163869206,3
203,2019-03-22 13:00:00,115.7,115.96,115.47,115.6097,107643.0,-0.0007804667242869417,0.0022471910112358763,0.001987899740708764,3
204,2019-03-22 14:00:00,115.605,116.84,115.605,116.33,207061.0,0.0062713550451969574,0.010682928939059724,0.0,3
205,2019-03-22 15:00:00,116.32,116.47,115.48,115.58,382471.0,-0.0063617606602475495,0.0012895460797799664,0.007221458046767445,3
206,2019-03-22 16:00:00,115.58,115.58,115.58,115.58,9308.0,0.0,0.0,0.0,3
207,2019-03-25 09:00:00,115.17,115.28,114.06,114.14,129553.0,-0.008943301206911532,0.0009551098376313227,0.009637926543370664,3
208,2019-03-25 10:00:00,114.09,115.105,113.93,114.83,193121.0,0.006486107459023533,0.008896485230958021,0.0014024016127618247,3
209,2019-03-25 11:00:00,114.82,115.6,114.6004,114.61,156576.0,-0.0018289496603378658,0.006793241595540856,0.001912558787667652,3
210,2019-03-25 12:00:00,114.5825,114.75,114.235,114.6144,145049.0,0.0002784020247420624,0.0014618288133004952,0.003032749329086,3
211,2019-03-25 13:00:00,114.64,114.78,114.185,114.185,122682.0,-0.003968946266573607,0.0012212142358688117,0.003968946266573607,3
212,2019-03-25 14:00:00,114.2,114.59,113.86,114.515,124293.0,0.0027583187390542705,0.003415061295971984,0.00297723292469355,3
213,2019-03-25 15:00:00,114.525,114.85,114.39,114.48,390674.0,-0.000392927308447952,0.0028378083387905575,0.001178781925343856,3
214,2019-03-25 16:00:00,114.5,114.5,114.5,114.5,100843.0,0.0,0.0,0.0,3
215,2019-03-26 07:00:00,114.42,114.6,113.45,113.45,600.0,-0.008477538891802123,0.0015731515469322899,0.008477538891802123,3
216,2019-03-26 08:00:00,114.2,114.2,114.2,114.2,300.0,0.0,0.0,0.0,3
217,2019-03-26 09:00:00,113.78,114.76,110.23,114.76,507490.0,0.008613113025136263,0.008613113025136263,0.031200562489013862,3
218,2019-03-26 10:00:00,114.86,115.81,114.13,114.93,353810.0,0.0006094375761797613,0.008270938533867341,0.006355563294445446,3
219,2019-03-26 11:00:00,114.86,114.94,113.535,113.7,290530.0,-0.010099251262406378,0.0006965000870624961,0.01153578269197286,3
220,2019-03-26 12:00:00,113.72,113.92,112.6289,112.64,325683.0,-0.009497010200492423,0.0017587055926838097,0.009594618360886363,3
221,2019-03-26 13:00:00,112.63,112.92,112.01,112.1,269976.0,-0.004705673444020253,0.002574802450501698,0.005504750066589633,3
222,2019-03-26 14:00:00,112.1,112.4,111.69,112.35,216708.0,0.0022301516503122213,0.002676181980374767,0.0036574487065120127,3
223,2019-03-26 15:00:00,112.35,113.12,112.35,113.1,532186.0,0.006675567423230975,0.006853582554517225,0.0,3
224,2019-03-26 16:00:00,113.11,113.11,113.11,113.11,18835.0,0.0,0.0,0.0,3
225,2019-03-27 09:00:00,113.47,113.745,112.2,112.29,112040.0,-0.010399224464616132,0.002423548074380944,0.011192385652595364,3
226,2019-03-27 10:00:00,112.24,112.69,111.56,111.722,228520.0,-0.004615110477548118,0.0040092658588738676,0.006058446186742629,3
227,2019-03-27 11:00:00,111.69,111.99,110.74,110.95,197546.0,-0.006625481242725355,0.002686005909212975,0.008505685379174526,3
228,2019-03-27 12:00:00,110.96,111.34,110.7,111.18,201729.0,0.0019826964671955036,0.0034246575342466628,0.0023431867339581015,3
229,2019-03-27 13:00:00,111.17,111.61,111.03,111.45,219372.0,0.002518665107493039,0.003957902311774739,0.0012593325537465195,3
230,2019-03-27 14:00:00,111.46,111.57,110.75,110.81,178435.0,-0.00583168849811584,0.0009869011304503808,0.006369998205634253,3
231,2019-03-27 15:00:00,110.8,111.13,110.63,110.99,554314.0,0.0017148014440433008,0.00297833935018049,0.001534296028880882,3
232,2019-03-27 16:00:00,110.99,110.99,110.99,110.99,45466.0,0.0,0.0,0.0,3
233,2019-03-27 19:00:00,111.0,111.0,111.0,111.0,400.0,0.0,0.0,0.0,3
234,2019-03-28 09:00:00,110.9,112.53,110.74,112.44,200096.0,0.013886384129846637,0.014697926059513033,0.0014427412082958593,3
235,2019-03-28 10:00:00,112.47,112.77,112.02,112.07,164291.0,-0.0035565039566107025,0.0026673779674579634,0.004001066951187009,3
236,2019-03-28 11:00:00,112.075,112.31,111.52,111.66,162381.0,-0.0037028775373634283,0.002096810171759977,0.0049520410439438485,3
237,2019-03-28 12:00:00,111.67,112.11,111.52,112.065,84063.0,0.0035372078445419183,0.003940180890122663,0.0013432434852691474,3
238,2019-03-28 13:00:00,112.0654,112.23,111.9275,112.18,98340.0,0.0010226171503426573,0.0014687851915043107,0.0012305314575239272,3
239,2019-03-28 14:00:00,112.21,112.45,112.07,112.14,129721.0,-0.0006238303181534015,0.002138846805097666,0.0012476606363069297,3
240,2019-03-28 15:00:00,112.14,112.61,112.04,112.45,303922.0,0.0027644016408061556,0.004191189584448001,0.0008917424647761219,3
241,2019-03-28 16:00:00,112.45,112.45,111.82,112.45,72568.0,0.0,0.0,0.005602489995553665,3
242,2019-03-29 07:00:00,111.7,111.7,111.41,111.41,500.0,-0.002596239928379644,0.0,0.002596239928379644,3
243,2019-03-29 09:00:00,112.83,113.17,112.54,113.14,71337.0,0.002747496233271313,0.003013382965523384,0.002570238411769849,3
244,2019-03-29 10:00:00,113.164,113.91,113.05,113.67,179056.0,0.004471386660068575,0.006592202467215679,0.001007387508394934,3
245,2019-03-29 11:00:00,113.69,113.97,113.5,113.72,121437.0,0.00026387545078723843,0.0024628375406808086,0.0016712111883190933,3
246,2019-03-29 12:00:00,113.7,113.875,113.27,113.805,265081.0,0.0009234828496042566,0.0015391380826736776,0.003781882145998301,3
247,2019-03-29 13:00:00,113.78,114.22,113.765,113.875,101660.0,0.0008349446299876855,0.003867111970469307,0.00013183336262964114,3
248,2019-03-29 14:00:00,113.87,114.73,113.865,114.66,167896.0,0.006937736014753597,0.007552472117326771,4.390972161244984e-05,3
249,2019-03-29 15:00:00,114.67,114.82,114.36,114.625,431863.0,-0.00039243045260313686,0.001308101508676999,0.0027034097845993047,3
250,2019-03-29 16:00:00,114.62,114.62,114.62,114.62,21764.0,0.0,0.0,0.0,3
251,2019-04-01 09:00:00,115.79,116.515,115.31,116.3,170124.0,0.0044045254339752215,0.006261335175749152,0.004145435702565022,4
252,2019-04-01 10:00:00,116.38,117.17,116.38,116.73,239008.0,0.003007389585839565,0.006788107922323477,0.0,4
253,2019-04-01 11:00:00,116.76,116.85,116.45,116.61,88187.0,-0.0012846865364851462,0.0007708119218909661,0.002655018842069221,4
254,2019-04-01 12:00:00,116.62,116.655,116.37,116.63,105909.0,8.574858514826706e-05,0.00030012004801917844,0.002143714628708626,4
255,2019-04-01 13:00:00,116.64,116.68,116.15,116.18,152354.0,-0.00394375857338815,0.0003429355281207669,0.004200960219478694,4
256,2019-04-01 14:00:00,116.21,116.26,115.38,115.44,300643.0,-0.0066259358058686525,0.0004302555718097528,0.0071422424920402575,4
257,2019-04-01 15:00:00,115.42,115.77,115.31,115.63,425593.0,0.001819442037775028,0.0030324033962917545,0.0009530410674059906,4
258,2019-04-01 16:00:00,115.61,115.8,115.61,115.61,27041.0,0.0,0.0016434564484040977,0.0,4
259,2019-04-02 09:00:00,115.61,116.2,115.17,116.18,117914.0,0.0049303693452124155,0.005103364760833867,0.003805899143672673,4
260,2019-04-02 10:00:00,116.04,116.49,115.66,116.29,132358.0,0.0021544295070665288,0.0038779731127196538,0.003274732850741207,4
261,2019-04-02 11:00:00,116.26,116.42,115.82,116.2,96572.0,-0.000516084637880632,0.001376225701014937,0.0037846206777912604,4
262,2019-04-02 12:00:00,116.1958,116.32,115.8,115.975,105770.0,-0.001900240800442109,0.0010688854502485259,0.003406319333401107,4
263,2019-04-02 13:00:00,115.94,116.24,115.88,116.19,105523.0,0.002156287735035363,0.0025875452820424113,0.0005175090564085068,4
264,2019-04-02 14:00:00,116.22,116.51,116.19,116.4,77326.0,0.0015487867836861712,0.0024952675959387907,0.00025813113061436187,4
265,2019-04-02 15:00:00,116.4,116.41,116.06,116.25,310773.0,-0.0012886597938144818,8.591065292088406e-05,0.002920962199312744,4
266,2019-04-02 16:00:00,116.26,116.26,116.26,116.26,76818.0,0.0,0.0,0.0,4
267,2019-04-03 08:00:00,115.94,115.94,115.94,115.94,420.0,0.0,0.0,0.0,4
268,2019-04-03 09:00:00,116.96,116.96,116.22,116.23,167512.0,-0.006241450068399366,0.0,0.006326949384404881,4
269,2019-04-03 10:00:00,116.16,116.56,115.56,116.49,117672.0,0.0028409090909090762,0.003443526170798947,0.005165289256198299,4
270,2019-04-03 11:00:00,116.48,116.74,116.12,116.35,91137.0,-0.0011160714285715116,0.002232142857142779,0.0030906593406593358,4
271,2019-04-03 12:00:00,116.4,116.665,116.37,116.5771,107706.0,0.0015214776632302045,0.002276632302405503,0.00025773195876289636,4
272,2019-04-03 13:00:00,116.54,117.06,116.54,116.68,79288.0,0.0012013042732109194,0.004461987300497649,0.0,4
273,2019-04-03 14:00:00,116.7,116.79,116.45,116.59,87974.0,-0.0009425878320479813,0.0007712082262211089,0.0021422450728363325,4
274,2019-04-03 15:00:00,116.55,116.7,116.175,116.61,207594.0,0.0005148005148005343,0.0012870012870013357,0.0032175032175032177,4
275,2019-04-03 16:00:00,116.63,116.63,116.63,116.63,31609.0,0.0,0.0,0.0,4
276,2019-04-04 09:00:00,117.01,117.01,116.27,116.62,52761.0,-0.0033330484573968083,0.0,0.006324245790958115,4
277,2019-04-04 10:00:00,116.53,116.66,116.05,116.59,58778.0,0.0005148888698189503,0.001115592551274311,0.00411911095855148,4
278,2019-04-04 11:00:00,116.58,116.77,116.08,116.24,110333.0,-0.002916452221650398,0.0016297821238634219,0.004288900325956425,4
279,2019-04-04 12:00:00,116.22,116.45,116.02,116.3,73935.0,0.0006883496816382575,0.0019790053347100668,0.001720874204095705,4
280,2019-04-04 13:00:00,116.32,116.35,115.66,115.71,71586.0,-0.00524415405777166,0.0002579092159559933,0.005674002751031608,4
281,2019-04-04 14:00:00,115.725,116.02,115.68,115.76,77366.0,0.0003024411319940445,0.002549146683949032,0.0003888528839921149,4
282,2019-04-04 15:00:00,115.77,115.94,115.63,115.88,250595.0,0.0009501597996026556,0.0014684287812041265,0.0012092942904033909,4
283,2019-04-04 16:00:00,115.87,115.87,115.87,115.87,6719.0,0.0,0.0,0.0,4
284,2019-04-05 09:00:00,115.84,116.64,115.84,116.36,82030.0,0.004488950276243059,0.006906077348066274,0.0,4
285,2019-04-05 10:00:00,116.47,117.12,116.47,116.87,207202.0,0.003434360779599946,0.005580836266849881,0.0,4
286,2019-04-05 11:00:00,116.8405,117.41,116.82,117.29,105517.0,0.003847124926716339,0.0048741660639931425,0.00017545286095157602,4
287,2019-04-05 12:00:00,117.31,117.33,117.02,117.329,94755.0,0.00016196402693710037,0.0001704884494075187,0.0024720825164095666,4
288,2019-04-05 13:00:00,117.35,117.43,117.02,117.38,55716.0,0.00025564550489988187,0.0006817213463997658,0.0028121005538985794,4
289,2019-04-05 14:00:00,117.42,117.48,117.1,117.19,61924.0,-0.001958780446261318,0.0005109862033725283,0.0027252597513201106,4
290,2019-04-05 15:00:00,117.19,117.46,117.1,117.27,232726.0,0.0006826521034217791,0.0023039508490485198,0.000767983616349547,4
291,2019-04-05 16:00:00,117.27,117.27,117.27,117.27,10217.0,0.0,0.0,0.0,4
292,2019-04-08 09:00:00,117.28,117.51,116.9169,117.17,49992.0,-0.0009379263301500634,0.001961118690313813,0.003096009549795386,4
293,2019-04-08 10:00:00,117.2707,117.34,116.95,117.15,214783.0,-0.0010292425985348375,0.0005909404480402893,0.0027346984370350156,4
294,2019-04-08 11:00:00,117.18,118.18,117.16,117.99,263823.0,0.006912442396313262,0.008533879501621437,0.00017067759003251606,4
295,2019-04-08 12:00:00,118.0,118.1082,117.69,118.02,295123.0,0.0001694915254236951,0.0009169491525423434,0.002627118644067816,4
296,2019-04-08 13:00:00,118.06,118.53,117.93,118.39,167630.0,0.0027951888870065924,0.0039810265966457635,0.0011011350160934732,4
297,2019-04-08 14:00:00,118.41,118.95,118.25,118.56,365969.0,0.0012667848999240409,0.004560425639726427,0.0013512372265855636,4
298,2019-04-08 15:00:00,118.54,118.58,117.95,118.42,389422.0,-0.0010123165176312177,0.000337438839210326,0.004977222878353327,4
299,2019-04-08 16:00:00,118.42,118.42,118.42,118.42,20388.0,0.0,0.0,0.0,4
300,2019-04-09 09:00:00,117.44,118.31,117.0886,117.57,75687.0,0.001106948228882795,0.007408038147139004,0.0029921662125340443,4
301,2019-04-09 10:00:00,117.6,117.62,116.54,116.83,131380.0,-0.006547619047619014,0.00017006802721097138,0.00901360544217677,4
302,2019-04-09 11:00:00,116.84,117.01,116.16,116.2,116950.0,-0.005477576172543654,0.0014549811708319215,0.005819924683327686,4
303,2019-04-09 12:00:00,116.2,116.53,116.05,116.13,105889.0,-0.0006024096385542805,0.0028399311531841507,0.0012908777969019422,4
304,2019-04-09 13:00:00,116.1,116.1,115.57,115.65,102710.0,-0.0038759689922479644,0.0,0.004565030146425506,4
305,2019-04-09 14:00:00,115.645,115.645,115.09,115.33,165548.0,-0.0027238531713433154,0.0,0.004799169873319146,4
306,2019-04-09 15:00:00,115.32,115.525,115.01,115.37,395215.0,0.00043357613596957487,0.0017776621574749612,0.0026881720430106493,4
307,2019-04-09 16:00:00,115.32,115.32,115.32,115.32,29334.0,0.0,0.0,0.0,4
308,2019-04-10 09:00:00,115.84,116.61,115.58,116.46,129076.0,0.005352209944751297,0.006647099447513778,0.002244475138121591,4
309,2019-04-10 10:00:00,116.45,116.72,115.63,115.99,97795.0,-0.003950193215972589,0.002318591670244706,0.007041648776298904,4
310,2019-04-10 11:00:00,116.005,116.25,115.63,116.16,99096.0,0.0013361493039093242,0.0021119779319857296,0.003232619283651567,4
311,2019-04-10 12:00:00,116.18,116.72,116.18,116.58,58012.0,0.003442933379239038,0.004647960061972732,0.0,4
312,2019-04-10 13:00:00,116.6,116.76,116.47,116.525,60751.0,-0.000643224699828376,0.0013722126929675026,0.0011149228130359816,4
313,2019-04-10 14:00:00,116.54,116.6,116.15,116.37,94901.0,-0.001458726617470411,0.0005148446885188609,0.003346490475373267,4
314,2019-04-10 15:00:00,116.4,116.74,116.335,116.52,280511.0,0.0010309278350514634,0.002920962199312622,0.0005584192439863568,4
315,2019-04-10 16:00:00,116.51,116.51,116.51,116.51,90611.0,0.0,0.0,0.0,4
316,2019-04-11 09:00:00,116.87,118.5225,116.86,117.91,106866.0,0.008898776418242424,0.01413964233764002,8.556515786776004e-05,4
317,2019-04-11 10:00:00,117.93,118.65,117.67,118.58,199367.0,0.005511744255066492,0.006105316713304492,0.0022046977020266693,4
318,2019-04-11 11:00:00,118.59,118.72,118.22,118.52,159128.0,-0.0005902689940130482,0.0010962138460240782,0.003119993254068678,4
319,2019-04-11 12:00:00,118.51,118.59,118.09,118.38,139077.0,-0.0010969538435575872,0.0006750485191122968,0.003544004725339648,4
320,2019-04-11 13:00:00,118.36,118.64,118.3,118.4,105692.0,0.0003379520108145172,0.00236566407570126,0.0005069280162217157,4
321,2019-04-11 14:00:00,118.4099,118.7,118.35,118.6,97295.0,0.0016054400856685214,0.002449964065504739,0.0005058698639218423,4
322,2019-04-11 15:00:00,118.6,119.02,118.485,118.92,341205.0,0.002698145025295172,0.003541315345699846,0.0009696458684653869,4
323,2019-04-11 16:00:00,118.94,119.23,118.94,119.23,11375.0,0.0024382041365394844,0.0024382041365394844,0.0,4
324,2019-04-12 08:00:00,119.62,119.99,119.62,119.99,575.0,0.0030931282394247644,0.0030931282394247644,0.0,4
325,2019-04-12 09:00:00,119.78,121.37,119.57,121.14,152420.0,0.011354149273668387,0.013274336283185868,0.0017532142260812153,4
326,2019-04-12 10:00:00,121.175,121.32,120.81,121.18,328723.0,4.126263668256376e-05,0.0011966164637920035,0.003012172477821291,4
327,2019-04-12 11:00:00,121.19,121.44,120.925,121.395,197414.0,0.0016915587094644632,0.00206287647495668,0.002186649063454085,4
328,2019-04-12 12:00:00,121.395,121.675,121.34,121.665,131509.0,0.002224144322253884,0.0023065200378928384,0.00045306643601460204,4
329,2019-04-12 13:00:00,121.67,121.92,121.6,121.75,174105.0,0.0006575162324319742,0.002054738226349963,0.0005753267033780504,4
330,2019-04-12 14:00:00,121.76,121.88,121.7,121.77,179453.0,8.21287779237098e-05,0.0009855453350853345,0.0004927726675427256,4
331,2019-04-12 15:00:00,121.76,122.06,121.7,121.94,432228.0,0.00147831800262806,0.0024638633377135114,0.0004927726675427256,4
332,2019-04-12 16:00:00,121.94,121.99,121.94,121.94,17831.0,0.0,0.000410037723470536,0.0,4
333,2019-04-15 07:00:00,122.01,122.01,122.01,122.01,300.0,0.0,0.0,0.0,4
334,2019-04-15 09:00:00,122.26,122.48,121.6101,122.04,101382.0,-0.0017994438082774321,0.0017994438082774321,0.005315720595452334,4
335,2019-04-15 10:00:00,122.02,122.04,121.58,121.925,184130.0,-0.0007785608916570961,0.00016390755613842183,0.003605966235043417,4
336,2019-04-15 11:00:00,121.96,122.07,121.8,121.81,115742.0,-0.0012299114463757911,0.0009019350606756267,0.0013119055428008905,4
337,2019-04-15 12:00:00,121.8,121.815,121.54,121.71,107731.0,-0.0007389162561576635,0.0001231527093596106,0.0021346469622330944,4
338,2019-04-15 13:00:00,121.705,122.16,121.705,122.075,82386.0,0.003040138038700173,0.0037385481286717746,0.0,4
339,2019-04-15 14:00:00,122.08,122.1691,121.93,122.045,98159.0,-0.00028669724770639406,0.0007298492791612218,0.0012287024901703103,4
340,2019-04-15 15:00:00,122.06,122.52,121.98,122.44,292995.0,0.0031132230050794317,0.0037686383745698326,0.0006554153694904005,4
341,2019-04-15 16:00:00,122.46,122.46,122.46,122.46,330135.0,0.0,0.0,0.0,4
342,2019-04-16 07:00:00,123.0,123.0,123.0,123.0,100.0,0.0,0.0,0.0,4
343,2019-04-16 09:00:00,123.0,123.73,122.86,123.46,203753.0,0.003739837398373933,0.005934959349593529,0.0011382113821138257,4
344,2019-04-16 10:00:00,123.47,124.06,123.44,123.58,327094.0,0.000890904673199963,0.004778488701708944,0.00024297400178181856,4
345,2019-04-16 11:00:00,123.56,124.07,123.5,123.6,122574.0,0.000323729362253092,0.00412754936872767,0.0004855940433797529,4
346,2019-04-16 12:00:00,123.61,123.8,123.44,123.75,132560.0,0.0011325944502871982,0.0015370924682468871,0.0013752932610630346,4
347,2019-04-16 13:00:00,123.75,124.02,123.64,123.72,121467.0,-0.0002424242424242516,0.00218181818181815,0.0008888888888888843,4
348,2019-04-16 14:00:00,123.7,124.13,123.49,123.98,121706.0,0.0022635408245755954,0.0034761519805981615,0.001697655618431754,4
349,2019-04-16 15:00:00,124.0,124.38,123.98,124.11,335918.0,0.0008870967741935438,0.0030645161290322213,0.00016129032258061307,4
350,2019-04-16 16:00:00,124.11,124.11,124.0,124.0,133304.0,-0.0008863105309805772,0.0,0.0008863105309805772,4
351,2019-04-17 09:00:00,124.64,124.81,123.97,124.69,86215.0,0.0004011553273427243,0.0013639281129653538,0.005375481386392825,4
352,2019-04-17 10:00:00,124.59,124.59,124.01,124.11,153660.0,-0.003852636648206148,0.0,0.004655269283249043,4
353,2019-04-17 11:00:00,124.06,124.15,123.58,123.598,141234.0,-0.003724004513944892,0.0007254554247944818,0.0038690955989037885,4
354,2019-04-17 12:00:00,123.59,123.895,123.39,123.65,75777.0,0.0004854761712112814,0.002467837203657194,0.0016182539040375664,4
355,2019-04-17 13:00:00,123.65,123.76,123.43,123.48,153397.0,-0.001374848362312994,0.0008896077638495708,0.0017792155276991416,4
356,2019-04-17 14:00:00,123.49,123.61,123.1,123.25,520668.0,-0.0019434772046319126,0.0009717386023160139,0.00315815045752693,4
357,2019-04-17 15:00:00,123.25,123.86,123.07,123.24,735574.0,-8.113590263695834e-05,0.004949290060851923,0.0014604462474645584,4
358,2019-04-17 16:00:00,123.24,123.25,123.24,123.25,14324.0,8.114248620581885e-05,8.114248620581885e-05,0.0,4
359,2019-04-17 17:00:00,123.24,123.24,123.24,123.24,500.0,0.0,0.0,0.0,4
360,2019-04-18 09:00:00,123.61,123.9,120.625,120.87,360242.0,-0.022166491384192175,0.00234608850416638,0.0241485316721948,4
361,2019-04-18 10:00:00,120.83,120.83,119.511,119.915,511099.0,-0.007572622693039742,0.0,0.010916163204502215,4
362,2019-04-18 11:00:00,119.89,120.94,119.72,120.74,237414.0,0.00708983234631741,0.008758028192509777,0.0014179664692635058,4
363,2019-04-18 12:00:00,120.74,120.78,120.175,120.175,205237.0,-0.004679476561205879,0.0003312903760146286,0.004679476561205879,4
364,2019-04-18 13:00:00,120.165,120.305,119.93,120.305,182287.0,0.0011650647027004583,0.0011650647027004583,0.001955644322390042,4
365,2019-04-18 14:00:00,120.325,121.15,120.23,121.1025,246662.0,0.006461666320382326,0.00685643050072722,0.000789528360689789,4
366,2019-04-18 15:00:00,121.07,121.4525,120.94,121.0,484638.0,-0.000578177913603644,0.003159329313620281,0.0010737589824068347,4
367,2019-04-18 16:00:00,120.99,120.99,120.99,120.99,14634.0,0.0,0.0,0.0,4
368,2019-04-22 09:00:00,120.06,120.46,119.75,120.26,106595.0,0.0016658337497917944,0.0033316674995834705,0.0025820423121772637,4
369,2019-04-22 10:00:00,120.235,120.45,119.8,120.41,144667.0,0.0014554830124339597,0.0017881648438474937,0.003617914916621635,4
370,2019-04-22 11:00:00,120.41,120.41,119.93,120.0,190975.0,-0.0034050328045843086,0.0,0.003986379868781578,4
371,2019-04-22 12:00:00,120.0,120.26,119.9,120.0225,69984.0,0.00018749999999994788,0.0021666666666667095,0.000833333333333286,4
372,2019-04-22 13:00:00,120.06,120.134,119.97,120.11,113573.0,0.000416458437447919,0.000616358487422939,0.0007496251874063252,4
373,2019-04-22 14:00:00,120.1,120.445,120.02,120.43,98295.0,0.00274771024146555,0.0028726061615320475,0.0006661115736885787,4
374,2019-04-22 15:00:00,120.46,120.78,120.34,120.41,331813.0,-0.0004150755437489387,0.0026564834799934203,0.0009961813049974293,4
375,2019-04-22 16:00:00,120.41,120.41,120.41,120.41,102683.0,0.0,0.0,0.0,4
376,2019-04-23 09:00:00,120.0,121.8,120.0,121.45,193917.0,0.012083333333333357,0.014999999999999977,0.0,4
377,2019-04-23 10:00:00,121.48,121.9,121.1056,121.9,109582.0,0.003457359236088259,0.003457359236088259,0.003081988804741591,4
378,2019-04-23 11:00:00,121.86,122.33,121.745,122.23,92939.0,0.00303627113080588,0.003856884949942548,0.0009437058920071795,4
379,2019-04-23 12:00:00,122.23,122.23,121.76,121.92,53117.0,-0.002536202241675548,0.0,0.0038452098502822453,4
380,2019-04-23 13:00:00,121.92,122.11,121.9002,122.0774,72586.0,0.0012910104986876274,0.001558398950131215,0.00016240157480317907,4
381,2019-04-23 14:00:00,122.07,122.29,121.95,122.25,105801.0,0.0014745637748833198,0.0018022446137463185,0.0009830425165887635,4
382,2019-04-23 15:00:00,122.215,122.56,122.16,122.47,375164.0,0.0020864869287730266,0.002822894080104724,0.00045002659248052055,4
383,2019-04-23 16:00:00,122.48,122.48,122.48,122.48,6420.0,0.0,0.0,0.0,4
384,2019-04-24 09:00:00,122.74,122.74,121.23,121.5525,117581.0,-0.009674922600619196,0.0,0.012302427896366229,4
385,2019-04-24 10:00:00,121.52,121.52,120.63,120.79,184694.0,-0.006007241606319863,0.0,0.007323897300855831,4
386,2019-04-24 11:00:00,120.79,120.79,120.1,120.155,117773.0,-0.0052570577034523145,0.0,0.005712393410050599,4
387,2019-04-24 12:00:00,120.16,120.76,120.11,120.76,84120.0,0.004993342210386223,0.004993342210386223,0.000416111850865489,4
388,2019-04-24 13:00:00,120.745,121.1,120.66,121.04,100736.0,0.002443165348461648,0.002940080334589339,0.000703962897014435,4
389,2019-04-24 14:00:00,121.015,121.23,120.8,121.21,222489.0,0.0016113704912613575,0.001776639259595946,0.001776639259595946,4
390,2019-04-24 15:00:00,121.21,121.7,121.21,121.5,280990.0,0.0023925418694827677,0.0040425707449881125,0.0,4
391,2019-04-24 16:00:00,121.5,121.5,121.5,121.5,30386.0,0.0,0.0,0.0,4
392,2019-04-24 17:00:00,121.5,121.5,121.5,121.5,611.0,0.0,0.0,0.0,4
393,2019-04-25 09:00:00,121.14,121.5,120.74,120.86,30142.0,-0.002311375268284639,0.002971768202080233,0.0033019646689780888,4
394,2019-04-25 10:00:00,120.89,121.17,120.21,120.76,171132.0,-0.0010753577632558148,0.00231615518239723,0.005624948300107592,4
395,2019-04-25 11:00:00,120.6847,121.81,120.6847,121.72,84190.0,0.008578552210843565,0.00932429711471293,0.0,4
396,2019-04-25 12:00:00,121.74,121.8,121.42,121.44,51360.0,-0.0024642681123706028,0.0004928536224741439,0.0026285526531952784,4
397,2019-04-25 13:00:00,121.46,121.72,121.3,121.71,66939.0,0.0020582907953235635,0.002140622427136548,0.0013173061090070526,4
398,2019-04-25 14:00:00,121.685,121.88,121.395,121.4,102020.0,-0.0023421128323129112,0.0016024982536877444,0.0023832025311254982,4
399,2019-04-25 15:00:00,121.4,121.75,120.75,120.76,517001.0,-0.005271828665568373,0.0028830313014826547,0.005354200988467921,4
400,2019-04-25 16:00:00,120.76,120.76,120.76,120.76,24721.0,0.0,0.0,0.0,4
401,2019-04-26 07:00:00,121.2,121.2,121.2,121.2,200.0,0.0,0.0,0.0,4
402,2019-04-26 09:00:00,121.36,121.5,120.57,120.57,81006.0,-0.006509558338826683,0.0011535926170072558,0.006509558338826683,4
403,2019-04-26 10:00:00,120.62,121.39,120.54,121.12,151244.0,0.00414524954402255,0.006383684297794694,0.0006632399270435938,4
404,2019-04-26 11:00:00,121.12,121.635,120.99,121.36,178509.0,0.0019815059445177914,0.0042519815059445226,0.0010733157199472397,4
405,2019-04-26 12:00:00,121.36,121.65,121.28,121.45,110855.0,0.0007415952537904039,0.002389584706657929,0.0006591957811469866,4
406,2019-04-26 13:00:00,121.45,121.45,121.02,121.03,81413.0,-0.0034582132564841637,0.0,0.0035405516673528764,4
407,2019-04-26 14:00:00,121.03,121.22,120.63,121.07,155412.0,0.0003304965710980091,0.0015698587127158368,0.0033049657109807955,4
408,2019-04-26 15:00:00,121.08,121.16,120.88,121.15,221094.0,0.0005781301618765064,0.0006607201850016378,0.001651800462504153,4
409,2019-04-26 16:00:00,121.16,121.16,121.16,121.16,13826.0,0.0,0.0,0.0,4
410,2019-04-29 09:00:00,121.17,122.31,120.84,121.89,246634.0,0.005942064867541461,0.009408269373607333,0.00272344639762316,4
411,2019-04-29 10:00:00,121.93,122.22,121.64,121.98,245456.0,0.00041007135241529695,0.0023784138440087923,0.0023784138440089086,4
412,2019-04-29 11:00:00,121.98,122.47,121.93,122.38,168747.0,0.003279226102639707,0.004017051975733685,0.0004099032628299488,4
413,2019-04-29 12:00:00,122.36,122.5,122.24,122.405,71781.0,0.0003677672441974641,0.001144164759725405,0.0009807126511932375,4
414,2019-04-29 13:00:00,122.405,122.573,121.99,122.16,189346.0,-0.0020015522241738862,0.0013724929537191467,0.0033903843797231017,4
415,2019-04-29 14:00:00,122.14,122.27,121.84,122.23,155937.0,0.000736859341739016,0.0010643523825118345,0.0024561978057966037,4
416,2019-04-29 15:00:00,122.235,122.43,122.14,122.23,358677.0,-4.090481449662906e-05,0.0015952877653700446,0.0007771914754366496,4
417,2019-04-29 16:00:00,122.28,122.28,122.28,122.28,57702.0,0.0,0.0,0.0,4
418,2019-04-30 08:00:00,122.33,122.33,122.33,122.33,300.0,0.0,0.0,0.0,4
419,2019-04-30 09:00:00,122.33,122.33,120.65,120.94,230995.0,-0.011362707430720188,0.0,0.013733344232812823,4
420,2019-04-30 10:00:00,120.99,121.16,120.5,120.54,299162.0,-0.0037193156459210566,0.0014050747995702265,0.0040499214811141,4
421,2019-04-30 11:00:00,120.51,120.7,119.8,120.57,479268.0,0.000497883993029525,0.0015766326445937908,0.005891627250850618,4
422,2019-04-30 12:00:00,120.55,121.01,120.44,120.63,194464.0,0.000663625051845693,0.0038158440481128823,0.0009124844462878427,4
423,2019-04-30 13:00:00,120.64,121.13,120.355,121.1,220469.0,0.003812997347480054,0.004061671087533114,0.0023624005305039504,4
424,2019-04-30 14:00:00,121.1,121.4,121.07,121.255,179143.0,0.001279933938893486,0.002477291494632629,0.0002477291494632629,4
425,2019-04-30 15:00:00,121.25,121.31,120.75,120.96,480924.0,-0.002391752577319639,0.0004948453608247611,0.004123711340206186,4
426,2019-04-30 16:00:00,120.94,120.94,120.94,120.94,19198.0,0.0,0.0,0.0,4
427,2019-04-30 18:00:00,121.4,121.4,121.4,121.4,300.0,0.0,0.0,0.0,4
428,2019-04-30 19:00:00,121.4,121.4,121.4,121.4,100.0,0.0,0.0,0.0,4
429,2019-05-01 07:00:00,121.15,124.0,121.15,124.0,2000.0,0.023524556335121703,0.023524556335121703,0.0,5
430,2019-05-01 08:00:00,122.5,127.5,122.5,127.0,17905.0,0.036734693877551024,0.04081632653061224,0.0,5
431,2019-05-01 09:00:00,127.0,127.55,125.4511,126.55,589428.0,-0.0035433070866141957,0.0043307086614173,0.01219606299212601,5
432,2019-05-01 10:00:00,126.55,129.89,125.86,129.1808,817665.0,0.020788621098380148,0.026392730146187194,0.005452390359541665,5
433,2019-05-01 11:00:00,129.25,130.08,128.4,129.91,413136.0,0.005106382978723378,0.006421663442940135,0.006576402321083128,5
434,2019-05-01 12:00:00,129.89,130.9,129.69,130.0376,401106.0,0.0011363461390408137,0.007775810301024093,0.0015397644160442577,5
435,2019-05-01 13:00:00,130.04,130.75,129.645,130.6125,256861.0,0.004402491541064437,0.005459858505075423,0.0030375269147953077,5
436,2019-05-01 14:00:00,130.64,130.75,129.72,129.83,380985.0,-0.006200244947948361,0.0008420085731783042,0.007042253521126665,5
437,2019-05-01 15:00:00,129.815,130.55,129.03,129.05,707295.0,-0.005893001579170253,0.0056619034780265275,0.006047066979932955,5
438,2019-05-01 16:00:00,129.03,129.03,128.4,128.4,25890.0,-0.0048825854452452565,0.0,0.0048825854452452565,5
439,2019-05-02 08:00:00,129.05,129.05,129.05,129.05,280.0,0.0,0.0,0.0,5
440,2019-05-02 09:00:00,128.82,128.98,127.75,127.965,176264.0,-0.006637168141592841,0.0012420431609998183,0.008306163639186409,5
441,2019-05-02 10:00:00,127.91,128.63,126.82,127.4,220936.0,-0.003987178484872104,0.005628957860996004,0.008521616761785658,5
442,2019-05-02 11:00:00,127.385,127.62,126.11,126.38,242955.0,-0.007889468932762959,0.0018448011932331078,0.010009027750520122,5
443,2019-05-02 12:00:00,126.46,127.08,126.36,126.9,117680.0,0.0034793610627867465,0.004902736043017591,0.0007907638779060123,5
444,2019-05-02 13:00:00,126.93,127.46,126.12,126.57,208439.0,-0.00283620893405825,0.004175529819585495,0.006381470101630838,5
445,2019-05-02 14:00:00,126.6,126.93,125.84,126.0273,153296.0,-0.0045236966824644355,0.0026066350710901463,0.006003159557661856,5
446,2019-05-02 15:00:00,126.01,126.25,125.55,125.76,445211.0,-0.001983969526228077,0.0019046107451789133,0.003650503928259725,5
447,2019-05-02 16:00:00,125.77,125.77,125.77,125.77,105897.0,0.0,0.0,0.0,5
448,2019-05-03 09:00:00,126.79,128.6,126.73,128.11,153345.0,0.010410915687357105,0.01427557378342131,0.0004732234403344291,5
449,2019-05-03 10:00:00,128.05,128.97,127.93,128.61,217684.0,0.00437329168293637,0.007184693479109624,0.0009371339320578254,5
450,2019-05-03 11:00:00,128.56,129.84,128.49,129.72,207110.0,0.009023024268823869,0.009956440572495341,0.0005444928438082854,5
451,2019-05-03 12:00:00,129.7,130.4,129.17,129.37,246905.0,-0.0025443330763298697,0.0053970701619122366,0.004086353122590603,5
452,2019-05-03 13:00:00,129.425,130.0,129.15,129.94,113281.0,0.003979138497199044,0.00444272744832906,0.0021247826926792017,5
453,2019-05-03 14:00:00,129.945,130.78,129.81,130.35,265526.0,0.0031167032205933367,0.006425795528877664,0.0010389010735310394,5
454,2019-05-03 15:00:00,130.35,131.04,130.1369,130.93,611703.0,0.004449558879938723,0.005293440736478694,0.0016348293057153601,5
455,2019-05-03 16:00:00,130.89,130.89,130.89,130.89,113127.0,0.0,0.0,0.0,5
456,2019-05-03 17:00:00,131.2,131.2,131.2,131.2,100.0,0.0,0.0,0.0,5
457,2019-05-06 08:00:00,128.6,128.6,127.26,127.26,392.0,-0.010419906687402716,0.0,0.010419906687402716,5
458,2019-05-06 09:00:00,127.32,128.7597,127.15,128.2,191292.0,0.0069117185045554155,0.011307728557964313,0.0013352183474708412,5
459,2019-05-06 10:00:00,128.14,128.89,127.75,128.73,201457.0,0.004604339004214168,0.005852973310441705,0.00304354612142958,5
460,2019-05-06 11:00:00,128.765,129.415,128.54,129.08,170573.0,0.002446316933949646,0.005047955577990959,0.0017473692385352724,5
461,2019-05-06 12:00:00,129.075,129.075,128.64,128.75,172690.0,-0.002517915940344673,0.0,0.003370133643230698,5
462,2019-05-06 13:00:00,128.73,129.36,128.615,128.79,87950.0,0.00046609182008857514,0.004893964110930039,0.000893342655169585,5
463,2019-05-06 14:00:00,128.79,129.55,128.69,129.55,85970.0,0.005901079276341481,0.005901079276341481,0.0007764577995185521,5
464,2019-05-06 15:00:00,129.57,129.63,129.025,129.15,227877.0,-0.0032414910858994173,0.00046307015512851956,0.004206220575750463,5
465,2019-05-06 16:00:00,129.17,129.17,129.17,129.17,11597.0,0.0,0.0,0.0,5
466,2019-05-06 17:00:00,128.0,128.0,128.0,128.0,100.0,0.0,0.0,0.0,5
467,2019-05-07 09:00:00,128.04,128.33,127.19,127.855,58821.0,-0.001444860980943362,0.0022649172133709814,0.006638550452983399,5
468,2019-05-07 10:00:00,127.86,128.03,127.24,127.55,103000.0,-0.0024245268262161916,0.0013295792272798508,0.004849053652432383,5
469,2019-05-07 11:00:00,127.55,127.88,127.0355,127.31,90841.0,-0.0018816150529203832,0.0025872206977655687,0.004033712269698143,5
470,2019-05-07 12:00:00,127.27,127.58,127.06,127.08,88794.0,-0.0014928891333385538,0.002435766480710319,0.0016500353579004773,5
471,2019-05-07 13:00:00,127.08,127.08,126.24,126.7,104766.0,-0.0029902423670128695,0.0,0.0066100094428706594,5
472,2019-05-07 14:00:00,126.68,126.79,125.68,126.35,172368.0,-0.002604988948531832,0.0008683296495105733,0.007893905904641616,5
473,2019-05-07 15:00:00,126.33,127.26,125.91,127.26,475841.0,0.007361671811921213,0.007361671811921213,0.003324625979577311,5
474,2019-05-07 16:00:00,127.28,127.2947,127.28,127.28,24499.0,0.0,0.00011549340037715917,0.0,5
475,2019-05-08 09:00:00,126.8,128.16,126.33,127.83,79163.0,0.008123028391167202,0.010725552050473182,0.0037066246056782245,5
476,2019-05-08 10:00:00,127.76,128.03,127.0,127.84,133772.0,0.000626174076393224,0.0021133375078271448,0.005948653725735794,5
477,2019-05-08 11:00:00,127.84,128.44,127.71,128.2,121345.0,0.0028160200250311736,0.004693366708385437,0.0010168961201502632,5
478,2019-05-08 12:00:00,128.245,128.52,127.86,128.36,79613.0,0.0008967211197318343,0.002144333112402087,0.0030020663573629,5
479,2019-05-08 13:00:00,128.36,128.42,127.74,127.78,62485.0,-0.0045185416017451885,0.0004674353381113575,0.004830165160486279,5
480,2019-05-08 14:00:00,127.83,128.005,127.63,127.91,65595.0,0.0006258311820386318,0.001369005710709514,0.001564577955096635,5
481,2019-05-08 15:00:00,127.93,128.12,127.1,127.34,308966.0,-0.004611897131243675,0.0014851872117564115,0.006487923082936078,5
482,2019-05-08 16:00:00,128.16,128.16,127.311,127.311,103931.0,-0.006624531835205911,0.0,0.006624531835205911,5
483,2019-05-08 17:00:00,127.32,127.32,127.32,127.32,129.0,0.0,0.0,0.0,5
484,2019-05-09 04:00:00,126.6,126.6,126.6,126.6,400.0,0.0,0.0,0.0,5
485,2019-05-09 07:00:00,127.78,127.8,127.4,127.4,450.0,-0.002973861324150849,0.0001565190170605417,0.002973861324150849,5
486,2019-05-09 09:00:00,126.6,127.0,125.01,126.84,172807.0,0.00189573459715647,0.0031595576619273752,0.012559241706161052,5
487,2019-05-09 10:00:00,126.85,127.56,126.24,126.26,175936.0,-0.004651162790697589,0.005597162002365061,0.004808829325975557,5
488,2019-05-09 11:00:00,126.245,126.53,125.72,126.38,162720.0,0.0010693492811595779,0.0022575151491147894,0.004158580537843128,5
489,2019-05-09 12:00:00,126.45,127.83,126.2,127.43,90247.0,0.007750098853301732,0.010913404507710521,0.0019770660340055358,5
490,2019-05-09 13:00:00,127.49,127.84,127.15,127.36,64291.0,-0.0010196878186524076,0.0027453133579104913,0.002666875833398613,5
491,2019-05-09 14:00:00,127.37,127.72,126.94,126.95,63746.0,-0.0032974797833084848,0.0027478998194236815,0.003375991206720631,5
492,2019-05-09 15:00:00,126.98,127.48,126.65,127.33,226042.0,0.002756339581036339,0.0039376279729091196,0.0025988344621200054,5
493,2019-05-09 16:00:00,127.33,127.33,127.33,127.33,14074.0,0.0,0.0,0.0,5
494,2019-05-09 18:00:00,127.33,127.33,127.33,127.33,300.0,0.0,0.0,0.0,5
495,2019-05-10 08:00:00,126.6,126.6,126.6,126.6,400.0,0.0,0.0,0.0,5
496,2019-05-10 09:00:00,126.29,127.5,126.19,127.2,101625.0,0.0072056378177210905,0.009581122812574184,0.0007918283316177728,5
497,2019-05-10 10:00:00,127.09,127.14,123.745,123.85,256676.0,-0.025493744590447787,0.00039342198442046704,0.02631993075773073,5
498,2019-05-10 11:00:00,123.83,124.16,123.47,123.77,280534.0,-0.0004845352499394515,0.0026649438746668684,0.002907211499636594,5
499,2019-05-10 12:00:00,123.83,125.08,123.83,124.935,181663.0,0.008923524186384592,0.010094484373738189,0.0,5
500,2019-05-10 13:00:00,124.915,125.73,124.83,125.52,123821.0,0.004843293439538804,0.006524436616899473,0.000680462714646023,5
501,2019-05-10 14:00:00,125.57,126.0,125.24,125.95,118098.0,0.003026200525603326,0.0034243848052879417,0.0026280162459185975,5
502,2019-05-10 15:00:00,125.94,126.55,125.57,126.06,262362.0,0.000952834683182504,0.00484357630617754,0.0029379069398126454,5
503,2019-05-10 16:00:00,126.07,126.07,126.0584,126.0584,90377.0,-9.201237407779152e-05,0.0,9.201237407779152e-05,5
504,2019-05-13 04:00:00,125.3,125.3,125.3,125.3,400.0,0.0,0.0,0.0,5
505,2019-05-13 08:00:00,124.1,124.1,124.1,124.1,550.0,0.0,0.0,0.0,5
506,2019-05-13 09:00:00,123.37,123.6,120.89,121.28,349419.0,-0.01694090945934995,0.0018643106103589993,0.020102131798654485,5
507,2019-05-13 10:00:00,121.22,121.38,119.77,120.74,340161.0,-0.003959742616729945,0.0013199142055766095,0.011961722488038302,5
508,2019-05-13 11:00:00,120.74,121.03,120.24,120.83,119921.0,0.000745403346032826,0.0024018552261057336,0.00414112970018221,5
509,2019-05-13 12:00:00,120.82,120.82,119.96,119.96,109389.0,-0.007118026816752189,0.0,0.007118026816752189,5
510,2019-05-13 13:00:00,119.98,120.9,119.8,120.855,125672.0,0.007292882147024504,0.007667944657442921,0.0015002500416736691,5
511,2019-05-13 14:00:00,120.85,121.685,120.76,121.42,115776.0,0.004716590815060053,0.006909391808026545,0.0007447248655356989,5
512,2019-05-13 15:00:00,121.64,121.96,121.065,121.87,391112.0,0.0018908253863860898,0.0026307135810588063,0.004727063465965167,5
513,2019-05-13 16:00:00,121.89,121.89,121.89,121.89,47291.0,0.0,0.0,0.0,5
514,2019-05-14 07:00:00,122.53,122.53,122.53,122.53,209.0,0.0,0.0,0.0,5
515,2019-05-14 09:00:00,122.2,123.015,122.08,122.8,123043.0,0.004909983633387842,0.006669394435351863,0.000981996726677615,5
516,2019-05-14 10:00:00,122.86,123.6085,122.7,122.99,166617.0,0.0010581149275597872,0.006092300179065661,0.0013022952954582173,5
517,2019-05-14 11:00:00,123.01,124.01,122.7,123.96,175830.0,0.007722949353710987,0.008129420372327452,0.002520120315421529,5
518,2019-05-14 12:00:00,123.97,124.74,123.97,124.48,110400.0,0.004113898523836454,0.006211180124223571,0.0,5
519,2019-05-14 13:00:00,124.48,125.04,124.45,124.64,97289.0,0.001285347043701772,0.004498714652956317,0.00024100257069409653,5
520,2019-05-14 14:00:00,124.655,124.97,124.1,124.28,160428.0,-0.0030083029160482932,0.0025269744494805482,0.004452288315751529,5
521,2019-05-14 15:00:00,124.3,124.515,123.54,123.58,324669.0,-0.005792437650844721,0.0017296862429606067,0.006114239742558253,5
522,2019-05-14 16:00:00,123.58,123.58,123.58,123.58,138860.0,0.0,0.0,0.0,5
523,2019-05-15 08:00:00,123.3,123.3,122.9,122.9,500.0,-0.0032441200324411315,0.0,0.0032441200324411315,5
524,2019-05-15 09:00:00,122.65,122.995,121.55,122.87,92947.0,0.001793721973094161,0.002812882185079485,0.008968609865470921,5
525,2019-05-15 10:00:00,122.88,123.83,122.16,123.46,125806.0,0.00472005208333332,0.00773111979166669,0.005859374999999991,5
526,2019-05-15 11:00:00,123.44,123.85,123.135,123.78,88492.0,0.00275437459494494,0.0033214517174335436,0.0024708360337005234,5
527,2019-05-15 12:00:00,123.85,124.12,123.32,123.44,58774.0,-0.0033104561970124877,0.002180056519983934,0.004279370205894236,5
528,2019-05-15 13:00:00,123.44,123.97,123.26,123.94,68667.0,0.004050550874918989,0.004293583927414138,0.0014581983149707762,5
529,2019-05-15 14:00:00,123.96,124.45,123.94,124.19,72399.0,0.0018554372378186833,0.00395288802839633,0.00016134236850593757,5
530,2019-05-15 15:00:00,124.17,124.46,123.73,123.78,218433.0,-0.003140855279052916,0.002335507771603383,0.0035435290327776254,5
531,2019-05-15 16:00:00,123.77,123.77,123.77,123.77,13343.0,0.0,0.0,0.0,5
532,2019-05-16 08:00:00,123.5,123.5,123.05,123.05,200.0,-0.0036437246963562982,0.0,0.0036437246963562982,5
533,2019-05-16 09:00:00,124.5,124.9,123.72,124.76,56121.0,0.0020883534136546594,0.0032128514056225356,0.0062650602409638646,5
534,2019-05-16 10:00:00,124.77,125.68,124.54,125.68,91005.0,0.007293419892602475,0.007293419892602475,0.0018433918409873349,5
535,2019-05-16 11:00:00,125.68,125.8448,125.26,125.69,83426.0,7.956715467847632e-05,0.0013112667091024794,0.0033418204964990586,5
536,2019-05-16 12:00:00,125.71,126.09,125.65,125.95,58117.0,0.0019091559939544119,0.0030228303237611145,0.0004772889984884899,5
537,2019-05-16 13:00:00,125.98,126.24,125.81,125.87,60054.0,-0.0008731544689633229,0.0020638196539132475,0.001349420542943338,5
538,2019-05-16 14:00:00,125.86,126.2,125.8,126.02,69943.0,0.0012712537740346146,0.0027014142698236405,0.0004767201652630087,5
539,2019-05-16 15:00:00,126.0,126.0,125.41,125.75,226771.0,-0.001984126984126984,0.0,0.00468253968253971,5
540,2019-05-16 16:00:00,125.72,125.72,125.72,125.72,17901.0,0.0,0.0,0.0,5
541,2019-05-17 09:00:00,124.34,125.01,124.16,124.965,92526.0,0.0050265401318964125,0.005388451021392968,0.0014476435579862219,5
542,2019-05-17 10:00:00,124.87,126.13,124.64,125.94,81469.0,0.008568911668134805,0.01009049411387836,0.0018419155922159364,5
543,2019-05-17 11:00:00,126.01,126.08,125.1,125.3,49346.0,-0.005634473454487802,0.0005555114673438075,0.007221649075470286,5
544,2019-05-17 12:00:00,125.235,125.59,124.85,125.57,91003.0,0.002674971054417645,0.002834670818860574,0.0030742204655248542,5
545,2019-05-17 13:00:00,125.57,125.88,125.405,125.5919,90613.0,0.0001744047145018894,0.002468742534044774,0.0013140081229592424,5
546,2019-05-17 14:00:00,125.6523,125.86,125.42,125.82,48489.0,0.001334635338947209,0.0016529741198529806,0.0018487524701099388,5
547,2019-05-17 15:00:00,125.82,125.82,124.725,124.84,229747.0,-0.007788904784612858,0.0,0.008702908917501183,5
548,2019-05-17 16:00:00,124.88,124.88,124.88,124.88,10692.0,0.0,0.0,0.0,5
549,2019-05-20 06:00:00,124.1,124.1,124.1,124.1,400.0,0.0,0.0,0.0,5
550,2019-05-20 08:00:00,124.0,124.0,124.0,124.0,285.0,0.0,0.0,0.0,5
551,2019-05-20 09:00:00,123.7,123.98,122.81,123.85,60922.0,0.0012126111560225666,0.0022635408245755954,0.007194826192400974,5
552,2019-05-20 10:00:00,123.75,123.83,123.03,123.2,54365.0,-0.004444444444444422,0.0006464646464646327,0.005818181818181809,5
553,2019-05-20 11:00:00,123.29,123.34,122.41,122.74,153092.0,-0.004461026847270754,0.0004055478952064008,0.007137642955633138,5
554,2019-05-20 12:00:00,122.73,123.25,122.68,123.05,91405.0,0.0026073494663081003,0.004236942882750721,0.00040739835411062624,5
555,2019-05-20 13:00:00,123.03,123.43,123.0,123.34,36801.0,0.002519710639681397,0.0032512395350727924,0.0002438429651304652,5
556,2019-05-20 14:00:00,123.35,123.35,122.8,122.88,47790.0,-0.0038102959059586453,0.0,0.00445885691122819,5
557,2019-05-20 15:00:00,122.88,123.3,122.61,123.09,209092.0,0.0017089843750000648,0.003417968750000014,0.002197265624999968,5
558,2019-05-20 16:00:00,123.11,123.11,123.11,123.11,21144.0,0.0,0.0,0.0,5
559,2019-05-21 09:00:00,124.1,124.9,124.05,124.25,45115.0,0.001208702659145896,0.006446414182111292,0.00040290088638192715,5
560,2019-05-21 10:00:00,124.27,124.82,124.07,124.72,72755.0,0.003621147501408247,0.004425846946165584,0.0016093988895147892,5
561,2019-05-21 11:00:00,124.77,124.81,124.0,124.19,74864.0,-0.0046485533381421685,0.0003205898853891661,0.006171355293740451,5
562,2019-05-21 12:00:00,124.21,124.85,124.08,124.76,67877.0,0.004427984864342737,0.005152564205780538,0.0010466146042991341,5
563,2019-05-21 13:00:00,124.74,124.93,124.48,124.9,45000.0,0.0012826679493347026,0.0015231681898349523,0.0020843354176686784,5
564,2019-05-21 14:00:00,124.88,125.18,124.84,124.925,77764.0,0.0003603459320948247,0.002402306213965498,0.00032030749519532385,5
565,2019-05-21 15:00:00,124.94,124.95,124.38,124.66,254535.0,-0.0022410757163438544,8.003841844089255e-05,0.004482151432687709,5
566,2019-05-21 16:00:00,124.69,124.69,124.69,124.69,142146.0,0.0,0.0,0.0,5
567,2019-05-22 09:00:00,123.91,124.5,123.77,124.5,46238.0,0.004761520458397252,0.004761520458397252,0.0011298523121620577,5
568,2019-05-22 10:00:00,124.4,124.73,124.06,124.325,147783.0,-0.000602893890675264,0.0026527331189710474,0.0027331189710611205,5
569,2019-05-22 11:00:00,124.4,124.63,124.32,124.54,44356.0,0.0011254019292604547,0.0018488745980706572,0.0006430868167203578,5
570,2019-05-22 12:00:00,124.57,124.62,124.12,124.2,51729.0,-0.002970217548366303,0.0004013807497793319,0.0036124267480130744,5
571,2019-05-22 13:00:00,124.19,124.43,124.09,124.31,61403.0,0.0009662613737016229,0.0019325227474032457,0.0008052178114179428,5
572,2019-05-22 14:00:00,124.31,125.03,124.27,125.01,62402.0,0.0056310835813691805,0.0057919716836939816,0.00032177620464971646,5
573,2019-05-22 15:00:00,125.0,125.35,124.78,124.96,335698.0,-0.00032000000000005,0.0027999999999999544,0.001759999999999991,5
574,2019-05-22 16:00:00,124.96,124.96,124.96,124.96,107095.0,0.0,0.0,0.0,5
575,2019-05-23 04:00:00,124.1,124.1,124.1,124.1,400.0,0.0,0.0,0.0,5
576,2019-05-23 09:00:00,123.46,123.46,122.7,123.13,145675.0,-0.0026729305038068873,0.0,0.006155839948161274,5
577,2019-05-23 10:00:00,123.09,124.35,123.05,124.31,144786.0,0.009911446908765935,0.010236412381184425,0.0003249654724186063,5
578,2019-05-23 11:00:00,124.31,124.44,123.7,123.72,145264.0,-0.004746199018582603,0.0010457726651113785,0.004907087120907404,5
579,2019-05-23 12:00:00,123.76,124.43,123.21,123.21,221778.0,-0.004444085326438359,0.0054137039431157215,0.004444085326438359,5
580,2019-05-23 13:00:00,123.21,123.55,123.13,123.35,135333.0,0.0011362714065416815,0.0027595162730298145,0.0006492979465952301,5
581,2019-05-23 14:00:00,123.34,123.8,123.25,123.59,157322.0,0.002026917463920869,0.0037295281336143485,0.0007296902870115405,5
582,2019-05-23 15:00:00,123.55,124.41,123.38,124.4,386156.0,0.00687980574666134,0.006960744637798458,0.0013759611493322679,5
583,2019-05-23 16:00:00,124.42,124.42,124.42,124.42,7402.0,0.0,0.0,0.0,5
584,2019-05-24 09:00:00,124.84,125.97,124.84,125.33,37893.0,0.003925024030759331,0.009051586030118516,0.0,5
585,2019-05-24 10:00:00,125.32,125.5,124.6448,124.68,130548.0,-0.0051069262687518865,0.001436323013086553,0.0053878072135332715,5
586,2019-05-24 11:00:00,124.72,124.92,124.42,124.69,67918.0,-0.00024053880692752674,0.0016035920461834738,0.002405388069275154,5
587,2019-05-24 12:00:00,124.68,125.24,124.54,125.13,46284.0,0.003609239653512902,0.00449149823548274,0.0011228745588707134,5
588,2019-05-24 13:00:00,125.14,125.25,124.77,124.83,47420.0,-0.0024772255074316948,0.0008790155026370419,0.0029566885088701017,5
589,2019-05-24 14:00:00,124.82,124.825,124.15,124.23,79600.0,-0.004726806601506083,4.005768306368902e-05,0.005367729530523855,5
590,2019-05-24 15:00:00,124.26,124.37,123.59,123.71,217183.0,-0.0044262031224852035,0.0008852406244970177,0.005391920167390968,5
591,2019-05-24 16:00:00,123.68,123.68,123.68,123.68,10462.0,0.0,0.0,0.0,5
592,2019-05-28 09:00:00,124.11,124.92,124.01,124.725,60458.0,0.004955281605027757,0.006526468455402484,0.0008057368463459376,5
593,2019-05-28 10:00:00,124.725,124.75,123.63,123.93,92324.0,-0.0063740228502704955,0.00020044097013434102,0.008779314491882132,5
594,2019-05-28 11:00:00,123.86,124.09,123.16,123.39,138643.0,-0.0037946068141449935,0.0018569352494752461,0.005651542063620239,5
595,2019-05-28 12:00:00,123.34,123.93,123.29,123.69,69110.0,0.0028376844494891708,0.004783525214853279,0.00040538349278415077,5
596,2019-05-28 13:00:00,123.775,123.94,123.62,123.785,61787.0,8.079175924048398e-05,0.0013330640274691339,0.0012522722682286498,5
597,2019-05-28 14:00:00,123.79,123.85,123.525,123.635,80158.0,-0.00125212052669845,0.0004846918167863968,0.0021407221908070163,5
598,2019-05-28 15:00:00,123.61,123.63,122.88,123.05,238622.0,-0.004530377801148793,0.0001617992071838526,0.005905671062211827,5
599,2019-05-28 16:00:00,123.09,123.09,123.09,123.09,78805.0,0.0,0.0,0.0,5
600,2019-05-29 09:00:00,122.71,122.71,120.97,121.4,63027.0,-0.010675576562627236,0.0,0.01417977344959657,5
601,2019-05-29 10:00:00,121.33,122.8,121.28,122.15,92368.0,0.0067584274293250425,0.012115717464765507,0.0004120992334954023,5
602,2019-05-29 11:00:00,122.13,122.6,121.315,121.46,117910.0,-0.005485957586178676,0.003848358306722336,0.006673217063784474,5
603,2019-05-29 12:00:00,121.47,121.84,121.385,121.435,85947.0,-0.0002881369885568172,0.0030460195933152594,0.0006997612579237157,5
604,2019-05-29 13:00:00,121.46,121.915,121.32,121.56,81047.0,0.0008233163181294956,0.0037460892474889883,0.0011526428453812,5
605,2019-05-29 14:00:00,121.57,121.7,121.169,121.48,120802.0,-0.0007403142222586922,0.0010693427654849853,0.003298511145841871,5
606,2019-05-29 15:00:00,121.47,122.19,121.21,121.79,289580.0,0.0026343953239483606,0.005927389478883665,0.002140446200708036,5
607,2019-05-29 16:00:00,121.81,121.81,121.81,121.81,24479.0,0.0,0.0,0.0,5
608,2019-05-30 09:00:00,122.46,122.8,122.11,122.8,52277.0,0.002776416789155671,0.002776416789155671,0.0028580761064837036,5
609,2019-05-30 10:00:00,122.73,122.823,122.16,122.23,110571.0,-0.004073983541106494,0.0007577609386457207,0.004644341236861463,5
610,2019-05-30 11:00:00,122.22,122.56,121.83,122.15,152050.0,-0.0005727376861396922,0.0027818687612502324,0.0031909671084928864,5
611,2019-05-30 12:00:00,122.17,122.62,121.9,122.58,71383.0,0.0033559793730048013,0.003683391994761421,0.0022100351968568064,5
612,2019-05-30 13:00:00,122.58,122.6211,122.28,122.4234,72550.0,-0.001277533039647556,0.00033529123837493994,0.0024473813020068295,5
613,2019-05-30 14:00:00,122.41,122.74,122.21,122.74,86484.0,0.002695858181521104,0.002695858181521104,0.0016338534433461551,5
614,2019-05-30 15:00:00,122.7,123.1,122.3927,122.92,246071.0,0.0017929910350448154,0.00325998370008143,0.002504482477587595,5
615,2019-05-30 16:00:00,122.95,122.95,122.95,122.95,15809.0,0.0,0.0,0.0,5
616,2019-05-30 17:00:00,122.95,122.95,122.95,122.95,100.0,0.0,0.0,0.0,5
617,2019-05-31 07:00:00,121.7,121.7,121.7,121.7,200.0,0.0,0.0,0.0,5
618,2019-05-31 09:00:00,121.58,122.0443,121.0,121.97,45975.0,0.0032077644349399618,0.003818884684981153,0.004770521467346589,5
619,2019-05-31 10:00:00,122.045,122.08,121.17,121.72,56862.0,-0.002662952189766093,0.0002867794665901642,0.007169486664754803,5
620,2019-05-31 11:00:00,121.65,121.9,121.61,121.8766,71036.0,0.0018627209206739876,0.002055076037813399,0.00032881216605019524,5
621,2019-05-31 12:00:00,121.905,122.05,121.54,121.95,111368.0,0.0003691399040236389,0.00118945080185387,0.0029941347770804714,5
622,2019-05-31 13:00:00,121.91,122.01,121.71,121.945,83491.0,0.0002870970387990861,0.0008202772537118246,0.0016405545074235325,5
623,2019-05-31 14:00:00,121.93,122.2,121.49,121.88,208860.0,-0.0004100713524154135,0.0022143853030426965,0.003608627901254916,5
624,2019-05-31 15:00:00,121.8,122.02,121.52,121.8,307048.0,0.0,0.0018062397372742107,0.002298850574712653,5
625,2019-05-31 16:00:00,121.76,121.76,121.76,121.76,34890.0,0.0,0.0,0.0,5
626,2019-06-03 09:00:00,121.2,121.255,120.35,120.67,85335.0,-0.004372937293729382,0.0004537953795378928,0.007013201320132083,6
627,2019-06-03 10:00:00,120.62,121.95,120.2,121.69,101086.0,0.0088708340242082,0.01102636378709997,0.003482009616978956,6
628,2019-06-03 11:00:00,121.64,121.7,120.66,120.89,83089.0,-0.006165734955606708,0.0004932587964485553,0.008056560341992798,6
629,2019-06-03 12:00:00,120.91,121.03,120.26,120.54,72841.0,-0.0030601273674633225,0.000992473740798979,0.005375899429327528,6
630,2019-06-03 13:00:00,120.53,121.28,120.42,121.155,93904.0,0.0051854310130258026,0.006222517215630963,0.0009126358582925365,6
631,2019-06-03 14:00:00,121.19,121.5,120.665,120.735,154600.0,-0.003754435184421143,0.0025579668289463014,0.004332040597408957,6
632,2019-06-03 15:00:00,120.76,120.98,120.0902,120.67,454469.0,-0.0007452798940046655,0.0018217952964557705,0.005546538588936811,6
633,2019-06-03 16:00:00,120.7,120.8,120.7,120.7,17069.0,0.0,0.00082850041425016,0.0,6
634,2019-06-04 08:00:00,121.7,121.7,121.7,121.7,330.0,0.0,0.0,0.0,6
635,2019-06-04 09:00:00,121.89,121.89,118.21,118.24,390998.0,-0.02994503240626799,0.0,0.03019115596029212,6
636,2019-06-04 10:00:00,118.39,119.12,117.17,118.06,426679.0,-0.0027873975842554128,0.006166061322746887,0.010304924402398842,6
637,2019-06-04 11:00:00,118.04,118.91,118.04,118.53,359402.0,0.004151135208403887,0.007370382921043632,0.0,6
638,2019-06-04 12:00:00,118.54,118.73,117.71,118.49,321910.0,-0.0004217985490130873,0.001602834486249348,0.0070018559136157624,6
639,2019-06-04 13:00:00,118.47,119.8,118.425,119.54,406012.0,0.009031822402296002,0.011226470836498678,0.00037984299822741373,6
640,2019-06-04 14:00:00,119.495,120.59,119.23,120.415,377088.0,0.0076990669065651425,0.009163563329009573,0.0022176660111301776,6
641,2019-06-04 15:00:00,120.415,121.57,120.3,121.52,403130.0,0.009176597599966696,0.009591828260598654,0.000955030519453632,6
642,2019-06-04 16:00:00,121.51,121.51,121.51,121.51,42862.0,0.0,0.0,0.0,6
643,2019-06-05 07:00:00,122.0,122.0,122.0,122.0,200.0,0.0,0.0,0.0,6
644,2019-06-05 08:00:00,121.54,121.54,121.54,121.54,100.0,0.0,0.0,0.0,6
645,2019-06-05 09:00:00,122.45,122.45,120.57,121.8,171018.0,-0.0053082890975909,0.0,0.015353205389955162,6
646,2019-06-05 10:00:00,121.83,122.035,117.93,118.085,373678.0,-0.03073955511778712,0.0016826725765410678,0.032011819748830266,6
647,2019-06-05 11:00:00,118.1,118.38,116.39,116.9528,383774.0,-0.009713801862828095,0.0023708721422523384,0.01447925486875524,6
648,2019-06-05 12:00:00,116.94,117.5,116.77,117.41,217931.0,0.004019155122284923,0.0047887805712331305,0.001453736959124352,6
649,2019-06-05 13:00:00,117.43,118.52,117.43,118.12,163970.0,0.00587584092650939,0.009282125521587236,0.0,6
650,2019-06-05 14:00:00,118.11,118.28,117.61,118.095,250764.0,-0.0001270002540005128,0.0014393362120057717,0.004233341800016934,6
651,2019-06-05 15:00:00,118.11,118.6093,117.76,118.47,439680.0,0.003048006096012187,0.004227415121496954,0.0029633392600118052,6
652,2019-06-05 16:00:00,118.47,118.47,118.47,118.47,16247.0,0.0,0.0,0.0,6
653,2019-06-06 09:00:00,118.06,118.79,117.52,117.52,179132.0,-0.00457394545146541,0.006183296628832831,0.00457394545146541,6
654,2019-06-06 10:00:00,117.565,117.93,116.79,117.17,471473.0,-0.0033598434908348237,0.0031046655041892493,0.006592097988346799,6
655,2019-06-06 11:00:00,117.2,117.91,116.99,117.25,314885.0,0.00042662116040953203,0.006058020477815646,0.0017918088737202045,6
656,2019-06-06 12:00:00,117.25,117.59,117.01,117.54,190457.0,0.002473347547974467,0.0028997867803838245,0.0020469083155649883,6
657,2019-06-06 13:00:00,117.55,117.9,117.44,117.79,111508.0,0.002041684389621515,0.002977456401531336,0.0009357720119098208,6
658,2019-06-06 14:00:00,117.785,118.57,117.71,118.234,147132.0,0.0038120303943625935,0.006664685656068231,0.0006367534066307496,6
659,2019-06-06 15:00:00,118.24,118.85,118.12,118.62,455864.0,0.0032138024357240332,0.005158998646820023,0.0010148849797022186,6
660,2019-06-06 16:00:00,118.64,118.64,118.64,118.64,28098.0,0.0,0.0,0.0,6
661,2019-06-06 17:00:00,118.64,118.64,118.64,118.64,467.0,0.0,0.0,0.0,6
662,2019-06-07 09:00:00,118.86,120.62,118.86,120.605,87833.0,0.014681137472656945,0.014807336362106724,0.0,6
663,2019-06-07 10:00:00,120.56,122.03,120.16,122.03,168794.0,0.012193098871930978,0.012193098871930978,0.0033178500331785474,6
664,2019-06-07 11:00:00,122.04,122.29,121.62,121.95,126346.0,-0.0007374631268436858,0.002048508685676827,0.003441494591937084,6
665,2019-06-07 12:00:00,121.92,123.0,121.89,122.27,137544.0,0.002870734908136436,0.008858267716535419,0.00024606299212599357,6
666,2019-06-07 13:00:00,122.21,122.28,121.75,121.85,78035.0,-0.0029457491203665775,0.0005727845511824515,0.003764012764912804,6
667,2019-06-07 14:00:00,121.82,121.88,121.17,121.26,104296.0,-0.004596946314234018,0.0004925299622393882,0.0053357412575931,6
668,2019-06-07 15:00:00,121.28,121.4,120.84,120.96,329490.0,-0.0026385224274406943,0.000989445910290275,0.003627968337730852,6
669,2019-06-07 16:00:00,120.97,121.0,120.97,121.0,13695.0,0.0002479953707530887,0.0002479953707530887,0.0,6
670,2019-06-10 09:00:00,122.0,123.73,121.79,123.5,128154.0,0.012295081967213115,0.014180327868852491,0.0017213114754097848,6
671,2019-06-10 10:00:00,123.65,124.33,123.05,123.615,162146.0,-0.00028305701577040676,0.0054993934492518605,0.004852405984634116,6
672,2019-06-10 11:00:00,123.62,123.71,123.19,123.22,89273.0,-0.003235722375020269,0.0007280375343794628,0.003478401553146795,6
673,2019-06-10 12:00:00,123.22,123.22,122.71,122.91,61896.0,-0.0025158253530271246,0.0,0.004138938484012377,6
674,2019-06-10 13:00:00,122.93,123.86,122.92,123.62,141403.0,0.005612950459611142,0.007565281054258461,8.134710811034829e-05,6
675,2019-06-10 14:00:00,123.62,123.705,123.14,123.705,58319.0,0.0006875910046917469,0.0006875910046917469,0.0038828668500243,6
676,2019-06-10 15:00:00,123.68,123.87,123.32,123.44,225132.0,-0.0019404915912031781,0.0015362225097024394,0.0029107373868047675,6
677,2019-06-10 16:00:00,123.44,123.44,123.44,123.44,17011.0,0.0,0.0,0.0,6
678,2019-06-11 09:00:00,124.48,125.58,124.48,124.9,105064.0,0.003374035989717237,0.008836760925449825,0.0,6
679,2019-06-11 10:00:00,124.87,125.05,123.42,123.65,130409.0,-0.009770160967406093,0.0014414991591254313,0.01161207655962203,6
680,2019-06-11 11:00:00,123.71,124.22,122.89,122.89,118955.0,-0.00662840514105564,0.0041225446609005345,0.00662840514105564,6
681,2019-06-11 12:00:00,122.91,123.0,122.5,122.51,99767.0,-0.0032544137987144373,0.0007322431047107917,0.0033357741436823417,6
682,2019-06-11 13:00:00,122.51,123.33,122.44,123.275,119515.0,0.006244388213207089,0.0066933311566402184,0.0005713819280059373,6
683,2019-06-11 14:00:00,123.28,123.5,122.85,123.03,62397.0,-0.002027903958468527,0.0017845554834522944,0.0034879948085659216,6
684,2019-06-11 15:00:00,123.03,123.26,122.76,122.86,205339.0,-0.0013817768024059311,0.0018694627326668615,0.0021945866861740717,6
685,2019-06-11 16:00:00,122.86,122.86,122.86,122.86,15502.0,0.0,0.0,0.0,6
686,2019-06-12 09:00:00,123.03,123.61,122.48,122.9,63822.0,-0.0010566528488986056,0.004714297325855469,0.004470454360725003,6
687,2019-06-12 10:00:00,123.05,123.24,122.29,122.375,66851.0,-0.0054855749695245605,0.001544087769199494,0.006176351076797976,6
688,2019-06-12 11:00:00,122.42,122.75,122.39,122.48,63373.0,0.0004901159941186267,0.0026956379676523305,0.00024505799705931334,6
689,2019-06-12 12:00:00,122.42,122.89,122.42,122.67,44222.0,0.0020421499754942002,0.0038392419539290874,0.0,6
690,2019-06-12 13:00:00,122.7,123.67,122.56,123.49,103645.0,0.006438467807660896,0.007905460472697627,0.0011409942950285294,6
691,2019-06-12 14:00:00,123.5,124.6815,123.47,124.35,202731.0,0.006882591093117363,0.009566801619433197,0.00024291497975709422,6
692,2019-06-12 15:00:00,124.33,124.5,124.02,124.24,254875.0,-0.000723879996782783,0.0013673288828118853,0.002493364433362843,6
693,2019-06-12 16:00:00,124.27,124.27,124.1331,124.27,54780.0,0.0,0.0,0.0011016335398728345,6
694,2019-06-12 17:00:00,123.75,123.75,123.75,123.75,400.0,0.0,0.0,0.0,6
695,2019-06-13 09:00:00,124.15,124.15,122.99,122.99,68786.0,-0.009343536045106812,0.0,0.009343536045106812,6
696,2019-06-13 10:00:00,123.05,123.25,122.35,122.36,77432.0,-0.005607476635514,0.0016253555465258257,0.005688744412840332,6
697,2019-06-13 11:00:00,122.45,122.54,122.13,122.4,95498.0,-0.00040832993058388857,0.0007349938750510691,0.0026133115557370958,6
698,2019-06-13 12:00:00,122.4,123.38,122.36,123.35,70619.0,0.0077614379084966385,0.008006535947712334,0.0003267973856209661,6
699,2019-06-13 13:00:00,123.38,123.39,123.05,123.21,70689.0,-0.001377857027070852,8.10504133571496e-05,0.002674663640784554,6
700,2019-06-13 14:00:00,123.185,123.185,122.64,122.65,51890.0,-0.004343061249340395,0.0,0.0044242399642813795,6
701,2019-06-13 15:00:00,122.615,122.62,122.2,122.48,253233.0,-0.0011010072177139087,4.0778045100596694e-05,0.0033845777433429195,6
702,2019-06-13 16:00:00,122.47,122.47,122.47,122.47,104815.0,0.0,0.0,0.0,6
703,2019-06-14 09:00:00,122.55,123.36,122.2833,123.16,47634.0,0.0049775601795185595,0.00660954712362303,0.0021762545899632816,6
704,2019-06-14 10:00:00,123.0227,123.41,123.0,123.19,65278.0,0.001359911626065737,0.0031481994786327744,0.00018451879206033022,6
705,2019-06-14 11:00:00,123.205,123.43,122.66,123.16,63903.0,-0.00036524491700825213,0.0018262245850412607,0.004423521772655345,6
706,2019-06-14 12:00:00,123.0863,123.25,122.94,123.25,28594.0,0.0013299611735831344,0.0013299611735831344,0.0011885969437703185,6
707,2019-06-14 13:00:00,123.21,123.35,123.07,123.09,29543.0,-0.0009739469198927874,0.0011362714065416815,0.0011362714065416815,6
708,2019-06-14 14:00:00,123.06,123.59,123.06,123.53,52798.0,0.0038192751503331613,0.0043068421908012446,0.0,6
709,2019-06-14 15:00:00,123.55,124.25,123.46,124.11,229845.0,0.004532577903682738,0.005665722379603422,0.0007284500202347505,6
710,2019-06-14 16:00:00,124.13,124.13,124.13,124.13,34948.0,0.0,0.0,0.0,6
711,2019-06-17 09:00:00,124.1,124.38,123.26,123.79,58021.0,-0.002497985495567994,0.0022562449637389295,0.006768734891216674,6
712,2019-06-17 10:00:00,123.82,124.23,123.55,123.65,91605.0,-0.0013729607494749436,0.003311258278145783,0.0021805847197544502,6
713,2019-06-17 11:00:00,123.695,123.855,123.36,123.365,113971.0,-0.002667852378835024,0.0012935041836776814,0.0027082743845749124,6
714,2019-06-17 12:00:00,123.37,123.55,122.76,122.98,72938.0,-0.0031612223393045354,0.0014590256950635697,0.004944475966604518,6
715,2019-06-17 13:00:00,122.96,123.3,122.78,123.18,74427.0,0.0017891997397528716,0.0027651268705270286,0.0014638906961612934,6
716,2019-06-17 14:00:00,123.2,123.28,122.89,122.95,68629.0,-0.002029220779220779,0.0006493506493506355,0.0025162337662337844,6
717,2019-06-17 15:00:00,122.92,122.92,122.02,122.18,276897.0,-0.00602017572404812,0.0,0.007321835340058621,6
718,2019-06-17 16:00:00,122.21,122.21,122.21,122.21,18963.0,0.0,0.0,0.0,6
719,2019-06-18 09:00:00,123.15,124.09,121.94,123.8895,74591.0,0.006004872107186297,0.007632967925294338,0.009825416159155565,6
720,2019-06-18 10:00:00,124.14,124.45,124.02,124.2,93034.0,0.0004833252779120531,0.0024971806025455316,0.0009666505558241062,6
721,2019-06-18 11:00:00,124.2,124.4,123.07,123.13,58145.0,-0.0086151368760065,0.0016103059581320679,0.009098228663446133,6
722,2019-06-18 12:00:00,123.15,123.43,122.75,122.795,56803.0,-0.002882663418595241,0.0022736500203004557,0.0032480714575721125,6
723,2019-06-18 13:00:00,122.75,123.13,122.35,122.45,118236.0,-0.0024439918533604656,0.003095723014256582,0.003258655804480698,6
724,2019-06-18 14:00:00,122.51,122.95,122.46,122.72,120466.0,0.00171414578401758,0.0035915435474654944,0.00040812994857571924,6
725,2019-06-18 15:00:00,122.71,122.725,122.25,122.63,218830.0,-0.0006519436068779912,0.00012223942628963058,0.0037486757395484784,6
726,2019-06-18 16:00:00,122.63,122.63,122.63,122.63,62851.0,0.0,0.0,0.0,6
727,2019-06-19 09:00:00,123.25,123.5,122.76,123.19,64563.0,-0.00048681541582151945,0.002028397565922921,0.003975659229208883,6
728,2019-06-19 10:00:00,123.19,123.55,122.8,123.05,42915.0,-0.0011364558811591896,0.002922315122980757,0.0031658413832291628,6
729,2019-06-19 11:00:00,123.1,123.62,122.97,123.6079,44654.0,0.004125913891145463,0.004224207961007394,0.0010560519902517908,6
730,2019-06-19 12:00:00,123.57,123.57,121.72,122.01,84648.0,-0.012624423403738675,0.0,0.014971271344177344,6
731,2019-06-19 13:00:00,122.01,122.36,121.77,122.26,72863.0,0.0020490123760347513,0.002868617326448605,0.001967051880993436,6
732,2019-06-19 14:00:00,122.34,123.04,122.04,122.615,133874.0,0.0022478339055091666,0.005721759032205353,0.002452182442373689,6
733,2019-06-19 15:00:00,122.615,123.045,122.48,122.65,208914.0,0.00028544631570371324,0.0035069118786445934,0.0011010072177139087,6
734,2019-06-19 16:00:00,122.65,122.65,122.65,122.65,6729.0,0.0,0.0,0.0,6
735,2019-06-19 17:00:00,122.65,122.65,122.65,122.65,378.0,0.0,0.0,0.0,6
736,2019-06-20 06:00:00,121.84,121.84,118.0,118.0,4339.0,-0.03151674326986214,0.0,0.03151674326986214,6
737,2019-06-20 07:00:00,118.48,119.0,116.3,119.0,7772.0,0.004388926401080317,0.004388926401080317,0.018399729912221528,6
738,2019-06-20 08:00:00,118.45,120.0,118.45,119.07,10034.0,0.005234276065850488,0.0130856901646264,0.0,6
739,2019-06-20 09:00:00,119.51,121.42,118.1,120.285,640225.0,0.006484812986360902,0.015981926198644435,0.011798175884863281,6
740,2019-06-20 10:00:00,120.2399,120.81,118.66,119.45,497221.0,-0.006569366740990327,0.0047413545753114935,0.013139565152665705,6
741,2019-06-20 11:00:00,119.4,119.64,118.7448,118.95,265727.0,-0.0037688442211055513,0.0020100502512562387,0.005487437185929713,6
742,2019-06-20 12:00:00,118.9698,119.09,118.28,118.58,322232.0,-0.003276461757521725,0.0010103404393383612,0.005798110108615844,6
743,2019-06-20 13:00:00,118.58,118.81,118.09,118.33,282508.0,-0.0021082813290605497,0.0019396188227357395,0.004132231404958634,6
744,2019-06-20 14:00:00,118.35,119.37,118.325,119.34,266509.0,0.008365019011406922,0.008618504435995017,0.00021123785382333313,6
745,2019-06-20 15:00:00,119.34,119.62,118.75,118.75,655878.0,-0.004943857885034384,0.0023462376403552967,0.004943857885034384,6
746,2019-06-20 16:00:00,118.74,118.74,118.74,118.74,99662.0,0.0,0.0,0.0,6
747,2019-06-20 18:00:00,118.8,118.8,118.74,118.74,200.0,-0.0005050505050505242,0.0,0.0005050505050505242,6
748,2019-06-21 09:00:00,118.51,118.74,116.18,116.33,434752.0,-0.018395072145810536,0.0019407644924478082,0.01966078811914605,6
749,2019-06-21 10:00:00,116.28,116.62,115.6,115.87,332859.0,-0.003525971792225633,0.002923976608187164,0.005847953216374328,6
750,2019-06-21 11:00:00,115.88,116.96,115.86,116.59,184459.0,0.006127027959958647,0.009319986192613034,0.0001725923369002073,6
751,2019-06-21 12:00:00,116.6,116.67,116.15,116.15,119408.0,-0.003859348198970743,0.0006003430531733052,0.003859348198970743,6
752,2019-06-21 13:00:00,116.14,116.17,115.68,116.05,165347.0,-0.0007749268124677408,0.00025830893748924694,0.003960737041501582,6
753,2019-06-21 14:00:00,116.06,116.1094,115.45,115.54,210514.0,-0.004480441151128692,0.00042564190935715537,0.005255902119593309,6
754,2019-06-21 15:00:00,115.55,115.62,114.76,114.85,752437.0,-0.006057983556901799,0.0006057983556902414,0.006836867157074791,6
755,2019-06-21 16:00:00,114.84,114.87,114.62,114.62,79302.0,-0.0019157088122605265,0.0002612330198537194,0.0019157088122605265,6
756,2019-06-21 17:00:00,114.9,114.9,114.88,114.88,504.0,-0.00017406440382950592,0.0,0.00017406440382950592,6
757,2019-06-21 18:00:00,114.88,114.88,114.88,114.88,225.0,0.0,0.0,0.0,6
758,2019-06-24 08:00:00,115.2,115.2,115.2,115.2,1585.0,0.0,0.0,0.0,6
759,2019-06-24 09:00:00,114.74,115.97,114.39,115.92,293267.0,0.01028412062053344,0.010719888443437372,0.003050374760327648,6
760,2019-06-24 10:00:00,115.92,116.71,115.27,116.39,356725.0,0.0040545203588681755,0.0068150448585230505,0.0056073153899241345,6
761,2019-06-24 11:00:00,116.43,116.86,116.04,116.23,184804.0,-0.0017177703341063543,0.003693206218328546,0.003349652151507348,6
762,2019-06-24 12:00:00,116.24,116.69,116.19,116.43,180168.0,0.0016345492085341703,0.0038713007570543947,0.00043014452856157226,6
763,2019-06-24 13:00:00,116.44,117.16,116.38,117.03,246938.0,0.005066987289591235,0.006183442116111292,0.0005152868430092947,6
764,2019-06-24 14:00:00,117.05,117.52,116.87,117.1,202508.0,0.00042716787697562715,0.004015378043571114,0.001537804357112282,6
765,2019-06-24 15:00:00,117.085,117.22,116.85,117.1,564326.0,0.00012811205534441278,0.001153008498099715,0.0020070888670623856,6
766,2019-06-24 16:00:00,117.1,117.1,117.1,117.1,71095.0,0.0,0.0,0.0,6
767,2019-06-24 17:00:00,117.1,117.1,117.1,117.1,3424.0,0.0,0.0,0.0,6
768,2019-06-25 09:00:00,116.76,117.41,116.23,116.52,86822.0,-0.002055498458376234,0.00556697499143535,0.004539225762247355,6
769,2019-06-25 10:00:00,116.54,117.14,115.0,115.08,347738.0,-0.012527887420628178,0.005148446885189586,0.013214347005320115,6
770,2019-06-25 11:00:00,115.065,115.35,114.45,115.28,237489.0,0.001868509103550197,0.0024768609047060063,0.005344805110155085,6
771,2019-06-25 12:00:00,115.28,115.79,115.02,115.07,103218.0,-0.0018216516308120051,0.00442401110340046,0.0022553782095767272,6
772,2019-06-25 13:00:00,115.04,116.09,114.86,115.97,82865.0,0.008084144645340687,0.00912726008344921,0.0015646731571627853,6
773,2019-06-25 14:00:00,115.95,116.21,115.59,116.11,114613.0,0.0013799051315221784,0.0022423458387235092,0.003104786545924963,6
774,2019-06-25 15:00:00,116.04,116.24,115.65,116.04,280133.0,0.0,0.001723543605653125,0.00336091003102379,6
775,2019-06-25 16:00:00,116.04,116.04,116.04,116.04,10409.0,0.0,0.0,0.0,6
776,2019-06-25 19:00:00,116.25,116.25,116.25,116.25,200.0,0.0,0.0,0.0,6
777,2019-06-26 09:00:00,116.0701,116.965,116.05,116.524,101753.0,0.003910567837884214,0.007709995942107459,0.00017317121291356982,6
778,2019-06-26 10:00:00,116.53,116.67,115.53,116.37,168202.0,-0.0013730369861837861,0.0012014073629108433,0.008581481163648846,6
779,2019-06-26 11:00:00,116.38,116.82,116.26,116.789,153197.0,0.003514349544595343,0.0037807183364839125,0.001031105000859171,6
780,2019-06-26 12:00:00,116.82,117.19,116.69,116.94,83171.0,0.0010272213662044561,0.0031672658791303252,0.001112823146721413,6
781,2019-06-26 13:00:00,116.96,117.0,116.5,116.76,82535.0,-0.001709986320109342,0.0003419972640219413,0.003932968536251657,6
782,2019-06-26 14:00:00,116.8,116.95,116.62,116.81,107891.0,8.561643835620819e-05,0.0012842465753425145,0.0015410958904108958,6
783,2019-06-26 15:00:00,116.8,117.0,116.57,116.59,299017.0,-0.0017979452054793985,0.001712328767123312,0.001969178082191815,6
784,2019-06-26 16:00:00,116.55,116.55,116.55,116.55,61533.0,0.0,0.0,0.0,6
785,2019-06-27 09:00:00,117.18,117.8,116.58,117.63,51599.0,0.0038402457757295495,0.005291005291005208,0.005120327700972935,6
786,2019-06-27 10:00:00,117.67,118.63,117.49,118.525,119560.0,0.0072660831137928445,0.008158409110223454,0.0015297017081669655,6
787,2019-06-27 11:00:00,118.48,119.21,118.22,119.13,189624.0,0.0054861580013503665,0.006161377447670406,0.0021944632005402188,6
788,2019-06-27 12:00:00,119.13,119.52,118.98,119.23,129441.0,0.00083941912196767,0.003273734575673639,0.0012591286829513261,6
789,2019-06-27 13:00:00,119.23,119.49,118.84,118.925,78350.0,-0.0025580810198776046,0.0021806592300594725,0.003270988845089328,6
790,2019-06-27 14:00:00,118.925,119.32,118.88,119.205,84689.0,0.0023544250578095534,0.0033214210636955733,0.00037838974143369105,6
791,2019-06-27 15:00:00,119.205,119.51,119.09,119.16,309679.0,-0.0003775009437523737,0.0025586175076549376,0.0009647246340337644,6
792,2019-06-27 16:00:00,119.2,119.2,119.2,119.2,15870.0,0.0,0.0,0.0,6
793,2019-06-28 09:00:00,119.6,120.5,119.32,119.715,119711.0,0.0009615384615385376,0.007525083612040182,0.002341137123745829,6
794,2019-06-28 10:00:00,119.67,119.9303,119.48,119.8101,163422.0,0.001170719478566089,0.0021751483245592115,0.0015876995069775024,6
795,2019-06-28 11:00:00,119.8,120.51,119.62,120.285,159597.0,0.004048414023372283,0.005926544240400735,0.001502504173622643,6
796,2019-06-28 12:00:00,120.28,121.055,120.28,120.77,167857.0,0.004073827735284294,0.006443298969072212,0.0,6
797,2019-06-28 13:00:00,120.74,121.34,120.74,121.04,195885.0,0.0024846778201094203,0.004969355640218723,0.0,6
798,2019-06-28 14:00:00,121.03,121.17,120.78,120.855,115613.0,-0.001445922498554054,0.0011567379988432667,0.002065603569362968,6
799,2019-06-28 15:00:00,120.845,121.25,120.68,121.14,448920.0,0.002441143613720069,0.003351400554429237,0.0013653854110636935,6
800,2019-06-28 16:00:00,121.21,121.21,121.2,121.2,166244.0,-8.250144377519103e-05,0.0,8.250144377519103e-05,6
801,2019-06-28 19:00:00,121.1,121.1,121.1,121.1,200.0,0.0,0.0,0.0,6
802,2019-07-01 07:00:00,122.02,122.02,122.02,122.02,100.0,0.0,0.0,0.0,7
803,2019-07-01 09:00:00,122.0,122.9,121.6,122.41,154477.0,0.00336065573770489,0.007377049180327915,0.0032786885245902103,7
804,2019-07-01 10:00:00,122.48,122.77,118.45,118.45,501442.0,-0.03290333115610713,0.0023677335075113653,0.03290333115610713,7
805,2019-07-01 11:00:00,118.495,119.54,118.42,119.16,304439.0,0.0056120511413983035,0.008818937507911741,0.0006329380986539756,7
806,2019-07-01 12:00:00,119.155,119.5,118.85,118.85,112447.0,-0.0025596911585750227,0.0028953883596995415,0.0025596911585750227,7
807,2019-07-01 13:00:00,118.92,118.97,118.52,118.582,144358.0,-0.002842246888664716,0.00042045072317521996,0.0033636057854019986,7
808,2019-07-01 14:00:00,118.57,118.65,118.16,118.27,103161.0,-0.0025301509656742616,0.000674706924179915,0.0034578729864214947,7
809,2019-07-01 15:00:00,118.26,118.44,117.74,118.09,555184.0,-0.0014375105699306757,0.0015220700152206376,0.004397091155082109,7
810,2019-07-01 16:00:00,118.07,118.07,118.07,118.07,22548.0,0.0,0.0,0.0,7
811,2019-07-01 17:00:00,118.15,118.15,118.15,118.15,280.0,0.0,0.0,0.0,7
812,2019-07-02 09:00:00,118.25,118.92,117.29,117.36,104959.0,-0.007526427061310787,0.005665961945031727,0.008118393234672252,7
813,2019-07-02 10:00:00,117.31,118.15,117.31,117.96,94985.0,0.005540874605745388,0.00716051487511724,0.0,7
814,2019-07-02 11:00:00,117.99,118.22,117.73,118.1161,122078.0,0.0010687346385287574,0.0019493177387914567,0.0022035765742858793,7
815,2019-07-02 12:00:00,118.13,118.16,117.76,117.93,76857.0,-0.0016930500296282794,0.00025395750444426595,0.003132142554812413,7
816,2019-07-02 13:00:00,117.915,118.31,117.85,118.23,68879.0,0.002671415850400693,0.0033498706695500656,0.0005512445405589783,7
817,2019-07-02 14:00:00,118.21,118.48,118.095,118.18,83006.0,-0.00025378563573290693,0.0022840707215972442,0.0009728449369765239,7
818,2019-07-02 15:00:00,118.17,119.09,118.17,119.04,376842.0,0.007362274689007401,0.0077853939240078,0.0,7
819,2019-07-02 16:00:00,119.04,119.04,119.04,119.04,11564.0,0.0,0.0,0.0,7
820,2019-07-03 08:00:00,119.24,119.24,119.24,119.24,300.0,0.0,0.0,0.0,7
821,2019-07-03 09:00:00,118.68,118.69,116.03,116.15,263027.0,-0.021317829457364348,8.426019548357689e-05,0.02232895180316823,7
822,2019-07-03 10:00:00,116.115,117.12,115.91,116.32,406314.0,0.0017654911079533074,0.008655212504844419,0.0017654911079533074,7
823,2019-07-03 11:00:00,116.35,116.59,115.81,116.06,279991.0,-0.002492479587451586,0.0020627417275462753,0.004641168886978875,7
824,2019-07-03 12:00:00,116.095,116.87,116.02,116.57,447067.0,0.004091476807786677,0.0066755674232310235,0.0006460226538610866,7
825,2019-07-03 13:00:00,116.54,116.55,116.54,116.55,20325.0,8.580744808641586e-05,8.580744808641586e-05,0.0,7
826,2019-07-03 14:00:00,116.54,116.54,116.54,116.54,948.0,0.0,0.0,0.0,7
827,2019-07-05 09:00:00,116.72,116.72,116.03,116.21,114357.0,-0.004369431117203608,0.0,0.005911583276216568,7
828,2019-07-05 10:00:00,116.241,116.4,115.59,115.955,174400.0,-0.002460405536772751,0.0013678478333807008,0.0056004335819547,7
829,2019-07-05 11:00:00,115.945,116.26,115.525,115.79,235929.0,-0.0013368407434558363,0.002716805381862193,0.003622407175816012,7
830,2019-07-05 12:00:00,115.84,115.84,115.42,115.53,253858.0,-0.0026761049723757102,0.0,0.0036256906077348212,7
831,2019-07-05 13:00:00,115.53,115.67,115.27,115.43,376866.0,-0.00086557604085514,0.0012118064571972698,0.002250497706223536,7
832,2019-07-05 14:00:00,115.43,115.63,115.33,115.54,270930.0,0.0009529585029888194,0.0017326518236159458,0.000866325911808096,7
833,2019-07-05 15:00:00,115.55,115.56,115.1,115.39,585218.0,-0.0013846819558632332,8.65426222414982e-05,0.003894418000865451,7
834,2019-07-05 16:00:00,115.4,115.4,115.4,115.4,48995.0,0.0,0.0,0.0,7
835,2019-07-08 07:00:00,115.4,115.4,115.4,115.4,132.0,0.0,0.0,0.0,7
836,2019-07-08 08:00:00,115.4,115.41,115.4,115.41,1700.0,8.665511265156763e-05,8.665511265156763e-05,0.0,7
837,2019-07-08 09:00:00,115.4,115.4,113.37,113.52,192844.0,-0.016291161178509615,0.0,0.01759098786828424,7
838,2019-07-08 10:00:00,113.5,113.72,112.7779,112.95,438240.0,-0.004845814977973544,0.0019383259911894173,0.006362114537444912,7
839,2019-07-08 11:00:00,113.02,113.17,112.705,112.85,377140.0,-0.0015041585560078014,0.0013271987258892735,0.0027871173243673485,7
840,2019-07-08 12:00:00,112.83,112.9,112.475,112.725,238550.0,-0.0009306035628822474,0.0006204023752548737,0.0031463263316494194,7
841,2019-07-08 13:00:00,112.728,112.78,112.12,112.42,178935.0,-0.0027322404371584053,0.0004612873465333077,0.005393513590234812,7
842,2019-07-08 14:00:00,112.39,112.49,111.53,111.885,390082.0,-0.004493282320491106,0.000889758875344731,0.007651926327965117,7
843,2019-07-08 15:00:00,111.88,112.0,111.58,111.89,700601.0,8.938148015735713e-05,0.0010725777618877776,0.002681444404719317,7
844,2019-07-08 16:00:00,111.89,111.89,111.88,111.89,37178.0,0.0,0.0,8.937349182237123e-05,7
845,2019-07-08 17:00:00,111.89,111.89,111.89,111.89,200.0,0.0,0.0,0.0,7
846,2019-07-09 08:00:00,111.97,111.97,111.77,111.77,1700.0,-0.0017861927301956134,0.0,0.0017861927301956134,7
847,2019-07-09 09:00:00,111.72,112.29,110.17,110.69,214955.0,-0.009219477264590057,0.005102040816326597,0.013873970640887908,7
848,2019-07-09 10:00:00,110.73,111.1,109.94,110.94,372757.0,0.0018965050121917614,0.003341461211956925,0.007134471236340705,7
849,2019-07-09 11:00:00,110.96,111.17,110.74,111.0,399838.0,0.00036049026676285376,0.0018925739005047583,0.0019826964671953756,7
850,2019-07-09 12:00:00,110.98,111.12,110.81,110.93,399843.0,-0.00045053162732021227,0.001261488556496671,0.001531807532888824,7
851,2019-07-09 13:00:00,110.95,111.055,110.91,110.9403,262787.0,-8.742676881486587e-05,0.0009463722397476699,0.00036052275799915504,7
852,2019-07-09 14:00:00,110.9503,111.14,110.59,110.96,301274.0,8.742653242032835e-05,0.001709774556715953,0.0032473999619649085,7
853,2019-07-09 15:00:00,110.96,111.21,110.925,111.19,831117.0,0.002072819033886121,0.002253064167267484,0.00031542898341741703,7
854,2019-07-09 16:00:00,111.22,111.22,111.22,111.22,25006.0,0.0,0.0,0.0,7
855,2019-07-09 17:00:00,111.22,111.22,111.22,111.22,7421.0,0.0,0.0,0.0,7
856,2019-07-10 09:00:00,111.87,112.27,111.27,111.82,217987.0,-0.00044694734960231845,0.0035755787968176586,0.005363368195226678,7
857,2019-07-10 10:00:00,111.82,112.145,111.26,111.32,381229.0,-0.004471472008585227,0.0029064568055804227,0.005008048649615347,7
858,2019-07-10 11:00:00,111.28,111.58,110.69,111.505,250492.0,0.0020219266714593307,0.0026959022286124836,0.005301941049604631,7
859,2019-07-10 12:00:00,111.515,111.57,111.3,111.51,390843.0,-4.4837017441559005e-05,0.0004932071918575313,0.0019279917499888213,7
860,2019-07-10 13:00:00,111.5,111.53,110.86,110.86,154496.0,-0.00573991031390135,0.00026905829596413577,0.00573991031390135,7
861,2019-07-10 14:00:00,110.8717,110.94,110.4,110.75,147680.0,-0.0010976651390752026,0.0006160273541399075,0.004254467100260918,7
862,2019-07-10 15:00:00,110.74,110.76,110.13,110.39,422271.0,-0.0031605562579013393,0.00018060321473731473,0.0055083980494852755,7
863,2019-07-10 16:00:00,110.38,110.38,110.38,110.38,19588.0,0.0,0.0,0.0,7
864,2019-07-10 18:00:00,110.38,110.38,110.38,110.38,3461.0,0.0,0.0,0.0,7
865,2019-07-11 09:00:00,110.36,110.77,110.18,110.52,118674.0,0.0014498006524102628,0.0037151141718013464,0.0016310257339615132,7
866,2019-07-11 10:00:00,110.475,110.475,109.56,110.1165,219845.0,-0.0032450780719619123,0.0,0.008282416836388251,7
867,2019-07-11 11:00:00,110.07,110.1,109.84,109.98,205837.0,-0.0008176614881438103,0.00027255382938131317,0.0020895793585898955,7
868,2019-07-11 12:00:00,109.97,110.14,109.88,109.99,394760.0,0.00018186778212236083,0.0015458761480403901,0.0008184050195508176,7
869,2019-07-11 13:00:00,109.99,110.09,109.8,109.96,147279.0,-0.00027275206836986215,0.0009091735612329169,0.0017274297663423743,7
870,2019-07-11 14:00:00,109.965,110.11,109.95,110.01,386102.0,0.0004092211158095913,0.0013186013731641523,0.0001364070386031971,7
871,2019-07-11 15:00:00,110.005,110.755,109.96,110.43,606882.0,0.0038634607517841132,0.006817871914912958,0.00040907231489479304,7
872,2019-07-11 16:00:00,110.4,110.4,110.4,110.4,5455.0,0.0,0.0,0.0,7
873,2019-07-11 19:00:00,110.45,110.45,110.45,110.45,600.0,0.0,0.0,0.0,7
874,2019-07-12 08:00:00,110.6999,110.7,110.6999,110.7,2020.0,9.033431828151576e-07,9.033431828151576e-07,0.0,7
875,2019-07-12 09:00:00,110.22,110.91,109.41,109.66,213896.0,-0.005080747595717677,0.0062602068590092335,0.007348938486663058,7
876,2019-07-12 10:00:00,109.68,110.65,109.53,109.75,644868.0,0.0006382202771698868,0.008843909555069281,0.0013676148796499424,7
877,2019-07-12 11:00:00,109.76,109.785,109.24,109.6356,259948.0,-0.0011333819241983283,0.00022776967930021385,0.004737609329446157,7
878,2019-07-12 12:00:00,109.61,110.3,109.38,109.74,507228.0,0.0011860231730681091,0.006295046072438626,0.0020983486908129185,7
879,2019-07-12 13:00:00,109.75,109.795,109.46,109.66,161565.0,-0.0008200455580865914,0.0004100227790432957,0.002642369020501196,7
880,2019-07-12 14:00:00,109.67,110.035,109.6625,109.77,431803.0,0.0009118263882556243,0.0033281663171331713,6.838697911924309e-05,7
881,2019-07-12 15:00:00,109.78,110.16,109.56,110.14,799235.0,0.0032792858444161,0.0034614683913280694,0.0020040080160320536,7
882,2019-07-12 16:00:00,110.14,110.15,110.14,110.14,10228.0,0.0,9.079353550031883e-05,0.0,7
883,2019-07-12 17:00:00,110.18,110.18,110.18,110.18,300.0,0.0,0.0,0.0,7
884,2019-07-15 09:00:00,110.45,112.71,110.45,112.52,411089.0,0.01874151199637839,0.02046174739701214,0.0,7
885,2019-07-15 10:00:00,112.55,113.05,112.13,113.02,691278.0,0.004175921812527755,0.00444247001332741,0.00373167481119504,7
886,2019-07-15 11:00:00,113.04,113.29,112.86,113.0497,294746.0,8.58103326255764e-05,0.0022116065109695684,0.0015923566878981495,7
887,2019-07-15 12:00:00,113.03,113.26,112.96,113.06,340117.0,0.00026541626116961104,0.0020348580023003093,0.0006193046093958011,7
888,2019-07-15 13:00:00,113.05,113.22,112.865,113.04,282053.0,-8.845643520558077e-05,0.0015037593984962557,0.0016364440513047525,7
889,2019-07-15 14:00:00,113.045,113.07,112.38,112.71,241456.0,-0.00296342164624714,0.00022115086912284022,0.0058826131186696115,7
890,2019-07-15 15:00:00,112.72,113.04,112.64,112.84,373441.0,0.0010645848119233902,0.0028388928317956653,0.0007097232079488848,7
891,2019-07-15 16:00:00,112.85,112.85,112.85,112.85,495762.0,0.0,0.0,0.0,7
892,2019-07-16 08:00:00,112.87,112.87,112.87,112.87,200.0,0.0,0.0,0.0,7
893,2019-07-16 09:00:00,112.57,113.5199,112.5204,113.5199,98487.0,0.008438305054632795,0.008438305054632795,0.00044061472861329034,7
894,2019-07-16 10:00:00,113.49,114.41,113.48,114.28,484759.0,0.006960965723852377,0.008106441096131832,8.811349017526571e-05,7
895,2019-07-16 11:00:00,114.29,114.84,114.08,114.695,400158.0,0.003543617114358097,0.004812319538017299,0.001837431096333957,7
896,2019-07-16 12:00:00,114.695,114.88,114.51,114.72,325686.0,0.0002179693970966972,0.0016129735385152124,0.0016129735385150884,7
897,2019-07-16 13:00:00,114.73,115.06,114.55,114.68,267379.0,-0.00043580580493329693,0.002876318312559908,0.0015689008977600176,7
898,2019-07-16 14:00:00,114.69,115.0625,114.69,114.8325,262297.0,0.0012424797279623184,0.0032478856046734873,0.0,7
899,2019-07-16 15:00:00,114.833,115.02,114.54,114.56,440216.0,-0.0023773653914815093,0.0016284517516741495,0.002551531354227375,7
900,2019-07-16 16:00:00,114.55,114.55,114.55,114.55,28319.0,0.0,0.0,0.0,7
901,2019-07-16 17:00:00,114.35,114.35,114.35,114.35,571.0,0.0,0.0,0.0,7
902,2019-07-17 09:00:00,114.36,114.82,112.31,112.46,108221.0,-0.016614200769499876,0.004022385449457798,0.017925848198670838,7
903,2019-07-17 10:00:00,112.46,112.565,111.08,111.45,295805.0,-0.008980971011915268,0.0009336653032189577,0.012271029699448653,7
904,2019-07-17 11:00:00,111.47,111.99,111.47,111.53,165574.0,0.0005382614156275435,0.004664932268771831,0.0,7
905,2019-07-17 12:00:00,111.57,111.73,111.38,111.655,153196.0,0.0007618535448598007,0.0014340772609125285,0.0017029667473334924,7
906,2019-07-17 13:00:00,111.655,111.84,111.52,111.6932,153108.0,0.00034212529667281667,0.0016568895257713695,0.0012090815458331925,7
907,2019-07-17 14:00:00,111.705,112.0,111.5,111.8371,187609.0,0.001182579114632365,0.0026408844724945322,0.0018351909046148184,7
908,2019-07-17 15:00:00,111.8,111.88,111.41,111.7,723410.0,-0.000894454382826425,0.0007155635062611655,0.003488372093023261,7
909,2019-07-17 16:00:00,111.76,111.76,111.76,111.76,23836.0,0.0,0.0,0.0,7
910,2019-07-17 17:00:00,111.76,111.76,111.76,111.76,5157.0,0.0,0.0,0.0,7
911,2019-07-18 09:00:00,111.1,111.91,110.24,110.92,163520.0,-0.0016201620162015536,0.007290729072907311,0.007740774077407736,7
912,2019-07-18 10:00:00,110.88,111.8,110.86,111.38,331302.0,0.00450937950937951,0.008297258297258314,0.0001803751803751445,7
913,2019-07-18 11:00:00,111.38,111.43,110.67,110.99,142215.0,-0.003501526306338666,0.0004489136290178791,0.0063745735320523775,7
914,2019-07-18 12:00:00,110.96,111.23,110.85,110.885,118439.0,-0.0006759192501801427,0.0024333093006489747,0.0009913482335976878,7
915,2019-07-18 13:00:00,110.9,111.04,110.44,110.72,86560.0,-0.0016230838593327937,0.0012623985572587967,0.004147880973850387,7
916,2019-07-18 14:00:00,110.72,111.27,110.65,111.26,262803.0,0.00487716763005786,0.004967485549132922,0.00063222543352595,7
917,2019-07-18 15:00:00,111.23,111.32,110.93,111.0,440923.0,-0.002067787467409907,0.0008091342263776786,0.0026971140879258936,7
918,2019-07-18 16:00:00,111.1657,111.1657,111.0,111.0,171054.0,-0.0014905676840968128,0.0,0.0014905676840968128,7
919,2019-07-19 09:00:00,111.54,112.83,111.26,112.5,145564.0,0.008606777837547012,0.0115653577192038,0.002510310202617905,7
920,2019-07-19 10:00:00,112.515,112.78,111.96,112.0,153647.0,-0.004577167488779279,0.002355241523352447,0.004932675643247628,7
921,2019-07-19 11:00:00,112.0,112.09,111.35,111.66,262676.0,-0.003035714285714316,0.000803571428571459,0.005803571428571479,7
922,2019-07-19 12:00:00,111.66,111.81,111.6,111.65,162665.0,-8.955758552741273e-05,0.0013433637829124636,0.0005373455131649855,7
923,2019-07-19 13:00:00,111.65,111.79,111.47,111.5,208537.0,-0.0013434841021048426,0.0012539184952978107,0.0016121809225258111,7
924,2019-07-19 14:00:00,111.5,111.505,110.87,110.99,159808.0,-0.004573991031390181,4.484304932731348e-05,0.005650224215246596,7
925,2019-07-19 15:00:00,110.98,110.98,110.09,110.17,439059.0,-0.007298612362587874,0.0,0.00801946296630024,7
926,2019-07-19 16:00:00,110.15,111.4484,110.15,110.15,71825.0,0.0,0.011787562414888795,0.0,7
927,2019-07-19 17:00:00,110.07,110.07,110.07,110.07,100.0,0.0,0.0,0.0,7
928,2019-07-22 09:00:00,110.58,111.47,110.13,110.95,282043.0,0.0033459938506059375,0.008048471694700675,0.004069451980466657,7
929,2019-07-22 10:00:00,110.88,111.13,110.1,110.85,918174.0,-0.0002705627705627808,0.002254689754689755,0.007034632034632045,7
930,2019-07-22 11:00:00,110.85,111.065,110.58,110.88,190427.0,0.0002706359945872904,0.0019395579612088716,0.002435723951285485,7
931,2019-07-22 12:00:00,110.9,111.37,110.78,111.35,232123.0,0.004057709648331727,0.00423805229936879,0.0010820559062218625,7
932,2019-07-22 13:00:00,111.33,111.74,111.06,111.53,211495.0,0.0017964609718854113,0.0036827449923650104,0.002425222312045235,7
933,2019-07-22 14:00:00,111.52,111.91,111.2612,111.845,316021.0,0.0029142754662841003,0.0034971305595408947,0.002320659971305539,7
934,2019-07-22 15:00:00,111.83,111.91,111.58,111.66,462198.0,-0.0015201645354556176,0.0007153715460967388,0.0022355360815523562,7
935,2019-07-22 16:00:00,111.63,111.63,111.63,111.63,113020.0,0.0,0.0,0.0,7
936,2019-07-22 17:00:00,111.6299,111.6299,111.6299,111.6299,100.0,0.0,0.0,0.0,7
937,2019-07-22 18:00:00,111.63,111.63,111.63,111.63,200.0,0.0,0.0,0.0,7
938,2019-07-22 19:00:00,111.63,111.63,111.63,111.63,185.0,0.0,0.0,0.0,7
939,2019-07-23 09:00:00,112.46,113.47,112.46,113.08,214712.0,0.005513071314245105,0.008980971011915393,0.0,7
940,2019-07-23 10:00:00,113.065,113.15,112.37,112.98,265208.0,-0.0007517799495864657,0.0007517799495865914,0.006146906646619141,7
941,2019-07-23 11:00:00,112.96,113.05,112.68,112.935,144619.0,-0.00022131728045318233,0.0007967422096317583,0.002478753541076372,7
942,2019-07-23 12:00:00,112.92,113.055,112.79,112.93,154473.0,8.85582713425887e-05,0.001195536663124381,0.001151257527453024,7
943,2019-07-23 13:00:00,112.9432,113.23,112.69,113.23,258236.0,0.002539329503679721,0.002539329503679721,0.0022418348337926207,7
944,2019-07-23 14:00:00,113.19,113.3077,112.93,113.14,233641.0,-0.0004417351356126615,0.0010398445092322578,0.0022970227051858903,7
945,2019-07-23 15:00:00,113.16,114.06,113.14,113.75,596174.0,0.0052138564863909815,0.007953340402969298,0.0001767408978437259,7
946,2019-07-23 16:00:00,113.73,113.73,113.73,113.73,40836.0,0.0,0.0,0.0,7
947,2019-07-24 09:00:00,113.73,114.43,113.19,113.39,150224.0,-0.0029895366218236474,0.006154928339048649,0.004748087575837565,7
948,2019-07-24 10:00:00,113.47,113.95,113.31,113.68,287418.0,0.0018507094386182072,0.004230193002555777,0.0014100643341852172,7
949,2019-07-24 11:00:00,113.64,113.75,113.32,113.415,206761.0,-0.001979936642027405,0.0009679690249911953,0.0028159098908835567,7
950,2019-07-24 12:00:00,113.425,113.8,113.38,113.8,238663.0,0.0033061494379545957,0.0033061494379545957,0.00039673793255456653,7
951,2019-07-24 13:00:00,113.81,115.08,113.36,114.575,509035.0,0.006721729197785788,0.01115894912573584,0.003953958351638721,7
952,2019-07-24 14:00:00,114.55,115.1,114.0,114.9,350657.0,0.0030554343081624492,0.004801396769969421,0.004801396769969421,7
953,2019-07-24 15:00:00,114.89,115.6,114.89,115.42,1078323.0,0.004613108190443043,0.006179824179650045,0.0,7
954,2019-07-24 16:00:00,115.34,115.5,115.0,115.5,11748.0,0.0013872030518466845,0.0013872030518466845,0.002947806485174297,7
955,2019-07-24 17:00:00,115.0,115.0,115.0,115.0,200.0,0.0,0.0,0.0,7
956,2019-07-24 19:00:00,114.58,114.58,114.58,114.58,293.0,0.0,0.0,0.0,7
957,2019-07-25 07:00:00,114.55,117.03,111.56,111.56,2474.0,-0.02610213880401567,0.02164993452640772,0.02610213880401567,7
958,2019-07-25 08:00:00,114.49,115.61,114.44,115.34,9538.0,0.007424229190322373,0.00978251375666001,0.000436719364136581,7
959,2019-07-25 09:00:00,115.76,116.0,111.645,112.75,611320.0,-0.02600207325501041,0.002073255010366231,0.0355476848652385,7
960,2019-07-25 10:00:00,112.75,114.9445,111.83,114.575,668634.0,0.01618625277161865,0.019463414634146387,0.00815964523281598,7
961,2019-07-25 11:00:00,114.63,114.83,113.29,113.32,275933.0,-0.0114280729302975,0.0017447439588240674,0.011689784524120991,7
962,2019-07-25 12:00:00,113.32,114.37,113.01,113.31,240667.0,-8.824567596179761e-05,0.009265795975997276,0.0027356159548181085,7
963,2019-07-25 13:00:00,113.315,113.41,113.0,113.08,223825.0,-0.0020738648899086567,0.0008383709129417894,0.00277986144817542,7
964,2019-07-25 14:00:00,113.06,113.29,112.565,112.7,229354.0,-0.003184150008844856,0.002034318061206474,0.0043782062621617246,7
965,2019-07-25 15:00:00,112.695,113.07,112.1,113.04,891393.0,0.0030613603087981996,0.003327565553041395,0.005279737344159004,7
966,2019-07-25 16:00:00,113.04,113.04,113.04,113.04,25826.0,0.0,0.0,0.0,7
967,2019-07-25 18:00:00,113.3,113.3,113.3,113.3,100.0,0.0,0.0,0.0,7
968,2019-07-26 07:00:00,113.9,113.9,113.9,113.9,100.0,0.0,0.0,0.0,7
969,2019-07-26 08:00:00,113.96,113.96,113.96,113.96,400.0,0.0,0.0,0.0,7
970,2019-07-26 09:00:00,113.55,114.53,113.36,113.56,202965.0,8.806693086750433e-05,0.008630559225011044,0.0016732716864817062,7
971,2019-07-26 10:00:00,113.56,114.79,113.355,114.4603,431665.0,0.007927967594223331,0.010831278619232158,0.001805213103205339,7
972,2019-07-26 11:00:00,114.48,114.89,114.3,114.535,209003.0,0.0004804332634520668,0.003581411600279495,0.0015723270440252167,7
973,2019-07-26 12:00:00,114.51,114.61,114.35,114.56,153644.0,0.00043664308793989307,0.0008732861758797861,0.0013972578814078315,7
974,2019-07-26 13:00:00,114.56,114.98,114.4,114.805,203912.0,0.002138617318435794,0.0036662011173184505,0.0013966480446927076,7
975,2019-07-26 14:00:00,114.805,115.34,114.73,114.83,287553.0,0.00021776055049859737,0.0046600757806715435,0.0006532816514960396,7
976,2019-07-26 15:00:00,114.855,114.885,113.93,113.95,629889.0,-0.007879500239432338,0.00026119890296461744,0.008053632841408708,7
977,2019-07-26 16:00:00,113.96,114.4886,113.96,113.96,71341.0,0.0,0.00463846963846974,0.0,7
978,2019-07-29 09:00:00,113.75,115.14,113.75,114.81,134611.0,0.009318681318681339,0.012219780219780225,0.0,7
979,2019-07-29 10:00:00,114.82,115.44,114.46,114.6,191526.0,-0.0019160425013063829,0.005399756140045328,0.003135342274865001,7
980,2019-07-29 11:00:00,114.58,114.93,114.43,114.93,157032.0,0.00305463431663474,0.00305463431663474,0.0013091289928433539,7
981,2019-07-29 12:00:00,114.92,115.25,114.8,115.2,217594.0,0.0024364775495997314,0.002871562826313943,0.0010442046641142059,7
982,2019-07-29 13:00:00,115.185,115.44,115.05,115.41,238336.0,0.001953379346268996,0.0022138299257715454,0.0011720276077614718,7
983,2019-07-29 14:00:00,115.41,115.995,115.3308,115.945,256074.0,0.004635646824365277,0.005068884845334095,0.0006862490252144542,7
984,2019-07-29 15:00:00,115.95,115.955,115.485,115.59,625687.0,-0.003104786545924963,4.3122035360029776e-05,0.0040103492884864455,7
985,2019-07-29 16:00:00,115.59,115.59,115.59,115.59,16949.0,0.0,0.0,0.0,7
986,2019-07-30 09:00:00,114.74,115.3,114.74,115.045,168035.0,0.002658183719714196,0.004880599616524336,0.0,7
987,2019-07-30 10:00:00,115.01,115.87,114.95,115.46,347017.0,0.003912703243196145,0.0074776106425528165,0.0005216937657595189,7
988,2019-07-30 11:00:00,115.44,115.94,115.34,115.58,117843.0,0.0012127512127512177,0.004331254331254331,0.000866250866250817,7
989,2019-07-30 12:00:00,115.54,115.56,114.865,115.04,162581.0,-0.004327505625757313,0.00017310022503025808,0.005842132594772472,7
990,2019-07-30 13:00:00,115.05,115.21,114.7,115.15,142901.0,0.0008691873098653501,0.0013906996957844119,0.0030421555845284165,7
991,2019-07-30 14:00:00,115.15,115.76,115.15,115.58,179629.0,0.0037342596613112685,0.005297438124185839,0.0,7
992,2019-07-30 15:00:00,115.56,115.98,115.46,115.98,320434.0,0.0036344755970924344,0.0036344755970924344,0.000865351332641126,7
993,2019-07-30 16:00:00,115.4936,115.99,115.4936,115.99,41886.0,0.00429807365949277,0.00429807365949277,0.0,7
994,2019-07-31 09:00:00,115.94,116.08,115.15,115.96,100286.0,0.00017250301880279473,0.0012075211316198082,0.006813869242711679,7
995,2019-07-31 10:00:00,115.93,115.945,115.2,115.245,216316.0,-0.005908738031570795,0.0001293884240488774,0.006296903303717794,7
996,2019-07-31 11:00:00,115.23,116.05,115.075,115.95,208533.0,0.006248372819578225,0.007116202377852931,0.0013451358153258799,7
997,2019-07-31 12:00:00,115.955,117.02,115.935,116.41,426886.0,0.003923936009658905,0.00918459747315767,0.00017248070372123686,7
998,2019-07-31 13:00:00,116.43,116.66,116.24,116.44,159322.0,8.588851670523838e-05,0.0019754358842221913,0.001631881817401116,7
999,2019-07-31 14:00:00,116.4,116.44,114.81,115.82,533478.0,-0.004982817869415915,0.0003436426116837804,0.013659793814433017,7
1000,2019-07-31 15:00:00,115.815,116.68,115.815,116.33,528125.0,0.004446746967145884,0.007468808012779079,0.0,7
1001,2019-07-31 16:00:00,116.34,116.34,116.34,116.34,48237.0,0.0,0.0,0.0,7
1002,2019-07-31 17:00:00,116.34,116.34,116.34,116.34,3547.0,0.0,0.0,0.0,7
1003,2019-08-01 09:00:00,116.02,117.42,115.99,116.83,163902.0,0.00698155490432686,0.012066885019824218,0.00025857610756767054,8
1004,2019-08-01 10:00:00,116.86,117.71,116.5,117.36,267528.0,0.004278623994523362,0.007273660790689665,0.003080609276056815,8
1005,2019-08-01 11:00:00,117.38,117.69,117.0,117.505,204607.0,0.0010649173624126768,0.002640995058783458,0.003237348781734499,8
1006,2019-08-01 12:00:00,117.53,117.87,117.405,117.87,260294.0,0.002892878414021981,0.002892878414021981,0.001063558240449247,8
1007,2019-08-01 13:00:00,117.83,117.97,115.46,115.84,519587.0,-0.01688873801239069,0.0011881524229822675,0.020113723160485483,8
1008,2019-08-01 14:00:00,115.76,115.85,114.33,114.435,249403.0,-0.011446095369730501,0.0007774706288872598,0.01235314443676578,8
1009,2019-08-01 15:00:00,114.47,114.7,113.8637,114.04,576150.0,-0.0037564427360879935,0.002009260068140159,0.005296584257884201,8
1010,2019-08-01 16:00:00,114.05,114.05,114.05,114.05,99541.0,0.0,0.0,0.0,8
1011,2019-08-02 08:00:00,114.05,114.05,114.05,114.05,4000.0,0.0,0.0,0.0,8
1012,2019-08-02 09:00:00,113.5,113.5,112.16,112.3,122348.0,-0.01057268722466963,0.0,0.011806167400881088,8
1013,2019-08-02 10:00:00,112.29,112.32,111.0,111.01,190199.0,-0.011399056015673712,0.00026716537536723597,0.011488111140796209,8
1014,2019-08-02 11:00:00,111.0,111.03,110.5,110.575,260694.0,-0.003828828828828803,0.0002702702702702805,0.0045045045045045045,8
1015,2019-08-02 12:00:00,110.6,111.02,110.4745,110.4745,168880.0,-0.001134719710668971,0.003797468354430395,0.001134719710668971,8
1016,2019-08-02 13:00:00,110.49,110.5526,110.1,110.14,164578.0,-0.003167707484840206,0.0005665671101457447,0.0035297311973934344,8
1017,2019-08-02 14:00:00,110.1,110.51,110.0,110.22,242627.0,0.0010899182561308317,0.0037238873751136315,0.0009082652134422736,8
1018,2019-08-02 15:00:00,110.24,110.96,109.82,110.73,624968.0,0.004444847605225046,0.006531204644412181,0.0038098693759071275,8
1019,2019-08-02 16:00:00,110.73,110.73,110.73,110.73,22553.0,0.0,0.0,0.0,8
1020,2019-08-05 07:00:00,109.0,109.16,109.0,109.16,1466.0,0.0014678899082568495,0.0014678899082568495,0.0,8
1021,2019-08-05 08:00:00,108.5,108.85,108.0,108.85,1602.0,0.0032258064516128507,0.0032258064516128507,0.004608294930875576,8
1022,2019-08-05 09:00:00,108.2,109.5,107.51,108.75,121463.0,0.005083179297597016,0.012014787430683892,0.006377079482439905,8
1023,2019-08-05 10:00:00,108.59,109.0,107.66,108.6418,275822.0,0.0004770236670043288,0.0037756699511925277,0.008564324523436842,8
1024,2019-08-05 11:00:00,108.63,109.47,108.05,108.42,239300.0,-0.0019331676332504258,0.007732670533001965,0.005339224891834653,8
1025,2019-08-05 12:00:00,108.35,108.42,107.6,107.64,169962.0,-0.006552838024919186,0.0006460544531611204,0.00692201199815413,8
1026,2019-08-05 13:00:00,107.665,108.26,107.495,107.55,104443.0,-0.0010681279895974466,0.005526401337481993,0.00157897181070916,8
1027,2019-08-05 14:00:00,107.545,107.82,107.05,107.115,144694.0,-0.003998326282021542,0.002557069133850867,0.004602724440931745,8
1028,2019-08-05 15:00:00,107.11,107.915,106.75,107.66,420217.0,0.005134908038465103,0.007515638129026298,0.003361030716086261,8
1029,2019-08-05 16:00:00,108.0933,108.0933,107.69,107.69,29403.0,-0.00373103605866415,0.0,0.00373103605866415,8
1030,2019-08-05 17:00:00,107.1,107.1001,107.1,107.1,2100.0,0.0,9.337068160907531e-07,0.0,8
1031,2019-08-05 18:00:00,107.0,107.0,107.0,107.0,100.0,0.0,0.0,0.0,8
1032,2019-08-06 09:00:00,108.29,109.12,107.54,108.14,193514.0,-0.0013851694523963956,0.007664604303259749,0.006925847261981716,8
1033,2019-08-06 10:00:00,108.18,108.79,107.57,107.79,185680.0,-0.0036051026067665053,0.005638750231096315,0.005638750231096446,8
1034,2019-08-06 11:00:00,107.79,107.99,106.96,107.44,211348.0,-0.0032470544577419846,0.0018554596901381262,0.0077001577140737775,8
1035,2019-08-06 12:00:00,107.52,107.61,106.67,106.705,147008.0,-0.007579985119047598,0.0008370535714286031,0.0079055059523809,8
1036,2019-08-06 13:00:00,106.675,107.12,106.675,106.815,164176.0,0.0013123974689477438,0.004171549097726809,0.0,8
1037,2019-08-06 14:00:00,106.805,107.07,106.48,106.825,431602.0,0.00018725715088241206,0.0024811572491923255,0.003042928701839828,8
1038,2019-08-06 15:00:00,106.85,107.29,106.77,107.06,476088.0,0.0019653720168461204,0.0041179223210108746,0.0007487131492746682,8
1039,2019-08-06 16:00:00,107.06,107.06,107.05,107.06,26740.0,0.0,0.0,9.34055669718393e-05,8
1040,2019-08-07 08:00:00,106.56,106.56,106.56,106.56,388.0,0.0,0.0,0.0,8
1041,2019-08-07 09:00:00,106.68,107.6,105.76,106.87,145375.0,0.0017810273715785313,0.008623922009748663,0.008623922009748796,8
1042,2019-08-07 10:00:00,106.76,108.3,106.45,108.2025,202561.0,0.013511614837017566,0.014424878231547322,0.0029037092544024192,8
1043,2019-08-07 11:00:00,108.17,108.2,107.43,107.645,122989.0,-0.004853471387630634,0.00027734122215032945,0.00684108347970782,8
1044,2019-08-07 12:00:00,107.58,107.9,107.28,107.73,88041.0,0.0013943112102621834,0.002974530581892614,0.0027886224205242345,8
1045,2019-08-07 13:00:00,107.8,107.82,106.92,106.9815,185259.0,-0.007592764378478667,0.0001855287569572915,0.008163265306122406,8
1046,2019-08-07 14:00:00,107.015,107.51,106.84,107.38,143256.0,0.003410736812596317,0.004625519786945797,0.001635284773162614,8
1047,2019-08-07 15:00:00,107.36,107.7611,107.07,107.37,331751.0,9.314456035772276e-05,0.003736028315946345,0.0027011922503726365,8
1048,2019-08-07 16:00:00,107.37,107.4445,107.37,107.37,25777.0,0.0,0.000693862345161595,0.0,8
1049,2019-08-08 09:00:00,107.86,109.05,107.48,108.135,126818.0,0.0025496013350640246,0.01103282032264044,0.0035230854811792644,8
1050,2019-08-08 10:00:00,108.14,110.32,107.99,110.11,412548.0,0.018217125947845376,0.020159053079341526,0.0013870908082116301,8
1051,2019-08-08 11:00:00,110.03,110.05,109.19,109.2,247603.0,-0.0075433972552939954,0.0001817686085612653,0.007634281559574693,8
1052,2019-08-08 12:00:00,109.24,109.76,109.1,109.76,111981.0,0.0047601611131454615,0.0047601611131454615,0.0012815818381545275,8
1053,2019-08-08 13:00:00,109.76,110.46,109.58,110.26,346225.0,0.00455539358600583,0.006377551020408059,0.0016399416909621612,8
1054,2019-08-08 14:00:00,110.31,110.32,109.72,109.755,203527.0,-0.00503127549632859,9.065361254637753e-05,0.005348563140241169,8
1055,2019-08-08 15:00:00,109.76,109.97,109.39,109.75,359204.0,-9.110787172016322e-05,0.001913265306122392,0.0033709912536443562,8
1056,2019-08-08 16:00:00,109.74,109.74,109.74,109.74,17904.0,0.0,0.0,0.0,8
1057,2019-08-09 09:00:00,109.75,109.97,108.625,109.7,80297.0,-0.00045558086560361876,0.002004555808656026,0.010250569476082005,8
1058,2019-08-09 10:00:00,109.74,110.11,108.97,109.21,139831.0,-0.004829597229815939,0.0033716056132677653,0.0070165846546382,8
1059,2019-08-09 11:00:00,109.225,109.4,108.34,108.47,121500.0,-0.006912336919203438,0.0016021972991532285,0.008102540627145717,8
1060,2019-08-09 12:00:00,108.48,109.47,108.42,109.0802,90960.0,0.005532817109144552,0.009126106194690217,0.0005530973451327643,8
1061,2019-08-09 13:00:00,109.06,109.75,109.0,109.58,44586.0,0.004768017604988043,0.006326792591234162,0.0005501558774986454,8
1062,2019-08-09 14:00:00,109.61,109.77,109.5,109.6791,57821.0,0.0006304169327616634,0.001459720828391539,0.0010035580695191993,8
1063,2019-08-09 15:00:00,109.7,109.94,109.23,109.23,234088.0,-0.004284412032816763,0.0021877848678212844,0.004284412032816763,8
1064,2019-08-09 16:00:00,109.25,109.25,109.25,109.25,14525.0,0.0,0.0,0.0,8
1065,2019-08-09 17:00:00,109.25,109.25,109.25,109.25,623.0,0.0,0.0,0.0,8
1066,2019-08-12 09:00:00,108.65,108.95,107.06,107.4,111810.0,-0.011504832029452369,0.0027611596870685427,0.014634146341463445,8
1067,2019-08-12 10:00:00,107.5,107.85,107.02,107.54,96174.0,0.0003720930232558721,0.0032558139534883193,0.0044651162790698045,8
1068,2019-08-12 11:00:00,107.54,107.67,107.02,107.61,75487.0,0.0006509205876882386,0.0012088525199925185,0.0048354100799703386,8
1069,2019-08-12 12:00:00,107.57,108.16,107.35,107.79,139362.0,0.002045179882867092,0.005484800594961452,0.00204517988286696,8
1070,2019-08-12 13:00:00,107.81,107.925,107.41,107.44,66063.0,-0.003431963639736616,0.0010666914015396984,0.0037102309618774294,8
1071,2019-08-12 14:00:00,107.42,107.46,106.69,106.825,119850.0,-0.005539005771737096,0.0003723701359150255,0.006795754980450605,8
1072,2019-08-12 15:00:00,106.82,107.35,106.82,107.28,151802.0,0.004306309679835312,0.004961617674592784,0.0,8
1073,2019-08-12 20:00:00,107.3,107.3,107.3,107.3,7447.0,0.0,0.0,0.0,8
1074,2019-08-13 07:00:00,106.85,106.86,105.86,105.86,3473.0,-0.00926532522227417,9.35891436593834e-05,0.00926532522227417,8
1075,2019-08-13 08:00:00,105.5,105.78,105.1,105.1,742.0,-0.00379146919431285,0.002654028436018968,0.00379146919431285,8
1076,2019-08-13 09:00:00,105.7699,107.9,104.3,107.4,343612.0,0.01541175703106459,0.02013899984778277,0.01389714843258819,8
1077,2019-08-13 10:00:00,107.38,108.17,106.76,108.05,333347.0,0.006239523188675747,0.007357049729931144,0.005773887129819243,8
1078,2019-08-13 11:00:00,107.99,108.41,107.68,108.41,224264.0,0.0038892490045374733,0.0038892490045374733,0.002870636170015632,8
1079,2019-08-13 12:00:00,108.43,108.81,108.2,108.49,160512.0,0.0005533523932489907,0.003504565157244263,0.0021211841741215895,8
1080,2019-08-13 13:00:00,108.415,108.94,108.37,108.83,145014.0,0.0038278835954433615,0.004842503343633182,0.0004150717151685809,8
1081,2019-08-13 14:00:00,108.84,109.14,108.71,108.94,107303.0,0.000918779860345409,0.0027563395810363575,0.0011944138184491883,8
1082,2019-08-13 15:00:00,108.96,109.24,108.96,109.04,389638.0,0.0007342143906021706,0.0025697503671072057,0.0,8
1083,2019-08-13 16:00:00,109.03,109.03,109.03,109.03,248232.0,0.0,0.0,0.0,8
1084,2019-08-14 09:00:00,106.94,107.43,105.77,106.51,156349.0,-0.004020946325042011,0.0045820086029550134,0.010940714419300559,8
1085,2019-08-14 10:00:00,106.51,106.65,105.42,105.55,165752.0,-0.00901323819359692,0.0013144305698995452,0.01023378086564645,8
1086,2019-08-14 11:00:00,105.45,105.53,104.7,104.8,139798.0,-0.006164058795637797,0.0007586533902323214,0.007112375533428165,8
1087,2019-08-14 12:00:00,104.78,104.78,102.95,103.01,440992.0,-0.01689253674365333,0.0,0.01746516510784499,8
1088,2019-08-14 13:00:00,102.98,104.17,102.87,103.84,161052.0,0.008351136142940372,0.011555641872208174,0.0010681685764226008,8
1089,2019-08-14 14:00:00,103.86,104.06,103.37,103.51,231717.0,-0.0033699210475639737,0.001925669170036615,0.004717889466589591,8
1090,2019-08-14 15:00:00,103.5,104.575,103.34,104.19,430183.0,0.0066666666666666445,0.010386473429951719,0.0015458937198067303,8
1091,2019-08-14 16:00:00,104.19,104.19,104.19,104.19,23077.0,0.0,0.0,0.0,8
1092,2019-08-15 09:00:00,104.79,105.315,103.78,104.56,95249.0,-0.00219486592232087,0.005010020040080079,0.009638324267582833,8
1093,2019-08-15 10:00:00,104.55,104.835,104.0,104.12,117790.0,-0.0041128646580582745,0.0027259684361549174,0.005260640841702508,8
1094,2019-08-15 11:00:00,104.08,104.27,103.55,104.17,154306.0,0.000864719446579587,0.0018255188316679259,0.005092236740968497,8
1095,2019-08-15 12:00:00,104.16,104.42,104.04,104.23,97983.0,0.0006720430107527591,0.0024961597542243197,0.0011520737327188012,8
1096,2019-08-15 13:00:00,104.24,104.45,103.67,103.76,91555.0,-0.004604758250191767,0.002014581734459017,0.005468150422102774,8
1097,2019-08-15 14:00:00,103.71,104.25,103.65,104.12,163871.0,0.003953331404879094,0.005206826728377266,0.0005785363031529078,8
1098,2019-08-15 15:00:00,104.15,104.365,103.85,103.87,380719.0,-0.0026884301488238225,0.0020643302928467517,0.0028804608737399073,8
1099,2019-08-15 16:00:00,103.87,104.155,103.87,103.87,36972.0,0.0,0.002743814383363787,0.0,8
1100,2019-08-15 18:00:00,103.87,103.87,103.87,103.87,3837.0,0.0,0.0,0.0,8
1101,2019-08-16 09:00:00,104.75,104.79,104.04,104.13,112032.0,-0.005918854415274506,0.0003818615751790573,0.006778042959427148,8
1102,2019-08-16 10:00:00,104.115,105.25,103.91,105.135,139891.0,0.009796859242184222,0.010901407097920618,0.001968976612399734,8
1103,2019-08-16 11:00:00,105.145,105.29,104.8032,104.97,149094.0,-0.0016643682533643747,0.001379047981359173,0.003250748965713939,8
1104,2019-08-16 12:00:00,104.97,105.47,104.84,105.34,81866.0,0.0035248166142707875,0.004763265694960465,0.0012384490806896776,8
1105,2019-08-16 13:00:00,105.365,105.78,105.34,105.45,64708.0,0.0008067194988849045,0.003938689318084812,0.0002372704408483982,8
1106,2019-08-16 14:00:00,105.45,105.5,105.2,105.42,91778.0,-0.00028449502133713736,0.000474158368895184,0.0023707918444760548,8
1107,2019-08-16 15:00:00,105.37,105.43,105.07,105.19,230468.0,-0.0017082661098985178,0.0005694220366328392,0.0028471101831641964,8
1108,2019-08-16 16:00:00,105.18,105.18,105.18,105.18,16980.0,0.0,0.0,0.0,8
1109,2019-08-16 18:00:00,105.3,105.3,105.3,105.3,100.0,0.0,0.0,0.0,8
1110,2019-08-19 09:00:00,107.09,108.025,106.54,107.58,136242.0,0.004575590624708141,0.00873097394714728,0.005135867027733655,8
1111,2019-08-19 10:00:00,107.58,108.09,107.11,107.78,218511.0,0.0018590816136828672,0.004740658114891291,0.004368841792154665,8
1112,2019-08-19 11:00:00,107.78,107.98,107.51,107.94,123270.0,0.001484505474113904,0.001855631842642446,0.0025051029875672298,8
1113,2019-08-19 12:00:00,107.89,108.285,107.76,108.04,110620.0,0.0013903049402169403,0.0036611363425711006,0.0012049309481879272,8
1114,2019-08-19 13:00:00,108.03,108.16,107.93,108.07,55895.0,0.00037026751828188504,0.0012033694344163238,0.0009256687957048442,8
1115,2019-08-19 14:00:00,108.06,108.42,107.94,108.18,121473.0,0.0011104941699056502,0.003331482509716819,0.0011104941699056502,8
1116,2019-08-19 15:00:00,108.19,108.28,107.74,107.78,301919.0,-0.003789629355762978,0.0008318698585821556,0.004159349292910647,8
1117,2019-08-19 16:00:00,107.76,107.9277,107.76,107.76,132294.0,0.0,0.0015562360801781403,0.0,8
1118,2019-08-20 09:00:00,107.61,107.79,107.0,107.035,117846.0,-0.005343369575318306,0.001672706997491003,0.005668618158163734,8
1119,2019-08-20 10:00:00,107.07,107.98,107.07,107.91,99974.0,0.007845334827682857,0.008499112729989827,0.0,8
1120,2019-08-20 11:00:00,107.85,108.43,107.59,107.61,132745.0,-0.0022253129346313854,0.005377839592026078,0.002410755679183968,8
1121,2019-08-20 12:00:00,107.67,107.73,107.22,107.49,60356.0,-0.0016717748676512195,0.0005572582892170732,0.004179437169127917,8
1122,2019-08-20 13:00:00,107.48,108.01,107.46,107.93,77859.0,0.004186825455898798,0.0049311499813918976,0.00018608113137337393,8
1123,2019-08-20 14:00:00,107.93,107.95,107.28,107.88,94142.0,-0.0004632632261652123,0.00018530529046600593,0.006022421940146443,8
1124,2019-08-20 15:00:00,107.84,107.99,107.505,107.64,217403.0,-0.0018545994065282162,0.0013909495548960634,0.003106454005934792,8
1125,2019-08-20 16:00:00,107.63,107.63,107.63,107.63,27153.0,0.0,0.0,0.0,8
1126,2019-08-20 17:00:00,107.65,107.65,107.65,107.65,100.0,0.0,0.0,0.0,8
1127,2019-08-21 09:00:00,108.65,108.69,107.48,107.5,60564.0,-0.010584445467096233,0.00036815462494240255,0.010768522779567434,8
1128,2019-08-21 10:00:00,107.455,108.05,107.16,107.19,88562.0,-0.002466148620352711,0.00553720161928248,0.0027453352566190656,8
1129,2019-08-21 11:00:00,107.18,108.1,107.12,108.03,83004.0,0.007930584064191027,0.008583690987124346,0.000559805933942921,8
1130,2019-08-21 12:00:00,108.07,108.25,108.05,108.17,82245.0,0.0009253261774776398,0.0016655871194596727,0.00018506523549547535,8
1131,2019-08-21 13:00:00,108.17,108.3,108.08,108.215,102085.0,0.0004160118332254942,0.00120181196265134,0.0008320236664509883,8
1132,2019-08-21 14:00:00,108.2,108.23,107.57,107.67,67904.0,-0.00489833641404807,0.00027726432532348554,0.005822550831793065,8
1133,2019-08-21 15:00:00,107.67,107.84,107.53,107.67,171168.0,0.0,0.0015788984861149968,0.0013002693415064602,8
1134,2019-08-21 16:00:00,107.67,107.67,107.67,107.67,33167.0,0.0,0.0,0.0,8
1135,2019-08-22 09:00:00,107.91,108.11,106.93,107.39,75500.0,-0.004818830506903865,0.0018533963488092193,0.00908164210916495,8
1136,2019-08-22 10:00:00,107.47,107.5037,106.14,106.23,128568.0,-0.011538103656834418,0.0003135758816413517,0.012375546664185338,8
1137,2019-08-22 11:00:00,106.25,106.9011,106.25,106.8,93847.0,0.005176470588235268,0.006127999999999996,0.0,8
1138,2019-08-22 12:00:00,106.81,107.375,106.81,107.31,80816.0,0.004681209624566988,0.005289766875760675,0.0,8
1139,2019-08-22 13:00:00,107.34,107.61,107.3,107.4,71876.0,0.000558971492453906,0.0025153717160424447,0.0003726476616359815,8
1140,2019-08-22 14:00:00,107.41,107.44,106.96,107.18,86996.0,-0.002141327623126243,0.0002793036030164895,0.00418955404524721,8
1141,2019-08-22 15:00:00,107.19,107.34,106.87,107.03,253380.0,-0.001492676555648816,0.0013993842709208479,0.002985353111297632,8
1142,2019-08-22 16:00:00,107.03,107.03,107.03,107.03,62802.0,0.0,0.0,0.0,8
1143,2019-08-23 09:00:00,106.69,106.89,105.33,105.72,98676.0,-0.009091761177242468,0.0018745899334520841,0.012747211547473984,8
1144,2019-08-23 10:00:00,105.695,107.04,105.0,106.69,285671.0,0.0094138795591088,0.012725294479398392,0.006575523913146253,8
1145,2019-08-23 11:00:00,106.56,106.64,103.88,103.94,246514.0,-0.02458708708708713,0.0007507507507507347,0.025150150150150215,8
1146,2019-08-23 12:00:00,103.89,104.52,103.62,103.8902,198024.0,1.925113100321768e-06,0.006064106266243098,0.0025989026855327366,8
1147,2019-08-23 13:00:00,103.88,103.885,103.11,103.3,314150.0,-0.005583365421640338,4.813246053147539e-05,0.007412398921832846,8
1148,2019-08-23 14:00:00,103.3,103.67,102.85,103.33,212557.0,0.00029041626331075644,0.003581800580832571,0.004356243949661208,8
1149,2019-08-23 15:00:00,103.28,103.49,102.14,102.58,556582.0,-0.006777691711851306,0.0020333075135553227,0.011037955073586372,8
1150,2019-08-23 16:00:00,102.53,102.53,102.21,102.21,73942.0,-0.003121037745050301,0.0,0.003121037745050301,8
1151,2019-08-23 17:00:00,102.531,102.531,102.531,102.531,351.0,0.0,0.0,0.0,8
1152,2019-08-26 08:00:00,102.59,102.59,102.59,102.59,180.0,0.0,0.0,0.0,8
1153,2019-08-26 09:00:00,103.27,103.7,102.63,103.21,153430.0,-0.0005810012588360828,0.0041638423549918355,0.006197346760917988,8
1154,2019-08-26 10:00:00,103.165,103.57,102.5,103.15,177428.0,-0.00014539814859691337,0.003925750012116386,0.006445984587796309,8
1155,2019-08-26 11:00:00,103.155,103.699,103.08,103.31,112806.0,0.0015025931850128557,0.005273617371916019,0.0007270612185546299,8
1156,2019-08-26 12:00:00,103.32,103.59,103.12,103.23,106771.0,-0.0008710801393727178,0.002613240418118566,0.0019357336430506063,8
1157,2019-08-26 13:00:00,103.2,103.3,102.93,103.02,82753.0,-0.001744186046511694,0.0009689922480619604,0.0026162790697674032,8
1158,2019-08-26 14:00:00,103.02,103.04,102.25,102.42,147778.0,-0.005824111822946946,0.00019413706076499936,0.007474276839448612,8
1159,2019-08-26 15:00:00,102.39,102.67,102.09,102.52,587518.0,0.0012696552397694642,0.0027346420548881836,0.0029299736302373,8
1160,2019-08-26 16:00:00,102.49,102.49,102.49,102.49,62603.0,0.0,0.0,0.0,8
1161,2019-08-27 09:00:00,103.4,103.56,102.68,102.69,63513.0,-0.006866537717601624,0.0015473887814313016,0.0069632495164409945,8
1162,2019-08-27 10:00:00,102.685,103.06,102.55,102.61,67588.0,-0.0007303890539027398,0.003651945269513561,0.0013147002970249318,8
1163,2019-08-27 11:00:00,102.59,102.69,101.84,101.84,134502.0,-0.007310654059849888,0.0009747538746465963,0.007310654059849888,8
1164,2019-08-27 12:00:00,101.85,102.21,101.69,101.75,122559.0,-0.0009818360333823694,0.0035346097201767253,0.0015709376534118469,8
1165,2019-08-27 13:00:00,101.79,102.4,101.705,102.14,81099.0,0.003438451714313727,0.005992730130661159,0.0008350525591905684,8
1166,2019-08-27 14:00:00,102.155,102.47,101.85,102.43,113220.0,0.002691987665802023,0.0030835495081004134,0.0029856590475258855,8
1167,2019-08-27 15:00:00,102.43,102.47,101.625,101.77,282152.0,-0.0064434247778972055,0.00039051059259974656,0.007859025676071529,8
1168,2019-08-27 16:00:00,101.77,101.77,101.75,101.77,11917.0,0.0,0.0,0.00019652156824207548,8
1169,2019-08-27 18:00:00,101.74,101.74,101.74,101.74,100.0,0.0,0.0,0.0,8
1170,2019-08-28 08:00:00,101.5,101.5,101.5,101.5,200.0,0.0,0.0,0.0,8
1171,2019-08-28 09:00:00,101.4,101.68,100.6905,101.48,123455.0,0.0007889546351084644,0.0027613412228796957,0.006997041420118397,8
1172,2019-08-28 10:00:00,101.48,101.945,101.27,101.835,128875.0,0.003498226251478023,0.004582183681513492,0.0020693732755223486,8
1173,2019-08-28 11:00:00,101.835,102.96,101.75,102.82,226721.0,0.0096725094515638,0.01104728236853734,0.000834683556733871,8
1174,2019-08-28 12:00:00,102.8468,103.22,102.79,103.2,108037.0,0.003434234220218821,0.00362869821909867,0.0005522777568188365,8
1175,2019-08-28 13:00:00,103.2,103.3,102.985,103.21,159125.0,9.689922480611342e-05,0.0009689922480619604,0.0020833333333333663,8
1176,2019-08-28 14:00:00,103.225,103.29,102.96,103.19,139775.0,-0.0003390651489464431,0.0006296924194721428,0.0025672075563090394,8
1177,2019-08-28 15:00:00,103.17,103.37,103.005,103.18,351342.0,9.692740137641869e-05,0.0019385480275274096,0.0015993021227101508,8
1178,2019-08-28 16:00:00,103.18,103.18,103.18,103.18,3088.0,0.0,0.0,0.0,8
1179,2019-08-28 18:00:00,103.18,103.18,103.18,103.18,118.0,0.0,0.0,0.0,8
1180,2019-08-29 08:00:00,103.0,103.85,103.0,103.85,217.0,0.008252427184465965,0.008252427184465965,0.0,8
1181,2019-08-29 09:00:00,103.85,104.74,103.81,104.59,114354.0,0.007125662012518143,0.00857005296100145,0.00038517091959549394,8
1182,2019-08-29 10:00:00,104.59,104.94,103.705,104.255,169604.0,-0.0032029830767760586,0.0033464002294673898,0.0084616120087963,8
1183,2019-08-29 11:00:00,104.27,104.8,104.22,104.56,123621.0,0.0027812410089192124,0.005082957705955703,0.0004795243118825852,8
1184,2019-08-29 12:00:00,104.58,104.72,104.42,104.44,88932.0,-0.0013386880856760429,0.0013386880856760429,0.0015299292407725817,8
1185,2019-08-29 13:00:00,104.43,104.445,104.03,104.11,80071.0,-0.0030642535669827384,0.00014363688595218192,0.003830316958728389,8
1186,2019-08-29 14:00:00,104.11,104.26,103.475,103.475,200116.0,-0.006099318029007829,0.0014407837863798453,0.006099318029007829,8
1187,2019-08-29 15:00:00,103.49,103.56,103.18,103.41,304606.0,-0.0007730215479756333,0.000676393854478765,0.0029954584984055277,8
1188,2019-08-29 16:00:00,103.38,103.38,103.38,103.38,27083.0,0.0,0.0,0.0,8
1189,2019-08-30 09:00:00,103.38,105.14,103.38,105.02,89200.0,0.01586380344360612,0.01702456954923588,0.0,8
1190,2019-08-30 10:00:00,105.02,105.5,104.26,104.28,133335.0,-0.0070462768996381155,0.004570557988954523,0.007236716815844515,8
1191,2019-08-30 11:00:00,104.29,104.65,103.95,104.38,95635.0,0.0008629782337711112,0.003451912935084854,0.003260139994246844,8
1192,2019-08-30 12:00:00,104.35,104.8337,104.35,104.785,69554.0,0.004168663152851004,0.0046353617632965876,0.0,8
1193,2019-08-30 13:00:00,104.785,104.815,104.595,104.66,89867.0,-0.0011929188338025481,0.00028630052011262237,0.0018132366273798514,8
1194,2019-08-30 14:00:00,104.7,104.97,104.365,104.385,87896.0,-0.00300859598853866,0.0025787965616045462,0.0031996179560650232,8
1195,2019-08-30 15:00:00,104.4,104.475,104.045,104.2,306370.0,-0.0019157088122605636,0.0007183908045975922,0.00340038314176249,8
1196,2019-08-30 16:00:00,104.28,104.28,104.28,104.28,87407.0,0.0,0.0,0.0,8
1197,2019-08-30 17:00:00,104.28,104.28,104.28,104.28,1085.0,0.0,0.0,0.0,8
1198,2019-09-03 07:00:00,104.5,104.5,104.5,104.5,345.0,0.0,0.0,0.0,9
1199,2019-09-03 09:00:00,103.99,103.99,100.64,101.74,261713.0,-0.02163669583613809,0.0,0.032214636022694434,9
1200,2019-09-03 10:00:00,101.68,102.4,101.0,102.38,235502.0,0.006884343036978644,0.007081038552320996,0.006687647521636573,9
1201,2019-09-03 11:00:00,102.38,102.38,101.56,102.14,143296.0,-0.002344207853096258,0.0,0.00800937683141232,9
1202,2019-09-03 12:00:00,102.11,102.19,101.67,101.67,129876.0,-0.004309078444814394,0.0007834688081480589,0.004309078444814394,9
1203,2019-09-03 13:00:00,101.66,101.705,101.15,101.334,96125.0,-0.0032067676568954696,0.0004426519771788482,0.005016722408026667,9
1204,2019-09-03 14:00:00,101.33,101.52,101.085,101.16,130223.0,-0.0016776867660120568,0.0018750616796604927,0.0024178426921938672,9
1205,2019-09-03 15:00:00,101.16,102.93,101.05,102.83,580288.0,0.01650850138394624,0.017497034400949095,0.001087386318703039,9
1206,2019-09-03 16:00:00,102.85,103.0,102.85,102.85,14135.0,0.0,0.0014584346135148828,0.0,9
1207,2019-09-03 17:00:00,103.0,103.0,103.0,103.0,407.0,0.0,0.0,0.0,9
1208,2019-09-04 08:00:00,109.99,109.99,109.99,109.99,150.0,0.0,0.0,0.0,9
1209,2019-09-04 09:00:00,103.78,105.69,103.78,104.49,168301.0,0.006841395259202098,0.018404316824050845,0.0,9
1210,2019-09-04 10:00:00,104.53,104.71,103.77,103.9494,112402.0,-0.005554386300583603,0.0017219936860230806,0.007270640007653354,9
1211,2019-09-04 11:00:00,103.98,104.33,103.61,104.3,90030.0,0.003077514906712764,0.0033660319292171024,0.0035583766108867525,9
1212,2019-09-04 12:00:00,104.26,104.56,103.87,104.425,96589.0,0.0015825820065220797,0.0028774218300402564,0.003740648379052374,9
1213,2019-09-04 13:00:00,104.42,104.5,104.2,104.21,69126.0,-0.0020111089829535334,0.0007661367554108244,0.0021068760773798015,9
1214,2019-09-04 14:00:00,104.23,104.74,104.19,104.35,92837.0,0.001151300009594074,0.004893025040775122,0.0003837666698647822,9
1215,2019-09-04 15:00:00,104.38,104.88,104.33,104.76,420047.0,0.0036405441655490483,0.004790189691511784,0.0004790189691511512,9
1216,2019-09-04 16:00:00,104.74,104.74,104.74,104.74,11268.0,0.0,0.0,0.0,9
1217,2019-09-05 09:00:00,105.4,106.54,105.38,106.1299,139903.0,0.006925047438330177,0.010815939278937385,0.00018975332068320902,9
1218,2019-09-05 10:00:00,106.24,107.275,106.19,106.79,196153.0,0.005176957831325408,0.009742093373494078,0.0004706325301204552,9
1219,2019-09-05 11:00:00,106.8297,106.84,106.13,106.325,125423.0,-0.004724341639076022,9.641513549135553e-05,0.006549676728475388,9
1220,2019-09-05 12:00:00,106.32,106.78,106.09,106.765,84212.0,0.004185477802859362,0.004326561324304063,0.002163280662151898,9
1221,2019-09-05 13:00:00,106.81,107.12,106.6475,107.06,153102.0,0.002340604812283494,0.0029023499672315538,0.001521393127984351,9
1222,2019-09-05 14:00:00,107.06,107.28,106.83,107.12,154386.0,0.0005604334018307703,0.0020549224733794028,0.002148328040351242,9
1223,2019-09-05 15:00:00,107.105,107.42,106.81,106.94,351242.0,-0.001540544325661792,0.0029410391671723796,0.0027543065216376612,9
1224,2019-09-05 16:00:00,106.94,106.94,106.94,106.94,18517.0,0.0,0.0,0.0,9
1225,2019-09-06 07:00:00,107.0,107.0,107.0,107.0,400.0,0.0,0.0,0.0,9
1226,2019-09-06 09:00:00,107.53,108.4208,106.96,108.185,196893.0,0.006091323351622813,0.008284199758207,0.0053008462754580805,9
1227,2019-09-06 10:00:00,108.2,108.66,107.91,108.26,254329.0,0.0005545286506469711,0.00425138632162656,0.0026802218114603165,9
1228,2019-09-06 11:00:00,108.3,108.71,108.16,108.29,242010.0,-9.233610341635185e-05,0.0037857802400738374,0.0012927054478301069,9
1229,2019-09-06 12:00:00,108.2,108.5,107.67,107.99,92340.0,-0.0019408502772643988,0.002772643253234724,0.00489833641404807,9
1230,2019-09-06 13:00:00,107.97,108.88,107.9,108.83,125678.0,0.007965175511716212,0.00842826711123457,0.0006483282393256755,9
1231,2019-09-06 14:00:00,108.83,108.85,108.22,108.32,124157.0,-0.00468620784710103,0.0001837728567490216,0.005605072130846269,9
1232,2019-09-06 15:00:00,108.32,108.53,108.142,108.37,346010.0,0.00046159527326450675,0.001938700147710561,0.0016432791728212453,9
1233,2019-09-06 16:00:00,108.41,108.41,108.41,108.41,12689.0,0.0,0.0,0.0,9
1234,2019-09-09 09:00:00,109.07,109.85,108.49,109.24,119461.0,0.0015586320711469856,0.0071513706793802255,0.005317685889795529,9
1235,2019-09-09 10:00:00,109.225,110.3,109.18,110.02,181440.0,0.007278553444724209,0.009842069123369218,0.0004119935912106889,9
1236,2019-09-09 11:00:00,110.0,110.48,109.98,110.29,112556.0,0.002636363636363693,0.0043636363636364,0.00018181818181814565,9
1237,2019-09-09 12:00:00,110.33,110.6,109.92,110.495,145979.0,0.0014955134596211933,0.002447203843016369,0.003716124354210066,9
1238,2019-09-09 13:00:00,110.49,110.51,109.69,110.11,164224.0,-0.0034392252692550954,0.00018101185627667873,0.007240474251063419,9
1239,2019-09-09 14:00:00,110.11,110.29,109.73,110.2,148791.0,0.000817364453728121,0.001634728907456242,0.003451094360185228,9
1240,2019-09-09 15:00:00,110.2,110.7,110.17,110.62,386444.0,0.003811252268602556,0.004537205081669692,0.0002722323049001918,9
1241,2019-09-09 16:00:00,110.61,110.61,110.61,110.61,15112.0,0.0,0.0,0.0,9
1242,2019-09-09 19:00:00,110.79,110.79,110.79,110.79,100.0,0.0,0.0,0.0,9
1243,2019-09-10 09:00:00,110.86,112.25,110.55,111.47,139464.0,0.005502435504239576,0.012538336640808232,0.0027963196824824306,9
1244,2019-09-10 10:00:00,111.47,112.39,111.15,112.0,178338.0,0.004754642504709797,0.008253341706288704,0.0028707275500133955,9
1245,2019-09-10 11:00:00,111.97,112.69,111.7,112.47,199761.0,0.00446548182548897,0.006430293828704107,0.0024113601857640083,9
1246,2019-09-10 12:00:00,112.5,113.42,112.11,113.35,255179.0,0.007555555555555505,0.008177777777777792,0.0034666666666666717,9
1247,2019-09-10 13:00:00,113.38,113.73,112.98,113.62,138594.0,0.0021167754454049135,0.0030869641912154573,0.0035279590756746473,9
1248,2019-09-10 14:00:00,113.635,113.825,113.3,113.65,186357.0,0.00013200158401901322,0.0016720200642407507,0.002948035376424587,9
1249,2019-09-10 15:00:00,113.67,113.9199,113.54,113.78,506646.0,0.000967713556787186,0.002198469253101053,0.001143661476203004,9
1250,2019-09-10 16:00:00,113.75,113.75,113.75,113.75,39374.0,0.0,0.0,0.0,9
1251,2019-09-10 19:00:00,113.74,113.74,113.74,113.74,100.0,0.0,0.0,0.0,9
1252,2019-09-11 07:00:00,113.75,113.75,113.75,113.75,250.0,0.0,0.0,0.0,9
1253,2019-09-11 09:00:00,113.93,114.38,112.36,113.33,103126.0,-0.005266391643991999,0.003949793732993844,0.013780391468445601,9
1254,2019-09-11 10:00:00,113.39,114.01,113.18,113.86,161698.0,0.004144986330364219,0.0054678543081400875,0.00185201516888609,9
1255,2019-09-11 11:00:00,113.82,114.69,113.71,114.15,166352.0,0.0028993147074328988,0.007643647865050119,0.0009664382358109246,9
1256,2019-09-11 12:00:00,114.19,114.75,114.19,114.67,128277.0,0.004203520448375549,0.004904107189771453,0.0,9
1257,2019-09-11 13:00:00,114.66,115.15,114.66,114.66,130870.0,0.0,0.004273504273504353,0.0,9
1258,2019-09-11 14:00:00,114.615,114.66,113.94,114.03,160520.0,-0.00510404397330187,0.000392618767177086,0.005889281507656041,9
1259,2019-09-11 15:00:00,114.04,114.1,113.61,113.85,403020.0,-0.001666082076464503,0.0005261311820412843,0.0037706068046300142,9
1260,2019-09-11 16:00:00,113.83,113.83,113.83,113.83,14496.0,0.0,0.0,0.0,9
1261,2019-09-11 18:00:00,113.83,113.83,113.83,113.83,143.0,0.0,0.0,0.0,9
1262,2019-09-12 09:00:00,114.09,114.75,112.5,112.57,86921.0,-0.013322815321237708,0.005784906652642621,0.01393636602682096,9
1263,2019-09-12 10:00:00,112.65,113.615,112.13,112.24,125095.0,-0.003639591655570446,0.008566355969817923,0.004616067465601511,9
1264,2019-09-12 11:00:00,112.24,112.98,111.85,112.93,118692.0,0.006147540983606664,0.006593014967925954,0.0034746970776906683,9
1265,2019-09-12 12:00:00,112.92,113.49,112.68,113.44,146617.0,0.004605030109812221,0.0050478214665249125,0.0021253985122209962,9
1266,2019-09-12 13:00:00,113.4,113.87,113.4,113.62,73877.0,0.0019400352733685965,0.004144620811287468,0.0,9
1267,2019-09-12 14:00:00,113.625,113.94,113.42,113.835,71945.0,0.001848184818481793,0.002772277227722752,0.0018041804180417892,9
1268,2019-09-12 15:00:00,113.8,113.84,113.16,113.27,241330.0,-0.004657293497363806,0.00035149384885769993,0.005623901581722325,9
1269,2019-09-12 16:00:00,113.27,113.27,113.27,113.27,18733.0,0.0,0.0,0.0,9
1270,2019-09-13 09:00:00,114.0,114.9399,113.46,113.58,105432.0,-0.0036842105263158046,0.008244736842105214,0.004736842105263213,9
1271,2019-09-13 10:00:00,113.66,114.93,113.59,114.71,147278.0,0.009238078479676202,0.011173675875418003,0.0006158718986450218,9
1272,2019-09-13 11:00:00,114.71,114.83,114.24,114.765,124164.0,0.00047946996774480714,0.0010461162932613073,0.004097288815273288,9
1273,2019-09-13 12:00:00,114.775,115.04,114.68,114.905,115337.0,0.0011326508385972158,0.002308865170986718,0.0008277063820518306,9
1274,2019-09-13 13:00:00,114.93,115.45,114.914,115.315,123837.0,0.0033498651352996682,0.0045244931697554685,0.00013921517445406197,9
1275,2019-09-13 14:00:00,115.33,115.63,114.94,114.975,100231.0,-0.003078123645192092,0.002601231249458052,0.003381600624295505,9
1276,2019-09-13 15:00:00,114.97,115.12,114.65,114.86,220244.0,-0.0009567713316517303,0.001304688179525143,0.0027833347829868066,9
1277,2019-09-13 16:00:00,114.83,114.83,114.83,114.83,10489.0,0.0,0.0,0.0,9
1278,2019-09-16 04:00:00,112.58,112.58,112.58,112.58,106.0,0.0,0.0,0.0,9
1279,2019-09-16 07:00:00,112.65,112.65,112.5,112.5,300.0,-0.0013315579227696909,0.0,0.0013315579227696909,9
1280,2019-09-16 08:00:00,112.6,112.7,112.0,112.0,800.0,-0.005328596802841868,0.0008880994671403955,0.005328596802841868,9
1281,2019-09-16 09:00:00,112.3,113.48,111.55,112.895,194819.0,0.005298308103294736,0.010507569011576196,0.0066785396260017815,9
1282,2019-09-16 10:00:00,112.85,113.45,112.792,113.135,125705.0,0.0025254762959681953,0.0053167922020381795,0.0005139565795302856,9
1283,2019-09-16 11:00:00,113.15,113.75,113.0,113.045,103541.0,-0.0009279717189571717,0.005302695536897873,0.001325673884224531,9
1284,2019-09-16 12:00:00,113.07,113.53,112.97,113.315,115508.0,0.002166799327850045,0.004068276289024569,0.000884407888918319,9
1285,2019-09-16 13:00:00,113.3,113.42,113.11,113.3,68260.0,0.0,0.001059135039717604,0.001676963812886123,9
1286,2019-09-16 14:00:00,113.27,113.48,113.21,113.39,84189.0,0.0010594155557517838,0.0018539772225656217,0.0005297077778758919,9
1287,2019-09-16 15:00:00,113.39,114.19,113.34,113.89,344621.0,0.004409559925919394,0.007055295881471004,0.00044095599259191424,9
1288,2019-09-16 16:00:00,113.93,113.93,113.7,113.93,14756.0,0.0,0.0,0.002018783463530273,9
1289,2019-09-17 09:00:00,113.73,114.79,113.23,114.3,78910.0,0.005011870218939534,0.00932032005627365,0.0043963773850347315,9
1290,2019-09-17 10:00:00,114.285,114.34,113.28,113.52,102924.0,-0.006693791836198982,0.00048125300783135867,0.008793804961280969,9
1291,2019-09-17 11:00:00,113.41,113.96,113.09,113.66,95613.0,0.002204391147165153,0.004849660523763312,0.0028216206683713357,9
1292,2019-09-17 12:00:00,113.69,113.83,113.46,113.73,66200.0,0.00035183393438302626,0.0012314187703404043,0.0020230451227021195,9
1293,2019-09-17 13:00:00,113.67,114.39,113.58,114.25,71265.0,0.005102489663059719,0.006334125098970695,0.0007917656373713681,9
1294,2019-09-17 14:00:00,114.29,114.45,113.89,114.25,70445.0,-0.00034998687549222374,0.0013999475019686462,0.00349986875492174,9
1295,2019-09-17 15:00:00,114.25,114.42,113.94,114.09,148471.0,-0.001400437636761458,0.001487964989059096,0.002713347921225403,9
1296,2019-09-17 16:00:00,114.09,114.09,114.09,114.09,24376.0,0.0,0.0,0.0,9
1297,2019-09-17 18:00:00,114.15,114.15,114.15,114.15,100.0,0.0,0.0,0.0,9
1298,2019-09-18 09:00:00,113.52,114.18,113.25,113.8,53299.0,0.002466525722339686,0.005813953488372188,0.0023784355179703666,9
1299,2019-09-18 10:00:00,113.73,113.83,112.635,112.73,136726.0,-0.008792754770069463,0.0008792754770068962,0.009628066473226051,9
1300,2019-09-18 11:00:00,112.74,113.15,112.67,113.13,103053.0,0.003459286854709957,0.0036366861805926095,0.0006208976405889053,9
1301,2019-09-18 12:00:00,113.16,113.25,112.84,113.005,200529.0,-0.0013697419582891582,0.0007953340402969549,0.0028278543655001166,9
1302,2019-09-18 13:00:00,113.02,113.02,112.45,112.53,109602.0,-0.004335515837904751,0.0,0.005043355158378988,9
1303,2019-09-18 14:00:00,112.505,112.72,110.975,111.87,227682.0,-0.005644193591395857,0.0019110261766144031,0.01359939558241857,9
1304,2019-09-18 15:00:00,111.82,113.24,111.8,112.98,379777.0,0.010373815059917822,0.012698980504382059,0.00017885888034337348,9
1305,2019-09-18 16:00:00,112.99,112.99,112.99,112.99,221296.0,0.0,0.0,0.0,9
1306,2019-09-19 09:00:00,112.6,113.2,112.33,112.57,64862.0,-0.00026642984014210605,0.005328596802841994,0.002397868561278828,9
1307,2019-09-19 10:00:00,112.48,113.7,112.48,113.57,130181.0,0.009690611664295778,0.010846372688477941,0.0,9
1308,2019-09-19 11:00:00,113.56,114.17,113.34,113.82,159941.0,0.0022895385699189053,0.005371609721732999,0.0019373018668545161,9
1309,2019-09-19 12:00:00,113.87,114.02,113.46,113.5605,207177.0,-0.002718011767805391,0.0013172916483708743,0.003600597172214023,9
1310,2019-09-19 13:00:00,113.56,113.61,112.935,112.98,124726.0,-0.005107432194434645,0.00044029587883054913,0.005503698485382177,9
1311,2019-09-19 14:00:00,112.955,113.01,112.75,112.83,63107.0,-0.0011066353857730955,0.0004869195697402224,0.0018148820326678616,9
1312,2019-09-19 15:00:00,112.79,112.91,112.44,112.49,272011.0,-0.002659810266867731,0.0010639241067469662,0.0031031119780123104,9
1313,2019-09-19 16:00:00,112.46,112.46,112.46,112.46,20442.0,0.0,0.0,0.0,9
1314,2019-09-20 09:00:00,112.61,113.28,111.85,112.14,209922.0,-0.004173696829766441,0.005949738033922402,0.006748956575792604,9
1315,2019-09-20 10:00:00,112.105,112.47,111.9801,112.25,61346.0,0.0012934302662681951,0.0032558761875027416,0.0011141340707373523,9
1316,2019-09-20 11:00:00,112.2,112.42,111.94,112.24,83376.0,0.0003565062388591091,0.00196078431372548,0.002317290552584716,9
1317,2019-09-20 12:00:00,112.22,112.39,112.14,112.28,66182.0,0.0005346640527535402,0.0015148814828016548,0.0007128854036713446,9
1318,2019-09-20 13:00:00,112.28,112.29,110.86,111.44,83345.0,-0.007481296758104768,8.906305664414959e-05,0.012646954043462787,9
1319,2019-09-20 14:00:00,111.56,111.91,111.38,111.715,53462.0,0.0013893868770168622,0.003137325206167034,0.0016134815346002763,9
1320,2019-09-20 15:00:00,111.7,112.32,111.5,111.67,306485.0,-0.00026857654431513997,0.005550581915845929,0.001790510295434224,9
1321,2019-09-20 16:00:00,111.68,111.68,111.68,111.68,69997.0,0.0,0.0,0.0,9
1322,2019-09-23 09:00:00,110.96,110.96,109.061,109.1,176545.0,-0.016762797404470075,0.0,0.017114275414563687,9
1323,2019-09-23 10:00:00,109.1,110.43,108.76,109.73,216137.0,0.005774518790100914,0.012190650779101857,0.0031164069660860605,9
1324,2019-09-23 11:00:00,109.74,110.21,109.685,109.99,135400.0,0.00227811190085657,0.004282850373610342,0.0005011846181883781,9
1325,2019-09-23 12:00:00,109.99,110.11,109.62,109.65,99691.0,-0.0030911901081915557,0.0010910082734794486,0.003363942176561418,9
1326,2019-09-23 13:00:00,109.64,109.71,109.49,109.61,88826.0,-0.00027362276541409284,0.0006384531192994635,0.001368113827070464,9
1327,2019-09-23 14:00:00,109.61,109.81,109.34,109.79,190658.0,0.0016421859319405785,0.0018246510354894886,0.002463278897910738,9
1328,2019-09-23 15:00:00,109.7694,110.03,109.42,109.54,336284.0,-0.0020898356008140543,0.002374067818535918,0.003183036438205937,9
1329,2019-09-23 16:00:00,109.55,109.55,109.55,109.55,136700.0,0.0,0.0,0.0,9
1330,2019-09-24 09:00:00,110.34,111.63,110.17,111.32,86005.0,0.008881638571687419,0.011691136487221244,0.001540692405292747,9
1331,2019-09-24 10:00:00,111.2,111.305,110.64,111.0,162886.0,-0.0017985611510791622,0.0009442446043165826,0.005035971223021603,9
1332,2019-09-24 11:00:00,111.04,111.04,109.65,109.78,123985.0,-0.011347262247838661,0.0,0.012518011527377526,9
1333,2019-09-24 12:00:00,109.76,109.95,108.92,108.965,123067.0,-0.007243075801749287,0.001731049562682195,0.007653061224489827,9
1334,2019-09-24 13:00:00,108.965,109.24,108.34,108.415,136476.0,-0.005047492314045768,0.002523746157022819,0.005735786720506585,9
1335,2019-09-24 14:00:00,108.39,109.26,108.02,108.75,164426.0,0.003321339606974808,0.00802657071685584,0.003413599040501933,9
1336,2019-09-24 15:00:00,108.69,108.82,108.4,108.67,378570.0,-0.00018400956849752527,0.0011960621952341105,0.002668138743214574,9
1337,2019-09-24 16:00:00,108.62,108.64,108.62,108.64,64503.0,0.00018412815319458683,0.00018412815319458683,0.0,9
1338,2019-09-25 08:00:00,108.9,108.9,108.9,108.9,525.0,0.0,0.0,0.0,9
1339,2019-09-25 09:00:00,108.94,109.47,108.12,108.375,58542.0,-0.0051863411051955,0.004865063337617047,0.007527079126124409,9
1340,2019-09-25 10:00:00,108.375,108.935,107.62,108.75,181033.0,0.0034602076124567475,0.005167243367935431,0.006966551326412876,9
1341,2019-09-25 11:00:00,108.755,109.155,108.64,108.93,78314.0,0.0016091214197049457,0.003677991816468261,0.001057422647234563,9
1342,2019-09-25 12:00:00,108.965,109.12,108.71,108.85,89581.0,-0.001055384756573295,0.0014224751066856435,0.002340200981966775,9
1343,2019-09-25 13:00:00,108.88,109.07,108.75,108.94,91651.0,0.0005510653930933347,0.0017450404114621393,0.0011939750183688046,9
1344,2019-09-25 14:00:00,108.93,109.549,108.91,109.49,123655.0,0.0051409161847056645,0.005682548425594416,0.0001836041494538716,9
1345,2019-09-25 15:00:00,109.46,109.8,109.37,109.67,296329.0,0.0019185090443998535,0.0031061575004568192,0.0008222181618855217,9
1346,2019-09-25 16:00:00,109.66,109.66,109.66,109.66,62620.0,0.0,0.0,0.0,9
1347,2019-09-25 17:00:00,109.66,109.66,109.66,109.66,961.0,0.0,0.0,0.0,9
1348,2019-09-26 09:00:00,109.03,109.03,105.15,107.0,426760.0,-0.018618728790241228,0.0,0.03558653581583046,9
1349,2019-09-26 10:00:00,106.95,107.9,106.3,107.17,405015.0,0.0020570359981299568,0.00888265544647034,0.00607760635811132,9
1350,2019-09-26 11:00:00,107.17,107.9462,106.79,107.02,287512.0,-0.0013996454231595193,0.007242698516375878,0.003545768405337272,9
1351,2019-09-26 12:00:00,107.05,107.54,106.7,106.8,286075.0,-0.002335357309668379,0.004577300326950109,0.003269500233535678,9
1352,2019-09-26 13:00:00,106.81,107.05,106.46,107.03,164809.0,0.0020597322348094643,0.0022469806197921065,0.0032768467371969714,9
1353,2019-09-26 14:00:00,107.06,107.42,106.92,106.92,112501.0,-0.0013076779376050866,0.0033626004109844894,0.0013076779376050866,9
1354,2019-09-26 15:00:00,106.94,107.38,106.87,106.9,438720.0,-0.00037404151860849114,0.0041144567046941995,0.000654572657564926,9
1355,2019-09-26 16:00:00,106.93,106.93,106.93,106.93,112994.0,0.0,0.0,0.0,9
1356,2019-09-26 17:00:00,106.93,106.93,106.93,106.93,5962.0,0.0,0.0,0.0,9
1357,2019-09-27 09:00:00,107.31,108.03,107.04,107.74,84096.0,0.004007082284968713,0.006709533128319811,0.0025160749231198957,9
1358,2019-09-27 10:00:00,107.44,107.85,107.1,107.77,91564.0,0.0030714817572598503,0.0038160833953834383,0.003164556962025348,9
1359,2019-09-27 11:00:00,107.73,108.11,106.94,107.68,246746.0,-0.0004641232711407886,0.0035273368606701517,0.007333147684024935,9
1360,2019-09-27 12:00:00,107.65,107.73,105.99,106.155,267610.0,-0.013887598699489127,0.0007431490942870255,0.015420343706456207,9
1361,2019-09-27 13:00:00,106.12,106.62,105.83,106.62,328037.0,0.004711647191858273,0.004711647191858273,0.0027327553712778573,9
1362,2019-09-27 14:00:00,106.66,106.68,106.05,106.3,107523.0,-0.0033752109506844127,0.0001875117194825636,0.0057191074442152585,9
1363,2019-09-27 15:00:00,106.3,107.07,106.14,107.03,394951.0,0.0068673565380997555,0.007243650047036651,0.0015051740357478513,9
1364,2019-09-27 16:00:00,107.03,107.03,107.03,107.03,26712.0,0.0,0.0,0.0,9
1365,2019-09-30 09:00:00,107.66,108.7,107.62,108.13,159730.0,0.004365595392903575,0.009660040869403736,0.0003715400334385291,9
1366,2019-09-30 10:00:00,108.13,108.4,107.9,108.28,135448.0,0.0013872190881347053,0.0024969943586424697,0.0021270692684730395,9
1367,2019-09-30 11:00:00,108.3,108.87,108.19,108.82,118106.0,0.0048014773776546265,0.0052631578947369105,0.0010156971375807889,9
1368,2019-09-30 12:00:00,108.84,108.92,108.64,108.87,122261.0,0.0002756339581036488,0.0007350238882763533,0.0018375597206909484,9
1369,2019-09-30 13:00:00,108.88,109.14,108.75,109.14,102496.0,0.00238795003673774,0.00238795003673774,0.0011939750183688046,9
1370,2019-09-30 14:00:00,109.115,109.27,108.97,108.995,166001.0,-0.0010997571369654982,0.0014205196352472266,0.0013288732071667143,9
1371,2019-09-30 15:00:00,109.015,109.0301,108.26,108.33,319471.0,-0.006283538962528114,0.0001385130486630637,0.006925652433151359,9
1372,2019-09-30 16:00:00,108.33,108.33,108.33,108.33,51577.0,0.0,0.0,0.0,9
1373,2019-10-01 08:00:00,108.33,108.33,108.33,108.33,4918.0,0.0,0.0,0.0,10
1374,2019-10-01 09:00:00,108.28,109.34,107.66,108.66,139277.0,0.003509420022164716,0.009789434798670135,0.005725895825637279,10
1375,2019-10-01 10:00:00,108.63,108.63,106.2,106.29,220390.0,-0.021541010770505287,0.0,0.022369511184755525,10
1376,2019-10-01 11:00:00,106.24,106.69,105.65,105.69,199763.0,-0.0051769578313252745,0.004235692771084364,0.005553463855421585,10
1377,2019-10-01 12:00:00,105.65,105.69,105.02,105.29,255052.0,-0.003407477520113577,0.00037860861334587827,0.005963085660198861,10
1378,2019-10-01 13:00:00,105.26,105.27,104.275,104.3018,127904.0,-0.009103173095192903,9.500285008541616e-05,0.009357780733421996,10
1379,2019-10-01 14:00:00,104.3,105.38,104.185,105.26,176030.0,0.00920421860019183,0.010354745925215708,0.001102588686481255,10
1380,2019-10-01 15:00:00,105.25,105.42,104.64,104.65,335070.0,-0.00570071258907358,0.0016152019002375459,0.00579572446555819,10
1381,2019-10-01 16:00:00,104.65,104.65,104.65,104.65,29175.0,0.0,0.0,0.0,10
1382,2019-10-02 09:00:00,103.16,104.0,102.62,102.8,142173.0,-0.0034897246994959235,0.008142690965490534,0.005234587049243816,10
1383,2019-10-02 10:00:00,102.75,103.57,102.56,102.98,263926.0,0.002238442822384467,0.007980535279805287,0.001849148418491462,10
1384,2019-10-02 11:00:00,102.99,103.45,102.57,102.7,155581.0,-0.002815807359937781,0.004466453053694611,0.004078065831634156,10
1385,2019-10-02 12:00:00,102.68,102.75,102.18,102.325,109083.0,-0.0034573432021815734,0.0006817296455005179,0.004869497467861316,10
1386,2019-10-02 13:00:00,102.3,102.93,102.26,102.74,97910.0,0.004301075268817183,0.006158357771261092,0.00039100684261966805,10
1387,2019-10-02 14:00:00,102.7,103.62,102.62,103.61,173992.0,0.008860759493670852,0.008958130477117835,0.0007789678675754459,10
1388,2019-10-02 15:00:00,103.61,103.67,102.64,103.01,546525.0,-0.005790946819804983,0.0005790946819805258,0.009362030692018134,10
1389,2019-10-02 16:00:00,103.01,103.01,103.01,103.01,18188.0,0.0,0.0,0.0,10
1390,2019-10-03 09:00:00,103.09,103.91,102.87,103.42,93434.0,0.0032010864293335753,0.007954214763798557,0.002134057619555717,10
1391,2019-10-03 10:00:00,103.4,103.4,101.68,103.16,207025.0,-0.00232108317214709,0.0,0.016634429400386834,10
1392,2019-10-03 11:00:00,103.06,104.07,102.98,103.24,184490.0,0.001746555404618597,0.009800116437026886,0.0007762468464971695,10
1393,2019-10-03 12:00:00,103.23,103.99,103.06,103.96,90174.0,0.0070715877167489075,0.007362200910587919,0.0016468080984210181,10
1394,2019-10-03 13:00:00,104.0352,104.29,103.55,104.14,106384.0,0.0010073513580018815,0.002449171049798559,0.0046638060963982006,10
1395,2019-10-03 14:00:00,104.11,104.48,104.04,104.16,126793.0,0.0004802612621265696,0.0035539333397368606,0.0006723657669771701,10
1396,2019-10-03 15:00:00,104.15,104.21,103.8,104.18,338599.0,0.0002880460873739907,0.000576092174747845,0.0033605376860298465,10
1397,2019-10-03 16:00:00,104.18,104.18,104.18,104.18,15492.0,0.0,0.0,0.0,10
1398,2019-10-04 09:00:00,104.54,105.29,104.06,104.49,91352.0,-0.00047828582360829697,0.007174287354122824,0.004591543906638645,10
1399,2019-10-04 10:00:00,104.525,104.77,103.63,103.89,134138.0,-0.006075101650322938,0.0023439368572111007,0.008562544845730784,10
1400,2019-10-04 11:00:00,103.88,104.16,103.83,103.9,117859.0,0.00019252984212562795,0.0026954177897574234,0.0004813246053137963,10
1401,2019-10-04 12:00:00,103.865,103.92,102.76,102.86,201655.0,-0.009676021759014062,0.0005295335291003401,0.010638809993741779,10
1402,2019-10-04 13:00:00,102.84,103.55,102.77,103.07,193795.0,0.002236483858420748,0.00690392843251647,0.0006806690003890256,10
1403,2019-10-04 14:00:00,103.09,103.56,102.97,103.265,181740.0,0.0016975458337374833,0.00455912309632359,0.001164031428848623,10
1404,2019-10-04 15:00:00,103.27,103.495,103.08,103.31,516757.0,0.00038733417255743446,0.0021787547206353107,0.001839837319647504,10
1405,2019-10-04 16:00:00,103.31,103.45,103.31,103.45,15957.0,0.0013551447100958337,0.0013551447100958337,0.0,10
1406,2019-10-07 09:00:00,102.64,103.27,101.73,101.92,108215.0,-0.00701480904130942,0.006137957911145708,0.008865939204988276,10
1407,2019-10-07 10:00:00,101.9,102.83,101.69,102.74,160768.0,0.008243375858684879,0.009126594700686875,0.0020608439646713243,10
1408,2019-10-07 11:00:00,102.71,103.6,102.67,103.51,249636.0,0.00778892026092894,0.008665173790283328,0.00038944601304636395,10
1409,2019-10-07 12:00:00,103.505,103.53,103.09,103.375,85047.0,-0.0012559779720785996,0.00024153422539979408,0.004009468141635593,10
1410,2019-10-07 13:00:00,103.35,103.75,103.01,103.71,201400.0,0.0034833091436864967,0.0038703434929850578,0.0032897919690371476,10
1411,2019-10-07 14:00:00,103.71,103.75,102.92,102.98,170351.0,-0.007038858355028346,0.0003856908687687422,0.007617394658181391,10
1412,2019-10-07 15:00:00,103.0,103.04,102.5,102.6,454282.0,-0.0038834951456311233,0.0003883495145631675,0.0048543689320388345,10
1413,2019-10-07 16:00:00,102.6,102.6,101.77,102.6,45533.0,0.0,0.0,0.00808966861598439,10
1414,2019-10-08 09:00:00,101.75,101.85,100.76,100.76,101896.0,-0.009729729729729679,0.0009828009828009268,0.009729729729729679,10
1415,2019-10-08 10:00:00,100.765,102.26,100.47,102.22,195342.0,0.01443953753783554,0.014836500769116306,0.002927603830695199,10
1416,2019-10-08 11:00:00,102.2028,102.26,101.24,101.74,125429.0,-0.004528251672165552,0.0005596715549868379,0.009420485544427369,10
1417,2019-10-08 12:00:00,101.76,102.45,101.56,102.08,101463.0,0.0031446540880502474,0.006780660377358468,0.0019654088050314743,10
1418,2019-10-08 13:00:00,102.08,102.58,101.99,102.25,99078.0,0.0016653605015674148,0.004898119122257054,0.000881661442006303,10
1419,2019-10-08 14:00:00,102.26,102.8,101.82,102.045,169742.0,-0.002102483864658746,0.005280657148445062,0.004302757676510971,10
1420,2019-10-08 15:00:00,102.12,102.32,100.99,101.0,408564.0,-0.010967489228358837,0.0019584802193496733,0.011065413239326378,10
1421,2019-10-08 16:00:00,101.03,101.03,101.03,101.03,26395.0,0.0,0.0,0.0,10
1422,2019-10-09 08:00:00,102.0,102.0,102.0,102.0,100.0,0.0,0.0,0.0,10
1423,2019-10-09 09:00:00,101.81,102.05,101.28,101.37,67412.0,-0.004321775856988485,0.002357332285630045,0.005205775464099805,10
1424,2019-10-09 10:00:00,101.35,102.28,101.31,101.945,134597.0,0.005870744943265899,0.009176122348298045,0.0003946719289589743,10
1425,2019-10-09 11:00:00,101.95,102.25,101.5,102.03,115114.0,0.0007846983815595713,0.002942618930848427,0.00441392839627271,10
1426,2019-10-09 12:00:00,102.05,102.13,101.7,101.9,76123.0,-0.001469867711905845,0.0007839294463498119,0.003429691327780444,10
1427,2019-10-09 13:00:00,101.92,102.09,101.57,101.71,82231.0,-0.0020604395604396386,0.0016679748822606133,0.0034340659340660177,10
1428,2019-10-09 14:00:00,101.72,102.01,101.6,102.01,102769.0,0.002850963429020903,0.002850963429020903,0.001179709005112117,10
1429,2019-10-09 15:00:00,102.01,102.36,101.77,101.88,228308.0,-0.0012743848642290919,0.0034310361729241673,0.002352710518576699,10
1430,2019-10-09 16:00:00,101.88,101.88,101.88,101.88,10409.0,0.0,0.0,0.0,10
1431,2019-10-09 18:00:00,101.88,101.88,101.25,101.25,469.0,-0.006183745583038825,0.0,0.006183745583038825,10
1432,2019-10-10 09:00:00,102.43,103.44,101.82,103.06,79588.0,0.006150541833447188,0.009860392463145474,0.005955286537147453,10
1433,2019-10-10 10:00:00,103.085,103.565,102.93,103.565,94440.0,0.004656351554542407,0.004656351554542407,0.0015036135228208463,10
1434,2019-10-10 11:00:00,103.585,103.59,103.11,103.28,77390.0,-0.0029444417628034236,4.826953709523255e-05,0.004585606024038175,10
1435,2019-10-10 12:00:00,103.28,103.3611,102.79,102.99,64956.0,-0.002807900852052733,0.0007852439969015509,0.004744384198295845,10
1436,2019-10-10 13:00:00,102.995,103.21,102.72,103.15,215062.0,0.0015049274236613537,0.002087479974755951,0.0026700325258508244,10
1437,2019-10-10 14:00:00,103.19,103.23,102.6,103.04,110841.0,-0.0014536292276382545,0.00038763446070361716,0.005717608295377492,10
1438,2019-10-10 15:00:00,103.06,103.8,103.0,103.61,340724.0,0.005336697069668127,0.007180283330098921,0.0005821851348729116,10
1439,2019-10-10 16:00:00,103.61,103.61,103.61,103.61,165542.0,0.0,0.0,0.0,10
1440,2019-10-11 08:00:00,105.0,105.0,105.0,105.0,500.0,0.0,0.0,0.0,10
1441,2019-10-11 09:00:00,105.0,107.54,105.0,107.355,242358.0,0.022428571428571468,0.02419047619047625,0.0,10
1442,2019-10-11 10:00:00,107.425,108.14,107.255,107.625,270722.0,0.0018617640214103127,0.006655806376541805,0.0015824994181987593,10
1443,2019-10-11 11:00:00,107.64,108.12,107.28,107.3,215411.0,-0.0031586770717205817,0.004459308807134931,0.0033444816053511653,10
1444,2019-10-11 12:00:00,107.26,107.765,107.0,107.73,175777.0,0.004381875815774742,0.004708185716949426,0.002424016408726507,10
1445,2019-10-11 13:00:00,107.7,108.22,107.47,108.1786,160712.0,0.004443825441039927,0.004828226555246016,0.0021355617455896376,10
1446,2019-10-11 14:00:00,108.15,108.34,107.85,108.25,153524.0,0.0009246417013406778,0.0017568192325473667,0.0027739251040222964,10
1447,2019-10-11 15:00:00,108.25,108.475,107.52,107.55,573203.0,-0.006466512702078548,0.002078521939953758,0.006743648960739067,10
1448,2019-10-11 16:00:00,107.57,107.57,107.57,107.57,31015.0,0.0,0.0,0.0,10
1449,2019-10-14 09:00:00,107.0,108.59,107.0,108.15,109235.0,0.010747663551401922,0.014859813084112182,0.0,10
1450,2019-10-14 10:00:00,108.1252,108.16,106.89,107.54,217222.0,-0.005412244324172351,0.000321849115654722,0.011423793898184752,10
1451,2019-10-14 11:00:00,107.565,108.21,107.31,107.95,105149.0,0.0035792311625529225,0.005996374285315818,0.0023706596011713425,10
1452,2019-10-14 12:00:00,107.95,108.48,107.855,108.2,88963.0,0.002315886984715146,0.00490968040759612,0.0008800370541917449,10
1453,2019-10-14 13:00:00,108.2,108.28,107.72,107.83,92221.0,-0.0034195933456562344,0.0007393715341959177,0.004436229205175638,10
1454,2019-10-14 14:00:00,107.83,107.88,107.63,107.71,114305.0,-0.0011128628396550547,0.0004636928498562289,0.0018547713994250474,10
1455,2019-10-14 15:00:00,107.69,108.13,107.545,107.94,349219.0,0.0023214783173925156,0.004085801838610807,0.0013464574240876221,10
1456,2019-10-14 16:00:00,107.96,107.96,107.96,107.96,4886.0,0.0,0.0,0.0,10
1457,2019-10-15 09:00:00,108.38,108.87,107.92,108.4866,84748.0,0.0009835763055914399,0.004521129359660538,0.004244325521313838,10
1458,2019-10-15 10:00:00,108.455,110.0,108.445,109.65,299733.0,0.011018394725923262,0.014245539624729166,9.220413996593164e-05,10
1459,2019-10-15 11:00:00,109.6692,109.75,109.43,109.72,131120.0,0.0004632111841792891,0.0007367610960962278,0.0021811046310176124,10
1460,2019-10-15 12:00:00,109.71,110.51,109.71,110.48,202711.0,0.00701850332695297,0.007291951508522573,0.0,10
1461,2019-10-15 13:00:00,110.475,110.56,109.84,109.875,161068.0,-0.0054310930074677015,0.0007694048427246704,0.005747906766236623,10
1462,2019-10-15 14:00:00,109.865,109.865,108.97,108.97,126691.0,-0.008146361443589824,0.0,0.008146361443589824,10
1463,2019-10-15 15:00:00,108.97,109.57,108.97,109.46,310217.0,0.0044966504542534175,0.005506102597045006,0.0,10
1464,2019-10-15 16:00:00,109.48,109.48,109.48,109.48,27112.0,0.0,0.0,0.0,10
1465,2019-10-16 08:00:00,109.0,109.0,109.0,109.0,152.0,0.0,0.0,0.0,10
1466,2019-10-16 09:00:00,109.55,109.86,108.89,108.95,73149.0,-0.005476951163852071,0.0028297581013236174,0.006024646280237304,10
1467,2019-10-16 10:00:00,109.02,109.27,108.38,108.45,96247.0,-0.005228398458998287,0.002293157218858925,0.005870482480278853,10
1468,2019-10-16 11:00:00,108.43,108.57,107.86,108.25,101771.0,-0.0016600571797473652,0.001291155584247776,0.005256847735866525,10
1469,2019-10-16 12:00:00,108.29,108.44,107.6,107.6,78399.0,-0.006371779481023288,0.0013851694523962642,0.006371779481023288,10
1470,2019-10-16 13:00:00,107.605,107.76,107.14,107.195,98262.0,-0.0038102318665490524,0.0014404535105246143,0.004321360531573843,10
1471,2019-10-16 14:00:00,107.19,108.3379,107.19,108.05,155058.0,0.008023136486612552,0.010709021363933268,0.0,10
1472,2019-10-16 15:00:00,108.0,108.36,107.78,108.31,298026.0,0.0028703703703703916,0.003333333333333328,0.0020370370370370264,10
1473,2019-10-16 16:00:00,108.32,108.32,108.32,108.32,16283.0,0.0,0.0,0.0,10
1474,2019-10-17 09:00:00,109.01,109.21,108.24,109.21,46615.0,0.001834694064764596,0.001834694064764596,0.00706357214934419,10
1475,2019-10-17 10:00:00,109.19,109.64,108.88,108.88,79347.0,-0.0028390878285557493,0.0041212565253228575,0.0028390878285557493,10
1476,2019-10-17 11:00:00,108.88,109.33,108.76,108.95,54897.0,0.0006429096252756006,0.00413299044819988,0.0011021307861865388,10
1477,2019-10-17 12:00:00,108.9743,109.21,108.86,109.18,49303.0,0.0018876010215253258,0.0021628952881550443,0.001048871155859685,10
1478,2019-10-17 13:00:00,109.15,109.31,108.96,109.205,42620.0,0.0005038937242326395,0.0014658726523132989,0.0017407237746221889,10
1479,2019-10-17 14:00:00,109.23,109.35,108.96,109.28,57728.0,0.0004577497024626674,0.0010985992859103757,0.002471848393298638,10
1480,2019-10-17 15:00:00,109.3,109.33,108.97,109.14,145184.0,-0.0014638609332113138,0.0002744739249771376,0.0030192131747483835,10
1481,2019-10-17 16:00:00,109.15,109.15,109.15,109.15,9832.0,0.0,0.0,0.0,10
1482,2019-10-17 18:00:00,109.16,109.16,109.16,109.16,100.0,0.0,0.0,0.0,10
1483,2019-10-18 09:00:00,109.49,110.9,109.22,110.75,205099.0,0.011507900264864418,0.012877888391634038,0.0024659786281851863,10
1484,2019-10-18 10:00:00,110.77,111.07,110.18,110.46,251726.0,-0.002798591676446712,0.002708314525593547,0.005326351900333928,10
1485,2019-10-18 11:00:00,110.428,110.99,110.428,110.6602,109624.0,0.002102727569094849,0.00508928894845508,0.0,10
1486,2019-10-18 12:00:00,110.66,110.87,110.16,110.58,115595.0,-0.0007229351165732722,0.0018977046810049517,0.004518344478583047,10
1487,2019-10-18 13:00:00,110.5707,111.48,110.5707,111.44,178433.0,0.007861938108377675,0.008223697598007444,0.0,10
1488,2019-10-18 14:00:00,111.45,111.59,111.285,111.52,177047.0,0.0006280843427545372,0.001256168685509202,0.0014804845222073238,10
1489,2019-10-18 15:00:00,111.53,111.65,111.15,111.15,394893.0,-0.003407155025553622,0.0010759436922801447,0.003407155025553622,10
1490,2019-10-18 16:00:00,111.18,111.18,111.18,111.18,186048.0,0.0,0.0,0.0,10
1491,2019-10-21 09:00:00,112.0,112.46,111.7,112.31,108846.0,0.002767857142857163,0.0041071428571428014,0.002678571428571403,10
1492,2019-10-21 10:00:00,112.31,112.7,112.15,112.68,187198.0,0.003294452853708526,0.0034725313863413817,0.0014246282610630985,10
1493,2019-10-21 11:00:00,112.685,112.95,112.48,112.62,146335.0,-0.0005768292141811042,0.002351688334738435,0.0018192305985712232,10
1494,2019-10-21 12:00:00,112.585,112.66,112.29,112.36,204044.0,-0.0019984900297552455,0.0006661633432517906,0.002620242483456833,10
1495,2019-10-21 13:00:00,112.345,112.41,111.7607,111.855,170030.0,-0.004361564822644487,0.0005785749254528259,0.005200943522186113,10
1496,2019-10-21 14:00:00,111.855,111.97,111.62,111.83,158247.0,-0.0002235036431094335,0.0010281167583031147,0.002100934245228192,10
1497,2019-10-21 15:00:00,111.823,112.33,100.0,112.06,773507.0,0.002119420870482897,0.004533950976096197,0.10572959051357944,10
1498,2019-10-21 16:00:00,112.07,112.07,111.42,112.07,39597.0,0.0,0.0,0.005799946462032583,10
1499,2019-10-21 17:00:00,111.82,111.92,111.82,111.92,500.0,0.0008942944017171216,0.0008942944017171216,0.0,10
1500,2019-10-21 18:00:00,111.9,111.9,111.9,111.9,357.0,0.0,0.0,0.0,10
1501,2019-10-22 07:00:00,110.54,110.54,110.54,110.54,105.0,0.0,0.0,0.0,10
1502,2019-10-22 09:00:00,111.75,112.03,109.17,110.02,171621.0,-0.015480984340044779,0.0025055928411633214,0.023087248322147636,10
1503,2019-10-22 10:00:00,110.02,110.2,109.575,110.07,168540.0,0.000454462824940894,0.0016360661697873734,0.004044719141974125,10
1504,2019-10-22 11:00:00,110.07,110.29,109.55,109.62,97612.0,-0.0040883074407194395,0.001998728082129673,0.004724266375942546,10
1505,2019-10-22 12:00:00,109.62,109.75,109.255,109.255,132613.0,-0.003329684364167206,0.0011859149790183858,0.003329684364167206,10
1506,2019-10-22 13:00:00,109.2482,109.56,108.87,109.56,146285.0,0.002854051599934875,0.002854051599934875,0.00346184193423775,10
1507,2019-10-22 14:00:00,109.56,110.16,109.2,109.25,140368.0,-0.0028294998174516455,0.0054764512595837376,0.0032858707557502686,10
1508,2019-10-22 15:00:00,109.27,109.29,108.26,108.42,418953.0,-0.007778896311887933,0.00018303285439745797,0.009243159147066816,10
1509,2019-10-22 16:00:00,108.41,108.41,108.41,108.41,10344.0,0.0,0.0,0.0,10
1510,2019-10-22 17:00:00,108.41,108.41,108.41,108.41,7184.0,0.0,0.0,0.0,10
1511,2019-10-22 18:00:00,108.41,108.42,108.41,108.42,535.0,9.224241306157288e-05,9.224241306157288e-05,0.0,10
1512,2019-10-23 08:00:00,108.3,108.9,108.3,108.9,2200.0,0.0055401662049862285,0.0055401662049862285,0.0,10
1513,2019-10-23 09:00:00,108.41,108.76,107.58,108.47,115560.0,0.0005534544783691751,0.003228484457153478,0.0076561202841066165,10
1514,2019-10-23 10:00:00,108.48,108.88,107.92,108.88,94430.0,0.0036873156342182105,0.0036873156342182105,0.0051622418879056255,10
1515,2019-10-23 11:00:00,108.84,109.65,108.78,109.4018,121645.0,0.005161705255420718,0.007442116868798257,0.0005512679162072976,10
1516,2019-10-23 12:00:00,109.38,109.46,108.93,109.335,52454.0,-0.0004114097641250842,0.0007313951362223286,0.004114097641250582,10
1517,2019-10-23 13:00:00,109.35,109.695,109.345,109.51,55354.0,0.0014631915866484756,0.003155006858710552,4.572473708272019e-05,10
1518,2019-10-23 14:00:00,109.49,109.58,109.33,109.4,76897.0,-0.0008219928760616422,0.000821992876061772,0.0014613206685541748,10
1519,2019-10-23 15:00:00,109.41,109.91,109.38,109.71,277581.0,0.002741979709350125,0.004569966182250251,0.00027419797093502547,10
1520,2019-10-23 16:00:00,109.68,109.68,109.68,109.68,101710.0,0.0,0.0,0.0,10
1521,2019-10-24 09:00:00,110.19,110.62,108.63,108.89,82729.0,-0.011797803793447656,0.0039023504855250643,0.014157364552137239,10
1522,2019-10-24 10:00:00,108.83,109.12,108.54,108.83,98278.0,0.0,0.002664706422861401,0.0026647064228612705,10
1523,2019-10-24 11:00:00,108.805,109.48,108.75,109.15,79552.0,0.0031708101649740254,0.0062037590184274355,0.0005054914755756336,10
1524,2019-10-24 12:00:00,109.16,109.32,108.77,109.135,46873.0,-0.000229021619640816,0.001465738365701691,0.0035727372663979535,10
1525,2019-10-24 13:00:00,109.12,109.12,108.775,108.86,64749.0,-0.002382697947214123,0.0,0.0031616568914955906,10
1526,2019-10-24 14:00:00,108.83,109.35,108.83,109.285,74651.0,0.004180832491041057,0.004778094275475476,0.0,10
1527,2019-10-24 15:00:00,109.295,109.34,108.795,109.1,285965.0,-0.0017841621300151644,0.00041172972231119176,0.004574774692346402,10
1528,2019-10-24 16:00:00,109.12,109.12,109.12,109.12,8808.0,0.0,0.0,0.0,10
1529,2019-10-25 09:00:00,109.0,110.17,108.89,109.97,48314.0,0.008899082568807328,0.010733944954128456,0.0010091743119266003,10
1530,2019-10-25 10:00:00,109.97,110.82,109.91,110.7602,63908.0,0.007185596071655895,0.007729380740201822,0.0005456033463672117,10
1531,2019-10-25 11:00:00,110.77,111.23,110.69,110.7198,76198.0,-0.0004531912972825638,0.00415274893924355,0.0007222172068249372,10
1532,2019-10-25 12:00:00,110.715,111.1,110.61,111.1,75256.0,0.0034773969200197884,0.0034773969200197884,0.0009483809781872734,10
1533,2019-10-25 13:00:00,111.055,111.35,110.975,111.305,71814.0,0.0022511368240961684,0.002656341452433366,0.0007203637837108865,10
1534,2019-10-25 14:00:00,111.28,111.39,111.08,111.34,87826.0,0.0005391804457225223,0.0009884974838245816,0.0017972681524083649,10
1535,2019-10-25 15:00:00,111.365,111.52,111.19,111.34,262125.0,-0.00022448704709730592,0.0013918196920037816,0.001571409329681652,10
1536,2019-10-25 16:00:00,111.37,111.37,111.1,111.37,56532.0,0.0,0.0,0.0024243512615606554,10
1537,2019-10-25 18:00:00,111.52,111.52,111.52,111.52,100.0,0.0,0.0,0.0,10
1538,2019-10-28 08:00:00,110.82,111.62,110.82,111.54,900.0,0.006497022198159295,0.0072189135535103,0.0,10
1539,2019-10-28 09:00:00,111.51,112.6399,111.44,112.6399,76467.0,0.01013272352255396,0.01013272352255396,0.0006277463904583212,10
1540,2019-10-28 10:00:00,112.525,112.99,112.35,112.56,116810.0,0.00031104199066870995,0.004132415018884596,0.0015552099533438024,10
1541,2019-10-28 11:00:00,112.52,112.52,111.95,112.09,103989.0,-0.0038215428368289428,0.0,0.00506576608602909,10
1542,2019-10-28 12:00:00,112.06,112.44,111.9,111.93,73279.0,-0.0011600928074245534,0.003391040514010311,0.0014278065322148544,10
1543,2019-10-28 13:00:00,111.965,112.38,111.88,112.28,74408.0,0.00281337918099404,0.003706515428928612,0.0007591658107445001,10
1544,2019-10-28 14:00:00,112.31,112.55,112.19,112.54,138584.0,0.002047903125278283,0.0021369423915946475,0.001068471195797387,10
1545,2019-10-28 15:00:00,112.515,112.56,112.14,112.19,237314.0,-0.002888503755054907,0.0003999466737768449,0.0033328889481402477,10
1546,2019-10-28 16:00:00,112.2,112.2,112.1,112.2,37497.0,0.0,0.0,0.000891265597148026,10
1547,2019-10-29 09:00:00,112.9,112.94,112.43,112.61,64691.0,-0.002568644818423439,0.00035429583702384446,0.004162976085030991,10
1548,2019-10-29 10:00:00,112.53,113.19,112.25,113.13,148425.0,0.005331911490269211,0.005865102639296157,0.0024882253621256656,10
1549,2019-10-29 11:00:00,113.1399,113.17,112.51,112.64,132266.0,-0.0044184235623329765,0.0002660423069138691,0.005567443492525556,10
1550,2019-10-29 12:00:00,112.6,113.77,112.39,112.7035,199110.0,0.0009191829484903289,0.010390763765541756,0.001865008880994616,10
1551,2019-10-29 13:00:00,112.72,113.71,112.66,113.67,174413.0,0.008427963094393212,0.008782824698367591,0.0005322924059616951,10
1552,2019-10-29 14:00:00,113.63,113.9,113.38,113.64,260569.0,8.800492827602848e-05,0.0023761330634516436,0.0022001232068995864,10
1553,2019-10-29 15:00:00,113.64,113.82,113.35,113.41,440571.0,-0.0020239352340725445,0.0015839493136218991,0.0025519183386132193,10
1554,2019-10-29 16:00:00,113.27,113.27,113.27,113.27,8507.0,0.0,0.0,0.0,10
1555,2019-10-30 08:00:00,111.56,115.95,111.56,114.99,26216.0,0.030745787020437367,0.03935102187163859,0.0,10
1556,2019-10-30 09:00:00,115.25,116.1,113.22,114.02,305549.0,-0.010672451193058603,0.007375271149674571,0.017613882863340573,10
1557,2019-10-30 10:00:00,113.83,114.98,111.0,111.19,666772.0,-0.023192480014056053,0.010102784854607798,0.0248616357726434,10
1558,2019-10-30 11:00:00,111.19,111.83,109.7,110.385,408664.0,-0.007239859699613208,0.0057559133015559006,0.013400485655184773,10
1559,2019-10-30 12:00:00,110.47,110.62,108.59,109.496,381954.0,-0.008816873359283097,0.0013578347062551434,0.017018194985063777,10
1560,2019-10-30 13:00:00,109.46,110.59,109.37,109.37,322767.0,-0.0008222181618855217,0.010323405810341767,0.0008222181618855217,10
1561,2019-10-30 14:00:00,109.07,110.12,108.51,108.56,312550.0,-0.004675896213440826,0.009626845145319625,0.005134317410836968,10
1562,2019-10-30 15:00:00,108.56,109.61,108.56,109.42,973852.0,0.007921886514369928,0.009672070744288845,0.0,10
1563,2019-10-30 16:00:00,109.55,109.99,109.42,109.76,25479.0,0.0019169329073483155,0.004016430853491536,0.0011866727521679184,10
1564,2019-10-30 17:00:00,109.7,110.45,109.7,110.4,4000.0,0.006381039197812241,0.006836827711941659,0.0,10
1565,2019-10-30 19:00:00,109.78,109.83,109.78,109.83,900.0,0.0004554563672799887,0.0004554563672799887,0.0,10
1566,2019-10-31 09:00:00,109.0,109.56,107.73,108.17,172769.0,-0.007614678899082553,0.005137614678899103,0.011651376146788954,10
1567,2019-10-31 10:00:00,108.11,108.29,107.28,107.8,275167.0,-0.0028674498196281776,0.0016649708630099604,0.007677365646101177,10
1568,2019-10-31 11:00:00,107.8,108.015,107.16,107.81,355255.0,9.276437847871165e-05,0.001994434137291312,0.005936920222634514,10
1569,2019-10-31 12:00:00,107.77,107.885,107.49,107.59,164854.0,-0.0016702236243851963,0.0010670873155795592,0.002598125637932645,10
1570,2019-10-31 13:00:00,107.62,108.11,107.5675,108.09,183655.0,0.004367217989221323,0.004553057052592407,0.0004878275413492761,10
1571,2019-10-31 14:00:00,108.1,108.76,107.94,108.635,285043.0,0.004949121184088907,0.006105457909343301,0.001480111008325593,10
1572,2019-10-31 15:00:00,108.63,108.915,108.21,108.83,548807.0,0.0018411120316671533,0.0026235846451257553,0.0038663352665009826,10
1573,2019-10-31 16:00:00,108.83,108.83,108.83,108.83,25660.0,0.0,0.0,0.0,10
1574,2019-11-01 08:00:00,109.25,109.25,109.25,109.25,100.0,0.0,0.0,0.0,11
1575,2019-11-01 09:00:00,109.45,110.58,109.34,109.915,179409.0,0.004248515303791717,0.010324349017816313,0.0010050251256281354,11
1576,2019-11-01 10:00:00,109.82,111.1,109.44,110.76,192891.0,0.008559460936077326,0.011655436168275371,0.0034602076124567063,11
1577,2019-11-01 11:00:00,110.82,110.96,110.31,110.82,142599.0,0.0,0.0012633098718642895,0.004602057390362669,11
1578,2019-11-01 12:00:00,110.85,110.86,110.575,110.77,116484.0,-0.0007216959855660649,9.02119981958062e-05,0.002480829950383324,11
1579,2019-11-01 13:00:00,110.75,111.56,110.73,111.1,130666.0,0.0031602708803611223,0.007313769751693022,0.000180586907449174,11
1580,2019-11-01 14:00:00,111.13,111.7,111.1,111.55,139401.0,0.0037793575092234474,0.0051291280482318674,0.00026995410780168396,11
1581,2019-11-01 15:00:00,111.54,111.55,110.98,111.15,259686.0,-0.0034965034965035013,8.965393580770042e-05,0.00502062040523581,11
1582,2019-11-01 16:00:00,111.18,111.18,111.18,111.18,28138.0,0.0,0.0,0.0,11
1583,2019-11-04 07:00:00,111.0,113.0,111.0,111.9,5833.0,0.008108108108108159,0.018018018018018018,0.0,11
1584,2019-11-04 09:00:00,112.06,112.535,111.08,112.43,157376.0,0.0033018026057469617,0.004238800642512888,0.008745315009816205,11
1585,2019-11-04 10:00:00,112.39,112.52,111.66,111.82,172741.0,-0.005071625589465321,0.0011566865379481757,0.006495239790016941,11
1586,2019-11-04 11:00:00,111.815,112.25,111.58,111.77,168222.0,-0.0004024504762330788,0.003890354603586301,0.002101685820328216,11
1587,2019-11-04 12:00:00,111.825,112.38,111.81,112.375,156049.0,0.004918399284596442,0.00496311200536546,0.00013413816230718148,11
1588,2019-11-04 13:00:00,112.36,112.53,112.26,112.46,85319.0,0.0008899964400141894,0.0015129939480242232,0.0008899964400141894,11
1589,2019-11-04 14:00:00,112.5,113.08,112.33,113.075,110868.0,0.0051111111111111366,0.00515555555555554,0.0015111111111111263,11
1590,2019-11-04 15:00:00,113.09,113.47,112.72,113.28,423796.0,0.0016800778141303186,0.003360155628260637,0.0032717304801485945,11
1591,2019-11-04 16:00:00,113.28,113.28,113.28,113.28,20082.0,0.0,0.0,0.0,11
1592,2019-11-05 09:00:00,113.05,113.67,112.47,113.14,87565.0,0.0007961079168509811,0.005484298982751035,0.005130473241928335,11
1593,2019-11-05 10:00:00,113.29,113.64,112.66,113.485,219304.0,0.0017212463589018727,0.003089416541618804,0.005560949774914023,11
1594,2019-11-05 11:00:00,113.47,114.305,113.45,114.305,168535.0,0.007358773244029329,0.007358773244029329,0.00017625804177312084,11
1595,2019-11-05 12:00:00,114.3,114.53,113.8798,114.07,207401.0,-0.0020122484689414173,0.0020122484689414173,0.003676290463691987,11
1596,2019-11-05 13:00:00,114.07,114.47,113.94,114.22,95161.0,0.0013149820285789926,0.0035066187428772306,0.001139651091435044,11
1597,2019-11-05 14:00:00,114.235,114.27,113.96,114.04,102087.0,-0.0017070074845712188,0.00030638595876917397,0.002407318247472366,11
1598,2019-11-05 15:00:00,114.025,114.075,113.51,113.51,327022.0,-0.004516553387415045,0.0004385003288752217,0.004516553387415045,11
1599,2019-11-05 16:00:00,113.51,114.0,113.51,113.51,34653.0,0.0,0.004316800281913442,0.0,11
1600,2019-11-05 18:00:00,113.51,113.51,113.51,113.51,212.0,0.0,0.0,0.0,11
1601,2019-11-06 09:00:00,113.63,113.68,111.59,112.63,89176.0,-0.008800492827598346,0.00044002464138001736,0.017953005368300554,11
1602,2019-11-06 10:00:00,112.565,112.78,111.89,112.35,137612.0,-0.0019100075511926746,0.0019100075511926746,0.005996535335139672,11
1603,2019-11-06 11:00:00,112.37,112.71,111.5,111.735,100333.0,-0.005650974459375324,0.003025718608169344,0.00774227996796302,11
1604,2019-11-06 12:00:00,111.76,111.94,111.36,111.94,76664.0,0.0016105941302791034,0.0016105941302791034,0.0035790980672870945,11
1605,2019-11-06 13:00:00,111.95,112.34,111.77,112.29,83758.0,0.0030370701205895793,0.0034836980794997817,0.0016078606520768808,11
1606,2019-11-06 14:00:00,112.31,112.98,112.12,112.73,138728.0,0.0037396491852907283,0.005965630843201867,0.0016917460600124451,11
1607,2019-11-06 15:00:00,112.75,112.92,112.57,112.78,313125.0,0.0002660753880266176,0.0015077605321507912,0.0015964523281597057,11
1608,2019-11-06 16:00:00,112.78,112.78,112.78,112.78,206421.0,0.0,0.0,0.0,11
1609,2019-11-07 08:00:00,113.3,113.3,113.3,113.3,269.0,0.0,0.0,0.0,11
1610,2019-11-07 09:00:00,114.03,115.82,114.03,114.79,175022.0,0.006664912742260854,0.015697623432429992,0.0,11
1611,2019-11-07 10:00:00,114.79,115.23,112.875,113.4,343035.0,-0.0121090687342103,0.0038330865057931676,0.016682637860440858,11
1612,2019-11-07 11:00:00,113.44,114.485,113.34,114.47,284644.0,0.00907968970380819,0.009211918194640354,0.0008815232722143364,11
1613,2019-11-07 12:00:00,114.47,114.77,114.19,114.75,129897.0,0.0024460557351271175,0.002620774001921876,0.0024460557351271175,11
1614,2019-11-07 13:00:00,114.74,114.945,114.5001,114.78,184323.0,0.00034861425832321993,0.001786648073906208,0.0020908140142931113,11
1615,2019-11-07 14:00:00,114.8,115.355,114.65,115.34,468873.0,0.004703832752613295,0.0048344947735192234,0.0013066202090591592,11
1616,2019-11-07 15:00:00,115.34,115.36,114.82,115.0,556024.0,-0.002947806485174297,0.00017340038148080475,0.00450840991850191,11
1617,2019-11-07 16:00:00,114.99,114.99,114.99,114.99,53021.0,0.0,0.0,0.0,11
1618,2019-11-08 08:00:00,114.99,114.99,114.99,114.99,1090.0,0.0,0.0,0.0,11
1619,2019-11-08 09:00:00,114.55,114.9,113.325,113.505,105365.0,-0.009122653862941962,0.0030554343081624492,0.010694020078568262,11
1620,2019-11-08 10:00:00,113.47,114.17,112.92,114.09,171055.0,0.005463999294967873,0.006169031462060481,0.004847096148761762,11
1621,2019-11-08 11:00:00,114.08,114.66,113.63,114.1,108050.0,0.0001753155680224055,0.0050841514726507565,0.003944600280504934,11
1622,2019-11-08 12:00:00,114.09,114.3,113.96,114.0,55747.0,-0.0007888509071785732,0.0018406521167498794,0.0011394513103690916,11
1623,2019-11-08 13:00:00,114.0,114.19,113.9,113.99,61722.0,-8.771929824565891e-05,0.0016666666666666468,0.0008771929824560905,11
1624,2019-11-08 14:00:00,114.005,114.15,113.92,114.07,104596.0,0.0005701504319985766,0.0012718740406123437,0.000745581334151956,11
1625,2019-11-08 15:00:00,114.05,114.56,114.04,114.53,289116.0,0.004208680403331907,0.004471722928540159,8.768084173600093e-05,11
1626,2019-11-08 16:00:00,114.53,114.53,114.53,114.53,12093.0,0.0,0.0,0.0,11
1627,2019-11-11 09:00:00,113.47,114.15,112.84,113.61,78756.0,0.0012338062924120963,0.005992773420287361,0.005552128315854371,11
1628,2019-11-11 10:00:00,113.63,114.2151,113.56,113.58,78034.0,-0.0004400246413798923,0.005149168353427891,0.0006160344979318241,11
1629,2019-11-11 11:00:00,113.6,113.72,113.29,113.68,62115.0,0.0007042253521127861,0.001056338028169054,0.0027288732394365146,11
1630,2019-11-11 12:00:00,113.675,113.8437,113.19,113.22,53265.0,-0.0040026391027050655,0.001484055421156817,0.0042665493732131025,11
1631,2019-11-11 13:00:00,113.21,113.435,113.15,113.41,46850.0,0.001766628389718248,0.001987456938433076,0.0005299885169153614,11
1632,2019-11-11 14:00:00,113.41,113.52,113.27,113.38,80457.0,-0.00026452693765982837,0.0009699321047526623,0.0012344590424124907,11
1633,2019-11-11 15:00:00,113.39,113.965,113.255,113.94,328285.0,0.0048505159185113075,0.005070993914807327,0.0011905811799982813,11
1634,2019-11-11 16:00:00,113.94,113.94,113.8233,113.94,15899.0,0.0,0.0,0.001024223275408061,11
1635,2019-11-11 17:00:00,113.94,113.94,113.94,113.94,4379.0,0.0,0.0,0.0,11
1636,2019-11-12 08:00:00,114.25,114.25,114.25,114.25,100.0,0.0,0.0,0.0,11
1637,2019-11-12 09:00:00,114.02,114.19,113.48,114.0,62026.0,-0.00017540782318887932,0.0014909664971057858,0.004736011226100615,11
1638,2019-11-12 10:00:00,113.96,114.63,113.86,114.58,88150.0,0.005440505440505481,0.0058792558792558946,0.0008775008775008277,11
1639,2019-11-12 11:00:00,114.56,114.93,113.77,113.8002,69499.0,-0.0066323324022346235,0.003229748603351995,0.006895949720670445,11
1640,2019-11-12 12:00:00,113.815,114.07,113.6,113.7,41318.0,-0.0010104116329130157,0.0022404779686332685,0.001889030444141839,11
1641,2019-11-12 13:00:00,113.75,114.24,113.57,114.05,121157.0,0.002637362637362612,0.004307692307692262,0.0015824175824176424,11
1642,2019-11-12 14:00:00,114.0,114.0,113.415,113.4245,121254.0,-0.005048245614035133,0.0,0.005131578947368366,11
1643,2019-11-12 15:00:00,113.42,113.94,113.25,113.86,479091.0,0.0038793863516134518,0.004584729324634068,0.0014988538176688565,11
1644,2019-11-12 16:00:00,113.85,113.85,113.85,113.85,27838.0,0.0,0.0,0.0,11
1645,2019-11-12 19:00:00,114.0,114.0,114.0,114.0,100.0,0.0,0.0,0.0,11
1646,2019-11-13 09:00:00,113.51,113.68,112.83,113.68,120210.0,0.0014976654039291842,0.0014976654039291842,0.005990661615716737,11
1647,2019-11-13 10:00:00,113.645,113.645,112.85,113.1982,105898.0,-0.003931541202868548,0.0,0.00699546834440584,11
1648,2019-11-13 11:00:00,113.22,113.9,113.08,113.83,97411.0,0.005387740681858324,0.006006006006006067,0.0012365306482953592,11
1649,2019-11-13 12:00:00,113.835,113.935,113.6005,113.805,90293.0,-0.0002635393332453721,0.0008784644441516979,0.00205999912153553,11
1650,2019-11-13 13:00:00,113.805,114.25,113.681,113.825,108406.0,0.00017573920302267932,0.003910197267255333,0.0010895830587409115,11
1651,2019-11-13 14:00:00,113.87,114.41,113.68,114.38,126383.0,0.004478791604461148,0.004742249934135348,0.001668569421269849,11
1652,2019-11-13 15:00:00,114.41,115.06,114.34,114.8,439884.0,0.003408792937680278,0.005681321562800505,0.0006118346298399893,11
1653,2019-11-13 16:00:00,114.79,114.79,114.17,114.65,16937.0,-0.0012196184336614737,0.0,0.005401167349072258,11
1654,2019-11-13 17:00:00,114.68,114.68,114.68,114.68,200.0,0.0,0.0,0.0,11
1655,2019-11-14 09:00:00,114.61,115.65,114.46,115.62,314599.0,0.008812494546723715,0.009074251810487795,0.0013087863188203969,11
1656,2019-11-14 10:00:00,115.46,115.665,114.68,114.74,205370.0,-0.006235925861770301,0.0017755066689763772,0.0067555863502510565,11
1657,2019-11-14 11:00:00,114.71,115.06,114.32,114.46,153471.0,-0.0021794089442943075,0.003051172522012105,0.0033998779530991247,11
1658,2019-11-14 12:00:00,114.45,115.14,114.395,114.88,170431.0,0.003757099169943142,0.006028833551769312,0.000480559196155586,11
1659,2019-11-14 13:00:00,114.86,115.07,114.57,114.76,78899.0,-0.0008706251088280891,0.0018283127285390367,0.0025248128156016565,11
1660,2019-11-14 14:00:00,114.76,114.99,114.75,114.895,71201.0,0.0011763680724990494,0.002004182642035463,8.713837574072077e-05,11
1661,2019-11-14 15:00:00,114.9,115.42,114.88,115.27,441577.0,0.0032201914708441283,0.004525674499564804,0.00017406440382950592,11
1662,2019-11-14 16:00:00,115.24,115.24,115.24,115.24,21076.0,0.0,0.0,0.0,11
1663,2019-11-15 09:00:00,116.0,117.31,115.995,116.695,252890.0,0.005991379310344769,0.011293103448275882,4.3103448275822865e-05,11
1664,2019-11-15 10:00:00,116.7,117.18,116.51,117.08,226164.0,0.0032562125107111865,0.004113110539845793,0.0016281062553555933,11
1665,2019-11-15 11:00:00,117.08,117.56,116.9909,117.42,251280.0,0.002903997266826131,0.004099760847283943,0.0007610181072770922,11
1666,2019-11-15 12:00:00,117.43,117.85,117.43,117.85,201588.0,0.003576598824831708,0.003576598824831708,0.0,11
1667,2019-11-15 13:00:00,117.85,118.09,117.32,118.02,212781.0,0.0014425116673737947,0.0020364870598218844,0.004497242257106501,11
1668,2019-11-15 14:00:00,118.04,118.22,117.63,117.715,187354.0,-0.0027533039647577333,0.0015249068112503609,0.0034733988478482785,11
1669,2019-11-15 15:00:00,117.74,117.955,117.5,117.9,902996.0,0.0013589264481060881,0.0018260574146424615,0.002038389672158951,11
1670,2019-11-15 16:00:00,117.89,117.89,117.89,117.89,38485.0,0.0,0.0,0.0,11
1671,2019-11-18 08:00:00,118.0,118.0,118.0,118.0,200.0,0.0,0.0,0.0,11
1672,2019-11-18 09:00:00,118.0,118.28,117.02,117.36,80863.0,-0.005423728813559327,0.002372881355932213,0.008305084745762746,11
1673,2019-11-18 10:00:00,117.4,118.0,117.35,117.86,184322.0,0.003918228279386659,0.005110732538330445,0.00042589437819430466,11
1674,2019-11-18 11:00:00,117.89,118.07,117.68,117.805,149703.0,-0.0007210111120535562,0.0015268470608193452,0.001781321570955923,11
1675,2019-11-18 12:00:00,117.79,117.96,117.68,117.77,92810.0,-0.0001697937006537926,0.0014432464555563925,0.0009338653535953767,11
1676,2019-11-18 13:00:00,117.792,118.117,117.56,118.05,224474.0,0.00219030154849222,0.0027591007878294185,0.0019695734854659,11
1677,2019-11-18 14:00:00,118.075,118.45,118.075,118.39,151024.0,0.0026677958924412257,0.0031759474910014822,0.0,11
1678,2019-11-18 15:00:00,118.395,118.55,118.19,118.4,629181.0,4.223151315519797e-05,0.0013091769078086165,0.001731492039359756,11
1679,2019-11-18 16:00:00,118.4,118.4,118.4,118.4,13314.0,0.0,0.0,0.0,11
1680,2019-11-19 09:00:00,118.81,120.1,118.81,119.685,154708.0,0.0073646999410824,0.010857671913138557,0.0,11
1681,2019-11-19 10:00:00,119.695,119.88,118.8,118.995,271039.0,-0.005848197501984115,0.001545595054095846,0.007477338234679778,11
1682,2019-11-19 11:00:00,118.97,119.84,118.92,119.55,127668.0,0.004875178616457916,0.007312767924686934,0.00042027401866014254,11
1683,2019-11-19 12:00:00,119.54,119.63,119.25,119.61,110148.0,0.000585578049188499,0.0007528860632423389,0.002425966203781213,11
1684,2019-11-19 13:00:00,119.61,119.69,119.29,119.475,118603.0,-0.001128668171557605,0.0006688403979600225,0.00267536159184009,11
1685,2019-11-19 14:00:00,119.48,119.58,118.775,119.015,121448.0,-0.0038918647472380597,0.0008369601606963033,0.005900569132909259,11
1686,2019-11-19 15:00:00,119.04,119.14,118.83,118.86,338268.0,-0.0015120967741936056,0.0008400537634408124,0.0017641129032258732,11
1687,2019-11-19 16:00:00,118.86,118.86,118.86,118.86,31440.0,0.0,0.0,0.0,11
1688,2019-11-20 09:00:00,118.13,119.06,117.785,118.31,178642.0,0.0015237450266655957,0.007872682637772004,0.0029205113011089383,11
1689,2019-11-20 10:00:00,118.3,118.35,117.36,117.94,323778.0,-0.003043110735418423,0.0004226542688080909,0.007945900253592542,11
1690,2019-11-20 11:00:00,117.97,118.14,117.54,117.975,146962.0,4.23836568618755e-05,0.0014410443333050921,0.0036449944901245455,11
1691,2019-11-20 12:00:00,117.97,118.175,117.4,117.62,194826.0,-0.002966855980333935,0.0017377299313384614,0.004831736882258144,11
1692,2019-11-20 13:00:00,117.61,117.73,116.37,117.255,608269.0,-0.0030184508120058157,0.0010203214012414297,0.010543321146160998,11
1693,2019-11-20 14:00:00,117.2,117.62,117.06,117.085,157506.0,-0.0009812286689420571,0.0035836177474402875,0.0011945392491467626,11
1694,2019-11-20 15:00:00,117.08,117.32,116.73,117.01,436377.0,-0.000597881790228845,0.0020498804236419106,0.002989408951144468,11
1695,2019-11-20 16:00:00,116.84,117.0,116.84,117.0,80227.0,0.0013693940431358832,0.0013693940431358832,0.0,11
1696,2019-11-20 17:00:00,117.0,117.0,117.0,117.0,500.0,0.0,0.0,0.0,11
1697,2019-11-21 09:00:00,116.31,117.72,115.52,117.13,368538.0,0.007050124666838562,0.012122775341759063,0.0067921932765884815,11
1698,2019-11-21 10:00:00,117.1,117.79,116.79,117.62,322997.0,0.004440649017933478,0.005892399658411716,0.0026473099914601887,11
1699,2019-11-21 11:00:00,117.6,118.24,117.36,117.96,182403.0,0.003061224489795914,0.005442176870748304,0.0020408163265305686,11
1700,2019-11-21 12:00:00,117.915,118.51,117.915,118.245,158743.0,0.0027986261289912077,0.005046007717423558,0.0,11
1701,2019-11-21 13:00:00,118.25,118.49,118.225,118.225,153165.0,-0.000211416490486306,0.002029598308668033,0.000211416490486306,11
1702,2019-11-21 14:00:00,118.23,118.29,118.0,118.11,132231.0,-0.0010149708195889753,0.0005074854097944876,0.0019453607375454957,11
1703,2019-11-21 15:00:00,118.12,118.85,118.1,118.69,631352.0,0.004825601083643694,0.00618015577378928,0.00016931933626828844,11
1704,2019-11-21 16:00:00,118.69,118.69,118.69,118.69,29638.0,0.0,0.0,0.0,11
1705,2019-11-22 07:00:00,118.81,118.81,118.81,118.81,200.0,0.0,0.0,0.0,11
1706,2019-11-22 08:00:00,118.69,118.69,118.69,118.69,1426.0,0.0,0.0,0.0,11
1707,2019-11-22 09:00:00,119.43,120.05,119.0,119.795,122697.0,0.003056183538474377,0.005191325462614003,0.0036004354014904697,11
1708,2019-11-22 10:00:00,119.795,119.83,118.73,118.76,420021.0,-0.008639759589298357,0.0002921657832129604,0.008890187403480928,11
1709,2019-11-22 11:00:00,118.72,118.9,118.35,118.6738,246447.0,-0.0003891509433962172,0.001516172506738602,0.0031165768194070464,11
1710,2019-11-22 12:00:00,118.67,119.21,118.67,119.21,104623.0,0.0045504339765736245,0.0045504339765736245,0.0,11
1711,2019-11-22 13:00:00,119.19,119.31,118.77,118.9576,151045.0,-0.0019498280057051631,0.0010067958721369625,0.003523785552479249,11
1712,2019-11-22 14:00:00,118.98,119.06,118.9,118.905,115886.0,-0.0006303580433686572,0.0006723819129265279,0.0006723819129265279,11
1713,2019-11-22 15:00:00,118.91,119.15,118.875,119.13,373268.0,0.001850138760407021,0.0020183331931713827,0.00029434025733745346,11
1714,2019-11-22 16:00:00,119.13,119.13,119.13,119.13,16370.0,0.0,0.0,0.0,11
1715,2019-11-22 17:00:00,119.5,119.7,119.2,119.7,1200.0,0.0016736401673640405,0.0016736401673640405,0.002510460251046001,11
1716,2019-11-22 18:00:00,119.3,119.3,119.3,119.3,195.0,0.0,0.0,0.0,11
1717,2019-11-25 09:00:00,119.8,119.97,119.21,119.775,83119.0,-0.00020868113522530445,0.0014190317195325686,0.004924874791318893,11
1718,2019-11-25 10:00:00,119.77,120.125,119.665,119.81,147216.0,0.0003339734491108479,0.002964014360858345,0.0008766803039157533,11
1719,2019-11-25 11:00:00,119.86,119.88,119.575,119.635,89759.0,-0.0018771900550641942,0.00016686133822789938,0.002377774069748011,11
1720,2019-11-25 12:00:00,119.635,119.9771,119.615,119.97,56644.0,0.0028001838926734962,0.002859531073682349,0.00016717515777164065,11
1721,2019-11-25 13:00:00,119.979,120.04,119.66,119.67,87684.0,-0.0025754507038731568,0.0005084223072371586,0.0026587986230923962,11
1722,2019-11-25 14:00:00,119.67,119.92,119.6226,119.875,105928.0,0.0017130442048967852,0.0020890782986546334,0.00039608924542488606,11
1723,2019-11-25 15:00:00,119.89,120.02,119.38,119.45,380531.0,-0.0036700308616231356,0.001084327300024985,0.004253899407790517,11
1724,2019-11-25 16:00:00,119.42,119.42,119.35,119.42,184158.0,0.0,0.0,0.0005861664712779048,11
1725,2019-11-26 09:00:00,119.49,119.56,118.57,119.405,150655.0,-0.0007113565988785149,0.0005858230814294702,0.007699389070215095,11
1726,2019-11-26 10:00:00,119.33,120.17,119.095,119.91,924072.0,0.004860470962876044,0.007039302773820527,0.0019693287521997775,11
1727,2019-11-26 11:00:00,119.91,120.41,119.71,119.975,237683.0,0.0005420732215828349,0.004169794012175799,0.0016679176048703431,11
1728,2019-11-26 12:00:00,119.975,120.065,119.84,119.94,124062.0,-0.00029172744321730854,0.0007501562825588949,0.001125234423838224,11
1729,2019-11-26 13:00:00,119.96,120.02,119.705,119.74,98477.0,-0.0018339446482160625,0.0005001667222407659,0.0021257085695231366,11
1730,2019-11-26 14:00:00,119.74,120.07,119.59,120.04,124476.0,0.0025054284282613275,0.0027559712710873417,0.0012527142141305452,11
1731,2019-11-26 15:00:00,120.03,120.13,119.67,119.77,412608.0,-0.0021661251353828634,0.0008331250520702684,0.0029992501874531318,11
1732,2019-11-26 16:00:00,119.6,119.8969,119.6,119.7436,40078.0,0.0012006688963211237,0.0024824414715719726,0.0,11
1733,2019-11-26 18:00:00,119.74,119.74,119.74,119.74,124.0,0.0,0.0,0.0,11
1734,2019-11-27 09:00:00,120.2,120.69,119.58,120.26,81065.0,0.0004991680532446112,0.004076539101497461,0.005158069883527492,11
1735,2019-11-27 10:00:00,120.31,120.37,120.045,120.28,85293.0,-0.000249355830770519,0.000498711661541038,0.002202643171806172,11
1736,2019-11-27 11:00:00,120.26,120.73,120.1,120.42,183640.0,0.001330450690171267,0.003908198902378171,0.0013304506901713853,11
1737,2019-11-27 12:00:00,120.45,120.72,120.39,120.68,59675.0,0.0019095060190950932,0.002241594022415907,0.0004981320049813389,11
1738,2019-11-27 13:00:00,120.63,121.0,120.63,120.945,65274.0,0.002611290723700553,0.003067230373870551,0.0,11
1739,2019-11-27 14:00:00,120.95,120.965,120.75,120.77,68503.0,-0.0014882182720132849,0.00012401818933444042,0.0016535758577924996,11
1740,2019-11-27 15:00:00,120.77,121.31,120.73,121.31,455511.0,0.004471309099942091,0.004471309099942091,0.0003312080814771222,11
1741,2019-11-27 16:00:00,121.3,121.3,121.3,121.3,7806.0,0.0,0.0,0.0,11
1742,2019-11-27 17:00:00,120.69,121.12,120.69,121.12,226.0,0.003562846963294447,0.003562846963294447,0.0,11
1743,2019-11-29 09:00:00,120.64,120.86,120.35,120.6,67370.0,-0.00033156498673745234,0.0018236074270556934,0.0024038461538462056,11
1744,2019-11-29 10:00:00,120.58,120.67,120.43,120.58,117152.0,0.0,0.0007463924365566711,0.0012439873942610008,11
1745,2019-11-29 11:00:00,120.575,120.68,120.04,120.28,158262.0,-0.002446609993779819,0.0008708272859216585,0.004437072361600635,11
1746,2019-11-29 12:00:00,120.25,120.25,119.75,120.07,306886.0,-0.0014968814968815535,0.0,0.004158004158004158,11
1747,2019-11-29 13:00:00,120.02,120.02,120.02,120.02,77998.0,0.0,0.0,0.0,11
1748,2019-11-29 15:00:00,120.02,120.02,120.02,120.02,0.0,0.0,0.0,0.0,11
1749,2019-12-02 08:00:00,120.02,120.02,120.02,120.02,8103.0,0.0,0.0,0.0,12
1750,2019-12-02 09:00:00,120.16,120.4155,118.68,119.11,247645.0,-0.008738348868175743,0.002126331557922752,0.01231691078561909,12
1751,2019-12-02 10:00:00,119.11,119.26,118.44,119.0,276113.0,-0.0009235160775753458,0.0012593401057846166,0.005625052472504422,12
1752,2019-12-02 11:00:00,119.02,119.25,118.6,118.85,163054.0,-0.0014283313728785222,0.0019324483280121322,0.0035288186859351515,12
1753,2019-12-02 12:00:00,118.8286,119.23,118.8286,118.99,102652.0,0.001358258870339299,0.0033779746626654656,0.0,12
1754,2019-12-02 13:00:00,118.97,119.18,118.78,119.04,97391.0,0.0005883836261242951,0.0017651508783727659,0.0015970412709086132,12
1755,2019-12-02 14:00:00,119.06,119.6,118.87,119.28,215820.0,0.0018478078279858799,0.004535528305056207,0.0015958340332605217,12
1756,2019-12-02 15:00:00,119.3,119.31,119.035,119.155,302738.0,-0.0012154233025984578,8.382229673097331e-05,0.0022212908633696613,12
1757,2019-12-02 16:00:00,119.15,119.15,119.15,119.15,27330.0,0.0,0.0,0.0,12
1758,2019-12-02 19:00:00,118.95,118.95,118.95,118.95,200.0,0.0,0.0,0.0,12
1759,2019-12-03 09:00:00,118.95,119.0,116.89,117.66,162604.0,-0.01084489281210598,0.0004203446826397407,0.01731820092475832,12
1760,2019-12-03 10:00:00,117.65,117.99,117.11,117.62,325835.0,-0.00025499362515938066,0.002889927751806113,0.004589885252868731,12
1761,2019-12-03 11:00:00,117.61,118.08,117.5,117.99,179925.0,0.0032310177705976995,0.003996258821528772,0.0009352946178046036,12
1762,2019-12-03 12:00:00,117.96,118.2094,117.87,118.05,133298.0,0.0007629704984740879,0.0021142760257715203,0.0007629704984739675,12
1763,2019-12-03 13:00:00,118.05,118.535,118.03,118.22,183075.0,0.0014400677678949743,0.004108428631935616,0.00016941973739937333,12
1764,2019-12-03 14:00:00,118.2,118.54,118.165,118.45,159868.0,0.0021150592216582064,0.0028764805414551895,0.00029610829103212,12
1765,2019-12-03 15:00:00,118.45,118.86,118.34,118.86,566542.0,0.003461376108062445,0.003461376108062445,0.0009286618826509028,12
1766,2019-12-03 16:00:00,118.85,118.85,117.5,118.85,25417.0,0.0,0.0,0.01135885570046272,12
1767,2019-12-04 07:00:00,118.8,118.8,118.78,118.78,499.0,-0.00016835016835013486,0.0,0.00016835016835013486,12
1768,2019-12-04 09:00:00,118.8,120.04,118.74,119.84,119972.0,0.008754208754208808,0.010437710437710515,0.0005050505050505242,12
1769,2019-12-04 10:00:00,119.81,119.98,119.2,119.58,253959.0,-0.001919706201485719,0.0014189132793589992,0.005091394708288118,12
1770,2019-12-04 11:00:00,119.62,119.83,119.4,119.695,317160.0,0.0006269854539373736,0.00175555927102486,0.0018391573315498985,12
1771,2019-12-04 12:00:00,119.7,119.76,118.93,119.4,334214.0,-0.002506265664160377,0.0005012531328320992,0.006432748538011662,12
1772,2019-12-04 13:00:00,119.41,119.71,119.35,119.675,127087.0,0.0022192446193786165,0.0025123523992965175,0.0005024704798593273,12
1773,2019-12-04 14:00:00,119.685,120.12,119.685,120.1,165219.0,0.003467435351129983,0.003634540669256818,0.0,12
1774,2019-12-04 15:00:00,120.11,120.17,119.78,120.1,437879.0,-8.325701440350609e-05,0.0004995420864207998,0.002747481475314281,12
1775,2019-12-04 16:00:00,120.1,120.1,118.85,120.1,44345.0,0.0,0.0,0.010407993338884263,12
1776,2019-12-05 09:00:00,120.1,121.22,120.1,120.51,71512.0,0.0034138218151541283,0.009325562031640339,0.0,12
1777,2019-12-05 10:00:00,120.43,120.85,120.06,120.7,207182.0,0.0022419662874698662,0.0034875031138419618,0.003072324171718048,12
1778,2019-12-05 11:00:00,120.72,120.96,120.48,120.48,548465.0,-0.0019880715705764985,0.0019880715705764985,0.0019880715705764985,12
1779,2019-12-05 12:00:00,120.48,120.78,120.435,120.69,162253.0,0.0017430278884461633,0.0024900398406374267,0.00037350597609563167,12
1780,2019-12-05 13:00:00,120.66,121.16,120.62,120.81,172650.0,0.0012431626056688687,0.004143875352229405,0.00033151002817828645,12
1781,2019-12-05 14:00:00,120.77,120.98,120.62,120.78,101507.0,8.280202036933938e-05,0.0017388424277553032,0.0012420303055393847,12
1782,2019-12-05 15:00:00,120.8,121.155,120.7982,121.02,276522.0,0.001821192052980123,0.0029387417218543375,1.4900662251679722e-05,12
1783,2019-12-05 16:00:00,121.0,121.0,121.0,121.0,27579.0,0.0,0.0,0.0,12
1784,2019-12-06 08:00:00,121.5,121.6,121.5,121.6,784.0,0.0008230452674896652,0.0008230452674896652,0.0,12
1785,2019-12-06 09:00:00,122.0,122.49,121.72,122.03,90933.0,0.0002459016393442716,0.004016393442622909,0.002295081967213124,12
1786,2019-12-06 10:00:00,122.06,122.19,120.94,121.21,180639.0,-0.006963788300835725,0.0010650499754218863,0.00917581517286584,12
1787,2019-12-06 11:00:00,121.23,121.265,120.86,121.22,176379.0,-8.248783304466812e-05,0.00028870741565616256,0.0030520498226511966,12
1788,2019-12-06 12:00:00,121.255,121.42,121.18,121.32,68692.0,0.0005360603686445733,0.001360768628097862,0.0006185311945898201,12
1789,2019-12-06 13:00:00,121.32,121.85,121.13,121.76,255996.0,0.0036267721727663367,0.004368611935377523,0.001566106165512675,12
1790,2019-12-06 14:00:00,121.7469,122.01,121.66,121.77,80526.0,0.00018973789065675968,0.0021610406507271114,0.0007137758743754459,12
1791,2019-12-06 15:00:00,121.76,122.11,121.62,122.06,445136.0,0.0024638633377135114,0.0028745072273324104,0.0011498028909329874,12
1792,2019-12-06 16:00:00,121.335,122.07,121.335,122.07,148608.0,0.006057609098776112,0.006057609098776112,0.0,12
1793,2019-12-09 09:00:00,121.35,121.56,120.22,120.2521,273326.0,-0.009047383601153652,0.0017305315203956157,0.009311907704985542,12
1794,2019-12-09 10:00:00,120.27,121.145,120.01,121.1,331467.0,0.006901139103683365,0.007275297247858984,0.0021618026107923082,12
1795,2019-12-09 11:00:00,121.07,121.57,120.87,121.47,189480.0,0.003303873792021192,0.004129842240026431,0.0016519368960104786,12
1796,2019-12-09 12:00:00,121.49,121.73,121.39,121.68,210014.0,0.0015639147254919083,0.001975471232200256,0.0008231130134166954,12
1797,2019-12-09 13:00:00,121.69,121.99,121.68,121.94,192891.0,0.0020544005259265346,0.0024652806311118184,8.217602103698665e-05,12
1798,2019-12-09 14:00:00,121.95,122.1236,121.87,122.05,196738.0,0.0008200082000819542,0.0014235342353422986,0.0006560065600655867,12
1799,2019-12-09 15:00:00,122.04,122.1,121.79,121.81,404889.0,-0.0018846279908227136,0.0004916420845623407,0.002048508685676827,12
1800,2019-12-09 16:00:00,121.82,121.82,121.82,121.82,46111.0,0.0,0.0,0.0,12
1801,2019-12-10 09:00:00,121.62,121.62,120.3,121.02,120227.0,-0.00493339911198823,0.0,0.010853478046374012,12
1802,2019-12-10 10:00:00,120.98,121.7,120.82,121.66,165376.0,0.005620763762605328,0.005951396925111579,0.0013225326500248867,12
1803,2019-12-10 11:00:00,121.66,121.84,120.86,120.86,232951.0,-0.006575702778234401,0.0014795331251028015,0.006575702778234401,12
1804,2019-12-10 12:00:00,120.88,121.43,120.66,121.355,164167.0,0.0039295168762409705,0.004549966909331663,0.0018199867637326182,12
1805,2019-12-10 13:00:00,121.35,121.865,121.31,121.63,267056.0,0.0023073753605274095,0.004243922538112901,0.0003296250515038487,12
1806,2019-12-10 14:00:00,121.63,121.75,121.325,121.69,116104.0,0.0004932993504892072,0.0009865987009784144,0.0025076050316533145,12
1807,2019-12-10 15:00:00,121.7,121.78,121.56,121.6,395548.0,-0.0008216926869351563,0.000657354149548055,0.0011503697617091255,12
1808,2019-12-10 16:00:00,121.59,121.59,121.59,121.59,141369.0,0.0,0.0,0.0,12
1809,2019-12-11 09:00:00,122.01,122.54,121.845,122.3,82787.0,0.0023768543562002462,0.004343906237193682,0.001352348168182987,12
1810,2019-12-11 10:00:00,122.3,122.98,122.25,122.83,221093.0,0.004333605887162724,0.005560098119378633,0.00040883074407193097,12
1811,2019-12-11 11:00:00,122.82,123.05,122.73,122.84,136029.0,0.00016283992835051483,0.001872659176029995,0.000732779677576854,12
1812,2019-12-11 12:00:00,122.84,123.31,122.84,123.12,138376.0,0.0022793878215565055,0.003826115271898395,0.0,12
1813,2019-12-11 13:00:00,123.13,123.34,123.08,123.29,94700.0,0.001299439616665401,0.0017055144968732882,0.0004060748802078873,12
1814,2019-12-11 14:00:00,123.25,123.5,123.1,123.335,222990.0,0.0006896551724137424,0.002028397565922921,0.0012170385395537987,12
1815,2019-12-11 15:00:00,123.35,123.56,123.22,123.3,221788.0,-0.0004053506282934508,0.0017024726388326548,0.0010539116335629953,12
1816,2019-12-11 16:00:00,123.32,123.32,123.32,123.32,111436.0,0.0,0.0,0.0,12
1817,2019-12-11 17:00:00,123.5,123.5,123.5,123.5,150.0,0.0,0.0,0.0,12
1818,2019-12-12 09:00:00,123.25,124.16,122.12,124.09,144627.0,0.006815415821501042,0.007383367139959404,0.009168356997971566,12
1819,2019-12-12 10:00:00,124.05,124.17,123.59,123.97,205518.0,-0.0006449012494961572,0.000967351874244293,0.0037081821846029323,12
1820,2019-12-12 11:00:00,123.98,124.09,123.63,123.95,214806.0,-0.0002419745120180766,0.000887239877399576,0.0028230359735441886,12
1821,2019-12-12 12:00:00,123.94,124.33,123.85,124.1,105263.0,0.0012909472325318427,0.0031466838792964386,0.0007261578182992045,12
1822,2019-12-12 13:00:00,124.13,124.31,123.93,124.3,78930.0,0.0013695319423185509,0.0014500926448079178,0.0016112140497864225,12
1823,2019-12-12 14:00:00,124.29,125.29,124.13,125.17,189563.0,0.007080215624748535,0.008045699573577923,0.0012873119317725545,12
1824,2019-12-12 15:00:00,125.12,125.42,124.99,124.99,397617.0,-0.0010390025575448343,0.002397698209718647,0.0010390025575448343,12
1825,2019-12-12 16:00:00,124.99,124.99,124.99,124.99,25366.0,0.0,0.0,0.0,12
1826,2019-12-12 19:00:00,124.95,124.95,124.95,124.95,206.0,0.0,0.0,0.0,12
1827,2019-12-13 07:00:00,126.19,126.32,126.19,126.32,450.0,0.0010301925667643669,0.0010301925667643669,0.0,12
1828,2019-12-13 09:00:00,125.62,125.82,124.6,125.69,84368.0,0.0005572361088998024,0.0015921031682852144,0.008119726158255135,12
1829,2019-12-13 10:00:00,125.71,126.84,125.59,126.135,385026.0,0.0033807970726275663,0.008988942804868425,0.0009545779969770929,12
1830,2019-12-13 11:00:00,126.15,126.45,124.93,125.98,322181.0,-0.0013476020610384597,0.0023781212841854707,0.009671026555687664,12
1831,2019-12-13 12:00:00,125.98,126.17,125.63,126.08,325408.0,0.0007937767899666163,0.0015081759009366385,0.0027782187648833826,12
1832,2019-12-13 13:00:00,126.08,126.11,125.84,125.99,219171.0,-0.0007138324873096717,0.00023794416243655723,0.0019035532994923453,12
1833,2019-12-13 14:00:00,125.99,126.0995,125.52,125.62,433286.0,-0.002936741011191288,0.0008691165965553716,0.0037304547979998322,12
1834,2019-12-13 15:00:00,125.63,125.96,125.17,125.64,551052.0,7.959882193747605e-05,0.0026267611239353525,0.003661545809121975,12
1835,2019-12-13 16:00:00,125.64,125.64,125.64,125.64,37766.0,0.0,0.0,0.0,12
1836,2019-12-16 07:00:00,126.04,126.11,126.04,126.11,1200.0,0.000555379244684173,0.000555379244684173,0.0,12
1837,2019-12-16 08:00:00,125.52,125.52,125.51,125.51,1500.0,-7.966857871248331e-05,0.0,7.966857871248331e-05,12
1838,2019-12-16 09:00:00,126.59,126.74,126.0,126.56,152121.0,-0.00023698554388183217,0.0011849277194090487,0.00466071569634255,12
1839,2019-12-16 10:00:00,126.54,126.935,126.05,126.33,224370.0,-0.0016595542911333012,0.0031215425952267743,0.0038722933459776282,12
1840,2019-12-16 11:00:00,126.36,126.64,126.32,126.54,125346.0,0.0014245014245014786,0.0022158911047800026,0.00031655587211147716,12
1841,2019-12-16 12:00:00,126.54,126.84,126.52,126.78,86984.0,0.0018966334755808035,0.0023707918444760326,0.00015805278963181786,12
1842,2019-12-16 13:00:00,126.78,127.14,126.63,127.0289,150871.0,0.0019632434137875996,0.0028395646000946477,0.00118315191670615,12
1843,2019-12-16 14:00:00,127.07,127.08,126.55,126.85,294789.0,-0.0017313291886361759,7.869678130168503e-05,0.004092232627685497,12
1844,2019-12-16 15:00:00,126.88,126.89,126.1,126.19,364881.0,-0.005438209331651937,7.881462799499618e-05,0.006147540983606567,12
1845,2019-12-16 16:00:00,126.2,126.2,126.2,126.2,19371.0,0.0,0.0,0.0,12
1846,2019-12-17 09:00:00,126.25,126.29,125.28,126.11,199487.0,-0.0011089108910891134,0.00031683168316836634,0.007683168316831674,12
1847,2019-12-17 10:00:00,126.14,126.44,125.65,125.65,220254.0,-0.003884572697003289,0.002378309814491812,0.003884572697003289,12
1848,2019-12-17 11:00:00,125.63,126.21,125.48,126.04,118938.0,0.0032635516994349344,0.004616731672371236,0.001193982329061462,12
1849,2019-12-17 12:00:00,126.05,126.65,125.97,126.62,186223.0,0.004522015073383637,0.004760015866719623,0.0006346687822292605,12
1850,2019-12-17 13:00:00,126.635,127.14,126.58,127.09,355646.0,0.0035930035140363903,0.003987839065029379,0.0004343191060923664,12
1851,2019-12-17 14:00:00,127.1,127.14,126.96,127.005,114917.0,-0.0007474429583005419,0.00031471282454764954,0.0011014948859166057,12
1852,2019-12-17 15:00:00,127.0,127.31,126.98,127.05,310720.0,0.0003937007874015524,0.0024409448818897817,0.00015748031496059858,12
1853,2019-12-17 16:00:00,127.05,127.05,125.695,127.05,26281.0,0.0,0.0,0.010665092483274333,12
1854,2019-12-18 09:00:00,127.31,127.33,126.4,126.42,327607.0,-0.006990809834262827,0.00015709685020812207,0.007147906684470949,12
1855,2019-12-18 10:00:00,126.4,127.18,126.25,127.18,133016.0,0.006170886075949376,0.006170886075949376,0.0011867088607595386,12
1856,2019-12-18 11:00:00,127.16,127.64,127.13,127.24,91249.0,0.0006291286568103043,0.0037747719408619375,0.0002359232463038781,12
1857,2019-12-18 12:00:00,127.23,127.49,127.21,127.25,74473.0,0.0001571956299614558,0.0020435431894992606,0.00015719562996156748,12
1858,2019-12-18 13:00:00,127.25,127.54,127.2,127.54,61274.0,0.0022789783889980847,0.0022789783889980847,0.0003929273084479148,12
1859,2019-12-18 14:00:00,127.55,127.67,127.35,127.51,119568.0,-0.00031360250882000816,0.0009408075264602474,0.0015680125441003751,12
1860,2019-12-18 15:00:00,127.53,127.73,127.45,127.59,328151.0,0.00047047753469773603,0.0015682584489924163,0.0006273033795969442,12
1861,2019-12-18 16:00:00,127.59,127.59,127.5,127.5,146746.0,-0.0007053844345168384,0.0,0.0007053844345168384,12
1862,2019-12-18 19:00:00,127.75,127.75,127.75,127.75,500.0,0.0,0.0,0.0,12
1863,2019-12-19 09:00:00,126.81,127.0,126.17,126.8616,121553.0,0.0004069079725573175,0.0014983045501143263,0.005046920589858848,12
1864,2019-12-19 10:00:00,126.93,127.41,126.76,126.97,89803.0,0.00031513432600639756,0.003781611912077442,0.0013393208855274695,12
1865,2019-12-19 11:00:00,126.98,127.35,126.83,127.02,86481.0,0.00031501023783266687,0.0029138446999526723,0.0011812883918727805,12
1866,2019-12-19 12:00:00,127.02,127.13,126.77,126.97,217066.0,-0.0003936387970398139,0.0008660053534876353,0.0019681939851991814,12
1867,2019-12-19 13:00:00,126.9899,127.23,126.9,126.93,157598.0,-0.0004716910557453699,0.0018907015439810426,0.0007079303157180223,12
1868,2019-12-19 14:00:00,126.92,127.19,126.74,126.74,247300.0,-0.00141821619918064,0.002127324298770848,0.00141821619918064,12
1869,2019-12-19 15:00:00,126.75,127.02,126.63,126.84,689875.0,0.00071005917159766,0.002130177514792868,0.0009467455621302134,12
1870,2019-12-19 16:00:00,126.85,126.85,126.85,126.85,143166.0,0.0,0.0,0.0,12
1871,2019-12-19 17:00:00,126.85,126.85,126.85,126.85,3447.0,0.0,0.0,0.0,12
1872,2019-12-20 09:00:00,127.46,130.47,127.2,129.95,625530.0,0.01953554056174482,0.023615251843715716,0.002039855640985336,12
1873,2019-12-20 10:00:00,130.02,131.46,129.73,130.9791,624968.0,0.007376557452699416,0.01107521919704659,0.0022304260882942658,12
1874,2019-12-20 11:00:00,130.97,131.89,130.94,131.76,586745.0,0.006031915705886784,0.00702450942964028,0.00022906009009697746,12
1875,2019-12-20 12:00:00,131.77,132.44,131.76,132.12,421751.0,0.0026561432799574584,0.005084617135918551,7.588980799893243e-05,12
1876,2019-12-20 13:00:00,132.08,132.49,131.16,131.34,375388.0,-0.005602665051484017,0.0031041792852816216,0.006965475469412597,12
1877,2019-12-20 14:00:00,131.33,131.59,130.99,131.45,268195.0,0.0009137287748418192,0.001979745678824266,0.0025888981953856955,12
1878,2019-12-20 15:00:00,131.44,131.74,130.96,131.1,752770.0,-0.0025867315885575426,0.0022824102251978954,0.0036518563603164162,12
1879,2019-12-20 16:00:00,131.08,131.08,131.08,131.08,131986.0,0.0,0.0,0.0,12
1880,2019-12-23 07:00:00,131.27,131.27,131.27,131.27,300.0,0.0,0.0,0.0,12
1881,2019-12-23 08:00:00,130.93,131.28,130.93,131.28,800.0,0.002673184144199147,0.002673184144199147,0.0,12
1882,2019-12-23 09:00:00,130.97,131.82,130.81,131.65,118202.0,0.0051920287088646775,0.006490035886080738,0.001221653813850474,12
1883,2019-12-23 10:00:00,131.69,133.13,131.59,133.095,215758.0,0.010668995367909493,0.010934771053231056,0.0007593591009187814,12
1884,2019-12-23 11:00:00,133.06,133.4788,133.03,133.21,162546.0,0.0011273109875244679,0.0031474522771682287,0.00022546219750489355,12
1885,2019-12-23 12:00:00,133.21,133.56,132.92,133.19,212655.0,-0.0001501388784626547,0.00262743037309507,0.002177013737707533,12
1886,2019-12-23 13:00:00,133.2,134.0,133.15,133.21,259382.0,7.507507507522018e-05,0.006006006006006092,0.0003753753753752474,12
1887,2019-12-23 14:00:00,133.18,133.64,132.94,133.58,158628.0,0.0030034539720679206,0.003453972067877906,0.001802072383240795,12
1888,2019-12-23 15:00:00,133.57,133.89,133.4,133.44,369867.0,-0.0009732724414164517,0.002395747548102068,0.001272740884929157,12
1889,2019-12-23 16:00:00,133.4,133.4,133.4,133.4,22203.0,0.0,0.0,0.0,12
1890,2019-12-24 09:00:00,133.52,133.65,132.6,133.4112,131496.0,-0.000814859197124043,0.0009736369083283062,0.006890353505092988,12
1891,2019-12-24 10:00:00,133.4,133.53,132.9,133.16,124384.0,-0.0017991004497751805,0.0009745127436281518,0.0037481259370314842,12
1892,2019-12-24 11:00:00,133.14,133.1825,132.81,132.9,132063.0,-0.0018026137899953484,0.000319212858645172,0.0024785939612436843,12
1893,2019-12-24 12:00:00,132.87,133.2,132.81,132.97,142904.0,0.0007526153383005517,0.002483630616391842,0.00045156920298037385,12
1894,2019-12-24 13:00:00,132.96,132.96,132.96,132.96,39242.0,0.0,0.0,0.0,12
1895,2019-12-24 15:00:00,132.96,132.96,132.96,132.96,0.0,0.0,0.0,0.0,12
1896,2019-12-26 09:00:00,133.07,133.07,132.26,132.76,68949.0,-0.0023296009618997693,0.0,0.006087021868189692,12
1897,2019-12-26 10:00:00,132.66,133.57,132.64,133.22,90402.0,0.004221317654153492,0.006859641187999372,0.00015076134479127267,12
1898,2019-12-26 11:00:00,133.25,133.525,133.23,133.48,64840.0,0.0017260787992494542,0.00206378986866796,0.00015009380863047078,12
1899,2019-12-26 12:00:00,133.49,133.86,133.4125,133.81,90183.0,0.0023971833096111555,0.002771743201737992,0.0005805678327965748,12
1900,2019-12-26 13:00:00,133.81,133.91,133.71,133.875,50824.0,0.0004857633958597842,0.0007473283013227286,0.0007473283013227286,12
1901,2019-12-26 14:00:00,133.875,134.04,133.74,133.97,77720.0,0.000709617180205407,0.00123249299719882,0.00100840336134447,12
1902,2019-12-26 15:00:00,133.98,134.27,133.94,134.21,184105.0,0.0017166741304673698,0.0021645021645023176,0.00029855202268989434,12
1903,2019-12-26 16:00:00,134.17,134.17,134.17,134.17,41565.0,0.0,0.0,0.0,12
1904,2019-12-27 07:00:00,134.44,134.45,134.44,134.45,200.0,7.438262421891479e-05,7.438262421891479e-05,0.0,12
1905,2019-12-27 08:00:00,134.07,134.07,134.07,134.07,800.0,0.0,0.0,0.0,12
1906,2019-12-27 09:00:00,134.3,134.6,133.98,134.05,56238.0,-0.0018615040953090095,0.0022338049143706845,0.002382725241995693,12
1907,2019-12-27 10:00:00,134.06,134.24,133.92,134.13,70220.0,0.0005221542592868355,0.0013426823810234732,0.0010443085185738831,12
1908,2019-12-27 11:00:00,134.09,134.33,133.85,133.8775,39784.0,-0.0015847565068238174,0.0017898426430010372,0.0017898426430010372,12
1909,2019-12-27 12:00:00,133.84,134.02,133.65,133.83,39943.0,-7.471607890011136e-05,0.0013448894202032786,0.0014196054991033901,12
1910,2019-12-27 13:00:00,133.89,133.975,133.7,133.7,63337.0,-0.0014190753603704365,0.0006348495033236833,0.0014190753603704365,12
1911,2019-12-27 14:00:00,133.69,133.82,133.65,133.72,60893.0,0.00022439973072033165,0.0009723988331213662,0.0002991996409603713,12
1912,2019-12-27 15:00:00,133.74,133.79,133.27,133.34,182994.0,-0.0029908778226409873,0.0003738597278299906,0.003514281441603102,12
1913,2019-12-27 16:00:00,133.33,133.33,133.33,133.33,7004.0,0.0,0.0,0.0,12
1914,2019-12-30 09:00:00,133.72,133.72,132.78,133.11,103607.0,-0.00456177086449286,0.0,0.007029614119054724,12
1915,2019-12-30 10:00:00,133.085,133.2,132.715,132.94,134569.0,-0.0010895292482248956,0.0008641094037643662,0.0027801780816771576,12
1916,2019-12-30 11:00:00,132.95,133.14,132.74,132.97,101636.0,0.0001504324934186554,0.001429108687476478,0.0015795411808949195,12
1917,2019-12-30 12:00:00,132.96,133.66,132.92,133.45,83348.0,0.003685318892899975,0.005264741275571514,0.00030084235860424537,12
1918,2019-12-30 13:00:00,133.42,133.45,133.19,133.37,40021.0,-0.00037475640833445475,0.00022485384500075804,0.0017238794783390032,12
1919,2019-12-30 14:00:00,133.36,133.43,133.16,133.35,65654.0,-7.498500299954503e-05,0.0005248950209957497,0.0014997000599881302,12
1920,2019-12-30 15:00:00,133.33,133.45,133.15,133.35,150625.0,0.0001500037500936159,0.000900022500562335,0.001350033750843822,12
1921,2019-12-30 16:00:00,133.35,133.35,133.35,133.35,14528.0,0.0,0.0,0.0,12
1922,2019-12-31 09:00:00,133.14,133.6426,132.84,133.41,81313.0,0.0020279405137450073,0.0037749737118822377,0.002253267237494239,12
1923,2019-12-31 10:00:00,133.41,133.955,133.38,133.5,56422.0,0.0006746120980436505,0.0040851510381531815,0.0002248706993478835,12
1924,2019-12-31 11:00:00,133.51,133.82,133.39,133.48,56235.0,-0.0002247022694929304,0.0023219234514268764,0.0008988090779717216,12
1925,2019-12-31 12:00:00,133.45,133.53,133.29,133.31,65011.0,-0.001049082053203345,0.0005994754589734921,0.0011989509179467712,12
1926,2019-12-31 13:00:00,133.295,133.73,133.28,133.69,53964.0,0.002963351963689638,0.0032634382384935843,0.00011253235305139996,12
1927,2019-12-31 14:00:00,133.705,133.85,133.54,133.7,86428.0,-3.7395759321071565e-05,0.0010844770203057611,0.0012340600575896222,12
1928,2019-12-31 15:00:00,133.68,133.93,133.42,133.54,187321.0,-0.0010472770795931685,0.0018701376421304608,0.0019449431478158238,12
1929,2019-12-31 16:00:00,133.51,133.51,133.51,133.51,76068.0,0.0,0.0,0.0,12
1930,2020-01-02 08:00:00,134.1,134.1,133.7,133.7,464.0,-0.0029828486204325558,0.0,0.0029828486204325558,1
1931,2020-01-02 09:00:00,133.91,134.8,133.62,133.96,71407.0,0.000373385109401922,0.00664625494735281,0.0021656336345305957,1
1932,2020-01-02 10:00:00,133.98,134.21,133.5866,134.06,91917.0,0.0005971040453800009,0.0017166741304673698,0.0029362591431555873,1
1933,2020-01-02 11:00:00,134.07,134.1,133.47,134.05,122215.0,-0.00014917580368450667,0.00022376370552697203,0.004475274110539228,1
1934,2020-01-02 12:00:00,134.06,134.38,133.65,133.75,105950.0,-0.0023123974339848,0.0023869908995971445,0.003058332090108881,1
1935,2020-01-02 13:00:00,133.75,133.93,133.52,133.63,62745.0,-0.000897196261682277,0.0013457943925234154,0.0017196261682242227,1
1936,2020-01-02 14:00:00,133.64,133.96,133.6151,133.85,105041.0,0.0015713858126310085,0.0023944926668663697,0.00018632146064033182,1
1937,2020-01-02 15:00:00,133.955,134.66,133.95,134.66,281480.0,0.005262961442275272,0.005262961442275272,3.7325967675890216e-05,1
1938,2020-01-02 16:00:00,134.65,134.65,134.65,134.65,37509.0,0.0,0.0,0.0,1
1939,2020-01-03 09:00:00,134.65,134.65,131.81,132.32,185440.0,-0.017304121797252228,0.0,0.021091719272187177,1
1940,2020-01-03 10:00:00,132.31,132.91,131.97,132.66,140303.0,0.002645302698208709,0.004534804625500675,0.002569722621117099,1
1941,2020-01-03 11:00:00,132.72,133.5,132.6,133.27,69547.0,0.004144062688366572,0.005877034358047025,0.0009041591320072675,1
1942,2020-01-03 12:00:00,133.275,133.375,133.06,133.29,91952.0,0.00011254924029252566,0.0007503282686174775,0.0016132057775276939,1
1943,2020-01-03 13:00:00,133.3,133.52,133.01,133.295,102842.0,-3.750937734451518e-05,0.001650412603150779,0.002175543885971646,1
1944,2020-01-03 14:00:00,133.295,133.49,133.2,133.45,99542.0,0.0011628343148655325,0.0014629205896696921,0.0007127049026595062,1
1945,2020-01-03 15:00:00,133.46,133.62,133.19,133.44,301534.0,-0.00014985763524659246,0.0011988610819721008,0.00202307807582804,1
1946,2020-01-03 16:00:00,133.49,133.49,133.49,133.49,34558.0,0.0,0.0,0.0,1
1947,2020-01-06 07:00:00,132.89,132.91,132.89,132.91,900.0,0.00015050041387621517,0.00015050041387621517,0.0,1
1948,2020-01-06 08:00:00,133.61,133.64,133.61,133.64,900.0,0.0002245340917593946,0.0002245340917593946,0.0,1
1949,2020-01-06 09:00:00,132.05,132.05,130.39,130.93,237087.0,-0.008481635744036384,0.0,0.012570995834911208,1
1950,2020-01-06 10:00:00,130.905,131.4099,130.4,130.7879,174380.0,-0.0008945418433214434,0.003856995531110287,0.0038577594438714753,1
1951,2020-01-06 11:00:00,130.81,131.39,130.81,131.365,92811.0,0.004242794893356829,0.004433911780444799,0.0,1
1952,2020-01-06 12:00:00,131.3884,131.58,131.23,131.5092,80754.0,0.0009194114548925377,0.001458271810905852,0.0012055858812497933,1
1953,2020-01-06 13:00:00,131.48,131.869,131.37,131.42,122926.0,-0.00045634317006390535,0.0029586248859142837,0.0008366291451170157,1
1954,2020-01-06 14:00:00,131.4,131.66,131.24,131.37,91494.0,-0.00022831050228311366,0.001978691019786841,0.0012176560121765342,1
1955,2020-01-06 15:00:00,131.4,131.65,131.33,131.65,302098.0,0.001902587519025875,0.001902587519025875,0.0005327245053271931,1
1956,2020-01-06 16:00:00,131.63,131.63,131.63,131.63,198789.0,0.0,0.0,0.0,1
1957,2020-01-07 09:00:00,131.58,132.1,130.56,131.0,95023.0,-0.004407964736282204,0.003951968384252788,0.007751937984496201,1
1958,2020-01-07 10:00:00,131.0,131.18,130.58,130.97,152216.0,-0.00022900763358779493,0.0013740458015267696,0.003206106870228912,1
1959,2020-01-07 11:00:00,130.95,131.87,130.69,130.74,154629.0,-0.0016036655211911382,0.007025582283314364,0.0019854906452843905,1
1960,2020-01-07 12:00:00,130.74,130.86,130.53,130.71,107436.0,-0.00022946305644792057,0.0009178522257916823,0.001606241395135444,1
1961,2020-01-07 13:00:00,130.68,131.07,130.67,130.85,101057.0,0.0013008876645239323,0.002984389348025607,7.652280379567895e-05,1
1962,2020-01-07 14:00:00,130.9,130.99,130.64,130.89,94110.0,-7.63941940414005e-05,0.0006875477463713018,0.001986249045072722,1
1963,2020-01-07 15:00:00,130.91,131.06,130.44,130.44,277662.0,-0.0035902528454663423,0.0011458253762127086,0.0035902528454663423,1
1964,2020-01-07 16:00:00,130.44,130.44,130.44,130.44,87536.0,0.0,0.0,0.0,1
1965,2020-01-07 17:00:00,130.44,130.44,130.44,130.44,351.0,0.0,0.0,0.0,1
1966,2020-01-07 18:00:00,130.0,130.0,130.0,130.0,320.0,0.0,0.0,0.0,1
1967,2020-01-07 19:00:00,123.0,125.0,123.0,124.9499,4800.0,0.01585284552845528,0.016260162601626018,0.0,1
1968,2020-01-08 06:00:00,130.4,130.4,130.4,130.4,200.0,0.0,0.0,0.0,1
1969,2020-01-08 07:00:00,130.0,130.0,130.0,130.0,195.0,0.0,0.0,0.0,1
1970,2020-01-08 08:00:00,130.4,130.4,130.3,130.3,16596.0,-0.0007668711656441281,0.0,0.0007668711656441281,1
1971,2020-01-08 09:00:00,130.3,131.605,130.02,131.3625,120577.0,0.008154259401381427,0.010015349194167139,0.002148887183422879,1
1972,2020-01-08 10:00:00,131.35,131.35,130.545,131.0,122225.0,-0.002664636467453326,0.0,0.006128663875142801,1
1973,2020-01-08 11:00:00,131.005,132.56,130.82,132.52,217232.0,0.011564444105186937,0.011869775962749567,0.0014121598412274515,1
1974,2020-01-08 12:00:00,132.53,132.71,132.41,132.56,144969.0,0.00022636384214895597,0.0013581830528937358,0.0009054553685958239,1
1975,2020-01-08 13:00:00,132.56,132.59,132.17,132.245,95631.0,-0.0023762824381412017,0.00022631261315631516,0.002942063971032097,1
1976,2020-01-08 14:00:00,132.27,132.585,132.2,132.42,130552.0,0.0011340440009070631,0.0023814924019051765,0.0005292205337568731,1
1977,2020-01-08 15:00:00,132.42,132.71,131.915,132.22,368944.0,-0.001510345869203962,0.002190001510346024,0.0038136233197401865,1
1978,2020-01-08 16:00:00,132.22,132.64,132.21,132.22,34223.0,0.0,0.0031765239751927656,7.563152321880884e-05,1
1979,2020-01-09 07:00:00,133.5,133.9,133.5,133.9,1092.0,0.0029962546816479827,0.0029962546816479827,0.0,1
1980,2020-01-09 08:00:00,133.65,133.83,133.65,133.83,400.0,0.0013468013468013978,0.0013468013468013978,0.0,1
1981,2020-01-09 09:00:00,133.88,134.2,132.94,133.51,83332.0,-0.0027636689572752057,0.0023902001792649626,0.0070212130265909604,1
1982,2020-01-09 10:00:00,133.53,134.84,133.33,134.725,206209.0,0.008949299782820289,0.009810529469033193,0.001497790758630934,1
1983,2020-01-09 11:00:00,134.695,135.0594,134.31,134.3878,244658.0,-0.002280708266825009,0.002705371394632448,0.002858309514087315,1
1984,2020-01-09 12:00:00,134.3851,134.47,133.77,134.165,54528.0,-0.001637830384469723,0.0006317664681575907,0.004577144341150798,1
1985,2020-01-09 13:00:00,134.21,134.34,134.015,134.12,98021.0,-0.0006705908650622413,0.000968631249534278,0.0014529468743016288,1
1986,2020-01-09 14:00:00,134.15,134.2,133.68,133.7,81607.0,-0.003354453969437324,0.000372717107715117,0.0035035408125232864,1
1987,2020-01-09 15:00:00,133.73,134.075,133.69,133.92,214047.0,0.001420773199730784,0.0025798250205638145,0.0002991101473116881,1
1988,2020-01-09 16:00:00,133.92,133.92,133.92,133.92,47161.0,0.0,0.0,0.0,1
1989,2020-01-10 09:00:00,134.17,134.35,133.46,134.35,37563.0,0.0013415815756130792,0.0013415815756130792,0.005291793992695681,1
1990,2020-01-10 10:00:00,134.36,134.49,133.75,134.42,66801.0,0.00044656147662975476,0.000967549866031523,0.004540041679071253,1
1991,2020-01-10 11:00:00,134.37,134.395,133.34,133.38,87488.0,-0.007367716008037576,0.00018605343454644404,0.007665401503311759,1
1992,2020-01-10 12:00:00,133.41,133.43,133.055,133.21,85151.0,-0.0014991379956524147,0.00014991379956532668,0.0026609699422831105,1
1993,2020-01-10 13:00:00,133.19,133.67,133.19,133.51,61625.0,0.00240258277648467,0.003603874164727005,0.0,1
1994,2020-01-10 14:00:00,133.5059,133.54,133.14,133.33,64250.0,-0.0013175447676843075,0.00025541942341121354,0.0027407028453424946,1
1995,2020-01-10 15:00:00,133.35,133.35,132.69,133.18,261168.0,-0.0012748406449192913,0.0,0.0049493813273340575,1
1996,2020-01-10 16:00:00,133.19,133.19,133.19,133.19,60686.0,0.0,0.0,0.0,1
1997,2020-01-13 09:00:00,133.66,133.84,132.86,133.43,77734.0,-0.0017207840790063578,0.001346700583570304,0.005985335926978775,1
1998,2020-01-13 10:00:00,133.51,133.575,132.72,132.8235,80510.0,-0.005141936933562994,0.00048685491723464707,0.00591715976331355,1
1999,2020-01-13 11:00:00,132.81,133.15,132.51,132.86,126387.0,0.0003764776748739656,0.0025600481891424093,0.0022588660492433655,1
2000,2020-01-13 12:00:00,132.865,133.24,132.69,133.11,115635.0,0.0018439769691040119,0.002822413728220374,0.0013171264065029266,1
2001,2020-01-13 13:00:00,133.1125,133.1125,132.79,133.03,61481.0,-0.0006197765048362116,0.0,0.0024227627007232175,1
2002,2020-01-13 14:00:00,133.04,133.1796,132.79,133.08,130732.0,0.000300661455201597,0.001049308478653048,0.00187913409500902,1
2003,2020-01-13 15:00:00,133.07,133.225,132.95,133.1,277260.0,0.00022544525437740391,0.0011648004809498846,0.0009017810175096157,1
2004,2020-01-13 16:00:00,133.11,133.11,133.11,133.11,112892.0,0.0,0.0,0.0,1
2005,2020-01-14 08:00:00,133.05,133.05,133.05,133.05,100.0,0.0,0.0,0.0,1
2006,2020-01-14 09:00:00,133.45,133.52,132.62,132.63,71904.0,-0.006144623454477281,0.0005245410266018854,0.006219557886848888,1
2007,2020-01-14 10:00:00,132.63,133.0961,132.55,132.75,81300.0,0.0009047726758652231,0.0035142878685064578,0.000603181783910006,1
2008,2020-01-14 11:00:00,132.78,133.3156,132.74,133.11,94490.0,0.0024853140533213774,0.0040337400210874235,0.00030125018828130773,1
2009,2020-01-14 12:00:00,133.1,133.37,132.93,133.05,69034.0,-0.00037565740045066075,0.002028549962434337,0.0012772351615325883,1
2010,2020-01-14 13:00:00,133.03,133.615,133.02,133.15,118682.0,0.0009020521686837897,0.004397504322333368,7.517101405691126e-05,1
2011,2020-01-14 14:00:00,133.19,133.28,132.63,133.085,87159.0,-0.0007883474735339723,0.0006757264058863535,0.004204519858848279,1
2012,2020-01-14 15:00:00,133.11,133.19,132.83,132.95,210407.0,-0.0012020133723989557,0.0006010066861992644,0.002103523401697852,1
2013,2020-01-14 16:00:00,132.76,133.06,132.76,132.95,176050.0,0.001431153962036741,0.002259716782163388,0.0,1
2014,2020-01-14 17:00:00,132.95,132.95,132.95,132.95,14572.0,0.0,0.0,0.0,1
2015,2020-01-15 09:00:00,132.91,133.87,132.82,133.56,55924.0,0.004890527424573062,0.007222932811677135,0.0006771499510947514,1
2016,2020-01-15 10:00:00,133.635,133.69,133.0,133.345,68045.0,-0.00217009017098808,0.0004115688255322844,0.004751749167508444,1
2017,2020-01-15 11:00:00,133.355,133.38,132.765,132.93,109634.0,-0.003186982115406119,0.00018746953620041009,0.004424281054328697,1
2018,2020-01-15 12:00:00,132.875,132.875,132.27,132.31,86638.0,-0.0042521166509877535,0.0,0.00455315145813727,1
2019,2020-01-15 13:00:00,132.285,132.45,132.19,132.27,75544.0,-0.00011339154099093895,0.0012473069509014026,0.0007181464262765912,1
2020,2020-01-15 14:00:00,132.35,132.79,132.29,132.67,101938.0,0.002417831507366779,0.003324518322629375,0.0004533434076312979,1
2021,2020-01-15 15:00:00,132.654,132.7,132.02,132.63,252776.0,-0.00018092179655344664,0.00034676677672736795,0.0047793507922865965,1
2022,2020-01-15 16:00:00,132.62,132.62,132.62,132.62,10631.0,0.0,0.0,0.0,1
2023,2020-01-16 09:00:00,132.62,133.79,132.62,133.27,40591.0,0.004901221535213434,0.00882219876338401,0.0,1
2024,2020-01-16 10:00:00,133.31,133.9758,133.12,133.901,85064.0,0.004433275823269134,0.004994374015452631,0.0014252494186482465,1
2025,2020-01-16 11:00:00,133.92,134.13,133.35,133.555,92964.0,-0.0027255077658302025,0.0015681003584229985,0.004256272401433641,1
2026,2020-01-16 12:00:00,133.57,134.14,133.41,134.05,43913.0,0.0035936213221533144,0.004267425320056848,0.001197873774051034,1
2027,2020-01-16 13:00:00,134.04,134.045,133.79,134.045,32258.0,3.730229782151188e-05,3.730229782151188e-05,0.0018651148910772905,1
2028,2020-01-16 14:00:00,134.04,134.06,133.73,133.84,40484.0,-0.0014920919128617476,0.00014920919128625957,0.002312742464935857,1
2029,2020-01-16 15:00:00,133.81,134.105,133.78,134.03,168457.0,0.0016441222629100878,0.0022046184889020813,0.00022419849039683983,1
2030,2020-01-16 16:00:00,134.05,134.05,134.05,134.05,90908.0,0.0,0.0,0.0,1
2031,2020-01-16 18:00:00,134.03,134.05,134.02,134.05,300.0,0.000149220323808179,0.000149220323808179,7.461016190398347e-05,1
2032,2020-01-17 09:00:00,134.08,134.86,133.245,134.85,141247.0,0.005742840095465258,0.00581742243436755,0.006227625298329415,1
2033,2020-01-17 10:00:00,134.85,135.315,134.53,134.835,99264.0,-0.00011123470522792998,0.003448275862068991,0.002373007044864614,1
2034,2020-01-17 11:00:00,134.86,134.865,133.92,134.541,86011.0,-0.0023654159869495534,3.70754856888288e-05,0.006970191309506347,1
2035,2020-01-17 12:00:00,134.51,134.5722,134.38,134.42,39786.0,-0.000669095234555077,0.00046241915099262855,0.0009664708943572631,1
2036,2020-01-17 13:00:00,134.455,134.7868,134.41,134.7868,43205.0,0.0024677401361049194,0.0024677401361049194,0.0003346844669221369,1
2037,2020-01-17 14:00:00,134.765,134.8,134.55,134.66,57604.0,-0.0007791340481578286,0.0002597113493861538,0.0015953697176564763,1
2038,2020-01-17 15:00:00,134.69,135.08,134.57,135.01,227231.0,0.002375825970747592,0.0028955379018487993,0.0008909347390303998,1
2039,2020-01-17 16:00:00,135.05,135.05,135.05,135.05,41482.0,0.0,0.0,0.0,1
2040,2020-01-21 07:00:00,133.0,133.8,133.0,133.8,3100.0,0.006015037593985048,0.006015037593985048,0.0,1
2041,2020-01-21 08:00:00,133.8,133.8,133.0,133.52,11700.0,-0.0020926756352765406,0.0,0.005979073243647319,1
2042,2020-01-21 09:00:00,133.52,133.52,130.61,131.46,364187.0,-0.015428400239664486,0.0,0.021794487717195898,1
2043,2020-01-21 10:00:00,131.44,131.54,129.01,129.13,636062.0,-0.017574558734023145,0.0007608034083992264,0.018487522824102303,1
2044,2020-01-21 11:00:00,129.11,130.56,128.86,130.5,427292.0,0.010766013476880073,0.011230733483076356,0.0019363333591511113,1
2045,2020-01-21 12:00:00,130.49,130.54,129.49,130.47,213678.0,-0.00015326844968970978,0.0003831711242239478,0.007663422484481569,1
2046,2020-01-21 13:00:00,130.5,130.82,128.27,128.3,264014.0,-0.016858237547892632,0.0024521072796934345,0.017088122605363906,1
2047,2020-01-21 14:00:00,128.28,129.32,128.22,128.93,234612.0,0.005067040848144728,0.008107265357031431,0.00046772684752106544,1
2048,2020-01-21 15:00:00,128.93,129.73,128.93,129.66,547346.0,0.005661987124796321,0.0062049173970370195,0.0,1
2049,2020-01-21 16:00:00,129.68,130.375,129.68,129.68,261124.0,0.0,0.005359346082664969,0.0,1
2050,2020-01-22 09:00:00,130.57,131.43,130.25,130.645,163698.0,0.0005744045339665854,0.006586505322815453,0.0024507926782568216,1
2051,2020-01-22 10:00:00,130.63,131.32,130.3,130.34,297214.0,-0.002220010717293057,0.005282094465283609,0.0025262190920920468,1
2052,2020-01-22 11:00:00,130.31,130.69,129.82,130.43,157515.0,0.0009208809761338696,0.0029161230910904417,0.003760263985879895,1
2053,2020-01-22 12:00:00,130.44,130.59,130.15,130.44,88228.0,0.0,0.00114995400183997,0.00222324440355713,1
2054,2020-01-22 13:00:00,130.44,130.78,130.25,130.315,97258.0,-0.0009582950015332721,0.0026065624041705262,0.001456608402330556,1
2055,2020-01-22 14:00:00,130.3,130.43,129.7,129.755,174502.0,-0.004182655410591066,0.0009976976208748692,0.004604758250192039,1
2056,2020-01-22 15:00:00,129.72,129.75,128.79,129.12,517404.0,-0.004625346901017533,0.00023126734505088758,0.007169287696577296,1
2057,2020-01-22 16:00:00,129.13,131.0166,129.13,129.13,104718.0,0.0,0.01461008286223198,0.0,1
2058,2020-01-23 07:00:00,128.5,128.5,128.5,128.5,185.0,0.0,0.0,0.0,1
2059,2020-01-23 08:00:00,128.4998,128.5,125.98,125.98,19424.0,-0.01960936904181944,1.5564226559624164e-06,0.01960936904181944,1
2060,2020-01-23 09:00:00,127.04,127.2,123.47,127.07,407324.0,0.0002361460957177812,0.0012594458438286884,0.02810138539042827,1
2061,2020-01-23 10:00:00,127.085,127.66,126.43,126.65,298136.0,-0.0034229059291024755,0.004524530825825258,0.005154030766809513,1
2062,2020-01-23 11:00:00,126.69,127.11,126.25,127.085,246550.0,0.0031178467124476756,0.0033151787828558034,0.003473044439182238,1
2063,2020-01-23 12:00:00,127.12,127.76,126.95,127.65,245661.0,0.004169288860918826,0.005034612964128387,0.001337319068596615,1
2064,2020-01-23 13:00:00,127.72,129.32,127.6,129.3,174642.0,0.012370811149389387,0.012527403695584046,0.0009395552771688424,1
2065,2020-01-23 14:00:00,129.32,129.66,129.21,129.615,165631.0,0.0022811630064956383,0.0026291370244355353,0.000850603154964315,1
2066,2020-01-23 15:00:00,129.6,129.77,129.48,129.57,356098.0,-0.00023148148148149027,0.0013117283950618514,0.0009259259259259611,1
2067,2020-01-23 16:00:00,129.59,129.59,129.59,129.59,33557.0,0.0,0.0,0.0,1
2068,2020-01-24 09:00:00,129.45,129.45,127.21,127.62,171595.0,-0.014136732329084467,0.0,0.017303978370027,1
2069,2020-01-24 10:00:00,127.61,127.675,125.08,125.26,402908.0,-0.01841548467988398,0.0005093644698691148,0.019826032442598552,1
2070,2020-01-24 11:00:00,125.23,125.27,124.0,124.48,362317.0,-0.005988980276291623,0.00031941228140215633,0.009821927653118293,1
2071,2020-01-24 12:00:00,124.4779,125.91,124.36,125.5,302080.0,0.008211096106216401,0.011504853471981703,0.0009471560815213454,1
2072,2020-01-24 13:00:00,125.49,125.8,125.18,125.68,212287.0,0.0015140648657264479,0.0024703163598693307,0.002470316359869217,1
2073,2020-01-24 14:00:00,125.7089,125.84,124.92,125.82,264416.0,0.0008837878622754102,0.0010428855872575732,0.006275609761918195,1
2074,2020-01-24 15:00:00,125.84,127.06,125.8,126.5,680783.0,0.005244755244755217,0.009694850603941504,0.00031786395422764025,1
2075,2020-01-24 16:00:00,126.51,126.51,126.51,126.51,79747.0,0.0,0.0,0.0,1
2076,2020-01-27 07:00:00,121.68,122.65,120.01,122.65,767.0,0.00797172912557527,0.00797172912557527,0.013724523339907969,1
2077,2020-01-27 08:00:00,120.85,122.8,120.2,120.55,3635.0,-0.002482416218452604,0.016135705419942102,0.005378568473313955,1
2078,2020-01-27 09:00:00,120.5,120.9,115.82,118.84,1039847.0,-0.013775933609958478,0.003319502074688844,0.03883817427385898,1
2079,2020-01-27 10:00:00,118.84,119.23,117.01,117.56,860535.0,-0.010770784247728047,0.0032817233254796413,0.015398855604173664,1
2080,2020-01-27 11:00:00,117.54,118.67,117.2,118.605,466213.0,0.009060745278203145,0.009613748511145102,0.0028926322953888328,1
2081,2020-01-27 12:00:00,118.58,119.32,118.14,118.61,375599.0,0.00025299375948727556,0.006240512734019184,0.0037105751391465487,1
2082,2020-01-27 13:00:00,118.615,119.14,118.6,118.9,358294.0,0.0024027315263669084,0.004426084390675764,0.00012645955401931097,1
2083,2020-01-27 14:00:00,118.95,119.48,117.7961,118.1,374986.0,-0.0071458596048760694,0.004455653635981514,0.009700714585960548,1
2084,2020-01-27 15:00:00,118.11,118.32,116.72,116.94,943914.0,-0.009906019812039639,0.001778003556007059,0.01176869020404708,1
2085,2020-01-27 16:00:00,116.93,116.93,116.91,116.91,70928.0,-0.00017104250406234698,0.0,0.00017104250406234698,1
2086,2020-01-27 17:00:00,117.0,117.0,116.91,116.91,110217.0,-0.0007692307692307984,0.0,0.0007692307692307984,1
2087,2020-01-27 18:00:00,117.0,117.0,117.0,117.0,100.0,0.0,0.0,0.0,1
2088,2020-01-28 05:00:00,116.1,116.1,116.1,116.1,100.0,0.0,0.0,0.0,1
2089,2020-01-28 08:00:00,118.01,118.01,118.01,118.01,717.0,0.0,0.0,0.0,1
2090,2020-01-28 09:00:00,118.95,119.99,117.3,118.22,303153.0,-0.006137032366540596,0.008743169398907036,0.01387137452711228,1
2091,2020-01-28 10:00:00,118.19,120.73,118.09,120.28,662249.0,0.017683391149843502,0.021490819866317002,0.0008460952703273908,1
2092,2020-01-28 11:00:00,120.29,120.43,119.71,120.13,224181.0,-0.001330118879374934,0.0011638540194529932,0.004821680937733914,1
2093,2020-01-28 12:00:00,120.1,121.61,120.03,121.26,207299.0,0.009658617818484686,0.012572855953372233,0.000582847626977462,1
2094,2020-01-28 13:00:00,121.255,121.255,120.07,121.14,176074.0,-0.0009484144983711591,0.0,0.009772792874520658,1
2095,2020-01-28 14:00:00,121.11,121.385,120.41,120.67,264349.0,-0.003633060853769282,0.00227066303360586,0.005779869540087548,1
2096,2020-01-28 15:00:00,120.64,120.92,120.37,120.43,493294.0,-0.001740716180371301,0.002320954907161813,0.002238063660477421,1
2097,2020-01-28 16:00:00,120.43,123.0,120.43,120.6,56107.0,0.0014116084032216847,0.02134019762517639,0.0,1
2098,2020-01-28 17:00:00,120.43,120.43,120.43,120.43,31967.0,0.0,0.0,0.0,1
2099,2020-01-28 18:00:00,120.43,120.43,120.0,120.0,1909.0,-0.0035705389022669333,0.0,0.0035705389022669333,1
2100,2020-01-29 08:00:00,120.5,120.5,120.3,120.3,453.0,-0.001659751037344422,0.0,0.001659751037344422,1
2101,2020-01-29 09:00:00,119.94,123.82,119.94,122.76,422585.0,0.023511755877939033,0.03234950808737699,0.0,1
2102,2020-01-29 10:00:00,122.49,122.565,120.735,121.935,385981.0,-0.004530982120989408,0.0006122948812148163,0.01432770022042612,1
2103,2020-01-29 11:00:00,121.96,122.46,121.47,122.37,238853.0,0.003361757953427442,0.00409970482125287,0.004017710724827771,1
2104,2020-01-29 12:00:00,122.37,122.56,121.47,121.65,113217.0,-0.005883795047805825,0.00155266813761541,0.00735474380975734,1
2105,2020-01-29 13:00:00,121.6,122.5,121.55,122.5,114744.0,0.0074013157894737315,0.0074013157894737315,0.00041118421052629246,1
2106,2020-01-29 14:00:00,122.44,122.84,121.9,121.95,150206.0,-0.0040019601437438325,0.0032669062397909644,0.0044103234237176745,1
2107,2020-01-29 15:00:00,121.93,122.04,121.49,121.58,486702.0,-0.0028704994669073117,0.0009021569753136999,0.003608627901254916,1
2108,2020-01-29 16:00:00,121.47,121.64,121.47,121.64,11476.0,0.0013995225158475483,0.0013995225158475483,0.0,1
2109,2020-01-29 17:00:00,121.47,121.47,121.47,121.47,314.0,0.0,0.0,0.0,1
2110,2020-01-29 18:00:00,121.47,121.47,121.47,121.47,300.0,0.0,0.0,0.0,1
2111,2020-01-30 06:00:00,116.21,116.21,115.0,115.0,809.0,-0.010412184837793596,0.0,0.010412184837793596,1
2112,2020-01-30 07:00:00,114.94,116.0,114.57,116.0,7635.0,0.009222202888463565,0.009222202888463565,0.00321907081955807,1
2113,2020-01-30 08:00:00,114.3437,116.6,114.3437,114.92,13179.0,0.005040067795602236,0.019732613165395173,0.0,1
2114,2020-01-30 09:00:00,114.89,118.92,114.42,117.28,969909.0,0.020802506745582736,0.03507703020280269,0.004090869527374,1
2115,2020-01-30 10:00:00,117.37,118.44,116.24,116.47,659410.0,-0.007668058277242955,0.009116469285166509,0.009627673170316176,1
2116,2020-01-30 11:00:00,116.465,118.21,116.43,117.62,309715.0,0.009917142489159843,0.01498304211565698,0.00030051946936845053,1
2117,2020-01-30 12:00:00,117.62,117.77,116.64,116.97,196132.0,-0.005526271042339786,0.001275293317462944,0.008331916340758408,1
2118,2020-01-30 13:00:00,116.98,118.0,116.83,117.59,242004.0,0.005214566592579923,0.008719439220379517,0.0012822704735852767,1
2119,2020-01-30 14:00:00,117.55,118.585,117.2441,118.35,405506.0,0.006805614632071435,0.008804763930242421,0.0026022968949382737,1
2120,2020-01-30 15:00:00,118.44,120.11,118.16,119.74,1090445.0,0.010976021614319462,0.014099966227625816,0.0023640661938534374,1
2121,2020-01-30 16:00:00,119.7,120.21,118.9,119.7,21361.0,0.0,0.0042606516290726055,0.006683375104427712,1
2122,2020-01-30 17:00:00,120.2,120.2,119.7,119.7,900.0,-0.004159733777038269,0.0,0.004159733777038269,1
2123,2020-01-30 18:00:00,120.0,120.0,120.0,120.0,100.0,0.0,0.0,0.0,1
2124,2020-01-31 09:00:00,119.71,120.6,118.415,118.56,215821.0,-0.009606549160471068,0.007434633698103756,0.010817809706791309,1
2125,2020-01-31 10:00:00,118.58,118.87,117.97,118.12,247611.0,-0.003879237645471359,0.0024456063417102906,0.005144206442907737,1
2126,2020-01-31 11:00:00,118.11,118.47,117.5,118.14,203414.0,0.0002540005080010256,0.003048006096012187,0.005164676996020654,1
2127,2020-01-31 12:00:00,118.19,118.2,117.18,117.65,245803.0,-0.004568914459768102,8.460952703278718e-05,0.008545562230307056,1
2128,2020-01-31 13:00:00,117.65,117.94,117.17,117.58,133942.0,-0.0005949851253719285,0.0024649383765405187,0.00407989800254997,1
2129,2020-01-31 14:00:00,117.61,117.81,117.21,117.41,174002.0,-0.001700535668735676,0.001700535668735676,0.003401071337471352,1
2130,2020-01-31 15:00:00,117.43,117.47,116.68,117.03,526843.0,-0.003406284595077967,0.00034062845950772407,0.006386783615771097,1
2131,2020-01-31 16:00:00,117.08,117.08,117.08,117.08,23680.0,0.0,0.0,0.0,1
2132,2020-01-31 17:00:00,117.05,117.05,117.05,117.05,195.0,0.0,0.0,0.0,1
2133,2020-01-31 19:00:00,116.65,117.05,116.65,117.05,700.0,0.0034290612944705653,0.0034290612944705653,0.0,1
2134,2020-02-03 07:00:00,118.0,118.0,116.89,116.89,1271.0,-0.009406779661016945,0.0,0.009406779661016945,2
2135,2020-02-03 09:00:00,116.09,119.0,115.48,118.9,377502.0,0.024205357911964875,0.025066758549401297,0.0052545438883624725,2
2136,2020-02-03 10:00:00,118.91,119.3739,117.1213,117.31,218677.0,-0.013455554621141994,0.0039012698679674507,0.015042469094272908,2
2137,2020-02-03 11:00:00,117.36,117.39,114.26,115.14,576551.0,-0.018916155419222893,0.00025562372188140027,0.026414451261076978,2
2138,2020-02-03 12:00:00,115.17,115.82,114.95,115.79,217430.0,0.0053833463575584314,0.005643830858730498,0.0019102196752626454,2
2139,2020-02-03 13:00:00,115.74,116.28,115.35,116.18,185426.0,0.003801624330395818,0.004665629860031158,0.0033696215655780247,2
2140,2020-02-03 14:00:00,116.1821,116.52,115.925,116.365,255126.0,0.0015742528324069662,0.0029083654022434655,0.0022129054303546614,2
2141,2020-02-03 15:00:00,116.39,116.74,116.09,116.45,855202.0,0.0005155082051722852,0.0030071311968381674,0.002577541025861304,2
2142,2020-02-03 16:00:00,116.45,116.58,115.71,116.0,106915.0,-0.0038643194504079247,0.001116358952340021,0.006354658651781958,2
2143,2020-02-03 17:00:00,116.0,116.0,116.0,116.0,1718.0,0.0,0.0,0.0,2
2144,2020-02-03 18:00:00,116.15,116.15,116.15,116.15,100.0,0.0,0.0,0.0,2
2145,2020-02-03 19:00:00,116.0,116.0,116.0,116.0,205.0,0.0,0.0,0.0,2
2146,2020-02-04 08:00:00,120.75,123.0,118.4,123.0,22164.0,0.018633540372670808,0.018633540372670808,0.019461697722567242,2
2147,2020-02-04 09:00:00,122.17,123.25,118.86,120.89,393537.0,-0.010477203896210208,0.008840140787427342,0.02709339445035608,2
2148,2020-02-04 10:00:00,120.805,121.21,119.33,119.8,404755.0,-0.008319192086420344,0.0033525102437811922,0.012209759529820856,2
2149,2020-02-04 11:00:00,119.82,119.8525,117.54,117.54,321792.0,-0.019028542814221224,0.0002712401936238781,0.019028542814221224,2
2150,2020-02-04 12:00:00,117.56,119.34,117.47,119.23,295315.0,0.014205512078938429,0.01514120449132359,0.0007655665192242549,2
2151,2020-02-04 13:00:00,119.23,119.415,117.3,117.4098,406080.0,-0.015266292040593809,0.0015516229136962364,0.016187201207749784,2
2152,2020-02-04 14:00:00,117.56,118.2685,116.71,117.55,255574.0,-8.506294658051306e-05,0.006026709765226274,0.0072303504593399836,2
2153,2020-02-04 15:00:00,117.52,118.34,117.37,118.0,765280.0,0.004084411164057215,0.006977535738597749,0.0012763784887677967,2
2154,2020-02-04 16:00:00,118.0,118.12,118.0,118.0,177107.0,0.0,0.0010169491525424115,0.0,2
2155,2020-02-04 17:00:00,117.51,117.51,115.01,115.22,4226.0,-0.01948770317419799,0.0,0.02127478512467024,2
2156,2020-02-04 18:00:00,115.0,116.0,115.0,116.0,250.0,0.008695652173913044,0.008695652173913044,0.0,2
2157,2020-02-04 19:00:00,116.5,116.5,116.5,116.5,100.0,0.0,0.0,0.0,2
2158,2020-02-05 04:00:00,118.0,119.65,118.0,119.65,792.0,0.013983050847457676,0.013983050847457676,0.0,2
2159,2020-02-05 05:00:00,119.6,119.6,119.0,119.0,613.0,-0.005016722408026708,0.0,0.005016722408026708,2
2160,2020-02-05 06:00:00,119.0,119.0,119.0,119.0,200.0,0.0,0.0,0.0,2
2161,2020-02-05 07:00:00,119.19,119.2,119.16,119.19,1500.0,0.0,8.389965601145328e-05,0.0002516989680342406,2
2162,2020-02-05 08:00:00,119.5,119.75,119.42,119.54,2671.0,0.0003347280334728557,0.0020920502092050207,0.0006694560669455924,2
2163,2020-02-05 09:00:00,119.05,120.82,118.75,120.33,435601.0,0.010751784964300723,0.014867702645947048,0.002519949601007956,2
2164,2020-02-05 10:00:00,120.29,120.34,118.36,119.02,406214.0,-0.01055781860503791,0.00041566214980461513,0.016044558982459114,2
2165,2020-02-05 11:00:00,119.02,119.435,118.63,118.7,192724.0,-0.002688623760712428,0.003486808939674057,0.0032767602083683465,2
2166,2020-02-05 12:00:00,118.705,118.72,117.72,117.97,331257.0,-0.006191820058127286,0.00012636367465566377,0.008297881302388269,2
2167,2020-02-05 13:00:00,117.97,118.13,117.61,117.87,146489.0,-0.0008476731372382328,0.0013562770195812207,0.0030516232940578066,2
2168,2020-02-05 14:00:00,117.855,118.68,117.77,118.68,238341.0,0.007000127275041388,0.007000127275041388,0.0007212252343982687,2
2169,2020-02-05 15:00:00,118.7,118.9199,118.14,118.26,534155.0,-0.0037068239258635023,0.0018525695029485724,0.004717775905644501,2
2170,2020-02-05 16:00:00,118.26,118.26,118.26,118.26,38644.0,0.0,0.0,0.0,2
2171,2020-02-05 17:00:00,118.26,118.26,118.26,118.26,1890.0,0.0,0.0,0.0,2
2172,2020-02-06 09:00:00,118.9,119.88,118.26,119.855,170103.0,0.008031959629941113,0.008242220353237928,0.0053826745164003405,2
2173,2020-02-06 10:00:00,119.855,120.295,118.89,118.91,313669.0,-0.007884527136957219,0.003671102582286911,0.008051395436152044,2
2174,2020-02-06 11:00:00,118.92,119.04,118.47,118.645,252211.0,-0.002312478977463889,0.0010090817356206234,0.0037840565085772186,2
2175,2020-02-06 12:00:00,118.645,118.81,118.1,118.3662,221775.0,-0.002349867251042941,0.0013907033587593769,0.004593535336508085,2
2176,2020-02-06 13:00:00,118.33,118.6694,117.51,117.8909,242837.0,-0.0037108087551761706,0.0028682498098537793,0.006929772669652608,2
2177,2020-02-06 14:00:00,117.89,117.89,117.1,117.53,277419.0,-0.003053694121638811,0.0,0.00670116210026301,2
2178,2020-02-06 15:00:00,117.55,117.55,116.6,116.69,651231.0,-0.007316035729476813,0.0,0.008081667375584882,2
2179,2020-02-06 16:00:00,117.7362,117.7362,116.67,116.67,99609.0,-0.009055838391250907,0.0,0.009055838391250907,2
2180,2020-02-06 19:00:00,116.7,116.7,116.0,116.0,1121.0,-0.005998286203941755,0.0,0.005998286203941755,2
2181,2020-02-07 04:00:00,117.0,117.0,117.0,117.0,100.0,0.0,0.0,0.0,2
2182,2020-02-07 06:00:00,117.04,117.05,116.41,116.41,2002.0,-0.005382775119617307,8.544087491448141e-05,0.005382775119617307,2
2183,2020-02-07 07:00:00,115.65,115.65,115.65,115.65,200.0,0.0,0.0,0.0,2
2184,2020-02-07 08:00:00,115.5,115.5,113.94,113.95,7882.0,-0.013419913419913396,0.0,0.013506493506493526,2
2185,2020-02-07 09:00:00,113.91,113.91,110.52,111.48,1007292.0,-0.021332631024492957,0.0,0.029760337108243357,2
2186,2020-02-07 10:00:00,111.63,113.44,111.4924,112.85,737814.0,0.01092896174863387,0.016214279315596186,0.001232643554599946,2
2187,2020-02-07 11:00:00,112.84,114.31,112.471,113.635,333170.0,0.007045373980857867,0.01302729528535979,0.003270116979794397,2
2188,2020-02-07 12:00:00,113.6,113.81,112.24,113.37,810737.0,-0.002024647887323854,0.0018485915492958448,0.01197183098591549,2
2189,2020-02-07 13:00:00,113.35,113.66,112.72,112.79,301053.0,-0.0049404499338331544,0.0027348919276577177,0.005558006175562377,2
2190,2020-02-07 14:00:00,112.83,112.9,112.21,112.29,304724.0,-0.004785961180537021,0.0006204023752548737,0.005494992466542626,2
2191,2020-02-07 15:00:00,112.325,113.01,111.4601,111.55,1279370.0,-0.006899621633652399,0.006098375250389515,0.007699977743156072,2
2192,2020-02-07 16:00:00,111.54,111.55,111.01,111.55,58669.0,8.965393580770042e-05,8.965393580770042e-05,0.004751658597812454,2
2193,2020-02-07 17:00:00,111.55,111.55,111.3001,111.3001,400.0,-0.002240251008516331,0.0,0.002240251008516331,2
2194,2020-02-07 18:00:00,111.31,111.5,111.3,111.5,1278.0,0.0017069445692210739,0.0017069445692210739,8.983918785378776e-05,2
2195,2020-02-07 19:00:00,111.4,111.4,111.06,111.3,2662.0,-0.0008976660682226977,0.0,0.0030520646319569427,2
2196,2020-02-10 05:00:00,111.0,111.0,111.0,111.0,266.0,0.0,0.0,0.0,2
2197,2020-02-10 07:00:00,111.0,111.05,110.25,111.05,2214.0,0.00045045045045042487,0.00045045045045042487,0.006756756756756757,2
2198,2020-02-10 08:00:00,111.0101,111.3,111.0,111.1,2948.0,0.0008098362221095206,0.002611474091096242,9.098271238377612e-05,2
2199,2020-02-10 09:00:00,111.07,111.18,109.52,110.54,333802.0,-0.004771765553254587,0.000990366435581288,0.013955163410461846,2
2200,2020-02-10 10:00:00,110.56,110.76,109.815,109.915,354832.0,-0.005833936324167836,0.0018089725036179707,0.006738422575976886,2
2201,2020-02-10 11:00:00,109.94,110.33,109.85,110.16,234560.0,0.002001091504456966,0.0035473894851737364,0.0008186283427324305,2
2202,2020-02-10 12:00:00,110.155,110.32,109.56,109.98,246705.0,-0.0015886705097362549,0.0014978893377512782,0.005401479733103344,2
2203,2020-02-10 13:00:00,109.98,110.19,109.79,109.845,264192.0,-0.0012274959083470186,0.0019094380796507886,0.001727586833969792,2
2204,2020-02-10 14:00:00,109.8291,110.09,109.67,109.81,256633.0,-0.00017390655117809913,0.0023755088587633566,0.001448614256148827,2
2205,2020-02-10 15:00:00,109.82,110.2,109.57,109.66,704811.0,-0.001456929521034389,0.0034602076124568355,0.002276452376616281,2
2206,2020-02-10 16:00:00,109.7,110.265,109.4,109.7,45857.0,0.0,0.005150410209662695,0.0027347310847766378,2
2207,2020-02-10 17:00:00,109.4,109.4,109.4,109.4,200.0,0.0,0.0,0.0,2
2208,2020-02-10 18:00:00,109.4,109.4,109.4,109.4,800.0,0.0,0.0,0.0,2
2209,2020-02-10 19:00:00,110.0,110.0,109.8,109.8,1105.0,-0.001818181818181844,0.0,0.001818181818181844,2
2210,2020-02-11 07:00:00,109.89,110.35,109.89,110.35,800.0,0.004186004186004129,0.004186004186004129,0.0,2
2211,2020-02-11 08:00:00,110.0,110.5,109.8,110.5,3043.0,0.004545454545454545,0.004545454545454545,0.001818181818181844,2
2212,2020-02-11 09:00:00,110.75,112.5,110.25,112.21,448020.0,0.013182844243792268,0.01580135440180587,0.004514672686230248,2
2213,2020-02-11 10:00:00,112.24,113.02,112.01,113.01,531627.0,0.0068602993585175544,0.0069493941553813365,0.0020491803278687615,2
2214,2020-02-11 11:00:00,113.01,113.73,112.94,113.57,397980.0,0.00495531368905396,0.006371117600212361,0.0006194142111318236,2
2215,2020-02-11 12:00:00,113.59,113.98,113.15,113.225,245833.0,-0.0032133110309006873,0.00343340082753764,0.003873580420811671,2
2216,2020-02-11 13:00:00,113.21,113.55,112.705,112.72,277708.0,-0.004328239554809601,0.003003268262521009,0.0044607366840384724,2
2217,2020-02-11 14:00:00,112.71,113.28,112.42,113.03,320445.0,0.002839144707656884,0.005057226510513773,0.002572974891313921,2
2218,2020-02-11 15:00:00,113.03,113.31,112.78,113.06,847599.0,0.00026541626116961104,0.0024772184375829527,0.0022118021764133415,2
2219,2020-02-11 16:00:00,113.06,113.06,113.06,113.06,20488.0,0.0,0.0,0.0,2
2220,2020-02-11 18:00:00,113.95,113.95,113.95,113.95,200.0,0.0,0.0,0.0,2
2221,2020-02-11 19:00:00,113.12,113.12,113.08,113.08,220.0,-0.00035360678925040886,0.0,0.00035360678925040886,2
2222,2020-02-12 07:00:00,113.5,113.5,113.5,113.5,110.0,0.0,0.0,0.0,2
2223,2020-02-12 08:00:00,114.0,114.6,114.0,114.2,2663.0,0.0017543859649123057,0.0052631578947367925,0.0,2
2224,2020-02-12 09:00:00,114.6,117.455,112.41,117.2,781109.0,0.022687609075043705,0.024912739965096024,0.01910994764397904,2
2225,2020-02-12 10:00:00,117.18,118.03,115.98,116.07,835163.0,-0.009472606246799912,0.007253797576378173,0.010240655401945749,2
2226,2020-02-12 11:00:00,116.0679,117.03,115.85,116.285,325239.0,0.0018704568618886192,0.008289113527512833,0.0018773493791134346,2
2227,2020-02-12 12:00:00,116.3,117.2,116.3,116.99,315721.0,0.00593293207222698,0.0077386070507309175,0.0,2
2228,2020-02-12 13:00:00,116.975,117.0857,116.79,116.89,204411.0,-0.000726650993802041,0.0009463560589870354,0.0015815345159221035,2
2229,2020-02-12 14:00:00,116.8898,116.92,116.5842,116.62,307936.0,-0.002308156913605716,0.00025836300515534957,0.002614428290577949,2
2230,2020-02-12 15:00:00,116.64,117.48,116.4,117.23,939997.0,0.005058299039780551,0.007201646090535008,0.0020576131687242358,2
2231,2020-02-12 16:00:00,117.3,117.3,117.23,117.24,41510.0,-0.000511508951406669,0.0,0.0005967604433076998,2
2232,2020-02-12 17:00:00,117.23,117.23,117.23,117.23,177.0,0.0,0.0,0.0,2
2233,2020-02-12 18:00:00,117.4,117.4,116.8,116.8,1267.0,-0.0051107325383305665,0.0,0.0051107325383305665,2
2234,2020-02-12 19:00:00,115.01,116.5,115.01,116.5,2088.0,0.012955395183027518,0.012955395183027518,0.0,2
2235,2020-02-13 07:00:00,114.77,115.25,114.77,115.14,874.0,0.0032238389823124906,0.004182277598675647,0.0,2
2236,2020-02-13 08:00:00,115.0,115.25,114.6,114.6,4101.0,-0.003478260869565267,0.002173913043478261,0.003478260869565267,2
2237,2020-02-13 09:00:00,115.45,115.75,113.7,114.871,493516.0,-0.005015158077089716,0.002598527501082695,0.015158077089649198,2
2238,2020-02-13 10:00:00,114.9,115.66,114.46,115.225,849188.0,0.002828546562227925,0.006614447345517762,0.003829416884247275,2
2239,2020-02-13 11:00:00,115.237,115.98,115.02,115.145,417194.0,-0.0007983546951065956,0.006447581939828434,0.0018830757482405716,2
2240,2020-02-13 12:00:00,115.12,115.33,114.765,115.1,211986.0,-0.0001737317581654815,0.0018241834607365683,0.0030837387074357536,2
2241,2020-02-13 13:00:00,115.07,115.13,114.53,114.64,230695.0,-0.0037368558268879174,0.0005214217432867148,0.004692795689580187,2
2242,2020-02-13 14:00:00,114.65,114.7,113.8,113.81,182526.0,-0.007326646314871377,0.00043610989969469825,0.007413868294810366,2
2243,2020-02-13 15:00:00,113.88,113.95,113.43,113.6,543912.0,-0.0024587284861257563,0.0006146821215315015,0.003951527924130564,2
2244,2020-02-13 16:00:00,113.62,113.62,113.52,113.62,21729.0,0.0,0.0,0.0008801267382503831,2
2245,2020-02-13 17:00:00,112.5,112.5,110.6,111.71,13512.0,-0.007022222222222278,0.0,0.01688888888888894,2
2246,2020-02-13 18:00:00,112.0,113.5,112.0,113.3,2421.0,0.011607142857142832,0.013392857142857142,0.0,2
2247,2020-02-13 19:00:00,113.0,113.0,112.56,112.8,1123.0,-0.0017699115044248039,0.0,0.003893805309734493,2
2248,2020-02-14 07:00:00,111.6,112.97,111.6,112.57,2095.0,0.008691756272401424,0.01227598566308248,0.0,2
2249,2020-02-14 08:00:00,112.4,113.0,112.25,112.5,8213.0,0.0008896797153024405,0.005338078291814896,0.0013345195729537872,2
2250,2020-02-14 09:00:00,112.75,113.62,112.5,113.3,449892.0,0.00487804878048778,0.007716186252771659,0.0022172949002217295,2
2251,2020-02-14 10:00:00,113.19,113.225,112.46,112.995,372067.0,-0.0017227670288894176,0.0003092145949288505,0.00644933297994526,2
2252,2020-02-14 11:00:00,112.995,113.19,112.8,112.99,152425.0,-4.4249745564048524e-05,0.0017257400769944968,0.0017257400769946226,2
2253,2020-02-14 12:00:00,113.01,113.23,112.6,112.95,288961.0,-0.0005309264666843843,0.0019467303778426587,0.0036279975223432507,2
2254,2020-02-14 13:00:00,112.92,113.1,112.44,113.04,204082.0,0.001062699256110561,0.0015940488841657157,0.004250797024442118,2
2255,2020-02-14 14:00:00,113.03,113.29,112.84,113.08,298932.0,0.0004423604352826432,0.0023002742634699205,0.0016809696540741196,2
2256,2020-02-14 15:00:00,113.08,113.2,112.78,113.2,488287.0,0.0010611956137248368,0.0010611956137248368,0.0026529890343119666,2
2257,2020-02-14 16:00:00,113.16,113.44,113.16,113.16,122656.0,0.0,0.002474372569812665,0.0,2
2258,2020-02-14 17:00:00,113.0,113.0,113.0,113.0,100.0,0.0,0.0,0.0,2
2259,2020-02-14 19:00:00,113.16,113.16,113.16,113.16,100.0,0.0,0.0,0.0,2
2260,2020-02-18 04:00:00,113.0,113.0,113.0,113.0,100.0,0.0,0.0,0.0,2
2261,2020-02-18 09:00:00,112.44,112.76,111.38,111.4327,333435.0,-0.008958555674137324,0.00284596229099971,0.009427250088936343,2
2262,2020-02-18 10:00:00,111.38,111.5762,110.79,111.465,527538.0,0.0007631531693302923,0.0017615370802657982,0.005297180822409672,2
2263,2020-02-18 11:00:00,111.48,111.5,110.73,110.7832,321438.0,-0.006250448510943759,0.0001794043774667745,0.006727664155005382,2
2264,2020-02-18 12:00:00,110.8,111.185,110.71,111.0,346208.0,0.0018050541516245744,0.0034747292418773027,0.0008122743682310778,2
2265,2020-02-18 13:00:00,111.02,111.37,110.95,111.195,364614.0,0.0015762925598990917,0.0031525851197983113,0.0006305170239595855,2
2266,2020-02-18 14:00:00,111.21,111.32,111.06,111.16,183754.0,-0.0004495998561280205,0.0009891196834816963,0.0013487995683840615,2
2267,2020-02-18 15:00:00,111.17,111.41,110.93,111.39,537077.0,0.0019789511558873695,0.00215885580642255,0.00215885580642255,2
2268,2020-02-18 16:00:00,111.41,111.41,110.81,111.41,96376.0,0.0,0.0,0.005385512970110353,2
2269,2020-02-18 17:00:00,111.16,111.16,111.16,111.16,100.0,0.0,0.0,0.0,2
2270,2020-02-19 07:00:00,110.8,110.96,110.8,110.96,200.0,0.0014440433212996083,0.0014440433212996083,0.0,2
2271,2020-02-19 08:00:00,111.0,111.0,110.92,111.0,2889.0,0.0,0.0,0.0007207207207207053,2
2272,2020-02-19 09:00:00,111.0,112.27,111.0,111.94,261633.0,0.008468468468468448,0.011441441441441406,0.0,2
2273,2020-02-19 10:00:00,111.98,111.99,110.67,111.65,267768.0,-0.0029469548133595133,8.930166101081358e-05,0.01169851759242724,2
2274,2020-02-19 11:00:00,111.625,111.68,111.2,111.42,247668.0,-0.0018365061590145423,0.0004927211646137229,0.0038073908174691795,2
2275,2020-02-19 12:00:00,111.44,111.71,111.4,111.585,139672.0,0.0013011486001435393,0.002422828427853518,0.0003589375448671217,2
2276,2020-02-19 13:00:00,111.57,111.57,111.26,111.3225,231207.0,-0.002218338262973811,0.0,0.0027785246930177297,2
2277,2020-02-19 14:00:00,111.33,111.87,111.26,111.825,220082.0,0.004446240905416371,0.0048504446240905975,0.0006287613401598237,2
2278,2020-02-19 15:00:00,111.83,111.84,110.71,110.98,790748.0,-0.00760082267727796,8.942144326214e-05,0.010015201645354598,2
2279,2020-02-19 16:00:00,111.01,111.01,111.01,111.01,148833.0,0.0,0.0,0.0,2
2280,2020-02-19 17:00:00,111.51,111.51,111.43,111.51,800.0,0.0,0.0,0.0007174244462379903,2
2281,2020-02-20 07:00:00,111.0,111.0,111.0,111.0,100.0,0.0,0.0,0.0,2
2282,2020-02-20 08:00:00,110.86,110.86,110.86,110.86,293.0,0.0,0.0,0.0,2
2283,2020-02-20 09:00:00,110.87,110.96,109.78,110.01,263380.0,-0.0077568323261477355,0.0008117615225037358,0.009831333994768678,2
2284,2020-02-20 10:00:00,110.01,110.99,109.96,110.13,432697.0,0.0010908099263702421,0.008908281065357602,0.0004545041359877408,2
2285,2020-02-20 11:00:00,110.14,110.53,109.42,110.2,462805.0,0.0005447612130016549,0.003540947884510628,0.006537134556019601,2
2286,2020-02-20 12:00:00,110.12,110.48,109.96,110.23,179748.0,0.0009989102796948732,0.003269160915365051,0.001452960406829012,2
2287,2020-02-20 13:00:00,110.21,110.875,109.965,110.06,263323.0,-0.001361038018328568,0.006033935214590384,0.0022230287632700333,2
2288,2020-02-20 14:00:00,110.065,110.3623,109.57,109.82,241292.0,-0.002225957388815741,0.0027011311497751964,0.004497342479444007,2
2289,2020-02-20 15:00:00,109.805,110.18,109.53,109.79,723164.0,-0.00013660580119302917,0.0034151450298255995,0.0025044396885388247,2
2290,2020-02-20 16:00:00,109.8,110.0,109.78,109.8,82456.0,0.0,0.0018214936247723393,0.0001821493624771951,2
2291,2020-02-20 17:00:00,109.75,109.75,109.75,109.75,200.0,0.0,0.0,0.0,2
2292,2020-02-20 18:00:00,109.7,109.7,109.7,109.7,250.0,0.0,0.0,0.0,2
2293,2020-02-21 07:00:00,109.2,109.2,109.2,109.2,200.0,0.0,0.0,0.0,2
2294,2020-02-21 08:00:00,109.01,109.01,108.82,108.82,1372.0,-0.0017429593615265748,0.0,0.0017429593615265748,2
2295,2020-02-21 09:00:00,108.75,109.06,107.04,107.11,365096.0,-0.015080459770114948,0.002850574712643699,0.015724137931034426,2
2296,2020-02-21 10:00:00,107.07,107.57,106.51,107.39,690345.0,0.0029886989819744784,0.004669842159335014,0.005230223218455105,2
2297,2020-02-21 11:00:00,107.33,107.34,106.27,106.42,217134.0,-0.008478524177769464,9.317059536015202e-05,0.009876083108171082,2
2298,2020-02-21 12:00:00,106.46,106.57,105.94,106.135,293042.0,-0.0030527897801990293,0.001033251925605856,0.004884463648318581,2
2299,2020-02-21 13:00:00,106.15,106.33,105.38,105.42,293425.0,-0.006877060763071163,0.0016957136128119886,0.007253886010362791,2
2300,2020-02-21 14:00:00,105.445,106.205,105.15,106.055,310743.0,0.005785006401441639,0.007207548959173077,0.002797667030205202,2
2301,2020-02-21 15:00:00,106.07,106.1,105.66,106.1,758431.0,0.000282832092014718,0.000282832092014718,0.0038653719242009673,2
2302,2020-02-21 16:00:00,106.11,106.52,106.11,106.11,105775.0,0.0,0.0038639148053906,0.0,2
2303,2020-02-21 17:00:00,106.27,106.27,106.27,106.27,477.0,0.0,0.0,0.0,2
2304,2020-02-21 18:00:00,107.0,107.0,107.0,107.0,160.0,0.0,0.0,0.0,2
2305,2020-02-21 19:00:00,106.28,106.28,106.28,106.28,190.0,0.0,0.0,0.0,2
2306,2020-02-24 04:00:00,102.7,102.7,100.78,100.78,865.0,-0.018695228821811117,0.0,0.018695228821811117,2
2307,2020-02-24 05:00:00,101.51,101.51,101.51,101.51,110.0,0.0,0.0,0.0,2
2308,2020-02-24 06:00:00,100.61,100.61,100.61,100.61,200.0,0.0,0.0,0.0,2
2309,2020-02-24 07:00:00,101.78,105.0,100.76,101.35,6685.0,-0.0042247985851837965,0.031636863823933964,0.01002161524857532,2
2310,2020-02-24 08:00:00,101.0,102.52,100.85,101.48,11765.0,0.004752475247524792,0.01504950495049501,0.0014851485148515413,2
2311,2020-02-24 09:00:00,101.17,101.17,99.01,100.34,892150.0,-0.008204013047346035,0.0,0.021350202629237883,2
2312,2020-02-24 10:00:00,100.33,100.78,99.2,99.3,885812.0,-0.010266121798066392,0.004485198843815438,0.011262832652247538,2
2313,2020-02-24 11:00:00,99.31,99.49,98.52,98.9,1005112.0,-0.004128486557244956,0.0018125062934245555,0.007954888732252606,2
2314,2020-02-24 12:00:00,98.9,98.92,97.333,97.41,992309.0,-0.01506572295247734,0.0002022244691607282,0.015844287158746282,2
2315,2020-02-24 13:00:00,97.41,98.07,97.09,97.62,1054349.0,0.0021558361564521914,0.006775485063135167,0.0032850836669745735,2
2316,2020-02-24 14:00:00,97.595,98.6,97.58,98.03,841868.0,0.0044571955530508965,0.010297658691531281,0.00015369639838107044,2
2317,2020-02-24 15:00:00,98.04,98.05,96.39,96.58,1450511.0,-0.014891880864953161,0.00010199918400643517,0.016829865361077168,2
2318,2020-02-24 16:00:00,96.52,97.64,96.15,96.15,65905.0,-0.0038334024036468127,0.011603812681309621,0.0038334024036468127,2
2319,2020-02-24 17:00:00,96.7438,96.9399,96.7438,96.9399,200.0,0.0020270032808304126,0.0020270032808304126,0.0,2
2320,2020-02-24 18:00:00,96.7,96.7,96.7,96.7,222.0,0.0,0.0,0.0,2
2321,2020-02-24 19:00:00,96.9,96.97,96.8,96.97,407.0,0.0007223942208461628,0.0007223942208461628,0.0010319917440661354,2
2322,2020-02-25 07:00:00,97.5,97.55,97.5,97.55,970.0,0.0005128205128204837,0.0005128205128204837,0.0,2
2323,2020-02-25 08:00:00,97.61,97.84,97.2702,97.84,6258.0,0.0023563159512345454,0.0023563159512345454,0.0034812006966499004,2
2324,2020-02-25 09:00:00,97.75,98.36,94.86,95.14,660601.0,-0.026700767263427103,0.00624040920716112,0.029565217391304355,2
2325,2020-02-25 10:00:00,95.16,95.4411,93.39,94.11,874407.0,-0.011034047919293792,0.002953972257251043,0.018600252206809543,2
2326,2020-02-25 11:00:00,94.08,94.4528,92.735,92.92,677625.0,-0.012329931972789079,0.003962585034013585,0.014296343537414954,2
2327,2020-02-25 12:00:00,92.9967,93.0406,91.86,91.89,423977.0,-0.011900422273048437,0.0004720597612602771,0.012223014365025906,2
2328,2020-02-25 13:00:00,91.88,92.08,91.0,91.0,507168.0,-0.009577710056595511,0.0021767522855899307,0.009577710056595511,2
2329,2020-02-25 14:00:00,90.995,92.0374,89.29,90.185,1251333.0,-0.008901587999340647,0.011455574482114409,0.018737293257871292,2
2330,2020-02-25 15:00:00,90.2,91.13,89.35,89.52,1214573.0,-0.007538802660753956,0.01031042128603096,0.009423503325942445,2
2331,2020-02-25 16:00:00,89.55,93.0,89.0,89.55,42696.0,0.0,0.03852596314907876,0.00614182021217194,2
2332,2020-02-25 17:00:00,89.76,90.25,89.76,90.25,784.0,0.005459001782531137,0.005459001782531137,0.0,2
2333,2020-02-25 18:00:00,89.62,90.49,89.62,90.49,425.0,0.0097076545413969,0.0097076545413969,0.0,2
2334,2020-02-26 06:00:00,88.72,88.72,88.7,88.7,200.0,-0.00022542831379616796,0.0,0.00022542831379616796,2
2335,2020-02-26 07:00:00,89.01,89.4,89.01,89.4,619.0,0.004381530165149989,0.004381530165149989,0.0,2
2336,2020-02-26 08:00:00,89.4,90.5,89.0,90.34,6831.0,0.010514541387024583,0.012304250559284052,0.004474272930648833,2
2337,2020-02-26 09:00:00,90.49,90.72,88.64,89.1679,1102712.0,-0.014610454193833484,0.002541717316830633,0.0204442479832025,2
2338,2020-02-26 10:00:00,89.2,90.98,88.22,88.31,1455462.0,-0.009977578475336328,0.019955156950672657,0.010986547085201838,2
2339,2020-02-26 11:00:00,88.32,88.63,87.25,87.45,932706.0,-0.00985054347826076,0.003509963768115968,0.012115036231883982,2
2340,2020-02-26 12:00:00,87.47,87.525,85.38,85.43,1302188.0,-0.023322281925231416,0.0006287870126901431,0.023893906482222515,2
2341,2020-02-26 13:00:00,85.4399,87.1427,81.82,83.1236,1752812.0,-0.027110284539190687,0.01992979860697415,0.04236779303346565,2
2342,2020-02-26 14:00:00,83.09,83.91,82.955,83.03,999409.0,-0.0007221085569864276,0.009868816945480722,0.0016247442532194621,2
2343,2020-02-26 15:00:00,83.06,83.59,82.29,82.35,1754655.0,-0.008548037563207416,0.006380929448591394,0.009270406934745918,2
2344,2020-02-26 16:00:00,83.0,83.0,82.27,82.3,86888.0,-0.008433734939759071,0.0,0.008795180722891614,2
2345,2020-02-26 17:00:00,82.3099,82.31,82.3099,82.31,200.0,1.2149206839434826e-06,1.2149206839434826e-06,0.0,2
2346,2020-02-26 18:00:00,82.0,82.31,81.9,81.9,5900.0,-0.0012195121951218818,0.0037804878048780764,0.0012195121951218818,2
2347,2020-02-26 19:00:00,81.27,81.27,80.11,80.36,6669.0,-0.011197243755383248,0.0,0.01427340962224679,2
2348,2020-02-27 04:00:00,80.5,82.69,80.5,82.69,609.0,0.02720496894409935,0.02720496894409935,0.0,2
2349,2020-02-27 05:00:00,82.72,82.72,82.72,82.72,200.0,0.0,0.0,0.0,2
2350,2020-02-27 06:00:00,82.33,82.33,82.33,82.33,100.0,0.0,0.0,0.0,2
2351,2020-02-27 07:00:00,81.0,81.75,81.0,81.25,2475.0,0.0030864197530864196,0.009259259259259259,0.0,2
2352,2020-02-27 08:00:00,80.75,81.2501,78.6,79.01,18355.0,-0.021547987616099006,0.006193188854489206,0.026625386996904095,2
2353,2020-02-27 09:00:00,79.13,80.0,73.5201,74.0,2208962.0,-0.0648300265386073,0.010994565904208322,0.07089473019082518,2
2354,2020-02-27 10:00:00,74.045,77.74,70.5,77.25,4155487.0,0.04328448916199606,0.04990208656897823,0.04787629144439195,2
2355,2020-02-27 11:00:00,77.21,78.78,76.17,78.25,1953318.0,0.013469757803393425,0.020334153607045817,0.013469757803393241,2
2356,2020-02-27 12:00:00,78.214,80.57,77.0,79.895,1691388.0,0.02149231595366555,0.030122484465696608,0.015521517886823313,2
2357,2020-02-27 13:00:00,79.89,79.92,76.69,77.19,1200408.0,-0.03379647014645141,0.000375516334960585,0.04005507572912759,2
2358,2020-02-27 14:00:00,77.19,77.6,76.1,76.96,1084522.0,-0.002979660577795103,0.005311568856069395,0.014121000129550504,2
2359,2020-02-27 15:00:00,76.92,77.53,76.08,77.01,2188994.0,0.0011700468018721192,0.0079303172126885,0.010920436817472743,2
2360,2020-02-27 16:00:00,77.0,77.0,76.6,77.0,10737.0,0.0,0.0,0.0051948051948052685,2
2361,2020-02-27 17:00:00,77.0,77.01,76.49,76.51,3124.0,-0.006363636363636297,0.0001298701298701963,0.00662337662337669,2
2362,2020-02-27 18:00:00,76.4801,76.95,76.4801,76.95,1957.0,0.006144081924579201,0.006144081924579201,0.0,2
2363,2020-02-27 19:00:00,77.0,77.25,77.0,77.25,337.0,0.003246753246753247,0.003246753246753247,0.0,2
2364,2020-02-28 05:00:00,75.0,75.0,75.0,75.0,430.0,0.0,0.0,0.0,2
2365,2020-02-28 06:00:00,75.74,76.99,75.74,76.18,594.0,0.005809347768682492,0.016503828888302086,0.0,2
2366,2020-02-28 07:00:00,76.02,77.0,75.9,77.0,7842.0,0.012891344383057144,0.012891344383057144,0.0015785319652721697,2
2367,2020-02-28 08:00:00,75.77,77.4,75.25,75.2502,22331.0,-0.006860234921472739,0.021512471954599575,0.00686287448858382,2
2368,2020-02-28 09:00:00,75.25,79.5499,73.48,77.19,1793801.0,0.025780730897009937,0.05714152823920258,0.02352159468438533,2
2369,2020-02-28 10:00:00,77.19,78.84,76.16,78.08,1301861.0,0.011529990931467815,0.021375825884181965,0.013343697370125678,2
2370,2020-02-28 11:00:00,78.05,81.36,77.7,80.02,1430354.0,0.025240230621396527,0.042408712363869346,0.004484304932735353,2
2371,2020-02-28 12:00:00,79.99,80.76,78.4801,80.48,1058117.0,0.006125765720715204,0.009626203275409554,0.018876109513689236,2
2372,2020-02-28 13:00:00,80.4859,80.9,78.65,79.08,967257.0,-0.017467655825430323,0.005145000552891932,0.022810206508220635,2
2373,2020-02-28 14:00:00,79.09,79.95,78.12,79.635,1059263.0,0.006890883803262127,0.010873688203312673,0.012264508787457312,2
2374,2020-02-28 15:00:00,79.64,80.54,78.41,80.44,1807293.0,0.010045203415369125,0.011300853842290378,0.015444500251130136,2
2375,2020-02-28 16:00:00,80.51,81.9698,80.41,81.9698,22548.0,0.018131909079617453,0.018131909079617453,0.0012420817289778726,2
2376,2020-02-28 17:00:00,81.4098,82.41,81.2,82.41,6871.0,0.012285990138779268,0.012285990138779268,0.0025770853140531153,2
2377,2020-02-28 18:00:00,82.39,82.39,81.65,82.1,5339.0,-0.0035198446413400443,0.0,0.00898167253307434,2
2378,2020-02-28 19:00:00,82.27,82.42,82.1,82.38,11865.0,0.0013370608970463041,0.001823264859608675,0.002066366840889774,2
2379,2020-03-02 04:00:00,82.39,82.39,80.0,80.0,1994.0,-0.029008374802767332,0.0,0.029008374802767332,3
2380,2020-03-02 05:00:00,79.21,79.21,79.21,79.21,1280.0,0.0,0.0,0.0,3
2381,2020-03-02 06:00:00,79.0,79.0,78.5,78.5,1308.0,-0.006329113924050633,0.0,0.006329113924050633,3
2382,2020-03-02 07:00:00,78.5,78.7,77.45,78.0,15916.0,-0.006369426751592357,0.002547770700636979,0.013375796178343913,3
2383,2020-03-02 08:00:00,77.65,80.41,77.2,78.79,24267.0,0.014681262073406316,0.03554410817772042,0.005795235028976211,3
2384,2020-03-02 09:00:00,79.0,82.0,77.16,77.16,1539809.0,-0.02329113924050637,0.0379746835443038,0.02329113924050637,3
2385,2020-03-02 10:00:00,77.16,79.07,76.78,78.66,1454102.0,0.019440124416796267,0.02475375842405387,0.004924831518921663,3
2386,2020-03-02 11:00:00,78.7,79.25,77.985,79.12,709102.0,0.005336721728081343,0.006988564167725504,0.009085133418043245,3
2387,2020-03-02 12:00:00,79.1137,79.44,78.32,78.91,548567.0,-0.002574775291763598,0.004124443680424546,0.010032396411746653,3
2388,2020-03-02 13:00:00,78.91,79.0012,78.045,78.62,730536.0,-0.003675072867824003,0.0011557470536053811,0.010961855278164933,3
2389,2020-03-02 14:00:00,78.61,79.08,77.7,78.31,736490.0,-0.003816308357715267,0.005978883093753961,0.011576135351736377,3
2390,2020-03-02 15:00:00,78.26,80.56,78.26,80.48,1320792.0,0.028366981855353933,0.029389215435727024,0.0,3
2391,2020-03-02 16:00:00,81.11,81.11,79.47,79.47,222279.0,-0.02021945506102824,0.0,0.02021945506102824,3
2392,2020-03-02 17:00:00,80.0,80.56,80.0,80.56,561.0,0.007000000000000029,0.007000000000000029,0.0,3
2393,2020-03-02 18:00:00,80.99,80.99,80.56,80.56,1559.0,-0.005309297444128814,0.0,0.005309297444128814,3
2394,2020-03-02 19:00:00,80.4001,81.0,80.4001,81.0,369.0,0.0074614335056797845,0.0074614335056797845,0.0,3
2395,2020-03-03 05:00:00,81.7,82.0,81.7,82.0,415.0,0.003671970624234971,0.003671970624234971,0.0,3
2396,2020-03-03 06:00:00,82.0,82.0,81.13,81.13,1038.0,-0.010609756097561032,0.0,0.010609756097561032,3
2397,2020-03-03 07:00:00,81.5,81.6,80.6,80.6,7111.0,-0.011042944785276143,0.001226993865030605,0.011042944785276143,3
2398,2020-03-03 08:00:00,82.39,82.39,80.2,81.65,8604.0,-0.00898167253307434,0.0,0.026580895739774218,3
2399,2020-03-03 09:00:00,81.68,82.24,78.59,79.21,935447.0,-0.03023996082272298,0.006856023506366161,0.03783055827619984,3
2400,2020-03-03 10:00:00,79.21,81.94,78.5,79.46,1501074.0,0.0031561671506122966,0.03446534528468633,0.008963514707738844,3
2401,2020-03-03 11:00:00,79.46,79.68,77.7,79.43,1050371.0,-0.0003775484520511821,0.0027686886483767065,0.02214950918701222,3
2402,2020-03-03 12:00:00,79.42,79.94,78.07,78.42,857654.0,-0.012591286829513977,0.006547469151347217,0.016998237219843976,3
2403,2020-03-03 13:00:00,78.4,78.56,77.26,77.52,846245.0,-0.01122448979591849,0.0020408163265305686,0.014540816326530618,3
2404,2020-03-03 14:00:00,77.54,78.18,76.78,77.76,645762.0,0.002837245292752113,0.008253804488006196,0.009801392829507417,3
2405,2020-03-03 15:00:00,77.82,78.77,77.3,78.19,1258520.0,0.00475456180930358,0.012207658699563131,0.006682086867129222,3
2406,2020-03-03 16:00:00,78.19,78.6488,78.0402,78.2,117573.0,0.00012789359253107964,0.005867758025322888,0.0019158460161145805,3
2407,2020-03-03 17:00:00,78.0656,78.0656,77.25,77.25,1129.0,-0.010447623537127793,0.0,0.010447623537127793,3
2408,2020-03-03 18:00:00,77.25,78.0,77.25,78.0,1655.0,0.009708737864077669,0.009708737864077669,0.0,3
2409,2020-03-03 19:00:00,77.5,78.15,77.5,78.15,2005.0,0.008387096774193623,0.008387096774193623,0.0,3
2410,2020-03-04 05:00:00,79.89,79.89,79.89,79.89,500.0,0.0,0.0,0.0,3
2411,2020-03-04 07:00:00,79.33,80.14,79.33,79.76,2512.0,0.0054203958149502945,0.010210513046766699,0.0,3
2412,2020-03-04 08:00:00,79.76,80.2,79.26,79.26,5081.0,-0.006268806419257773,0.005516549648946812,0.006268806419257773,3
2413,2020-03-04 09:00:00,79.55,80.15,76.4,76.84,1436933.0,-0.03406662476429911,0.007542426147077418,0.03959773727215577,3
2414,2020-03-04 10:00:00,76.84,77.69,76.01,76.02,1939482.0,-0.010671525247267144,0.011061946902654793,0.010801665799062965,3
2415,2020-03-04 11:00:00,76.06,77.054,75.84,76.17,1069551.0,0.0014462266631606552,0.01306863002892453,0.0028924533263213104,3
2416,2020-03-04 12:00:00,76.175,76.48,75.32,76.24,1022606.0,0.0008532983262224841,0.004003938299967271,0.011224154906465429,3
2417,2020-03-04 13:00:00,76.24,77.85,76.1101,77.2,797682.0,0.012591815320042077,0.02111752360965372,0.0017038300104930764,3
2418,2020-03-04 14:00:00,77.205,77.32,75.96,76.385,948370.0,-0.010621073764652461,0.0014895408328475474,0.016125898581698137,3
2419,2020-03-04 15:00:00,76.36,79.18,76.17,79.1,2409572.0,0.03588266107909894,0.03693033001571513,0.00248821372446304,3
2420,2020-03-04 16:00:00,79.36,79.36,78.65,78.65,110928.0,-0.008946572580645082,0.0,0.008946572580645082,3
2421,2020-03-04 17:00:00,78.8,78.9863,78.8,78.84,985.0,0.0005076142131980489,0.0023642131979695787,0.0,3
2422,2020-03-04 18:00:00,78.75,78.75,78.37,78.6,1123.0,-0.001904761904761977,0.0,0.0048253968253967675,3
2423,2020-03-04 19:00:00,78.3,78.6,78.3,78.4001,765.0,0.0012784163473818346,0.0038314176245210366,0.0,3
2424,2020-03-05 04:00:00,76.25,76.25,76.1,76.1,476.0,-0.001967213114754173,0.0,0.001967213114754173,3
2425,2020-03-05 05:00:00,76.0,76.01,76.0,76.01,1090.0,0.00013157894736848838,0.00013157894736848838,0.0,3
2426,2020-03-05 06:00:00,76.0,76.0,76.0,76.0,513.0,0.0,0.0,0.0,3
2427,2020-03-05 07:00:00,76.38,76.88,75.9,76.0,5441.0,-0.004975124378109394,0.006546216286986122,0.006284367635506543,3
2428,2020-03-05 08:00:00,75.0735,76.51,75.0735,75.68,22005.0,0.008078749492164495,0.019134581443518813,0.0,3
2429,2020-03-05 09:00:00,76.0,76.15,68.28,69.49,3628270.0,-0.08565789473684217,0.0019736842105263904,0.10157894736842103,3
2430,2020-03-05 10:00:00,69.5899,71.03,68.31,68.38,2427280.0,-0.017386143678895998,0.020694094976426193,0.01839203677545158,3
2431,2020-03-05 11:00:00,68.36,68.69,66.41,66.45,1978786.0,-0.0279403159742539,0.00482738443534228,0.02852545348156821,3
2432,2020-03-05 12:00:00,66.4201,66.74,65.04,65.0799,2122128.0,-0.02017762695328688,0.004816313134126414,0.020778348722751076,3
2433,2020-03-05 13:00:00,65.04,67.3627,64.18,67.24,2182301.0,0.03382533825338235,0.03571186961869614,0.013222632226322252,3
2434,2020-03-05 14:00:00,67.21,67.53,65.75,66.0,1319140.0,-0.018003273322422166,0.004761196250558063,0.02172295789317057,3
2435,2020-03-05 15:00:00,66.0285,66.35,65.29,65.7122,2095861.0,-0.004790355679744326,0.004869109551178663,0.01118456424119869,3
2436,2020-03-05 16:00:00,65.78,65.91,65.5,65.8,9965.0,0.0003040437823045914,0.001976284584980168,0.004256612952265143,3
2437,2020-03-05 17:00:00,66.12,66.5,66.01,66.5,3464.0,0.00574712643678154,0.00574712643678154,0.001663641863278878,3
2438,2020-03-05 18:00:00,66.5,66.5,66.02,66.4,8622.0,-0.001503759398496155,0.0,0.007218045112782015,3
2439,2020-03-05 19:00:00,66.52,66.66,66.3,66.31,3103.0,-0.0031569452796150594,0.002104630186410111,0.003307276007215858,3
2440,2020-03-06 05:00:00,65.0,65.0,63.5,63.5,1920.0,-0.023076923076923078,0.0,0.023076923076923078,3
2441,2020-03-06 06:00:00,63.8,63.8,63.06,63.06,3010.0,-0.011598746081504623,0.0,0.011598746081504623,3
2442,2020-03-06 07:00:00,63.04,64.97,62.86,63.0,27029.0,-0.0006345177664974484,0.030615482233502533,0.0028553299492385742,3
2443,2020-03-06 08:00:00,63.3,65.0,62.31,62.4,64512.0,-0.014218009478672964,0.026856240126382352,0.015639810426540203,3
2444,2020-03-06 09:00:00,62.4,66.3,60.36,65.77,2775173.0,0.05400641025641022,0.06249999999999998,0.03269230769230768,3
2445,2020-03-06 10:00:00,65.77,70.33,65.3901,68.5,3215357.0,0.04150828645279009,0.06933252242663833,0.005776189752166522,3
2446,2020-03-06 11:00:00,68.51,68.58,61.9,63.54,3984835.0,-0.07254415413808211,0.0010217486498320417,0.09648226536272086,3
2447,2020-03-06 12:00:00,63.475,65.1,62.51,64.4833,1469918.0,0.015884994092162243,0.025600630169357902,0.01520283576211112,3
2448,2020-03-06 13:00:00,64.5,64.63,63.36,64.4925,810497.0,-0.0001162790697673361,0.0020155038759689216,0.01767441860465117,3
2449,2020-03-06 14:00:00,64.5,64.58,62.8501,63.175,1267079.0,-0.020542635658914773,0.0012403100775193535,0.025579844961240345,3
2450,2020-03-06 15:00:00,63.16,65.77,62.57,65.01,2888038.0,0.029290690310323126,0.04132362254591513,0.009341355288157003,3
2451,2020-03-06 16:00:00,65.34,65.34,64.36,64.81,10933.0,-0.00811141720232631,0.0,0.01499846954392415,3
2452,2020-03-06 17:00:00,64.88,64.99,64.3501,64.3501,2233.0,-0.008167385943279868,0.0016954377311960457,0.008167385943279868,3
2453,2020-03-06 18:00:00,64.66,64.98,64.15,64.52,20476.0,-0.0021651716671821928,0.004948963810702249,0.007887411073306386,3
2454,2020-03-06 19:00:00,64.32,64.64,64.21,64.22,7462.0,-0.0015547263681591158,0.004975124378109568,0.0017101990049751157,3
2455,2020-03-09 04:00:00,60.26,60.26,56.45,58.0,6223.0,-0.03750414868901424,0.0,0.06322602057749743,3
2456,2020-03-09 05:00:00,59.03,60.36,59.0,59.0,2508.0,-0.0005082161612739478,0.022530916483144134,0.0005082161612739478,3
2457,2020-03-09 06:00:00,59.4,59.4,58.6,58.6,1519.0,-0.01346801346801342,0.0,0.01346801346801342,3
2458,2020-03-09 07:00:00,58.6,60.99,58.0,58.76,16000.0,0.0027303754266211023,0.04078498293515359,0.010238907849829375,3
2459,2020-03-09 08:00:00,59.9998,61.0,55.54,55.7,91581.0,-0.07166357221190733,0.01667005556685188,0.07433024776749259,3
2460,2020-03-09 09:00:00,55.7,56.75,52.81,53.78,2055818.0,-0.034470377019748685,0.018850987432674993,0.051885098743267515,3
2461,2020-03-09 10:00:00,53.76,56.0,50.3,50.445,5199387.0,-0.06166294642857139,0.041666666666666706,0.06436011904761907,3
2462,2020-03-09 11:00:00,50.45,50.82,47.36,50.31,4144409.0,-0.002775024777006949,0.0073339940535182835,0.061248761149653184,3
2463,2020-03-09 12:00:00,50.31,51.49,49.0601,49.22,1974709.0,-0.021665672828463593,0.02345458159411647,0.024843967402107012,3
2464,2020-03-09 13:00:00,49.25,50.1,48.2501,48.35,1329574.0,-0.018274111675126874,0.017258883248730993,0.020302538071065922,3
2465,2020-03-09 14:00:00,48.3379,49.4,48.1,48.84,1436380.0,0.010387294441835615,0.021972406745017905,0.004921603958798298,3
2466,2020-03-09 15:00:00,48.82,49.69,48.26,48.265,2433115.0,-0.011368291683736167,0.01782056534207287,0.011470708725932042,3
2467,2020-03-09 16:00:00,48.31,48.67,48.01,48.4101,45906.0,0.002072034775408769,0.007451873318153579,0.006209894431794747,3
2468,2020-03-09 17:00:00,48.41,48.41,48.3,48.31,7195.0,-0.002065688907250451,0.0,0.0022722577979756133,3
2469,2020-03-09 18:00:00,48.32,49.75,48.2701,49.16,16956.0,0.017384105960264823,0.029594370860927147,0.0010326986754967083,3
2470,2020-03-09 19:00:00,49.25,51.25,49.0,49.3101,32092.0,0.0012203045685278881,0.04060913705583756,0.005076142131979695,3
2471,2020-03-10 04:00:00,51.74,52.99,51.74,52.99,7382.0,0.024159257827599534,0.024159257827599534,0.0,3
2472,2020-03-10 05:00:00,53.44,53.94,53.4,53.94,1545.0,0.009356287425149701,0.009356287425149701,0.0007485029940119602,3
2473,2020-03-10 06:00:00,53.7,54.79,53.7,54.0,4850.0,0.005586592178770896,0.020297951582867714,0.0,3
2474,2020-03-10 07:00:00,54.01,54.7,51.15,52.2,22735.0,-0.033512312534715705,0.0127754119607481,0.052953156822810585,3
2475,2020-03-10 08:00:00,53.11,54.7,50.68,50.8,65800.0,-0.043494633778949396,0.029937864808887278,0.045754095273959704,3
2476,2020-03-10 09:00:00,50.81,52.74,47.42,47.77,3457246.0,-0.05983074197992519,0.037984648691202515,0.06671914977366661,3
2477,2020-03-10 10:00:00,47.78,49.65,45.0,45.0069,4618269.0,-0.05803892842193385,0.03913771452490576,0.05818334030975306,3
2478,2020-03-10 11:00:00,45.005,47.72,40.2,45.56,6775306.0,0.012331963115209415,0.06032663037440276,0.10676591489834461,3
2479,2020-03-10 12:00:00,45.555,52.7,45.489,51.26,6312370.0,0.12523323455164084,0.15684337613873348,0.001448798156075129,3
2480,2020-03-10 13:00:00,51.2605,51.27,48.47,48.57,3029968.0,-0.05248680758088587,0.0001853278840433224,0.05443762741292031,3
2481,2020-03-10 14:00:00,48.47,52.0,48.328,51.45,2624353.0,0.06148132865690126,0.0728285537445843,0.0029296472044562805,3
2482,2020-03-10 15:00:00,51.47,52.28,50.6,51.67,2918425.0,0.003885758694385134,0.015737322712259614,0.01690305032057504,3
2483,2020-03-10 16:00:00,51.5,52.0,51.45,51.7,82871.0,0.0038834951456311233,0.009708737864077669,0.0009708737864077118,3
2484,2020-03-10 17:00:00,51.97,52.0,51.0001,51.05,34942.0,-0.017702520685010617,0.0005772561092938453,0.018662690013469225,3
2485,2020-03-10 18:00:00,51.155,51.66,50.0,50.51,15457.0,-0.012608738148763622,0.009871957775388436,0.022578438080344074,3
2486,2020-03-10 19:00:00,50.52,50.75,49.01,49.25,28335.0,-0.025138558986540046,0.004552652414885132,0.02988915281076811,3
2487,2020-03-11 04:00:00,51.5,51.5,49.2,49.75,6257.0,-0.03398058252427184,0.0,0.04466019417475723,3
2488,2020-03-11 05:00:00,49.75,49.75,49.75,49.75,1790.0,0.0,0.0,0.0,3
2489,2020-03-11 06:00:00,49.75,49.75,48.79,48.81,2596.0,-0.018894472361809,0.0,0.01929648241206032,3
2490,2020-03-11 07:00:00,48.93,49.0,48.02,48.8,18963.0,-0.0026568567341100054,0.0014306151645207498,0.0185979971387696,3
2491,2020-03-11 08:00:00,48.91,48.91,48.0201,48.43,59991.0,-0.00981394397873639,0.0,0.018194643222244886,3
2492,2020-03-11 09:00:00,48.43,49.94,46.95,48.766,2608174.0,0.0069378484410489065,0.03117902126780917,0.030559570514144062,3
2493,2020-03-11 10:00:00,48.79,51.0,47.9,48.15,2741537.0,-0.013117442098790748,0.045296167247386776,0.01824144291863088,3
2494,2020-03-11 11:00:00,48.175,48.4,45.5,46.235,3369195.0,-0.04026984950700566,0.00467047223663729,0.0555267254800207,3
2495,2020-03-11 12:00:00,46.235,48.69,44.315,45.47,3186535.0,-0.016545906780577498,0.053098302152049276,0.04152698172380235,3
2496,2020-03-11 13:00:00,45.51,45.51,41.2,42.935,5255071.0,-0.056580971215117466,0.0,0.09470446055811899,3
2497,2020-03-11 14:00:00,42.935,44.5,42.01,43.845,3188362.0,0.021194829393268815,0.036450448352160186,0.02154419471293826,3
2498,2020-03-11 15:00:00,43.87,45.15,42.89,44.36,2843241.0,0.011169364030088945,0.02917711420104858,0.02233872806017773,3
2499,2020-03-11 16:00:00,44.6,45.9,44.0,45.55,25256.0,0.02130044843049318,0.029147982062780204,0.01345291479820631,3
2500,2020-03-11 17:00:00,45.3,45.5,44.85,44.85,50840.0,-0.009933774834436993,0.004415011037527657,0.009933774834436993,3
2501,2020-03-11 18:00:00,45.1,45.64,44.37,45.3001,110995.0,0.004436807095343659,0.01197339246119732,0.01618625277161871,3
2502,2020-03-11 19:00:00,45.3,45.4,44.42,45.0,8333.0,-0.006622516556291328,0.0022075055187638286,0.019426048565121312,3
2503,2020-03-12 04:00:00,41.8,42.0,38.8,39.45,9705.0,-0.056220095693779774,0.004784688995215379,0.07177033492822966,3
2504,2020-03-12 05:00:00,39.11,39.11,39.1,39.11,2920.0,0.0,0.0,0.00025568908207614446,3
2505,2020-03-12 06:00:00,39.2,39.2,38.8,38.8,11713.0,-0.010204081632653206,0.0,0.010204081632653206,3
2506,2020-03-12 07:00:00,38.41,40.3,38.41,38.52,47961.0,0.0028638375423068615,0.04920593595417862,0.0,3
2507,2020-03-12 08:00:00,40.55,41.0,32.0,33.99,503067.0,-0.16177558569667067,0.011097410604192426,0.21085080147965468,3
2508,2020-03-12 09:00:00,33.7499,35.03,32.3,35.021,2279471.0,0.03766233381432254,0.037929001271115016,0.042960127289266035,3
2509,2020-03-12 10:00:00,35.02,35.47,32.65,34.29,6851182.0,-0.02084523129640217,0.012849800114220322,0.06767561393489446,3
2510,2020-03-12 11:00:00,34.29,34.29,32.54,32.555,3450657.0,-0.050597841936424595,0.0,0.0510352872557597,3
2511,2020-03-12 12:00:00,32.54,35.61,32.51,35.61,2782099.0,0.09434542102028275,0.09434542102028275,0.0009219422249539379,3
2512,2020-03-12 13:00:00,35.54,39.56,32.8501,33.96,3677578.0,-0.044456949915588025,0.11311198649409125,0.07568655036578507,3
2513,2020-03-12 14:00:00,33.9301,34.59,31.5,31.91,2771581.0,-0.059537107170329666,0.019448807990545276,0.07162077329568739,3
2514,2020-03-12 15:00:00,31.92,31.98,29.01,30.28,5744978.0,-0.05137844611528824,0.0018796992481202605,0.09116541353383459,3
2515,2020-03-12 16:00:00,30.1,30.6,30.0,30.5,63228.0,0.01328903654485045,0.01661129568106312,0.0033222591362126715,3
2516,2020-03-12 17:00:00,30.5,30.51,29.8,29.8,29232.0,-0.022950819672131126,0.0003278688524590676,0.022950819672131126,3
2517,2020-03-12 18:00:00,29.83,31.0,29.8001,30.9,44363.0,0.035869929601072756,0.03922225947033194,0.0010023466309084083,3
2518,2020-03-12 19:00:00,30.9,31.21,30.65,31.2,31287.0,0.009708737864077693,0.010032362459546999,0.008090614886731393,3
2519,2020-03-13 04:00:00,32.99,34.88,32.5,33.67,6057.0,0.020612306759624117,0.0572900879054259,0.014852985753258623,3
2520,2020-03-13 05:00:00,33.67,34.88,33.36,34.88,6364.0,0.03593703593703596,0.03593703593703596,0.009207009207009275,3
2521,2020-03-13 06:00:00,35.1,36.6,35.0,35.0,5632.0,-0.0028490028490028895,0.042735042735042736,0.0028490028490028895,3
2522,2020-03-13 07:00:00,34.67,36.08,34.19,35.5,52161.0,0.02394000576867604,0.04066916642630506,0.013844822613210383,3
2523,2020-03-13 08:00:00,34.6001,38.49,34.0,38.4,230389.0,0.10982338201334682,0.1124245305649407,0.017343880509015804,3
2524,2020-03-13 09:00:00,38.33,38.7598,28.65,29.08,5419834.0,-0.24132533263762068,0.011213148969475612,0.2525436994521263,3
2525,2020-03-13 10:00:00,29.08,32.31,28.61,30.0101,6945907.0,0.03198418156808814,0.11107290233837704,0.01616231086657493,3
2526,2020-03-13 11:00:00,30.02,31.22,29.5,30.215,4138218.0,0.006495669553630922,0.03997335109926713,0.017321785476349088,3
2527,2020-03-13 12:00:00,30.205,31.31,29.99,30.91,3397082.0,0.023340506538652602,0.036583347127958965,0.007118026816752189,3
2528,2020-03-13 13:00:00,30.8882,34.2,30.85,33.45,3336411.0,0.08293782091543053,0.10721893797631463,0.0012367182289676896,3
2529,2020-03-13 14:00:00,33.485,33.69,32.11,32.33,3147115.0,-0.034493056592504144,0.006122144243691154,0.04106316261012394,3
2530,2020-03-13 16:00:00,33.5,35.8,32.33,32.9999,389537.0,-0.014928358208955323,0.06865671641791037,0.03492537313432841,3
2531,2020-03-13 17:00:00,33.2,34.1,32.33,33.87,326815.0,0.0201807228915661,0.027108433734939714,0.02620481927710857,3
2532,2020-03-13 18:00:00,33.87,33.87,32.51,33.35,57520.0,-0.015352819604369532,0.0,0.04015352819604368,3
2533,2020-03-13 19:00:00,33.35,33.7,33.0,33.12,16745.0,-0.00689655172413805,0.010494752623688198,0.010494752623688198,3
2534,2020-03-16 04:00:00,30.0,30.0,26.26,27.0,23911.0,-0.1,0.0,0.12466666666666662,3
2535,2020-03-16 05:00:00,27.08,27.46,26.32,27.46,4371.0,0.014032496307237909,0.014032496307237909,0.028064992614475558,3
2536,2020-03-16 06:00:00,27.11,27.12,26.55,27.0,2967.0,-0.004057543341940223,0.00036886757654007983,0.020656584286241193,3
2537,2020-03-16 07:00:00,26.99,28.55,26.61,27.7,51722.0,0.026306039273805145,0.057799184883290194,0.014079288625416785,3
2538,2020-03-16 08:00:00,28.2001,29.79,27.45,29.79,209880.0,0.056379232697756396,0.056379232697756396,0.026599196456750147,3
2539,2020-03-16 09:00:00,29.83,30.76,28.97,30.19,2650026.0,0.012068387529332987,0.031176667784110067,0.028830036875628545,3
2540,2020-03-16 10:00:00,30.21,35.475,30.12,32.7369,7112090.0,0.08364448857994033,0.1742800397219464,0.002979145978152925,3
2541,2020-03-16 11:00:00,32.71,34.44,32.06,33.3286,3900293.0,0.018911647814124143,0.0528890247630693,0.019871598899419095,3
2542,2020-03-16 12:00:00,33.3734,34.0,31.62,31.65,2929009.0,-0.05163992880557564,0.018775431930819257,0.05253884830433806,3
2543,2020-03-16 13:00:00,31.65,32.46,31.08,31.9,2226393.0,0.007898894154818327,0.025592417061611448,0.01800947867298579,3
2544,2020-03-16 14:00:00,31.8829,32.81,31.53,31.8501,1667560.0,-0.0010287646355882985,0.02907828334310878,0.01106862926521735,3
2545,2020-03-16 15:00:00,31.86,32.02,29.94,29.94,3899240.0,-0.06026365348399241,0.005021971123666155,0.06026365348399241,3
2546,2020-03-16 16:00:00,31.03,31.03,29.94,31.0,78507.0,-0.0009668063164679708,0.0,0.035127296165001605,3
2547,2020-03-16 17:00:00,30.99,31.19,30.51,31.1,15356.0,0.0035495321071314294,0.006453694740238879,0.015488867376572988,3
2548,2020-03-16 18:00:00,31.11,31.54,31.0,31.5,6873.0,0.01253616200578594,0.013821922211507544,0.0035358405657344725,3
2549,2020-03-16 19:00:00,31.51,31.79,31.49,31.75,9277.0,0.007616629641383638,0.008886067914947558,0.0006347191367820731,3
2550,2020-03-17 04:00:00,32.0,33.9,32.0,32.25,924.0,0.0078125,0.059374999999999956,0.0,3
2551,2020-03-17 05:00:00,31.0,31.0,30.2,30.2,4555.0,-0.02580645161290325,0.0,0.02580645161290325,3
2552,2020-03-17 06:00:00,30.78,32.95,30.67,30.67,6300.0,-0.003573749187784257,0.07050032488628985,0.003573749187784257,3
2553,2020-03-17 07:00:00,31.74,31.74,30.7,30.72,21500.0,-0.03213610586011341,0.0,0.03276622558286072,3
2554,2020-03-17 08:00:00,31.1,32.4,30.67,32.1,69581.0,0.03215434083601286,0.04180064308681663,0.01382636655948552,3
2555,2020-03-17 09:00:00,32.01,32.399,28.01,28.07,3123999.0,-0.12308653545766941,0.012152452358638016,0.12496094970321764,3
2556,2020-03-17 10:00:00,28.107,29.15,27.25,28.38,3175890.0,0.009712882911730163,0.037108193688405,0.030490625111182244,3
2557,2020-03-17 11:00:00,28.34,29.7403,27.85,29.1545,2225445.0,0.02874029640084682,0.04941072688779116,0.01729004940014109,3
2558,2020-03-17 12:00:00,29.12,30.3,27.69,28.34,2432646.0,-0.026785714285714322,0.04052197802197801,0.04910714285714284,3
2559,2020-03-17 13:00:00,28.29,28.745,26.83,27.08,2174460.0,-0.04277129727819021,0.01608342170378232,0.051608342170378255,3
2560,2020-03-17 14:00:00,27.085,28.25,27.0,27.4748,1618808.0,0.014391729739708233,0.043012737677681344,0.003138268414251462,3
2561,2020-03-17 15:00:00,27.48,27.8065,26.86,27.69,2379797.0,0.0076419213973799435,0.011881368267831125,0.02256186317321692,3
2562,2020-03-17 16:00:00,27.6498,27.66,27.23,27.58,520392.0,-0.0025244305564597483,0.00036889959421048605,0.015182749965641656,3
2563,2020-03-17 17:00:00,27.59,27.66,27.35,27.51,55303.0,-0.0028996013048205255,0.002537151141718024,0.008698803914461706,3
2564,2020-03-17 18:00:00,27.65,27.7,27.34,27.34,3004.0,-0.011211573236889648,0.0018083182640144923,0.011211573236889648,3
2565,2020-03-17 19:00:00,27.27,27.28,27.0,27.15,11996.0,-0.004400440044004437,0.00036670333700042406,0.009900990099009885,3
2566,2020-03-18 04:00:00,27.29,27.29,26.0,26.0,4922.0,-0.04727006229388051,0.0,0.04727006229388051,3
2567,2020-03-18 05:00:00,25.59,26.19,25.12,25.91,2843.0,0.012504884720593993,0.023446658851113772,0.018366549433372365,3
2568,2020-03-18 06:00:00,25.91,25.91,25.51,25.57,2989.0,-0.013122346584330369,0.0,0.015438054805094503,3
2569,2020-03-18 07:00:00,25.8,26.2,25.69,26.08,19375.0,0.01085271317829448,0.015503875968992192,0.0042635658914728465,3
2570,2020-03-18 08:00:00,26.0001,26.04,25.0601,25.2,98889.0,-0.030772958565543997,0.0015346094822711982,0.036153707101126586,3
2571,2020-03-18 09:00:00,25.3,26.3,23.27,24.07,3352714.0,-0.04861660079051385,0.039525691699604744,0.08023715415019766,3
2572,2020-03-18 10:00:00,24.05,24.75,23.0,23.0,2505905.0,-0.04365904365904369,0.029106029106029076,0.04365904365904369,3
2573,2020-03-18 11:00:00,23.0,23.01,21.0,22.025,4350827.0,-0.04239130434782615,0.0004347826086957201,0.08695652173913043,3
2574,2020-03-18 12:00:00,22.025,22.1186,19.25,20.02,3571773.0,-0.09103291713961403,0.004249716231555148,0.12599318955732117,3
2575,2020-03-18 13:00:00,20.23,20.98,19.53,20.525,2993188.0,0.014582303509639058,0.037073652990608004,0.034602076124567435,3
2576,2020-03-18 14:00:00,20.525,22.8,19.61,22.435,3048240.0,0.09305724725943972,0.11084043848964688,0.04457978075517657,3
2577,2020-03-18 15:00:00,22.44,23.5,21.94,22.34,3813942.0,-0.004456327985739814,0.047237076648841296,0.022281639928698752,3
2578,2020-03-18 16:00:00,22.38,22.4,22.02,22.2,7689.0,-0.008042895442359237,0.0008936550491510087,0.016085790884718475,3
2579,2020-03-18 17:00:00,22.06,22.75,22.0501,22.75,8065.0,0.03127833182230287,0.03127833182230287,0.000448776065276439,3
2580,2020-03-18 18:00:00,22.75,22.75,22.0,22.01,9641.0,-0.032527472527472456,0.0,0.03296703296703297,3
2581,2020-03-18 19:00:00,22.24,23.52,22.1,23.18,10938.0,0.042266187050359776,0.05755395683453243,0.006294964028776845,3
2582,2020-03-19 04:00:00,23.53,23.53,23.51,23.51,355.0,-0.0008499787505312186,0.0,0.0008499787505312186,3
2583,2020-03-19 05:00:00,23.49,23.5,22.55,22.55,1109.0,-0.040017028522775555,0.0004257130693912969,0.040017028522775555,3
2584,2020-03-19 06:00:00,22.55,22.55,22.54,22.54,542.0,-0.00044345898004441523,0.0,0.00044345898004441523,3
2585,2020-03-19 07:00:00,23.18,23.18,20.5,20.53,14861.0,-0.11432269197584118,0.0,0.11561691113028472,3
2586,2020-03-19 08:00:00,22.18,22.61,20.6001,21.69,52875.0,-0.022091974752028783,0.01938683498647429,0.07123083859332725,3
2587,2020-03-19 09:00:00,21.69,23.77,20.55,23.69,2582191.0,0.09220839096357768,0.0958967266021207,0.0525587828492393,3
2588,2020-03-19 10:00:00,23.7439,24.15,21.14,21.525,2947038.0,-0.09345137066783475,0.017103340226331757,0.10966606159897908,3
2589,2020-03-19 11:00:00,21.525,23.54,21.15,22.4,2944160.0,0.04065040650406505,0.09361207897793267,0.01742160278745645,3
2590,2020-03-19 12:00:00,22.41,22.6699,21.64,21.77,1977081.0,-0.028558679161088826,0.011597501115573327,0.03435966086568494,3
2591,2020-03-19 13:00:00,21.78,22.2,21.515,21.93,1572577.0,0.00688705234159773,0.019283746556473743,0.012167125803489465,3
2592,2020-03-19 14:00:00,21.935,23.09,21.76,22.84,1857599.0,0.04125826304992027,0.05265557328470487,0.007978117164349085,3
2593,2020-03-19 15:00:00,22.82,22.915,21.87,22.44,2605765.0,-0.01665205959684483,0.004163014899211169,0.04163014899211215,3
2594,2020-03-19 16:00:00,22.44,22.85,22.02,22.51,31365.0,0.003119429590017838,0.01827094474153298,0.018716577540107027,3
2595,2020-03-19 17:00:00,22.54,22.85,22.54,22.85,81395.0,0.013753327417923792,0.013753327417923792,0.0,3
2596,2020-03-19 18:00:00,22.83,22.86,22.6599,22.75,9480.0,-0.003504161191414731,0.0013140604467806018,0.007450722733245639,3
2597,2020-03-19 19:00:00,22.83,22.83,22.5,22.5,4440.0,-0.014454664914585998,0.0,0.014454664914585998,3
2598,2020-03-20 04:00:00,24.75,26.98,24.2,24.2,18778.0,-0.02222222222222225,0.09010101010101011,0.02222222222222225,3
2599,2020-03-20 05:00:00,25.1,25.5,24.55,25.45,6248.0,0.013944223107569636,0.015936254980079625,0.021912350597609587,3
2600,2020-03-20 06:00:00,25.47,25.51,24.5,24.96,6824.0,-0.020023557126030548,0.0015704750687083903,0.03808402041617585,3
2601,2020-03-20 07:00:00,24.9,25.0,23.7,24.39,19050.0,-0.020481927710843294,0.004016064257028169,0.048192771084337324,3
2602,2020-03-20 08:00:00,24.9,25.29,23.9999,24.4,103925.0,-0.020080321285140562,0.015662650602409664,0.036148594377509974,3
2603,2020-03-20 09:00:00,24.42,24.5,22.0,22.9,2731540.0,-0.06224406224406237,0.003276003276003206,0.09909909909909916,3
2604,2020-03-20 10:00:00,22.95,27.56,22.88,27.56,5143749.0,0.2008714596949891,0.2008714596949891,0.003050108932461886,3
2605,2020-03-20 11:00:00,28.1,28.1,24.6,25.26,4211806.0,-0.10106761565836297,0.0,0.12455516014234874,3
2606,2020-03-20 12:00:00,25.221,25.98,23.15,25.23,2758296.0,0.00035684548590461684,0.030093969311288226,0.08211411125649266,3
2607,2020-03-20 13:00:00,25.225,25.9,23.61,24.44,1646533.0,-0.031119920713577803,0.026759167492566783,0.06402378592666014,3
2608,2020-03-20 14:00:00,24.44,24.9499,22.78,23.055,1614884.0,-0.05666939443535194,0.02086333878887063,0.06792144026186579,3
2609,2020-03-20 15:00:00,23.05,24.2,22.9,23.8,3171784.0,0.03253796095444685,0.04989154013015178,0.0065075921908894635,3
2610,2020-03-20 16:00:00,23.84,24.1,23.64,23.85,113670.0,0.00041946308724838773,0.010906040268456442,0.008389261744966413,3
2611,2020-03-20 17:00:00,23.8,23.99,23.64,23.94,14515.0,0.005882352941176494,0.007983193277310828,0.006722689075630258,3
2612,2020-03-20 18:00:00,23.96,24.35,23.96,24.3,4764.0,0.014190317195325536,0.01627712854757932,0.0,3
2613,2020-03-20 19:00:00,24.31,24.39,24.0,24.0,8614.0,-0.012751953928424464,0.003290826820238661,0.012751953928424464,3
2614,2020-03-23 04:00:00,23.37,23.37,22.36,22.91,7543.0,-0.019683354728284162,0.0,0.043217800599058685,3
2615,2020-03-23 05:00:00,22.96,23.39,22.96,23.11,8023.0,0.006533101045296105,0.018728222996515668,0.0,3
2616,2020-03-23 06:00:00,23.02,23.02,22.96,22.96,1351.0,-0.002606429192006895,0.0,0.002606429192006895,3
2617,2020-03-23 07:00:00,22.99,23.1,22.69,22.85,20597.0,-0.0060896041757284485,0.004784688995215441,0.013049151805132544,3
2618,2020-03-23 08:00:00,22.99,25.8,22.55,25.2,108708.0,0.09612875163114402,0.12222705524140942,0.019138755980861146,3
2619,2020-03-23 09:00:00,25.0,25.56,22.875,24.02,2218339.0,-0.03920000000000002,0.022399999999999948,0.085,3
2620,2020-03-23 10:00:00,24.05,25.67,23.12,23.6,2423501.0,-0.01871101871101868,0.0673596673596674,0.03866943866943866,3
2621,2020-03-23 11:00:00,23.5964,23.88,22.77,22.85,1201833.0,-0.03163194385584232,0.012018782526148051,0.035022291535997,3
2622,2020-03-23 12:00:00,23.99,25.27,23.0203,24.7771,2846490.0,0.03280950395998343,0.0533555648186745,0.04042100875364734,3
2623,2020-03-23 13:00:00,24.75,27.46,24.66,26.725,3741633.0,0.07979797979797985,0.10949494949494953,0.0036363636363636307,3
2624,2020-03-23 14:00:00,26.745,29.32,26.2,29.2091,3032228.0,0.09213310899233496,0.09627967844456904,0.020377640680501092,3
2625,2020-03-23 15:00:00,29.17,29.25,27.32,28.15,4180974.0,-0.03496743229345228,0.0027425437092903084,0.06342132327733978,3
2626,2020-03-23 16:00:00,28.54,28.7,28.04,28.23,121500.0,-0.010861948142957208,0.005606166783461813,0.01751927119831815,3
2627,2020-03-23 17:00:00,28.23,28.44,28.1,28.44,26324.0,0.007438894792773675,0.007438894792773675,0.004605030109812221,3
2628,2020-03-23 18:00:00,28.5,29.25,28.5,29.15,18117.0,0.0228070175438596,0.02631578947368421,0.0,3
2629,2020-03-23 19:00:00,29.14,29.18,28.82,29.0,43775.0,-0.004804392587508598,0.0013726835964309933,0.010981468771448191,3
2630,2020-03-24 04:00:00,29.63,30.54,29.62,30.39,12653.0,0.025649679379007816,0.030712116098548774,0.0003374957813026666,3
2631,2020-03-24 05:00:00,30.37,30.95,30.12,30.7,13312.0,0.010865986170562999,0.01909779387553501,0.008231807704972012,3
2632,2020-03-24 06:00:00,30.79,30.95,30.13,30.13,8248.0,-0.021435531016563824,0.00519649236765184,0.021435531016563824,3
2633,2020-03-24 07:00:00,30.5,31.7,30.1,31.46,45569.0,0.0314754098360656,0.03934426229508194,0.013114754098360609,3
2634,2020-03-24 08:00:00,31.48,33.8,30.41,33.0,186970.0,0.04828462515883099,0.07369758576874195,0.03398983481575604,3
2635,2020-03-24 09:00:00,33.115,35.0,32.52,33.75,4113217.0,0.019175600181186712,0.056922844632341776,0.017967688358749775,3
2636,2020-03-24 10:00:00,33.77,39.59,33.47,35.7278,7872350.0,0.057974533609712726,0.17234231566479122,0.008883624518803796,3
2637,2020-03-24 11:00:00,35.8,37.6056,35.05,36.14,3555040.0,0.00949720670391071,0.05043575418994429,0.020949720670391064,3
2638,2020-03-24 12:00:00,36.23,37.28,35.34,35.6699,2741631.0,-0.01545956389732262,0.028981507038366116,0.024565277394424333,3
2639,2020-03-24 13:00:00,35.6559,35.91,33.2,33.46,3108264.0,-0.061585880597601,0.007126450320984577,0.06887780142977738,3
2640,2020-03-24 14:00:00,33.53,33.91,32.14,33.16,2274069.0,-0.011034894124664615,0.011333134506412032,0.041455413062928735,3
2641,2020-03-24 15:00:00,33.1873,34.91,32.1446,34.47,3650246.0,0.03865032708295036,0.05190841074748461,0.03141864508411361,3
2642,2020-03-24 16:00:00,34.85,36.2,34.22,36.2,152135.0,0.03873744619799143,0.03873744619799143,0.018077474892396056,3
2643,2020-03-24 17:00:00,36.0,36.23,35.0,36.23,44149.0,0.006388888888888802,0.006388888888888802,0.027777777777777776,3
2644,2020-03-24 18:00:00,36.2,37.15,33.7189,36.85,58737.0,0.017955801104972333,0.026243093922651815,0.0685386740331493,3
2645,2020-03-24 19:00:00,36.91,36.95,35.5,35.8,42303.0,-0.0300731509076131,0.0010837171498240654,0.038201029531292244,3
2646,2020-03-25 04:00:00,37.5,42.0,37.5,41.61,22591.0,0.10959999999999999,0.12,0.0,3
2647,2020-03-25 05:00:00,41.98,42.15,39.56,39.93,38936.0,-0.04883277751310141,0.0040495474035255295,0.05764649833253918,3
2648,2020-03-25 06:00:00,39.93,39.98,35.0,35.38,37052.0,-0.11394941147007255,0.0012521913348358918,0.12346606561482594,3
2649,2020-03-25 07:00:00,35.38,38.49,35.38,37.47,81878.0,0.05907292255511577,0.08790276992651214,0.0,3
2650,2020-03-25 08:00:00,37.5,40.49,36.5,40.4,359098.0,0.0773333333333333,0.07973333333333339,0.02666666666666667,3
2651,2020-03-25 09:00:00,40.34,42.0,35.16,35.91,7728247.0,-0.10981655924640571,0.04115022310361915,0.1284085275161132,3
2652,2020-03-25 10:00:00,35.91,39.94,34.71,39.755,5757965.0,0.1070732386521862,0.1122250069618491,0.03341687552213857,3
2653,2020-03-25 11:00:00,39.82,40.69,39.09,40.2114,3168537.0,0.009829231541938656,0.02184831742842786,0.01833249623304864,3
2654,2020-03-25 12:00:00,40.2,43.3,40.11,41.84,4105930.0,0.04079601990049753,0.07711442786069637,0.0022388059701493384,3
2655,2020-03-25 13:00:00,41.875,43.6,41.59,42.485,2567743.0,0.014567164179104464,0.0411940298507463,0.00680597014925365,3
2656,2020-03-25 14:00:00,42.4967,43.65,40.38,43.1982,2514170.0,0.016507164085682015,0.02713857781898363,0.04980857337157931,3
2657,2020-03-25 15:00:00,43.1758,45.4499,41.33,42.41,5637802.0,-0.01773678773757535,0.05267070905460922,0.042750800216788204,3
2658,2020-03-25 16:00:00,42.48,43.01,42.1,43.01,163139.0,0.012476459510357843,0.012476459510357843,0.008945386064030026,3
2659,2020-03-25 17:00:00,43.03,43.48,43.0,43.31,19084.0,0.006507088078085083,0.010457820125493742,0.0006971880083662826,3
2660,2020-03-25 18:00:00,43.1,44.0,43.1,43.15,38845.0,0.001160092807424528,0.02088167053364266,0.0,3
2661,2020-03-25 19:00:00,43.14,43.65,42.6,43.65,43447.0,0.011821974965229439,0.011821974965229439,0.012517385257301788,3
2662,2020-03-26 04:00:00,42.0,42.3,38.5,38.81,35108.0,-0.0759523809523809,0.007142857142857075,0.08333333333333333,3
2663,2020-03-26 05:00:00,39.3,40.34,39.02,40.1,16754.0,0.02035623409669222,0.026463104325699906,0.007124681933842088,3
2664,2020-03-26 06:00:00,40.01,41.55,40.01,41.5,26017.0,0.037240689827543166,0.03849037740564857,0.0,3
2665,2020-03-26 07:00:00,41.02,41.99,39.51,39.67,100537.0,-0.03291077523159438,0.023647001462701094,0.03681131155533898,3
2666,2020-03-26 08:00:00,41.25,42.32,39.0,42.0,255098.0,0.01818181818181818,0.025939393939393946,0.05454545454545454,3
2667,2020-03-26 09:00:00,42.0,43.65,39.38,40.69,4346076.0,-0.031190476190476244,0.03928571428571425,0.06238095238095232,3
2668,2020-03-26 10:00:00,40.69,45.94,40.5,45.48,4687403.0,0.11771934136151387,0.12902433030228558,0.004669451953796946,3
2669,2020-03-26 11:00:00,45.45,49.87,45.1,47.945,6006851.0,0.05489548954895484,0.09724972497249712,0.007700770077007732,3
2670,2020-03-26 12:00:00,47.9737,49.37,45.91,46.3473,3116236.0,-0.033901908754171636,0.029105530738717182,0.04301731990653221,3
2671,2020-03-26 13:00:00,46.32,46.4,42.8385,44.2605,3566104.0,-0.04446243523316062,0.0017271157167529857,0.07516191709844552,3
2672,2020-03-26 14:00:00,44.36,44.65,41.38,41.63,3898488.0,-0.06154192966636603,0.006537421100090152,0.06717763751127134,3
2673,2020-03-26 15:00:00,41.685,42.34,37.85,40.61,8520536.0,-0.025788652992683285,0.015713086242053524,0.09199952021110713,3
2674,2020-03-26 16:00:00,40.17,41.83,40.1,41.35,117995.0,0.029375155588747814,0.041324371421458714,0.0017425939756036913,3
2675,2020-03-26 17:00:00,41.35,41.55,40.91,41.55,109710.0,0.004836759371221178,0.004836759371221178,0.010640870616686936,3
2676,2020-03-26 18:00:00,41.54,41.54,40.81,40.89,40916.0,-0.015647568608570018,0.0,0.017573423206547832,3
2677,2020-03-26 19:00:00,40.89,41.49,40.6501,41.115,30292.0,0.005502567865003703,0.014673514306676483,0.005866960136952768,3
2678,2020-03-27 04:00:00,39.9,39.99,38.74,39.51,12396.0,-0.009774436090225578,0.0022556390977444465,0.029072681704260566,3
2679,2020-03-27 05:00:00,39.51,39.8,38.8,38.99,10449.0,-0.013161225006327411,0.007339913945836476,0.017970134143254896,3
2680,2020-03-27 06:00:00,39.03,39.41,38.75,39.02,11341.0,-0.000256213169356854,0.009736100435562271,0.007173968741993367,3
2681,2020-03-27 07:00:00,39.02,39.1,36.12,36.5,166346.0,-0.06458226550486937,0.002050230650948188,0.07432086109687354,3
2682,2020-03-27 08:00:00,38.73,39.02,36.135,37.73,447761.0,-0.025819777949909632,0.007487735605473955,0.06700232378001547,3
2683,2020-03-27 09:00:00,37.62,38.24,35.1,35.25,6488290.0,-0.06299840510366819,0.01648059542796397,0.06698564593301426,3
2684,2020-03-27 10:00:00,35.26,35.71,33.35,33.45,5253982.0,-0.051332955190016884,0.01276233692569492,0.054169030062393556,3
2685,2020-03-27 11:00:00,33.43,34.7,32.8,34.23,4050794.0,0.02393060125635648,0.037989829494466144,0.018845348489380874,3
2686,2020-03-27 12:00:00,34.23,34.33,33.5,33.53,2255737.0,-0.020449897750511124,0.0029214139643587915,0.021326321939818784,3
2687,2020-03-27 13:00:00,33.55,35.8,32.91,35.535,4109557.0,0.05916542473919522,0.06706408345752608,0.01907600596125188,3
2688,2020-03-27 14:00:00,35.535,36.48,34.2,34.8599,4344018.0,-0.018998170817503685,0.026593499366821455,0.037568594343604725,3
2689,2020-03-27 15:00:00,34.82,35.86,34.4501,34.5,3627381.0,-0.00919012062033315,0.029867892016082687,0.010623205054566376,3
2690,2020-03-27 16:00:00,34.5,34.9,34.45,34.9,78661.0,0.011594202898550683,0.011594202898550683,0.0014492753623187582,3
2691,2020-03-27 17:00:00,34.9,34.9,34.45,34.47,28001.0,-0.012320916905444118,0.0,0.012893982808022801,3
2692,2020-03-27 18:00:00,34.48,34.48,34.46,34.4601,13635.0,-0.0005771461716937299,0.0,0.0005800464037121816,3
2693,2020-03-27 19:00:00,34.46,34.58,34.0,34.01,26453.0,-0.013058618688334384,0.0034822983168890727,0.013348810214741755,3
2694,2020-03-30 04:00:00,34.01,34.01,32.21,33.48,8365.0,-0.015583651867097946,0.0,0.052925610114672075,3
2695,2020-03-30 05:00:00,33.45,34.0,33.03,33.93,4019.0,0.014349775784753268,0.01644245142002981,0.012556053811659243,3
2696,2020-03-30 06:00:00,33.69,33.95,33.66,33.66,1933.0,-0.0008904719501336046,0.007717423567824433,0.0008904719501336046,3
2697,2020-03-30 07:00:00,33.7,33.7,32.02,32.03,56786.0,-0.04955489614243328,0.0,0.04985163204747773,3
2698,2020-03-30 08:00:00,33.0,33.5,31.0,32.48,201599.0,-0.015757575757575852,0.015151515151515152,0.06060606060606061,3
2699,2020-03-30 09:00:00,32.43,32.99,28.5201,29.681,5062158.0,-0.08476719087264875,0.017267961763799022,0.12056429232192416,3
2700,2020-03-30 10:00:00,29.6601,31.4694,29.1501,30.55,3776725.0,0.030003270386815984,0.0610011429496192,0.01719481727977996,3
2701,2020-03-30 11:00:00,30.57,31.26,29.62,29.6337,2930735.0,-0.03062806673209026,0.022571148184494644,0.03107621851488385,3
2702,2020-03-30 12:00:00,29.631,30.1881,29.08,29.38,2695391.0,-0.008470858222807236,0.018801255441935755,0.018595389963214266,3
2703,2020-03-30 13:00:00,29.38,30.0548,29.0,29.025,2369257.0,-0.012083049693669178,0.022968005445881592,0.012933968686181041,3
2704,2020-03-30 14:00:00,29.03,29.29,28.1,28.58,3526401.0,-0.015501205649328378,0.00895625215294516,0.03203582500861177,3
2705,2020-03-30 15:00:00,28.5601,29.8,28.255,29.766,4242897.0,0.042223241515260794,0.043413713537417666,0.0106827357047069,3
2706,2020-03-30 16:00:00,29.79,29.8,29.5001,29.5001,60905.0,-0.009731453507888533,0.00033568311513936097,0.009731453507888533,3
2707,2020-03-30 17:00:00,29.5,29.79,29.17,29.74,47338.0,0.00813559322033893,0.009830508474576243,0.011186440677966043,3
2708,2020-03-30 18:00:00,29.65,29.74,29.52,29.65,8473.0,0.0,0.0030354131534569935,0.00438448566610452,3
2709,2020-03-30 19:00:00,29.65,29.65,29.03,29.19,19889.0,-0.01551433389544679,0.0,0.020910623946037016,3
2710,2020-03-31 04:00:00,31.02,32.11,31.0,31.98,8978.0,0.03094777562862672,0.03513862024500322,0.0006447453255963757,3
2711,2020-03-31 05:00:00,31.97,32.24,31.42,31.6,9147.0,-0.011573350015639583,0.008445417578980392,0.017203628401626436,3
2712,2020-03-31 06:00:00,31.81,31.89,30.51,30.58,9373.0,-0.03866708582206855,0.0025149324111915076,0.04086765168186096,3
2713,2020-03-31 07:00:00,30.58,30.8,29.71,29.81,67081.0,-0.025179856115107903,0.007194244604316626,0.02844996729888808,3
2714,2020-03-31 08:00:00,30.51,30.7,27.5,28.3,401803.0,-0.07243526712553264,0.00622746640445748,0.09865617830219604,3
2715,2020-03-31 09:00:00,28.28,32.5,28.02,32.2538,4253809.0,0.1405162659123054,0.14922206506364918,0.00919377652050925,3
2716,2020-03-31 10:00:00,32.2699,35.65,32.2601,33.965,6903878.0,0.05252882717331023,0.10474466918087749,0.00030368857666117577,3
2717,2020-03-31 11:00:00,33.9401,33.9899,32.25,33.15,3296815.0,-0.023279247851361734,0.0014672909036802374,0.04979655333956002,3
2718,2020-03-31 12:00:00,33.17,33.92,31.67,31.7,2964853.0,-0.044317154054868926,0.02261079288513717,0.04522158577027434,3
2719,2020-03-31 13:00:00,31.7,32.22,31.19,31.6898,2324939.0,-0.0003217665615141181,0.016403785488958978,0.016088328075709715,3
2720,2020-03-31 14:00:00,31.69,32.61,31.6601,32.4601,1436500.0,0.02430104133796137,0.029031240138845,0.0009435153045125077,3
2721,2020-03-31 15:00:00,32.45,32.62,30.71,32.17,3708466.0,-0.008628659476117137,0.00523882896764236,0.053620955315870626,3
2722,2020-03-31 16:00:00,32.03,32.2,32.01,32.04,80927.0,0.0003122073056508901,0.005307524196066241,0.0006244146113020021,3
2723,2020-03-31 17:00:00,32.01,32.1999,31.87,31.93,17760.0,-0.002499218994064302,0.00593252108716031,0.004373633239612528,3
2724,2020-03-31 18:00:00,31.92,31.92,31.5,31.56,22159.0,-0.011278195488721898,0.0,0.013157894736842158,3
2725,2020-03-31 19:00:00,31.56,31.56,31.0001,31.23,65763.0,-0.010456273764258502,0.0,0.01774081115335865,3
2726,2020-04-01 04:00:00,30.6,30.75,29.95,30.44,19362.0,-0.0052287581699346445,0.004901960784313679,0.021241830065359547,4
2727,2020-04-01 05:00:00,30.51,30.76,30.5,30.6,7020.0,0.0029498525073746265,0.008194034742707308,0.0003277613897083436,4
2728,2020-04-01 06:00:00,30.69,30.75,30.55,30.55,1680.0,-0.004561746497230386,0.0019550342130986876,0.004561746497230386,4
2729,2020-04-01 07:00:00,30.53,30.53,29.48,29.72,46105.0,-0.026531280707500892,0.0,0.034392400917130715,4
2730,2020-04-01 08:00:00,30.1,31.93,29.2,31.15,475041.0,0.03488372093023246,0.06079734219269097,0.029900332225913692,4
2731,2020-04-01 09:00:00,31.12,31.29,28.8,28.91,4144955.0,-0.07101542416452444,0.005462724935732588,0.07455012853470437,4
2732,2020-04-01 10:00:00,28.905,29.89,28.6,29.04,3141026.0,0.004670472236637191,0.0340771492821311,0.010551807645736022,4
2733,2020-04-01 11:00:00,29.05,29.26,28.1601,28.565,2690223.0,-0.01669535283993113,0.007228915662650631,0.03063339070567989,4
2734,2020-04-01 12:00:00,28.5904,28.5904,27.42,27.7499,2721460.0,-0.02939797974145163,0.0,0.04093681795287919,4
2735,2020-04-01 13:00:00,27.73,28.445,27.53,28.0128,1598275.0,0.010198341146772382,0.025784349080418312,0.007212405337179924,4
2736,2020-04-01 14:00:00,28.06,28.19,27.5,27.61,1656333.0,-0.016037063435495342,0.004632929436920975,0.0199572344975053,4
2737,2020-04-01 15:00:00,27.61,27.68,25.6,25.77,7243597.0,-0.06664252082578775,0.002535313292285414,0.07279971024990939,4
2738,2020-04-01 16:00:00,25.77,27.26,25.6,26.51,113197.0,0.028715560729530538,0.05781916957702763,0.006596818005432602,4
2739,2020-04-01 17:00:00,26.7,27.45,26.5,27.21,76404.0,0.019101123595505677,0.028089887640449437,0.007490636704119823,4
2740,2020-04-01 18:00:00,27.2,27.2001,26.2001,26.68,75584.0,-0.019117647058823514,3.676470588226726e-06,0.03676102941176471,4
2741,2020-04-01 19:00:00,26.6501,27.4,26.41,27.3,77438.0,0.024386400051031792,0.02813873118674978,0.009009347056859006,4
2742,2020-04-02 04:00:00,27.8,28.5,27.4,27.77,11549.0,-0.001079136690647523,0.02517985611510789,0.01438848920863317,4
2743,2020-04-02 05:00:00,27.76,28.17,27.76,27.8,8706.0,0.0014409221902016982,0.014769452449567727,0.0,4
2744,2020-04-02 06:00:00,27.79,28.1,27.07,27.15,23937.0,-0.023029866858582246,0.011155091759625847,0.02590860021590496,4
2745,2020-04-02 07:00:00,27.3,27.5,26.72,26.72,131726.0,-0.021245421245421312,0.0073260073260073,0.021245421245421312,4
2746,2020-04-02 08:00:00,27.4,27.4999,24.8,25.4,614329.0,-0.07299270072992702,0.0036459854014599144,0.09489051094890504,4
2747,2020-04-02 09:00:00,25.34,27.23,24.86,27.12,6475432.0,0.07024467245461725,0.07458563535911604,0.018942383583267577,4
2748,2020-04-02 10:00:00,27.105,27.95,26.2,26.42,4180372.0,-0.02527209002029141,0.031175059952038328,0.0333886736764435,4
2749,2020-04-02 11:00:00,26.3635,26.49,25.13,25.99,3398568.0,-0.014167314658524095,0.004798300680865593,0.04678817304227434,4
2750,2020-04-02 12:00:00,25.97,26.45,25.55,26.1093,2452296.0,0.005363881401617336,0.018482864844050845,0.016172506738544402,4
2751,2020-04-02 13:00:00,26.1,26.1,25.15,25.16,2548848.0,-0.03601532567049813,0.0,0.0363984674329503,4
2752,2020-04-02 14:00:00,25.155,25.4022,24.76,25.19,3732125.0,0.0013913734843967458,0.009827072152653524,0.015702643609620336,4
2753,2020-04-02 15:00:00,25.21,25.49,23.95,24.82,5290877.0,-0.015470051566838578,0.0111067036890122,0.0499801666005554,4
2754,2020-04-02 16:00:00,24.85,25.35,24.82,25.35,54401.0,0.02012072434607646,0.02012072434607646,0.0012072434607646332,4
2755,2020-04-02 17:00:00,25.36,25.69,25.27,25.51,40624.0,0.005914826498422797,0.013012618296530042,0.003548895899053622,4
2756,2020-04-02 18:00:00,25.5,25.61,25.4,25.48,18247.0,-0.0007843137254901793,0.0043137254901960565,0.003921568627451036,4
2757,2020-04-02 19:00:00,25.49,25.49,25.2101,25.2101,21893.0,-0.010980776775205878,0.0,0.010980776775205878,4
2758,2020-04-03 04:00:00,25.5,25.66,25.02,25.02,8207.0,-0.01882352941176472,0.0062745098039215744,0.01882352941176472,4
2759,2020-04-03 05:00:00,25.04,25.35,25.04,25.35,3460.0,0.012380191693290826,0.012380191693290826,0.0,4
2760,2020-04-03 06:00:00,25.4,26.0,25.13,25.72,6433.0,0.012598425196850406,0.023622047244094547,0.010629921259842504,4
2761,2020-04-03 07:00:00,25.7,25.75,25.41,25.65,27608.0,-0.0019455252918288216,0.0019455252918288216,0.01128404669260697,4
2762,2020-04-03 08:00:00,25.49,25.9502,25.3,25.64,82139.0,0.005884660651235863,0.018054138877991385,0.007453903491565231,4
2763,2020-04-03 09:00:00,25.74,26.21,24.53,25.1865,3307892.0,-0.02150349650349649,0.018259518259518354,0.047008547008546904,4
2764,2020-04-03 10:00:00,25.2199,25.85,23.4,23.97,4593920.0,-0.049560069627556026,0.024984238636949485,0.07216126947370928,4
2765,2020-04-03 11:00:00,23.96,24.25,23.6,23.97,2611236.0,0.0004173622704506682,0.01210350584307175,0.015025041736227021,4
2766,2020-04-03 12:00:00,24.0,24.14,23.0,23.095,2791024.0,-0.03770833333333338,0.005833333333333357,0.041666666666666664,4
2767,2020-04-03 13:00:00,23.0982,23.28,22.25,22.6066,3209992.0,-0.021283043700374846,0.007870743174792956,0.036721476132339254,4
2768,2020-04-03 14:00:00,22.605,24.2,22.5,24.135,4439990.0,0.06768414067684146,0.07055961070559605,0.004644990046449919,4
2769,2020-04-03 15:00:00,24.14,24.69,23.72,24.38,4861618.0,0.00994200497100242,0.022783761391880725,0.01739850869925442,4
2770,2020-04-03 16:00:00,24.56,24.64,24.3,24.6,49443.0,0.0016286644951141165,0.0032573289902280886,0.010586319218240962,4
2771,2020-04-03 17:00:00,24.6,24.7,24.2501,24.29,37827.0,-0.012601626016260255,0.004065040650406417,0.014223577235772424,4
2772,2020-04-03 18:00:00,24.36,24.36,24.06,24.15,18255.0,-0.008620689655172448,0.0,0.012315270935960621,4
2773,2020-04-03 19:00:00,24.17,24.3,24.0,24.03,86844.0,-0.00579230450972282,0.005378568473313984,0.0070335126189491805,4
2774,2020-04-06 04:00:00,25.43,26.8,25.43,26.34,40086.0,0.03578450648839954,0.05387337790011801,0.0,4
2775,2020-04-06 05:00:00,26.34,26.76,26.26,26.76,8668.0,0.015945330296127627,0.015945330296127627,0.0030372057706908994,4
2776,2020-04-06 06:00:00,26.76,26.76,26.21,26.37,9133.0,-0.014573991031390156,0.0,0.020553064275037395,4
2777,2020-04-06 07:00:00,26.41,26.73,25.5,26.32,153575.0,-0.0034078000757288853,0.012116622491480511,0.03445664521014768,4
2778,2020-04-06 08:00:00,26.5,26.7301,25.71,26.44,156220.0,-0.002264150943396178,0.008683018867924535,0.029811320754716947,4
2779,2020-04-06 09:00:00,26.43,27.65,25.85,26.61,3760434.0,0.00681044267877411,0.04615966704502455,0.021944759742716546,4
2780,2020-04-06 10:00:00,26.64,28.45,26.3357,27.08,6058854.0,0.016516516516516432,0.0679429429429429,0.011422672672672723,4
2781,2020-04-06 11:00:00,27.09,28.64,26.82,28.16,3597704.0,0.03949796973052788,0.057216685123661896,0.009966777408637858,4
2782,2020-04-06 12:00:00,28.15,30.2099,27.83,28.84,6509842.0,0.02451154529307287,0.07317584369449387,0.011367673179396104,4
2783,2020-04-06 13:00:00,28.8042,29.75,28.671,29.665,4052638.0,0.029884530728157613,0.032835489268926,0.0046243256191806125,4
2784,2020-04-06 14:00:00,29.6301,29.66,28.68,29.14,2910049.0,-0.01654061241777781,0.0010091089803949825,0.032065365962315316,4
2785,2020-04-06 15:00:00,29.17,29.83,27.12,29.61,5258417.0,0.015083990401096939,0.02262598560164541,0.07027768255056567,4
2786,2020-04-06 16:00:00,29.95,30.3,29.51,30.1,168768.0,0.005008347245409086,0.011686143572621082,0.014691151919866368,4
2787,2020-04-06 17:00:00,30.1001,30.4,29.62,30.0,119725.0,-0.0033255703469424083,0.009963422048431645,0.015950113122547772,4
2788,2020-04-06 18:00:00,30.0,30.25,29.95,30.2,191210.0,0.006666666666666643,0.008333333333333333,0.0016666666666666904,4
2789,2020-04-06 19:00:00,30.16,30.73,30.05,30.54,102566.0,0.012599469496021188,0.01889920424403184,0.003647214854111387,4
2790,2020-04-07 04:00:00,33.05,34.4,33.0,33.65,47534.0,0.018154311649016687,0.04084720121028749,0.0015128593040846343,4
2791,2020-04-07 05:00:00,33.6,34.0,33.38,33.62,24008.0,0.0005952380952379768,0.011904761904761862,0.006547619047619013,4
2792,2020-04-07 06:00:00,33.61,34.71,33.5,33.87,27546.0,0.007735792918774115,0.03272835465635232,0.003272835465635211,4
2793,2020-04-07 07:00:00,33.87,34.86,33.2,33.91,195053.0,0.0011809861234130248,0.029229406554473047,0.01978151756716843,4
2794,2020-04-07 08:00:00,34.6828,35.74,33.33,35.6202,416313.0,0.02702780629014949,0.0304819680071967,0.03900492463122937,4
2795,2020-04-07 09:00:00,35.62,39.75,34.81,38.705,10357675.0,0.08660864682762497,0.11594609769792259,0.022740033688938663,4
2796,2020-04-07 10:00:00,38.705,38.79,34.08,35.655,11565969.0,-0.0788011884769409,0.0021960986952590327,0.11949360547732851,4
2797,2020-04-07 11:00:00,35.635,37.47,35.12,36.25,6269979.0,0.017258313455872094,0.05149431738459383,0.014452083625648957,4
2798,2020-04-07 12:00:00,36.2588,37.83,35.41,35.65,5162748.0,-0.01679040674263909,0.043332928833827854,0.023409489558396973,4
2799,2020-04-07 13:00:00,35.66,36.29,34.1203,34.16,3618550.0,-0.04206393718452048,0.01766685361749867,0.043177229388670677,4
2800,2020-04-07 14:00:00,34.1321,34.4,31.65,32.1466,6757750.0,-0.05817104719604131,0.007848916415925108,0.07272040103011541,4
2801,2020-04-07 15:00:00,32.18,34.38,31.97,33.55,5914469.0,0.042573026724673634,0.06836544437538852,0.006525792417650741,4
2802,2020-04-07 16:00:00,33.55,35.57,32.5,33.55,146292.0,0.0,0.06020864381520129,0.03129657228017876,4
2803,2020-04-07 17:00:00,33.67,33.67,33.4,33.63,18154.0,-0.0011880011880011625,0.0,0.008019008019008112,4
2804,2020-04-07 18:00:00,33.63,33.74,33.4,33.4,25959.0,-0.006839131727624263,0.003270889087124574,0.006839131727624263,4
2805,2020-04-07 19:00:00,33.41,34.5,33.24,34.41,71105.0,0.0299311583358276,0.032624962586052186,0.00508829691709053,4
2806,2020-04-08 04:00:00,33.71,34.66,33.71,33.78,7660.0,0.002076535152773666,0.028181548501928083,0.0,4
2807,2020-04-08 05:00:00,33.81,33.81,32.65,33.4,7940.0,-0.012126589766341428,0.0,0.03430937592428286,4
2808,2020-04-08 06:00:00,33.24,34.4,33.24,34.4,4076.0,0.0348977135980745,0.0348977135980745,0.0,4
2809,2020-04-08 07:00:00,34.3,35.0,34.3,34.36,61826.0,0.0017492711370263056,0.020408163265306208,0.0,4
2810,2020-04-08 08:00:00,34.9,35.95,34.3,35.11,177285.0,0.0060171919770773885,0.030085959885386943,0.01719197707736394,4
2811,2020-04-08 09:00:00,35.15,35.77,33.82,34.43,3646420.0,-0.020483641536273085,0.01763869132290198,0.03783783783783779,4
2812,2020-04-08 10:00:00,34.4137,35.44,33.6501,35.28,4127276.0,0.0251731141958,0.02982242537129106,0.02218883758503145,4
2813,2020-04-08 11:00:00,35.33,37.4,35.2744,36.57,5266164.0,0.03509765072176626,0.05859043305972263,0.0015737333710726953,4
2814,2020-04-08 12:00:00,36.62,37.21,35.9,37.01,3755930.0,0.010649918077553265,0.01611141452758065,0.01966138722009828,4
2815,2020-04-08 13:00:00,37.03,37.8,36.1,36.25,3889115.0,-0.02106400216041051,0.02079395085066152,0.025114771806643253,4
2816,2020-04-08 14:00:00,36.2791,37.39,36.17,36.8455,2566569.0,0.015612294682062168,0.03062093602101488,0.0030072410837092976,4
2817,2020-04-08 15:00:00,36.82,37.7,36.76,37.54,4393009.0,0.019554589896795187,0.023900054318305337,0.00162954915806633,4
2818,2020-04-08 16:00:00,37.6202,38.25,37.56,38.05,187647.0,0.011424713318908465,0.016741006161583485,0.001600204145645018,4
2819,2020-04-08 17:00:00,38.09,38.67,37.56,38.58,138101.0,0.012864268836964947,0.015227093725387195,0.013914413231819404,4
2820,2020-04-08 18:00:00,38.43,38.99,38.3,38.95,68852.0,0.013531095498308695,0.014571948998178565,0.00338277387457722,4
2821,2020-04-08 19:00:00,38.95,39.73,38.73,39.66,122607.0,0.01822849807445427,0.02002567394094978,0.005648267008986032,4
2822,2020-04-09 04:00:00,40.0,40.99,39.6,39.85,58696.0,-0.0037499999999999643,0.02475000000000005,0.009999999999999964,4
2823,2020-04-09 05:00:00,39.77,40.0,39.12,39.33,23296.0,-0.011063615790797204,0.005783253708825669,0.01634397787276856,4
2824,2020-04-09 06:00:00,39.37,39.37,38.5,38.87,11704.0,-0.012700025400050802,0.0,0.02209804419608833,4
2825,2020-04-09 07:00:00,38.88,39.65,38.4,38.4,86575.0,-0.01234567901234578,0.01980452674897109,0.01234567901234578,4
2826,2020-04-09 08:00:00,38.7,39.85,37.31,39.82,568038.0,0.02894056847545213,0.02971576227390177,0.03591731266149872,4
2827,2020-04-09 09:00:00,39.65,45.12,39.46,44.34,9371523.0,0.11828499369482989,0.13795712484237072,0.004791929382093259,4
2828,2020-04-09 10:00:00,44.34,44.6,40.64,42.45,9511159.0,-0.042625169147496624,0.005863779882724357,0.08344609833107809,4
2829,2020-04-09 11:00:00,42.52,42.75,41.63,42.2927,3746226.0,-0.005345719661335832,0.005409219190968882,0.020931326434619014,4
2830,2020-04-09 12:00:00,42.305,43.25,42.08,42.87,3038480.0,0.013355395343339977,0.02233778513178112,0.005318520269471727,4
2831,2020-04-09 13:00:00,42.88,43.2921,42.32,42.82,2715068.0,-0.0013992537313433366,0.009610541044776008,0.013059701492537365,4
2832,2020-04-09 14:00:00,42.82,42.9,36.76,38.44,8748904.0,-0.10228865016347508,0.0018682858477346636,0.14152265296590383,4
2833,2020-04-09 15:00:00,38.41,40.44,38.04,40.22,7876382.0,0.04712314501431925,0.052850820098932605,0.009632908096849713,4
2834,2020-04-09 16:00:00,40.24,41.25,40.0,41.25,120500.0,0.025099403578528776,0.025099403578528776,0.0059642147117296715,4
2835,2020-04-09 17:00:00,41.17,41.55,40.22,41.4,171935.0,0.005586592178770874,0.00923002186057798,0.023075054651445295,4
2836,2020-04-09 18:00:00,41.45,42.0,41.25,41.8,56790.0,0.008443908323280925,0.013268998793727314,0.004825090470446389,4
2837,2020-04-09 19:00:00,41.87,42.0,41.5,41.88,59297.0,0.00023883448770014608,0.003104848340100372,0.008836876044900823,4
2838,2020-04-13 04:00:00,40.0,40.0,36.99,37.18,32951.0,-0.07050000000000001,0.0,0.07524999999999996,4
2839,2020-04-13 05:00:00,37.11,38.6,37.0,38.49,24370.0,0.037186742118027555,0.040150902721638425,0.0029641606036108713,4
2840,2020-04-13 06:00:00,38.49,39.59,38.12,39.1,13567.0,0.015848272278513886,0.028578851649779198,0.009612886464016746,4
2841,2020-04-13 07:00:00,39.45,39.55,38.0,38.88,206596.0,-0.014448669201520919,0.0025348542458807177,0.036755386565272566,4
2842,2020-04-13 08:00:00,38.11,39.5,37.99,38.0,437220.0,-0.002886381527158211,0.03647336657045396,0.003148779847808907,4
2843,2020-04-13 09:00:00,37.99,37.99,34.48,35.34,7285314.0,-0.06975519873650957,0.0,0.09239273493024493,4
2844,2020-04-13 10:00:00,35.2981,35.6555,34.33,34.41,5622639.0,-0.02515999444729324,0.010125190874296506,0.0274264053872588,4
2845,2020-04-13 11:00:00,34.4,34.83,34.03,34.454,3757214.0,0.0015697674418605246,0.012499999999999992,0.010755813953488298,4
2846,2020-04-13 12:00:00,34.43,35.31,34.25,34.49,3653293.0,0.0017426662794075595,0.02555910543130998,0.0052279988382224725,4
2847,2020-04-13 13:00:00,34.4944,34.74,34.03,34.115,2559063.0,-0.01099888677582439,0.0071199962892528395,0.013463054872674919,4
2848,2020-04-13 14:00:00,34.115,34.41,33.79,34.1769,3899413.0,0.0018144511212077209,0.008647222629341773,0.009526601201817465,4
2849,2020-04-13 15:00:00,34.17,34.175,33.25,33.39,5877833.0,-0.022827041264266934,0.0001463271875913214,0.026924202516827676,4
2850,2020-04-13 16:00:00,33.45,36.36,33.37,33.95,189252.0,0.014947683109118086,0.08699551569506715,0.002391629297459055,4
2851,2020-04-13 17:00:00,33.95,34.25,33.37,34.16,76126.0,0.006185567010309093,0.008836524300441741,0.017083946980854355,4
2852,2020-04-13 18:00:00,34.15,34.15,34.0,34.03,61008.0,-0.003513909224011638,0.0,0.0043923865300146,4
2853,2020-04-13 19:00:00,34.03,34.3,34.0,34.2,67492.0,0.004995592124595995,0.007934175727299325,0.0008815750808110824,4
2854,2020-04-14 04:00:00,35.11,35.58,34.8,35.51,34993.0,0.011392765593847866,0.013386499572771259,0.008829393335232192,4
2855,2020-04-14 05:00:00,35.5,35.51,35.0,35.49,24952.0,-0.0002816901408450144,0.0002816901408450144,0.014084507042253521,4
2856,2020-04-14 06:00:00,35.45,35.47,35.2,35.21,10918.0,-0.006770098730606544,0.0005641748942170951,0.007052186177715091,4
2857,2020-04-14 07:00:00,35.21,35.71,34.83,35.65,210871.0,0.012496449872195335,0.014200511218403862,0.010792388525987007,4
2858,2020-04-14 08:00:00,35.61,36.71,34.85,36.36,512866.0,0.02106149957877001,0.030890199382196053,0.021342319573153554,4
2859,2020-04-14 09:00:00,36.25,38.58,35.3601,38.46,6837894.0,0.06096551724137934,0.06427586206896548,0.024548965517241304,4
2860,2020-04-14 10:00:00,38.47,39.0,36.8,36.8358,7701943.0,-0.042479854432024955,0.013776969066805332,0.04341044970106581,4
2861,2020-04-14 11:00:00,36.84,37.11,35.84,36.53,4892094.0,-0.008414766558089095,0.007328990228012921,0.027144408251900107,4
2862,2020-04-14 12:00:00,36.54,37.69,36.54,37.45,3133781.0,0.024904214559387076,0.031472359058565914,0.0,4
2863,2020-04-14 13:00:00,37.45,37.55,37.01,37.39,2536724.0,-0.0016021361815754945,0.002670226969292238,0.011748998664886644,4
2864,2020-04-14 14:00:00,37.41,37.41,36.4196,36.71,2306528.0,-0.01871157444533536,0.0,0.026474204758085915,4
2865,2020-04-14 15:00:00,36.685,37.95,36.625,37.84,3650955.0,0.0314842578710645,0.03448275862068967,0.0016355458634319823,4
2866,2020-04-14 16:00:00,37.8,38.18,37.52,38.09,167759.0,0.0076719576719578375,0.01005291005291012,0.00740740740740725,4
2867,2020-04-14 17:00:00,38.1999,38.59,38.15,38.56,100381.0,0.009426726247974544,0.010212068617980777,0.0013062861421103444,4
2868,2020-04-14 18:00:00,38.55,38.66,38.0501,38.21,84758.0,-0.008819714656290436,0.0028534370946822164,0.012967574578469435,4
2869,2020-04-14 19:00:00,38.3,38.3,37.55,37.7701,63779.0,-0.013835509138381144,0.0,0.0195822454308094,4
2870,2020-04-15 04:00:00,37.5,37.5,35.4,35.7,22953.0,-0.047999999999999925,0.0,0.056000000000000036,4
2871,2020-04-15 05:00:00,35.81,36.17,35.4,36.01,15130.0,0.005585032113934536,0.010053057805082363,0.011449315833566145,4
2872,2020-04-15 06:00:00,36.01,36.2,35.95,36.0,8471.0,-0.0002777006387114138,0.0052763121355180465,0.0016662038322686802,4
2873,2020-04-15 07:00:00,36.0,36.79,35.95,36.4,93622.0,0.011111111111111072,0.02194444444444442,0.00138888888888881,4
2874,2020-04-15 08:00:00,36.27,36.6,35.1,35.68,370698.0,-0.01626688723462926,0.009098428453267115,0.03225806451612908,4
2875,2020-04-15 09:00:00,35.67,36.88,34.4,35.95,4825591.0,0.007849733669750522,0.033922063358564646,0.03560414914493981,4
2876,2020-04-15 10:00:00,35.89,36.56,35.79,36.21,3124491.0,0.008916132627472841,0.018668152688771294,0.0027862914460853,4
2877,2020-04-15 11:00:00,36.22,36.38,35.7,35.78,2600441.0,-0.012147984538928706,0.004417448923246927,0.014356709000552071,4
2878,2020-04-15 12:00:00,35.79,37.54,35.76,37.1,3309931.0,0.03660240290583969,0.04889633975970942,0.000838222967309336,4
2879,2020-04-15 13:00:00,37.1,37.8499,36.56,37.04,2727670.0,-0.0016172506738545086,0.020212938005390747,0.014555256064690004,4
2880,2020-04-15 14:00:00,37.04,37.62,36.73,37.32,2012004.0,0.00755939524838016,0.015658747300215936,0.008369330453563776,4
2881,2020-04-15 15:00:00,37.33,37.34,36.82,36.99,2970980.0,-0.009107956067505928,0.00026788106080913787,0.013661934101258988,4
2882,2020-04-15 16:00:00,36.9984,37.33,36.83,36.83,213057.0,-0.004551548175056174,0.008962549731880343,0.004551548175056174,4
2883,2020-04-15 17:00:00,36.97,36.99,36.71,36.79,17510.0,-0.00486881255071679,0.0005409791723019509,0.0070327292399242096,4
2884,2020-04-15 18:00:00,36.79,36.79,36.51,36.57,50398.0,-0.005979885838543052,0.0,0.007610763794509408,4
2885,2020-04-15 19:00:00,36.6,36.64,36.02,36.2,49208.0,-0.01092896174863384,0.0010928961748633646,0.01584699453551908,4
2886,2020-04-16 04:00:00,36.35,37.7,36.35,37.5,8507.0,0.031636863823933936,0.03713892709766166,0.0,4
2887,2020-04-16 05:00:00,37.5,37.5,36.98,37.0,5159.0,-0.013333333333333334,0.0,0.01386666666666675,4
2888,2020-04-16 06:00:00,37.06,37.5,37.06,37.35,1978.0,0.007825148407987025,0.011872638963842356,0.0,4
2889,2020-04-16 07:00:00,37.25,37.5,36.85,36.93,40356.0,-0.008590604026845645,0.006711409395973154,0.010738255033557008,4
2890,2020-04-16 08:00:00,37.4,37.5,36.31,36.95,174053.0,-0.012032085561497213,0.0026737967914438883,0.02914438502673787,4
2891,2020-04-16 09:00:00,36.95,37.0664,34.33,34.47,3883227.0,-0.06711772665764557,0.0031502029769959056,0.07090663058186751,4
2892,2020-04-16 10:00:00,34.5425,35.1,33.63,34.58,5091748.0,0.0010856191647970305,0.01613953824998204,0.02641673301005991,4
2893,2020-04-16 11:00:00,34.58,35.32,34.27,34.68,2565105.0,0.002891844997108196,0.021399652978600407,0.00896471949103514,4
2894,2020-04-16 12:00:00,34.68,34.92,33.6401,33.93,2649630.0,-0.021626297577854673,0.006920415224913552,0.029985582468281514,4
2895,2020-04-16 13:00:00,33.94,34.25,33.355,33.4,2520931.0,-0.01591043017088978,0.009133765468473845,0.017236299351797317,4
2896,2020-04-16 14:00:00,33.4,33.88,33.1,33.32,2579681.0,-0.0023952095808382726,0.01437125748503006,0.008982035928143627,4
2897,2020-04-16 15:00:00,33.31,34.33,33.01,34.01,3377423.0,0.021014710297207917,0.030621435004503032,0.00900630441308929,4
2898,2020-04-16 16:00:00,34.01,34.84,34.0,34.84,71972.0,0.024404586886210097,0.024404586886210097,0.00029403116730367573,4
2899,2020-04-16 17:00:00,34.72,38.3,34.72,37.25,572542.0,0.07286866359447008,0.10311059907834097,0.0,4
2900,2020-04-16 18:00:00,37.26,39.5,36.71,38.8,482754.0,0.04133118625872247,0.06011808910359641,0.014761137949543672,4
2901,2020-04-16 19:00:00,38.8,39.5,38.31,38.65,391001.0,-0.0038659793814432627,0.018041237113402137,0.012628865979381312,4
2902,2020-04-17 04:00:00,38.0,38.0,37.2,37.5,37022.0,-0.013157894736842105,0.0,0.021052631578947295,4
2903,2020-04-17 05:00:00,37.41,37.78,37.32,37.7,19345.0,0.007751937984496292,0.00989040363539173,0.0024057738572573193,4
2904,2020-04-17 06:00:00,37.67,38.2,37.61,38.13,25486.0,0.012211308733740399,0.01406955136713568,0.0015927794000531528,4
2905,2020-04-17 07:00:00,38.13,38.65,37.2,37.5,154351.0,-0.01652242328874908,0.013637555730395908,0.024390243902439015,4
2906,2020-04-17 08:00:00,38.2501,38.64,37.13,37.29,218749.0,-0.025100587972319132,0.01019343740277796,0.029283583572330546,4
2907,2020-04-17 09:00:00,37.28,37.4,35.45,36.0617,4262425.0,-0.0326797210300429,0.0032188841201716053,0.04908798283261798,4
2908,2020-04-17 10:00:00,36.045,36.12,35.0001,35.27,3547128.0,-0.021500901650714343,0.0020807324178109513,0.028988764044943775,4
2909,2020-04-17 11:00:00,35.26,36.25,35.24,36.0212,2588903.0,0.02158820192853098,0.028077141236528703,0.0005672149744752133,4
2910,2020-04-17 12:00:00,36.03,37.2,35.8901,36.885,3636330.0,0.023730224812656034,0.03247293921731895,0.0038828753816265433,4
2911,2020-04-17 13:00:00,36.88,37.61,36.7,37.0001,3361965.0,0.0032565075921909097,0.01979392624728842,0.00488069414316702,4
2912,2020-04-17 14:00:00,37.005,37.005,36.431,36.805,2025204.0,-0.005404675043913061,0.0,0.015511417376030404,4
2913,2020-04-17 15:00:00,36.805,37.4,36.38,37.38,3562051.0,0.015622877326450287,0.016166281755196275,0.011547344110854426,4
2914,2020-04-17 16:00:00,37.43,37.61,37.05,37.2,127476.0,-0.006144803633449021,0.004808976756612336,0.01015228426395946,4
2915,2020-04-17 17:00:00,37.2,37.35,37.1,37.1,34653.0,-0.0026881720430107906,0.004032258064516091,0.0026881720430107906,4
2916,2020-04-17 18:00:00,37.17,37.17,36.77,37.0,15630.0,-0.0045735808447673314,0.0,0.010761366693570045,4
2917,2020-04-17 19:00:00,37.0,37.09,37.0,37.09,764872.0,0.0024324324324325247,0.0024324324324325247,0.0,4
2918,2020-04-20 04:00:00,36.5,36.66,35.5,36.25,13045.0,-0.00684931506849315,0.004383561643835523,0.0273972602739726,4
2919,2020-04-20 05:00:00,36.18,36.3,36.11,36.11,2238.0,-0.0019347705914870173,0.003316749585406231,0.0019347705914870173,4
2920,2020-04-20 06:00:00,36.1,36.1,35.63,35.66,9106.0,-0.012188365650969663,0.0,0.01301939058171742,4
2921,2020-04-20 07:00:00,35.74,35.89,35.36,35.56,62305.0,-0.005036373810856175,0.004196978175713446,0.01063234471180757,4
2922,2020-04-20 08:00:00,35.59,35.99,35.35,35.99,145732.0,0.011239112110143258,0.011239112110143258,0.006743467266086035,4
2923,2020-04-20 09:00:00,35.98,36.5,34.91,36.15,2923517.0,0.0047248471372985466,0.014452473596442555,0.029738743746525857,4
2924,2020-04-20 10:00:00,36.14,37.21,35.96,36.89,2456902.0,0.02075262866629773,0.029607083563918103,0.004980630879911447,4
2925,2020-04-20 11:00:00,36.9027,37.1699,36.63,37.02,1562047.0,0.003178629205993062,0.00724066260734297,0.007389703192449343,4
2926,2020-04-20 12:00:00,37.03,37.07,35.82,35.83,1846803.0,-0.03240615716986235,0.001080205238995386,0.03267620847961115,4
2927,2020-04-20 13:00:00,35.82,36.23,35.5,35.925,2119817.0,0.0029313232830819897,0.011446119486320397,0.008933556672250147,4
2928,2020-04-20 14:00:00,35.91,36.1199,35.4,35.48,1534724.0,-0.01197438039543302,0.005845168476747554,0.014202172096908884,4
2929,2020-04-20 15:00:00,35.49,36.15,35.42,36.0,2069049.0,0.014370245139475851,0.01859678782755696,0.001972386587771211,4
2930,2020-04-20 16:00:00,36.01,36.1,35.61,35.74,83406.0,-0.007497917245209554,0.002499305748403316,0.011108025548458723,4
2931,2020-04-20 17:00:00,35.75,35.79,35.6,35.7,19817.0,-0.001398601398601319,0.001118881118881095,0.004195804195804156,4
2932,2020-04-20 18:00:00,35.71,36.02,35.7,36.0,9043.0,0.00812097451694201,0.008681041725007064,0.0002800336040324282,4
2933,2020-04-20 19:00:00,36.08,36.08,35.8,35.99,29405.0,-0.0024944567627493432,0.0,0.007760532150776085,4
2934,2020-04-21 04:00:00,35.3,35.35,35.04,35.31,9631.0,0.0002832861189803149,0.0014164305949009707,0.007365439093484363,4
2935,2020-04-21 05:00:00,35.22,35.3,34.99,34.99,4259.0,-0.0065303804656444316,0.0022714366837023933,0.0065303804656444316,4
2936,2020-04-21 06:00:00,35.0,35.16,34.9,34.91,2116.0,-0.002571428571428669,0.004571428571428474,0.002857142857142898,4
2937,2020-04-21 07:00:00,34.92,35.14,34.6,34.62,29073.0,-0.008591065292096342,0.006300114547537195,0.009163802978235975,4
2938,2020-04-21 08:00:00,35.0501,35.2,34.5,34.7,99602.0,-0.009988559233782432,0.004276735301753843,0.015694677047997024,4
2939,2020-04-21 09:00:00,34.7,35.77,34.2,35.2601,2418864.0,0.016141210374639725,0.03083573487031701,0.01440922190201729,4
2940,2020-04-21 10:00:00,35.265,35.29,34.29,34.38,2724639.0,-0.025095703955763448,0.0007089181908407367,0.02764780944279034,4
2941,2020-04-21 11:00:00,34.33,34.43,33.5,34.02,3497266.0,-0.009030002912904025,0.002912904165452998,0.02417710457325949,4
2942,2020-04-21 12:00:00,34.02,34.3,33.62,33.92,1744580.0,-0.0029394473838918697,0.008230452674896943,0.011757789535567479,4
2943,2020-04-21 13:00:00,33.92,34.215,33.61,33.9195,1407016.0,-1.4740566037806233e-05,0.008696933962264201,0.009139150943396294,4
2944,2020-04-21 14:00:00,33.89,34.34,33.76,34.11,1296231.0,0.006491590439657683,0.01327825317202723,0.003835939805252362,4
2945,2020-04-21 15:00:00,34.15,34.5699,34.07,34.43,1988000.0,0.00819912152269403,0.012295754026354272,0.002342606149341092,4
2946,2020-04-21 16:00:00,34.43,34.61,34.35,34.45,39797.0,0.0005808887598025887,0.0052279988382224725,0.002323555039209942,4
2947,2020-04-21 17:00:00,34.36,34.55,34.36,34.5,12192.0,0.00407450523864961,0.005529685681024381,0.0,4
2948,2020-04-21 18:00:00,34.52,34.66,34.44,34.55,17942.0,0.00086906141367306,0.0040556199304748975,0.002317497103128777,4
2949,2020-04-21 19:00:00,34.6,34.7,34.5,34.7,18795.0,0.0028901734104046653,0.0028901734104046653,0.0028901734104046653,4
2950,2020-04-22 04:00:00,34.72,35.37,34.72,35.3,1606.0,0.016705069124423915,0.018721198156681988,0.0,4
2951,2020-04-22 05:00:00,35.29,35.38,35.29,35.38,1425.0,0.00255029753471248,0.00255029753471248,0.0,4
2952,2020-04-22 06:00:00,35.4,35.4,35.0,35.0,1814.0,-0.011299435028248548,0.0,0.011299435028248548,4
2953,2020-04-22 07:00:00,35.01,35.4,35.0,35.33,11975.0,0.009140245644101694,0.011139674378748946,0.00028563267637812085,4
2954,2020-04-22 08:00:00,35.1499,35.4,35.0,35.33,50436.0,0.005123769911151836,0.00711524072614705,0.004264592502396945,4
2955,2020-04-22 09:00:00,35.33,35.74,34.56,34.66,1698535.0,-0.01896405321256727,0.011604868383809898,0.021794508915935352,4
2956,2020-04-22 10:00:00,34.7,34.8,33.85,34.32,1971112.0,-0.010951008645533214,0.002881844380403294,0.024495677233429432,4
2957,2020-04-22 11:00:00,34.32,34.81,34.23,34.6,884070.0,0.008158508158508191,0.014277389277389335,0.002622377622377722,4
2958,2020-04-22 12:00:00,34.59,34.8,34.22,34.3999,945989.0,-0.005495808037004945,0.0060711188204681625,0.010696733159872926,4
2959,2020-04-22 13:00:00,34.385,34.41,33.8,33.835,1116189.0,-0.01599534680820117,0.000727061218554561,0.01701323251417772,4
2960,2020-04-22 14:00:00,33.83,34.14,33.62,33.93,1266367.0,0.0029559562518475147,0.009163464380727232,0.006207508128879718,4
2961,2020-04-22 15:00:00,33.94,34.5,33.915,34.05,1565614.0,0.0032410135533293884,0.01649970536240431,0.0007365939893930047,4
2962,2020-04-22 16:00:00,34.08,34.18,34.0002,34.03,50555.0,-0.0014671361502346584,0.0029342723004695255,0.0023415492957746115,4
2963,2020-04-22 17:00:00,34.19,34.2,33.95,34.1,14329.0,-0.002632348639953095,0.0002924831822171722,0.007019596373208392,4
2964,2020-04-22 18:00:00,34.08,34.18,34.0,34.07,3689.0,-0.00029342723004689,0.0029342723004695255,0.002347417840375537,4
2965,2020-04-22 19:00:00,34.0,34.07,33.73,33.77,17927.0,-0.006764705882352849,0.002058823529411773,0.007941176470588326,4
2966,2020-04-23 04:00:00,33.77,34.3,33.6,34.3,2940.0,0.015694403316552974,0.015694403316552974,0.005034053893988797,4
2967,2020-04-23 05:00:00,34.3,34.3,34.3,34.3,115.0,0.0,0.0,0.0,4
2968,2020-04-23 06:00:00,34.03,34.08,34.03,34.03,838.0,0.0,0.0014692918013516649,0.0,4
2969,2020-04-23 07:00:00,34.19,34.3,34.0,34.3,15669.0,0.003217315004387231,0.003217315004387231,0.005557180462123361,4
2970,2020-04-23 08:00:00,34.3,34.75,34.0,34.55,53645.0,0.00728862973760933,0.013119533527696877,0.008746355685131112,4
2971,2020-04-23 09:00:00,34.55,34.98,34.06,34.5899,1508624.0,0.001154848046309781,0.012445730824891454,0.014182344428364541,4
2972,2020-04-23 10:00:00,34.59,36.13,34.4,35.71,3846135.0,0.03237930037583109,0.04452153801676782,0.005492917028042926,4
2973,2020-04-23 11:00:00,35.71,36.93,35.57,36.92,3090643.0,0.03388406608793058,0.034164099691963004,0.00392047045645479,4
2974,2020-04-23 12:00:00,36.91,36.98,35.52,35.91,3942145.0,-0.027092928745597402,0.0018965050121918258,0.03765917095638021,4
2975,2020-04-23 13:00:00,35.91,36.67,35.82,36.32,3304756.0,0.011417432470064152,0.02116402116402131,0.0025062656641602985,4
2976,2020-04-23 14:00:00,36.34,37.2,36.16,37.165,2167341.0,0.02270225646670324,0.02366538249862409,0.004953219592735465,4
2977,2020-04-23 15:00:00,37.16,37.2,36.66,36.89,2959966.0,-0.0072658772874057065,0.0010764262648010295,0.013455328310010766,4
2978,2020-04-23 16:00:00,36.88,36.94,36.45,36.57,152213.0,-0.008405639913232165,0.0016268980477222117,0.01165943600867678,4
2979,2020-04-23 17:00:00,36.55,36.8,36.5,36.5,24745.0,-0.0013679890560874737,0.006839945280437757,0.0013679890560874737,4
2980,2020-04-23 18:00:00,36.5,36.55,36.35,36.38,15481.0,-0.0032876712328766423,0.0013698630136985523,0.004109589041095852,4
2981,2020-04-23 19:00:00,36.35,36.45,36.3,36.4,36855.0,0.0013755158184318337,0.002751031636863863,0.0013755158184320293,4
2982,2020-04-24 04:00:00,36.1,36.31,35.12,35.71,22955.0,-0.010803324099723007,0.005817174515235481,0.027146814404432243,4
2983,2020-04-24 05:00:00,35.89,37.0,35.89,36.93,17539.0,0.028977431039286686,0.030927835051546376,0.0,4
2984,2020-04-24 06:00:00,36.73,37.0,36.62,36.75,6251.0,0.000544514021236132,0.007350939286686718,0.0029948271167982423,4
2985,2020-04-24 07:00:00,36.62,37.1,36.11,37.0,26765.0,0.010376843255051955,0.013107591480065647,0.01392681594756958,4
2986,2020-04-24 08:00:00,36.5801,37.55,36.5,37.5,99760.0,0.025147552904448003,0.02651441630832052,0.002189715173003945,4
2987,2020-04-24 09:00:00,37.47,37.54,36.3,36.41,2039446.0,-0.028289298105150847,0.0018681611956231727,0.031224979983987235,4
2988,2020-04-24 10:00:00,36.39,36.93,35.64,36.08,2387717.0,-0.00851882385270685,0.014839241549876316,0.020610057708161583,4
2989,2020-04-24 11:00:00,36.09,36.14,35.13,35.37,2237379.0,-0.019950124688279464,0.0013854253255748726,0.02660016625103909,4
2990,2020-04-24 12:00:00,35.41,35.875,35.0,35.69,1397564.0,0.007907370799209296,0.013131883648686908,0.01157865009884204,4
2991,2020-04-24 13:00:00,35.71,36.1,35.4,36.015,1015528.0,0.008541024922990751,0.010921310557266887,0.008681041725007064,4
2992,2020-04-24 14:00:00,36.0175,36.75,35.86,36.71,1336696.0,0.019226764767127164,0.0203373360172139,0.004372874297216599,4
2993,2020-04-24 15:00:00,36.7,37.07,35.6,35.675,3039331.0,-0.02792915531335165,0.01008174386920974,0.029972752043596767,4
2994,2020-04-24 16:00:00,35.68,35.9498,35.64,35.7,403949.0,0.0005605381165920158,0.0075616591928252125,0.0011210762331838326,4
2995,2020-04-24 17:00:00,35.6601,35.8,35.61,35.8,4546.0,0.0039231522065276666,0.0039231522065276666,0.001404931562166132,4
2996,2020-04-24 18:00:00,35.8,35.87,35.8,35.85,2201.0,0.0013966480446928565,0.0019553072625698403,0.0,4
2997,2020-04-24 19:00:00,35.85,35.9599,35.8,35.9,10361.0,0.0013947001394699345,0.003065550906554982,0.0013947001394701327,4
2998,2020-04-27 04:00:00,36.04,37.1,35.9,36.57,5413.0,0.01470588235294121,0.02941176470588242,0.0038845726970033454,4
2999,2020-04-27 05:00:00,36.5,36.79,36.5,36.79,3539.0,0.007945205479452032,0.007945205479452032,0.0,4
3000,2020-04-27 06:00:00,36.65,36.79,36.6,36.6,4392.0,-0.0013642564802182036,0.0038199181446112026,0.0013642564802182036,4
3001,2020-04-27 07:00:00,36.7,37.0,36.22,36.51,26603.0,-0.0051771117166213845,0.008174386920980848,0.01307901907356959,4
3002,2020-04-27 08:00:00,36.4,36.9498,36.21,36.45,56883.0,0.0013736263736264908,0.015104395604395734,0.005219780219780158,4
3003,2020-04-27 09:00:00,36.45,36.99,35.5,36.79,1604186.0,0.0093278463648833,0.014814814814814791,0.026063100137174288,4
3004,2020-04-27 10:00:00,36.8,38.72,36.8,38.17,5186172.0,0.03722826086956534,0.052173913043478314,0.0,4
3005,2020-04-27 11:00:00,38.15,38.67,37.83,38.6,2572818.0,0.011795543905635723,0.013630406290956833,0.00838794233289647,4
3006,2020-04-27 12:00:00,38.5938,38.79,38.22,38.67,1653726.0,0.0019744103975249923,0.005083718110162707,0.009685493524866761,4
3007,2020-04-27 13:00:00,38.68,38.6901,37.91,38.66,1849059.0,-0.0005170630816960477,0.00026111685625649766,0.019906928645294808,4
3008,2020-04-27 14:00:00,38.65,39.18,38.36,39.13,1791047.0,0.012419146183699974,0.013712807244501971,0.007503234152651983,4
3009,2020-04-27 15:00:00,39.125,39.58,39.12,39.47,3884036.0,0.008817891373801888,0.011629392971245963,0.0001277955271566149,4
3010,2020-04-27 16:00:00,39.49,39.58,39.25,39.55,141682.0,0.001519371992909475,0.0022790579893643024,0.006077487971638439,4
3011,2020-04-27 17:00:00,39.54,39.8,39.5,39.65,38348.0,0.002781992918563466,0.006575619625695448,0.0010116337885685165,4
3012,2020-04-27 18:00:00,39.5,39.8,39.5,39.79,31664.0,0.007341772151898712,0.007594936708860687,0.0,4
3013,2020-04-27 19:00:00,39.77,39.9901,39.61,39.95,38670.0,0.004526024641689708,0.00553432235353269,0.004023133014835396,4
3014,2020-04-28 04:00:00,40.1,41.0,40.1,40.63,8129.0,0.013216957605985066,0.022443890274314177,0.0,4
3015,2020-04-28 05:00:00,40.79,41.45,40.79,41.38,12467.0,0.014464329492522762,0.016180436381466136,0.0,4
3016,2020-04-28 06:00:00,41.4,41.5,41.25,41.39,4334.0,-0.00024154589371975873,0.002415458937198102,0.0036231884057970672,4
3017,2020-04-28 07:00:00,41.2,42.3,41.0,42.01,141496.0,0.019660194174757162,0.026699029126213452,0.004854368932038904,4
3018,2020-04-28 08:00:00,41.648,42.2898,41.0201,42.1,154505.0,0.010852862082212787,0.01541010372646937,0.015076354206684687,4
3019,2020-04-28 09:00:00,42.0,43.01,41.27,41.97,5031590.0,-0.0007142857142857414,0.024047619047619002,0.017380952380952306,4
3020,2020-04-28 10:00:00,41.96,42.83,39.5702,39.8056,5794657.0,-0.05134413727359396,0.02073403241182072,0.05695424213536704,4
3021,2020-04-28 11:00:00,39.82,41.53,39.79,41.39,3583033.0,0.039427423405323965,0.04294324460070319,0.0007533902561527156,4
3022,2020-04-28 12:00:00,41.39,42.47,40.68,41.11,2125876.0,-0.006764919062575528,0.026093259241362608,0.017153901908673615,4
3023,2020-04-28 13:00:00,41.13,41.77,40.9605,41.23,1662440.0,0.0024313153415996673,0.015560418186238769,0.004121079504011653,4
3024,2020-04-28 14:00:00,41.24,42.32,41.23,41.99,2207802.0,0.018186226964112512,0.026188166828321976,0.00024248302618829086,4
3025,2020-04-28 15:00:00,42.0034,42.27,41.46,41.57,2284531.0,-0.010318212335191887,0.006347105234338266,0.012937047953260887,4
3026,2020-04-28 16:00:00,41.64,41.64,41.1,41.27,59287.0,-0.008885686839577267,0.0,0.012968299711815541,4
3027,2020-04-28 17:00:00,41.27,41.63,41.2,41.63,56699.0,0.00872304337291009,0.00872304337291009,0.0016961473225103048,4
3028,2020-04-28 18:00:00,41.68,42.0,41.6,41.61,33169.0,-0.0016794625719769743,0.007677543186180429,0.0019193857965450647,4
3029,2020-04-28 19:00:00,41.87,42.1,41.7,41.82,14988.0,-0.0011941724385000517,0.005493193217100644,0.004060186290900277,4
3030,2020-04-29 04:00:00,42.24,44.5,42.24,44.35,23316.0,0.0499526515151515,0.05350378787878783,0.0,4
3031,2020-04-29 05:00:00,44.3,44.31,43.8,43.8,6510.0,-0.011286681715575621,0.00022573363431162792,0.011286681715575621,4
3032,2020-04-29 06:00:00,43.8,43.8,42.54,43.01,8765.0,-0.018036529680365277,0.0,0.02876712328767119,4
3033,2020-04-29 07:00:00,43.15,43.63,43.01,43.1,42782.0,-0.0011587485515642446,0.011123986095017474,0.003244495944380083,4
3034,2020-04-29 08:00:00,43.1,44.1,43.0,44.1,312872.0,0.02320185614849188,0.02320185614849188,0.002320185614849221,4
3035,2020-04-29 09:00:00,44.09,46.56,43.85,46.37,4703280.0,0.05171240644136978,0.05602177364481739,0.005443411204354774,4
3036,2020-04-29 10:00:00,46.37,48.42,45.87,48.245,6843712.0,0.04043562648263964,0.044209618287686096,0.010782833728703903,4
3037,2020-04-29 11:00:00,48.231,48.4,46.67,46.84,4120761.0,-0.0288403723746138,0.003503970475420309,0.032365076403143206,4
3038,2020-04-29 12:00:00,46.81,47.51,46.75,47.5,2479933.0,0.014740440076906594,0.014954069643238532,0.0012817773979919306,4
3039,2020-04-29 13:00:00,47.5,48.15,46.52,46.7684,3276273.0,-0.0154021052631579,0.013684210526315759,0.020631578947368355,4
3040,2020-04-29 14:00:00,46.76,47.48,46.6,47.3665,2051564.0,0.012970487596236186,0.01539777587681777,0.0034217279726261036,4
3041,2020-04-29 15:00:00,47.3799,48.58,46.8,48.06,3635998.0,0.014354188168400589,0.025329306309215493,0.01223936732665122,4
3042,2020-04-29 16:00:00,48.13,50.88,47.7,50.5,413986.0,0.04924163723249527,0.057136920839393306,0.008934136713068766,4
3043,2020-04-29 17:00:00,50.4998,52.49,50.02,51.38,264651.0,0.01742977199909707,0.03941005706953298,0.00950102772684243,4
3044,2020-04-29 18:00:00,51.4,51.75,51.0,51.5,107689.0,0.0019455252918288216,0.006809338521400806,0.0077821011673151474,4
3045,2020-04-29 19:00:00,51.5,51.88,51.33,51.75,76681.0,0.0048543689320388345,0.007378640776699079,0.003300970873786441,4
3046,2020-04-30 04:00:00,51.3,52.0,51.0,51.8,19730.0,0.009746588693957116,0.013645224171540018,0.005847953216374214,4
3047,2020-04-30 05:00:00,51.73,52.0,51.35,52.0,17969.0,0.005219408467040463,0.005219408467040463,0.007345834138797516,4
3048,2020-04-30 06:00:00,52.31,53.04,50.2,50.61,48189.0,-0.032498566239724774,0.013955266679411143,0.04033645574459949,4
3049,2020-04-30 07:00:00,50.99,51.38,48.54,48.8,178274.0,-0.04294959796038448,0.007648558540890382,0.04804863698764469,4
3050,2020-04-30 08:00:00,51.3775,51.38,47.31,47.95,374739.0,-0.06671208213712218,4.865943263110957e-05,0.07916889689066217,4
3051,2020-04-30 09:00:00,47.85,48.09,44.38,47.7162,5431740.0,-0.0027962382445141233,0.005015673981191264,0.07251828631138973,4
3052,2020-04-30 10:00:00,47.73,48.56,46.44,46.485,4597525.0,-0.026084223758642312,0.01738948250576169,0.02702702702702701,4
3053,2020-04-30 11:00:00,46.5,47.51,46.02,46.03,1874434.0,-0.010107526881720405,0.02172043010752684,0.010322580645161223,4
3054,2020-04-30 12:00:00,46.035,46.36,44.92,46.2552,2741329.0,0.004783317041381677,0.007059845769523251,0.02422070164005637,4
3055,2020-04-30 13:00:00,46.24,46.45,45.82,46.0,1500287.0,-0.005190311418685164,0.004541522491349499,0.009083044982698999,4
3056,2020-04-30 14:00:00,46.03,46.15,45.47,46.02,1440869.0,-0.0002172496198131221,0.0026069954377579284,0.012165978709537307,4
3057,2020-04-30 15:00:00,46.01,47.115,45.97,46.77,2393909.0,0.016518148228646057,0.024016518148228732,0.0008693762225602945,4
3058,2020-04-30 16:00:00,47.21,47.21,46.0,46.0,191840.0,-0.025630163101037932,0.0,0.025630163101037932,4
3059,2020-04-30 17:00:00,46.0,46.08,45.0,45.0,47547.0,-0.021739130434782608,0.0017391304347825717,0.021739130434782608,4
3060,2020-04-30 18:00:00,45.1,45.5,44.5,44.6,74671.0,-0.011086474501108647,0.008869179600886887,0.013303769401330408,4
3061,2020-04-30 19:00:00,44.7,45.21,44.7,45.1,43734.0,0.008948545861297506,0.011409395973154317,0.0,4
3062,2020-05-01 04:00:00,43.26,43.36,41.69,43.36,6854.0,0.002311604253351859,0.002311604253351859,0.03629218677762368,5
3063,2020-05-01 05:00:00,43.36,43.49,43.36,43.36,12101.0,0.0,0.0029981549815498746,0.0,5
3064,2020-05-01 06:00:00,43.36,43.75,43.36,43.41,1373.0,0.0011531365313652482,0.00899446494464946,0.0,5
3065,2020-05-01 07:00:00,43.45,44.54,42.88,43.3,115680.0,-0.0034522439585732033,0.02508630609896424,0.01311852704257768,5
3066,2020-05-01 08:00:00,43.7499,44.55,42.88,43.39,140658.0,-0.00822630451726738,0.018288041801238414,0.019883474019369053,5
3067,2020-05-01 09:00:00,43.41,44.74,42.06,42.4801,3761008.0,-0.02142133149043991,0.0306381018198573,0.031098825155493996,5
3068,2020-05-01 10:00:00,42.52,43.78,42.41,43.294,3070081.0,0.018203198494825816,0.029633113828786403,0.0025870178739418282,5
3069,2020-05-01 11:00:00,43.295,43.45,41.13,42.075,3295368.0,-0.028178773530430738,0.003580090079685902,0.05000577433883818,5
3070,2020-05-01 12:00:00,42.09,42.28,41.52,42.03,2306523.0,-0.0014255167498218643,0.004514136374435679,0.013542409123307205,5
3071,2020-05-01 13:00:00,42.0183,42.4499,41.5,41.525,1784095.0,-0.011740122756037367,0.01027171494325082,0.012335101610488846,5
3072,2020-05-01 14:00:00,41.52,42.08,41.3799,41.5161,1666384.0,-9.393063583818807e-05,0.013487475915221463,0.003374277456647492,5
3073,2020-05-01 15:00:00,41.51,41.64,40.6,40.77,3700663.0,-0.017827029631413995,0.0031317754757890282,0.021922428330522683,5
3074,2020-05-01 16:00:00,40.65,41.5,40.65,40.93,132001.0,0.006888068880688835,0.020910209102091057,0.0,5
3075,2020-05-01 17:00:00,41.08,41.34,40.77,41.15,26469.0,0.0017039922103213312,0.006329113924050758,0.007546251217137176,5
3076,2020-05-01 18:00:00,41.24,41.35,41.17,41.3,17737.0,0.0014548981571288837,0.002667313288069821,0.0016973811833171746,5
3077,2020-05-01 19:00:00,41.33,41.35,41.22,41.35,13936.0,0.00048390999274142577,0.00048390999274142577,0.002661504960077412,5
3078,2020-05-04 04:00:00,39.5,39.5,38.03,38.03,23263.0,-0.037215189873417695,0.0,0.037215189873417695,5
3079,2020-05-04 05:00:00,38.27,38.29,37.22,38.0,18782.0,-0.0070551345701594746,0.0005226025607524437,0.02743663443950886,5
3080,2020-05-04 06:00:00,38.09,38.1,37.87,37.99,7639.0,-0.0026253609871357683,0.00026253609871352087,0.0057757941716987645,5
3081,2020-05-04 07:00:00,37.75,38.14,36.65,37.7,197541.0,-0.001324503311258203,0.010331125827814584,0.029139072847682156,5
3082,2020-05-04 08:00:00,37.98,38.3,36.7498,38.2,275022.0,0.005792522380200263,0.008425487098472888,0.03239073196419159,5
3083,2020-05-04 09:00:00,38.0,40.25,37.02,39.8,5997907.0,0.047368421052631504,0.05921052631578947,0.025789473684210446,5
3084,2020-05-04 10:00:00,39.85,41.7459,39.5,40.09,5365175.0,0.0060225846925972895,0.04757590966122954,0.008782936010037677,5
3085,2020-05-04 11:00:00,40.1,40.53,39.56,40.0201,2372732.0,-0.001992518703241947,0.010723192019950117,0.013466334164588508,5
3086,2020-05-04 12:00:00,40.02,41.34,40.02,41.14,2384558.0,0.027986006996501684,0.03298350824587706,0.0,5
3087,2020-05-04 13:00:00,41.115,41.19,40.125,40.1791,1671330.0,-0.022762981880092514,0.0018241517694271125,0.024078803356439304,5
3088,2020-05-04 14:00:00,40.17,40.71,39.72,40.7,1642682.0,0.013193925815285066,0.01344286781179983,0.011202389843166613,5
3089,2020-05-04 15:00:00,40.7,41.48,40.22,41.32,2586294.0,0.01523341523341517,0.019164619164619017,0.01179361179361189,5
3090,2020-05-04 16:00:00,41.37,41.79,41.05,41.7,50886.0,0.007976794778825366,0.010152284263959433,0.007735073724921448,5
3091,2020-05-04 17:00:00,41.61,41.62,41.35,41.5,63102.0,-0.002643595289593834,0.0002403268445084838,0.006248497957221774,5
3092,2020-05-04 18:00:00,41.6,41.7,41.38,41.66,21437.0,0.0014423076923075762,0.002403846153846188,0.005288461538461511,5
3093,2020-05-04 19:00:00,41.63,41.65,41.4,41.51,18041.0,-0.002882536632236477,0.00048042277203929907,0.005524861878453134,5
3094,2020-05-05 04:00:00,43.11,44.44,42.48,42.48,25155.0,-0.014613778705636803,0.03085131060078864,0.014613778705636803,5
3095,2020-05-05 05:00:00,42.3,43.36,42.15,43.3,14798.0,0.023640661938534282,0.025059101654846393,0.0035460992907801084,5
3096,2020-05-05 06:00:00,43.4,43.4,42.52,42.53,9986.0,-0.020046082949308697,0.0,0.02027649769585243,5
3097,2020-05-05 07:00:00,42.74,43.8,42.5,43.35,63296.0,0.014272344408048653,0.024801123069723797,0.0056153486195601775,5
3098,2020-05-05 08:00:00,43.0,43.8,40.08,41.3,456021.0,-0.0395348837209303,0.01860465116279063,0.06790697674418608,5
3099,2020-05-05 09:00:00,41.43,42.27,39.07,40.26,5596332.0,-0.02824040550325855,0.020275162925416448,0.05696355298093168,5
3100,2020-05-05 10:00:00,40.27,40.67,37.9,38.53,5208641.0,-0.043208343680158974,0.009932952570151442,0.05885274397814761,5
3101,2020-05-05 11:00:00,38.5237,39.75,38.52,39.3308,3406434.0,0.02095073941495769,0.031832352551805825,9.604477243865283e-05,5
3102,2020-05-05 12:00:00,39.31,39.45,38.46,38.8,1531156.0,-0.012973798015772198,0.0035614347494276406,0.02162299669295348,5
3103,2020-05-05 13:00:00,38.79,38.83,37.9,38.09,2341002.0,-0.018045888115493576,0.001031193606599617,0.022944057746841984,5
3104,2020-05-05 14:00:00,38.0998,38.49,37.97,38.0474,2142621.0,-0.0013753353035973592,0.01024152357755159,0.0034068420306669067,5
3105,2020-05-05 15:00:00,38.04,38.2,37.02,37.2,4207340.0,-0.0220820189274447,0.004206098843322915,0.02681388012618286,5
3106,2020-05-05 16:00:00,37.4998,37.95,37.01,37.59,82519.0,0.002405346161846275,0.012005397362119329,0.013061402994149367,5
3107,2020-05-05 17:00:00,37.5,37.79,37.26,37.79,55486.0,0.007733333333333311,0.007733333333333311,0.006400000000000053,5
3108,2020-05-05 18:00:00,37.79,38.4,37.78,37.91,49467.0,0.003175443238952036,0.016141836464673178,0.00026462026991262266,5
3109,2020-05-05 19:00:00,37.91,38.13,37.81,37.85,19918.0,-0.001582695858612376,0.005803218148246004,0.002637826431020689,5
3110,2020-05-06 04:00:00,38.0,38.63,38.0,38.4,8918.0,0.010526315789473648,0.01657894736842112,0.0,5
3111,2020-05-06 05:00:00,38.33,38.33,37.9,38.0,4660.0,-0.00860944429950426,0.0,0.011218366814505602,5
3112,2020-05-06 06:00:00,38.21,38.21,37.68,37.69,8523.0,-0.013609002878827613,0.0,0.013870714472651167,5
3113,2020-05-06 07:00:00,37.7,38.3,37.7,38.2,58549.0,0.01326259946949602,0.015915119363395073,0.0,5
3114,2020-05-06 08:00:00,38.2,38.3,37.7,38.07,148319.0,-0.003403141361256611,0.00261780104712027,0.013089005235602092,5
3115,2020-05-06 09:00:00,38.0501,38.68,36.5,36.71,2896492.0,-0.035219355533888205,0.01655449000134032,0.04073839490566386,5
3116,2020-05-06 10:00:00,36.7,38.19,36.5763,37.2,3091271.0,0.013623978201634876,0.04059945504087179,0.0033705722070844542,5
3117,2020-05-06 11:00:00,37.2087,37.5409,36.56,36.65,1787801.0,-0.015015305560258804,0.008928019522316024,0.017434094714408137,5
3118,2020-05-06 12:00:00,36.64,36.82,36.0,36.1001,2542507.0,-0.014735262008733704,0.004912663755458508,0.01746724890829696,5
3119,2020-05-06 13:00:00,36.11,36.97,36.0,36.85,1482825.0,0.020492938244253724,0.02381611741899749,0.0030462475768485027,5
3120,2020-05-06 14:00:00,36.8521,36.8521,36.3,36.52,1143088.0,-0.009011698112183483,0.0,0.014981507159700612,5
3121,2020-05-06 15:00:00,36.54,36.59,36.0,36.11,2017056.0,-0.011767925561029001,0.0013683634373290712,0.014778325123152686,5
3122,2020-05-06 16:00:00,36.12,36.26,36.0101,36.19,28528.0,0.001937984496124039,0.003875968992248078,0.0030426356589146213,5
3123,2020-05-06 17:00:00,36.11,36.2,36.06,36.14,6378.0,0.0008307947936859911,0.002492384381057973,0.0013846579894765205,5
3124,2020-05-06 18:00:00,36.08,36.13,35.68,35.71,31259.0,-0.010254988913525429,0.0013858093126386992,0.011086474501108608,5
3125,2020-05-06 19:00:00,35.76,35.87,35.61,35.87,19098.0,0.0030760626398210135,0.0030760626398210135,0.004194630872483182,5
3126,2020-05-07 04:00:00,35.7,36.6,35.7,36.5,2448.0,0.02240896358543409,0.025210084033613404,0.0,5
3127,2020-05-07 05:00:00,36.45,36.6,36.45,36.6,1782.0,0.00411522633744852,0.00411522633744852,0.0,5
3128,2020-05-07 06:00:00,36.57,37.05,36.57,36.8,7776.0,0.006289308176100543,0.013125512715340357,0.0,5
3129,2020-05-07 07:00:00,36.9,37.01,36.42,36.75,22967.0,-0.0040650406504064655,0.002981029810298088,0.013008130081300728,5
3130,2020-05-07 08:00:00,36.75,37.0,36.58,36.97,73607.0,0.005986394557823098,0.006802721088435374,0.004625850340136101,5
3131,2020-05-07 09:00:00,36.9,38.2399,36.25,38.0085,2425442.0,0.030040650406504048,0.036311653116531166,0.017615176151761478,5
3132,2020-05-07 10:00:00,38.0,38.49,37.29,37.85,2424643.0,-0.003947368421052594,0.012894736842105315,0.018684210526315814,5
3133,2020-05-07 11:00:00,37.92,38.04,37.22,37.71,1583389.0,-0.005537974683544326,0.0031645569620252488,0.01845991561181442,5
3134,2020-05-07 12:00:00,37.7,37.99,37.38,37.7357,1388601.0,0.0009469496021219763,0.007692307692307669,0.00848806366047746,5
3135,2020-05-07 13:00:00,37.73,38.48,37.63,38.4334,1574294.0,0.01864298966339788,0.0198780811025709,0.0026504108136759692,5
3136,2020-05-07 14:00:00,38.415,38.97,37.82,37.8628,2281453.0,-0.014374593257841966,0.014447481452557587,0.01548874137706622,5
3137,2020-05-07 15:00:00,37.86,38.13,37.64,38.08,1730045.0,0.005810882197569965,0.007131537242472349,0.005810882197569965,5
3138,2020-05-07 16:00:00,38.03,38.21,37.7,38.15,84765.0,0.0031554036287141057,0.004733105443071252,0.008677359978963932,5
3139,2020-05-07 17:00:00,38.15,38.22,38.0,38.22,10692.0,0.0018348623853211084,0.0018348623853211084,0.003931847968545179,5
3140,2020-05-07 18:00:00,38.21,38.33,38.1,38.2,20155.0,-0.0002617115938235543,0.0031405391258832096,0.0028788275320596555,5
3141,2020-05-07 19:00:00,38.3,38.55,38.13,38.55,8381.0,0.006527415143603134,0.006527415143603134,0.00443864229764999,5
3142,2020-05-08 04:00:00,39.3,40.0,38.68,39.15,3048.0,-0.0038167938931297353,0.01781170483460567,0.015776081424936323,5
3143,2020-05-08 05:00:00,39.08,39.08,38.82,38.84,2997.0,-0.006141248720573053,0.0,0.006653019447287564,5
3144,2020-05-08 06:00:00,38.84,39.2,38.84,38.9,3004.0,0.0015447991761069816,0.009268795056642621,0.0,5
3145,2020-05-08 07:00:00,39.0,39.2,38.85,39.06,31714.0,0.0015384615384615968,0.005128205128205201,0.0038461538461538095,5
3146,2020-05-08 08:00:00,38.9999,40.95,38.6001,40.07,249810.0,0.027438531893671618,0.050002692314595844,0.010251308336688018,5
3147,2020-05-08 09:00:00,40.11,40.95,39.36,40.65,2912510.0,0.013462976813762134,0.020942408376963435,0.018698578908002993,5
3148,2020-05-08 10:00:00,40.67,41.39,38.7,38.9797,4545469.0,-0.04156134743053849,0.01770346692894022,0.04843865256946149,5
3149,2020-05-08 11:00:00,38.9601,39.77,38.91,39.24,1815356.0,0.007184273140982825,0.020787934322550664,0.001285930990936894,5
3150,2020-05-08 12:00:00,39.26,39.38,38.8601,39.1084,911237.0,-0.0038614365766682338,0.0030565461029038346,0.010185939887926522,5
3151,2020-05-08 13:00:00,39.11,39.32,38.63,38.7108,1086276.0,-0.01020710815648173,0.005369470723600125,0.012273075939657296,5
3152,2020-05-08 14:00:00,38.73,39.26,38.55,39.19,1209400.0,0.011877097856958454,0.013684482313452135,0.004647560030983726,5
3153,2020-05-08 15:00:00,39.2,40.07,39.2,39.86,2834173.0,0.01683673469387746,0.02219387755102034,0.0,5
3154,2020-05-08 16:00:00,39.92,39.92,39.75,39.85,108851.0,-0.001753507014028063,0.0,0.004258517034068179,5
3155,2020-05-08 17:00:00,39.85,39.85,39.6,39.7,17682.0,-0.003764115432873239,0.0,0.006273525721455458,5
3156,2020-05-08 18:00:00,39.82,39.82,39.6,39.7,5936.0,-0.0030135610246106843,0.0,0.00552486187845301,5
3157,2020-05-08 19:00:00,39.75,39.8,39.67,39.75,6441.0,0.0,0.0012578616352200544,0.0020125786163521582,5
3158,2020-05-11 04:00:00,40.0,40.0,38.01,38.1,5930.0,-0.047499999999999966,0.0,0.04975000000000005,5
3159,2020-05-11 05:00:00,38.29,38.29,38.02,38.02,4714.0,-0.007051449464612066,0.0,0.007051449464612066,5
3160,2020-05-11 06:00:00,38.2,38.85,38.2,38.5,8259.0,0.007853403141361182,0.017015706806282685,0.0,5
3161,2020-05-11 07:00:00,38.6,39.1,38.2,38.34,31383.0,-0.006735751295336736,0.012953367875647668,0.010362694300518097,5
3162,2020-05-11 08:00:00,38.7403,39.1,38.25,38.75,73229.0,0.00025038525772908996,0.009284904866508615,0.012656071326241608,5
3163,2020-05-11 09:00:00,38.67,39.48,38.2,38.43,1660368.0,-0.006206361520558624,0.020946470131885057,0.012154124644427175,5
3164,2020-05-11 10:00:00,38.4062,38.665,37.78,37.94,2206354.0,-0.012138665111362244,0.006738495347105437,0.016304659143575706,5
3165,2020-05-11 11:00:00,37.9497,38.47,37.84,38.3,1150082.0,0.009230639504396534,0.013710253308985286,0.0028906684374315626,5
3166,2020-05-11 12:00:00,38.297,38.99,38.1701,38.6675,1170654.0,0.009674387027704517,0.01809541217327741,0.003313575475885817,5
3167,2020-05-11 13:00:00,38.62,38.9,38.41,38.41,807921.0,-0.005437597099948236,0.007250129466597648,0.005437597099948236,5
3168,2020-05-11 14:00:00,38.41,38.61,38.15,38.22,706237.0,-0.004946628482166044,0.005206977349648603,0.006769070554543037,5
3169,2020-05-11 15:00:00,38.23,38.2999,38.01,38.04,1321095.0,-0.004969918911849274,0.001828407010201519,0.005754642950562356,5
3170,2020-05-11 16:00:00,38.07,38.28,38.07,38.17,38618.0,0.002626740215392735,0.005516154452324688,0.0,5
3171,2020-05-11 17:00:00,38.21,38.28,38.07,38.25,11333.0,0.0010468463752944031,0.0018319811567652521,0.0036639623135305043,5
3172,2020-05-11 18:00:00,38.2001,38.3,38.2001,38.25,26749.0,0.0013062793029337866,0.00261517640006173,0.0,5
3173,2020-05-11 19:00:00,38.25,38.34,38.0,38.0,31007.0,-0.006535947712418301,0.0023529411764706774,0.006535947712418301,5
3174,2020-05-12 04:00:00,37.82,37.99,37.8,37.9,2248.0,0.0021152829190903832,0.004494976203067205,0.0005288207297726897,5
3175,2020-05-12 05:00:00,38.21,38.21,38.2,38.2,300.0,-0.0002617115938235543,0.0,0.0002617115938235543,5
3176,2020-05-12 06:00:00,38.2,39.0,38.2,39.0,2745.0,0.020942408376963276,0.020942408376963276,0.0,5
3177,2020-05-12 07:00:00,38.51,39.3,38.3,39.05,33579.0,0.014022331861854042,0.020514152168267963,0.005453129057387714,5
3178,2020-05-12 08:00:00,38.45,39.37,38.35,38.98,55592.0,0.013784135240572015,0.023927178153445892,0.002600780234070258,5
3179,2020-05-12 09:00:00,38.92,39.22,37.9061,38.35,1795881.0,-0.01464542651593012,0.007708119218910512,0.026050873586844797,5
3180,2020-05-12 10:00:00,38.32,38.57,37.6,37.74,1888446.0,-0.015135699373695154,0.006524008350730689,0.018789144050104355,5
3181,2020-05-12 11:00:00,37.73,37.98,37.51,37.86,1162814.0,0.003445534057779024,0.0066260270341903,0.005830903790087434,5
3182,2020-05-12 12:00:00,37.85,37.95,37.4,37.85,1094361.0,0.0,0.0026420079260238154,0.011889035667107075,5
3183,2020-05-12 13:00:00,37.85,37.88,37.17,37.315,999014.0,-0.01413474240422731,0.0007926023778071634,0.017965653896961684,5
3184,2020-05-12 14:00:00,37.3,37.305,36.8,37.1228,1147286.0,-0.004750670241286841,0.00013404825737272274,0.013404825737265416,5
3185,2020-05-12 15:00:00,37.11,37.43,36.32,36.37,2054835.0,-0.019940716787927835,0.00862301266504986,0.0212880625168418,5
3186,2020-05-12 16:00:00,36.34,36.54,36.25,36.35,54510.0,0.00027517886626301623,0.005503577325261302,0.0024766097963677325,5
3187,2020-05-12 17:00:00,36.3499,36.42,36.11,36.33,17369.0,-0.0005474568018068773,0.001928478482746957,0.006599743052938211,5
3188,2020-05-12 18:00:00,36.31,36.33,36.07,36.12,11574.0,-0.005232718259432796,0.0005508124483612234,0.00660974938033605,5
3189,2020-05-12 19:00:00,36.15,36.2,36.0,36.0,30219.0,-0.004149377593360957,0.0013831258644537833,0.004149377593360957,5
3190,2020-05-13 04:00:00,36.02,36.15,35.21,35.8,14138.0,-0.006107717934481009,0.0036091060521930996,0.02248750694058862,5
3191,2020-05-13 05:00:00,35.81,35.95,35.81,35.91,4915.0,0.0027925160569671685,0.003909522479754274,0.0,5
3192,2020-05-13 06:00:00,36.2,36.5,36.2,36.5,1296.0,0.00828729281767948,0.00828729281767948,0.0,5
3193,2020-05-13 07:00:00,36.49,37.78,35.75,37.6,73540.0,0.030419292956974497,0.03535215127432171,0.020279528637983064,5
3194,2020-05-13 08:00:00,37.5,38.0,35.93,37.28,174055.0,-0.005866666666666636,0.013333333333333334,0.04186666666666668,5
3195,2020-05-13 09:00:00,37.28,37.5,34.52,35.638,4762051.0,-0.044045064377682484,0.005901287553648038,0.07403433476394844,5
3196,2020-05-13 10:00:00,35.635,36.19,34.61,34.66,2960101.0,-0.02736074084467522,0.015574575557738172,0.02876385575978669,5
3197,2020-05-13 11:00:00,34.67,34.79,33.41,33.585,4069645.0,-0.03129506778194407,0.003461205653302493,0.0363426593596771,5
3198,2020-05-13 12:00:00,33.585,34.88,33.56,34.82,2836050.0,0.03677236861694207,0.03855888045258305,0.0007443799315170039,5
3199,2020-05-13 13:00:00,34.81,35.15,34.13,34.24,1662713.0,-0.01637460499856364,0.009767308244757147,0.0195346164895145,5
3200,2020-05-13 14:00:00,34.24,34.82,33.85,34.25,2000154.0,0.000292056074766297,0.016939252336448548,0.011390186915887866,5
3201,2020-05-13 15:00:00,34.242,34.74,33.4,34.52,3683748.0,0.008118684656270247,0.014543543017347255,0.024589685181940272,5
3202,2020-05-13 16:00:00,34.53,35.05,34.53,34.7,52580.0,0.004923255140457623,0.015059368664928931,0.0,5
3203,2020-05-13 17:00:00,34.83,34.88,34.67,34.85,14702.0,0.0005742176284812842,0.0014355440712031085,0.004593741027849457,5
3204,2020-05-13 18:00:00,34.88,34.89,34.75,34.89,14919.0,0.00028669724770636495,0.00028669724770636495,0.0037270642201835593,5
3205,2020-05-13 19:00:00,34.89,35.1,34.89,35.0,19806.0,0.00315276583548293,0.006018916595012922,0.0,5
3206,2020-05-14 04:00:00,34.53,34.53,34.53,34.53,350.0,0.0,0.0,0.0,5
3207,2020-05-14 05:00:00,34.39,34.52,34.39,34.52,3239.0,0.0037801686536784694,0.0037801686536784694,0.0,5
3208,2020-05-14 06:00:00,34.5,34.5,34.1,34.15,2418.0,-0.010144927536231925,0.0,0.011594202898550683,5
3209,2020-05-14 07:00:00,34.16,35.19,33.41,33.41,77237.0,-0.021955503512880566,0.03015222482435601,0.021955503512880566,5
3210,2020-05-14 08:00:00,33.5,35.0,32.28,33.02,201805.0,-0.01432835820895513,0.04477611940298507,0.03641791044776116,5
3211,2020-05-14 09:00:00,33.0001,33.42,31.6,31.69,3356699.0,-0.03969987969733431,0.01272420386604884,0.04242714416016927,5
3212,2020-05-14 10:00:00,31.7,35.04,31.41,34.41,5408560.0,0.0854889589905362,0.1053627760252366,0.009148264984227102,5
3213,2020-05-14 11:00:00,34.4293,35.8695,33.0456,33.59,5749978.0,-0.024377492426508655,0.04183065005678316,0.04018960594609817,5
3214,2020-05-14 12:00:00,33.62,34.4699,33.49,34.305,2081613.0,0.02037477691850096,0.025279595478881776,0.003866745984532881,5
3215,2020-05-14 13:00:00,34.3063,34.99,33.99,34.22,1822739.0,-0.0025155729414131334,0.019929284125656272,0.009219880896511668,5
3216,2020-05-14 14:00:00,34.2,34.63,34.0,34.47,1603965.0,0.007894736842105145,0.012573099415204668,0.005847953216374352,5
3217,2020-05-14 15:00:00,34.47,35.16,34.4,35.13,2197321.0,0.019147084421235964,0.020017406440382877,0.002030751378009872,5
3218,2020-05-14 16:00:00,35.15,35.45,35.15,35.35,130246.0,0.005689900426742613,0.00853485064011392,0.0,5
3219,2020-05-14 17:00:00,35.34,35.37,35.17,35.26,18065.0,-0.002263723825693418,0.0008488964346348056,0.004810413129598237,5
3220,2020-05-14 18:00:00,35.25,35.36,35.15,35.29,7781.0,0.001134751773049621,0.003120567375886509,0.002836879432624154,5
3221,2020-05-14 19:00:00,35.18,35.42,35.16,35.42,7481.0,0.0068220579874929506,0.0068220579874929506,0.0005685048322911633,5
3222,2020-05-15 04:00:00,35.8,36.3,35.75,36.2,4958.0,0.01117318435754206,0.013966480446927375,0.0013966480446926581,5
3223,2020-05-15 05:00:00,36.2,36.4,36.03,36.06,3278.0,-0.0038674033149171424,0.0055248618784529205,0.00469613259668513,5
3224,2020-05-15 06:00:00,36.1,36.1,35.0,35.0,8292.0,-0.03047091412742386,0.0,0.03047091412742386,5
3225,2020-05-15 07:00:00,35.25,35.25,34.01,34.1,43708.0,-0.03262411347517726,0.0,0.035177304964539066,5
3226,2020-05-15 08:00:00,34.5587,34.56,33.85,34.2301,106723.0,-0.00950845951960003,3.761715573793351e-05,0.020507137131894438,5
3227,2020-05-15 09:00:00,34.25,37.14,34.22,36.1845,3209066.0,0.05648175182481752,0.08437956204379564,0.0008759124087591572,5
3228,2020-05-15 10:00:00,36.16,37.3655,35.4823,36.6196,3925213.0,0.012710176991150493,0.03333794247787613,0.018741703539822855,5
3229,2020-05-15 11:00:00,36.615,36.63,35.88,36.2266,1768336.0,-0.01060767445036199,0.00040966816878330105,0.020073740270380974,5
3230,2020-05-15 12:00:00,36.2,36.96,36.16,36.8,1268989.0,0.01657458563535896,0.020994475138121492,0.0011049723756907804,5
3231,2020-05-15 13:00:00,36.8,37.97,36.7382,37.86,2637690.0,0.02880434782608702,0.03179347826086961,0.0016793478260869045,5
3232,2020-05-15 14:00:00,37.86,38.27,37.37,37.43,2218036.0,-0.011357633386159529,0.010829371368198724,0.012942419440042313,5
3233,2020-05-15 15:00:00,37.45,37.7,37.0543,37.44,2560898.0,-0.0002670226969293756,0.006675567423230974,0.010566088117490121,5
3234,2020-05-15 16:00:00,37.45,37.45,37.2,37.28,31758.0,-0.004539385847797108,0.0,0.006675567423230974,5
3235,2020-05-15 17:00:00,37.29,37.31,37.15,37.24,54223.0,-0.0013408420488065743,0.000536336819522744,0.003754357736658637,5
3236,2020-05-15 18:00:00,37.27,37.32,37.27,37.27,545.0,0.0,0.001341561577676339,0.0,5
3237,2020-05-15 19:00:00,37.27,37.4,37.22,37.4,11331.0,0.0034880601019585578,0.0034880601019585578,0.0013415615776765297,5
3238,2020-05-18 04:00:00,38.6,39.93,38.52,39.08,13178.0,0.01243523316062168,0.03445595854922275,0.0020725388601035826,5
3239,2020-05-18 05:00:00,39.21,39.21,38.81,39.1,4652.0,-0.002805406783983663,0.0,0.010201479214486064,5
3240,2020-05-18 06:00:00,39.08,39.49,39.08,39.49,9245.0,0.01049129989764595,0.01049129989764595,0.0,5
3241,2020-05-18 07:00:00,39.04,40.72,39.0,40.25,118859.0,0.030993852459016417,0.043032786885245894,0.0010245901639344044,5
3242,2020-05-18 08:00:00,39.35,41.85,39.1,41.0,405936.0,0.041931385006353204,0.06353240152477764,0.0063532401524777635,5
3243,2020-05-18 09:00:00,41.15,43.79,40.86,43.4342,5595396.0,0.055509113001215034,0.06415552855407049,0.007047387606318327,5
3244,2020-05-18 10:00:00,43.41,44.59,42.82,43.93,6907757.0,0.011978806726560773,0.02718267680258021,0.013591338401289942,5
3245,2020-05-18 11:00:00,43.96,44.45,43.37,43.7507,3506697.0,-0.0047611464968152625,0.011146496815286669,0.013421292083712543,5
3246,2020-05-18 12:00:00,43.76,44.26,43.59,44.15,2048627.0,0.00891224862888484,0.011425959780621572,0.0038848263254112115,5
3247,2020-05-18 13:00:00,44.16,44.98,44.13,44.47,2895657.0,0.007019927536231936,0.018568840579710155,0.0006793478260868214,5
3248,2020-05-18 14:00:00,44.48,44.5,42.83,43.54,3691543.0,-0.021133093525179808,0.0004496402877698545,0.037095323741007165,5
3249,2020-05-18 15:00:00,43.5393,44.25,43.51,43.69,3845830.0,0.003461240764091304,0.01632318388214792,0.0006729552381411556,5
3250,2020-05-18 16:00:00,43.6401,44.3,43.6401,43.94,56361.0,0.0068721199080662276,0.015121413562297072,0.0,5
3251,2020-05-18 17:00:00,43.94,44.0,43.81,43.93,20594.0,-0.00022758306781970895,0.001365498406918577,0.0029585798816567014,5
3252,2020-05-18 18:00:00,43.95,44.28,43.95,44.25,20715.0,0.006825938566552836,0.007508532423208152,0.0,5
3253,2020-05-18 19:00:00,44.25,44.36,44.15,44.21,18406.0,-0.0009039548022598677,0.0024858757062146764,0.0022598870056497497,5
3254,2020-05-19 04:00:00,44.0,44.28,41.75,42.5,25741.0,-0.03409090909090909,0.00636363636363639,0.05113636363636364,5
3255,2020-05-19 05:00:00,42.53,42.85,42.4,42.82,4568.0,0.006818716200329159,0.0075241006348459975,0.003056665882906244,5
3256,2020-05-19 06:00:00,42.85,42.85,42.3,42.53,3998.0,-0.007467911318553099,0.0,0.012835472578763225,5
3257,2020-05-19 07:00:00,42.5,44.14,42.5,43.55,33735.0,0.02470588235294111,0.03858823529411766,0.0,5
3258,2020-05-19 08:00:00,44.0774,44.2,42.75,44.09,48642.0,0.00028586078126219245,0.002781470776407084,0.030115206432321264,5
3259,2020-05-19 09:00:00,44.1101,44.25,40.92,42.27,3287902.0,-0.04171606956229978,0.0031716092232844007,0.07232130509792543,5
3260,2020-05-19 10:00:00,42.275,43.3,41.64,43.22,3375151.0,0.022353636901241876,0.024246008279124747,0.015020697811945549,5
3261,2020-05-19 11:00:00,43.23,44.31,42.99,43.61,2910465.0,0.008790191996298926,0.024982650936849538,0.00555170020818864,5
3262,2020-05-19 12:00:00,43.63,43.9,42.92,43.36,2647630.0,-0.006188402475361061,0.006188402475360898,0.01627320650928262,5
3263,2020-05-19 13:00:00,43.3701,43.64,43.07,43.475,1348082.0,0.0024187170423863595,0.006223181408389646,0.006919513674167236,5
3264,2020-05-19 14:00:00,43.45,43.86,42.72,42.86,1374315.0,-0.013578826237054163,0.00943613348676632,0.016800920598389044,5
3265,2020-05-19 15:00:00,42.84,43.55,41.95,42.15,2567896.0,-0.016106442577030925,0.016573295985060545,0.02077497665732961,5
3266,2020-05-19 16:00:00,42.15,42.5,42.1348,42.15,104458.0,0.0,0.008303677342823284,0.00036061684460261215,5
3267,2020-05-19 17:00:00,42.15,42.15,41.5,41.56,40136.0,-0.013997627520759106,0.0,0.015421115065243145,5
3268,2020-05-19 18:00:00,41.58,41.82,41.51,41.73,28755.0,0.0036075036075035737,0.00577200577200582,0.0016835016835016904,5
3269,2020-05-19 19:00:00,41.65,41.89,41.65,41.89,23677.0,0.005762304921968836,0.005762304921968836,0.0,5
3270,2020-05-20 04:00:00,42.66,42.79,41.89,42.5,13762.0,-0.003750586029066962,0.0030473511486170317,0.018049695264885045,5
3271,2020-05-20 05:00:00,42.6,43.0,42.6,42.99,2963.0,0.009154929577464803,0.009389671361502313,0.0,5
3272,2020-05-20 06:00:00,42.99,43.91,42.99,43.0,3998.0,0.00023261223540353593,0.02140032565712944,0.0,5
3273,2020-05-20 07:00:00,43.2,43.75,42.99,43.7,34742.0,0.011574074074074073,0.012731481481481415,0.00486111111111113,5
3274,2020-05-20 08:00:00,43.2501,43.9001,41.75,43.4,204668.0,0.003465887940143381,0.015028866985278612,0.03468431286864084,5
3275,2020-05-20 09:00:00,43.33,43.89,41.67,42.86,3396660.0,-0.01084698822986381,0.012924071082391006,0.03831063927994453,5
3276,2020-05-20 10:00:00,42.85,43.62,40.66,40.975,5967801.0,-0.043757292882147025,0.017969661610268285,0.05110851808634784,5
3277,2020-05-20 11:00:00,40.99,41.2296,39.71,41.08,4528246.0,0.00219565747743343,0.005845328128811803,0.031227128567943428,5
3278,2020-05-20 12:00:00,41.1,41.13,40.11,41.031,2407039.0,-0.0016788321167883846,0.0007299270072992977,0.02408759124087596,5
3279,2020-05-20 13:00:00,41.0157,41.29,40.68,41.0036,1605690.0,-0.00029500898436461584,0.0066876830091890825,0.0081846707480307,5
3280,2020-05-20 14:00:00,40.98,41.68,40.76,41.35,1470955.0,0.009028794533919096,0.01708150317227923,0.005368472425573423,5
3281,2020-05-20 15:00:00,41.3431,41.51,40.56,40.74,2525768.0,-0.014587682104147917,0.004036949333746097,0.018941492050668612,5
3282,2020-05-20 16:00:00,40.73,40.95,40.51,40.85,70543.0,0.0029462312791555256,0.005401424011785072,0.005401424011784898,5
3283,2020-05-20 17:00:00,40.89,41.29,40.89,41.15,13667.0,0.006358522866226413,0.009782342871117598,0.0,5
3284,2020-05-20 18:00:00,41.15,41.15,40.9,41.0,8497.0,-0.003645200486026697,0.0,0.006075334143377886,5
3285,2020-05-20 19:00:00,40.91,41.06,40.65,40.82,13693.0,-0.0021999511121974166,0.003666585186995984,0.006355414324126082,5
3286,2020-05-21 04:00:00,40.0,40.1,39.75,40.1,10001.0,0.0025000000000000356,0.0025000000000000356,0.00625,5
3287,2020-05-21 05:00:00,40.1,40.1,39.92,39.92,1251.0,-0.004488778054862835,0.0,0.004488778054862835,5
3288,2020-05-21 06:00:00,39.92,40.1,39.92,40.1,2911.0,0.004509018036072137,0.004509018036072137,0.0,5
3289,2020-05-21 07:00:00,40.0,41.8,40.0,40.9,43670.0,0.022499999999999964,0.04499999999999993,0.0,5
3290,2020-05-21 08:00:00,40.509,41.8,40.01,41.1,109271.0,0.014589350514700464,0.031869461107408154,0.012318250265373185,5
3291,2020-05-21 09:00:00,41.01,43.25,40.35,43.12,3690845.0,0.051450865642526204,0.05462082418922219,0.016093635698610012,5
3292,2020-05-21 10:00:00,43.1465,45.07,42.89,44.0901,7451647.0,0.021869676567044753,0.044580672823983335,0.005944862271563223,5
3293,2020-05-21 11:00:00,44.08,44.1,42.575,43.638,4439011.0,-0.010027223230490023,0.0004537205081670401,0.03414246823956433,5
3294,2020-05-21 12:00:00,43.63,44.559,43.63,44.26,3211755.0,0.014439605775842206,0.02129268851707529,0.0,5
3295,2020-05-21 13:00:00,44.3,44.65,43.48,43.67,2890519.0,-0.014221218961625181,0.007900677200902968,0.018510158013544026,5
3296,2020-05-21 14:00:00,43.68,43.98,43.26,43.67,3534411.0,-0.0002289377289376834,0.006868131868131803,0.009615384615384654,5
3297,2020-05-21 15:00:00,43.66,43.8,43.18,43.38,2297035.0,-0.006413192853870684,0.003206596426935423,0.010994044892349907,5
3298,2020-05-21 16:00:00,43.35,43.5,43.29,43.36,95309.0,0.00023068050749707058,0.0034602076124567146,0.0013840830449827514,5
3299,2020-05-21 17:00:00,43.36,43.5,43.2,43.5,25256.0,0.0032287822878228913,0.0032287822878228913,0.003690036900368925,5
3300,2020-05-21 18:00:00,43.35,43.7,43.32,43.7,17123.0,0.00807381776239911,0.00807381776239911,0.0006920415224913757,5
3301,2020-05-21 19:00:00,43.76,43.82,43.66,43.8,44113.0,0.0009140767824497064,0.0013711151736746406,0.002285191956124347,5
3302,2020-05-22 04:00:00,42.51,42.6,41.4,42.5,11573.0,-0.0002352387673488123,0.002117148906139812,0.026111503175723347,5
3303,2020-05-22 05:00:00,42.95,43.0,42.8,42.99,7869.0,0.0009313154831198869,0.0011641443538998174,0.003492433061699783,5
3304,2020-05-22 06:00:00,42.99,43.2,42.9,42.9,4711.0,-0.0020935101186323195,0.004884856943475247,0.0020935101186323195,5
3305,2020-05-22 07:00:00,43.09,44.35,43.09,44.02,75675.0,0.02158273381294963,0.029241123230447853,0.0,5
3306,2020-05-22 08:00:00,43.3499,44.32,43.1,44.1,84642.0,0.017303384782894615,0.022378367654827397,0.005764719180436326,5
3307,2020-05-22 09:00:00,44.13,45.4,43.06,43.23,3290607.0,-0.020394289598912433,0.028778608656242828,0.02424654430092908,5
3308,2020-05-22 10:00:00,43.23,43.43,42.02,42.63,3870976.0,-0.013879250520471764,0.004626416840157364,0.027989821882951512,5
3309,2020-05-22 11:00:00,42.62,43.06,42.43,42.72,1833830.0,0.0023463162834350404,0.010323791647114146,0.004458000938526461,5
3310,2020-05-22 12:00:00,42.71,42.7609,42.35,42.62,1316074.0,-0.002107234839616095,0.0011917583704050248,0.008428939358464047,5
3311,2020-05-22 13:00:00,42.6299,43.27,42.57,43.17,1397100.0,0.012669511305445297,0.015015282700639784,0.0014051170657214526,5
3312,2020-05-22 14:00:00,43.15,43.44,42.71,43.12,1509833.0,-0.0006952491309386127,0.006720741599072982,0.010196987253765881,5
3313,2020-05-22 15:00:00,43.11,43.22,42.78,43.14,1630871.0,0.0006958942240779665,0.002551612154952434,0.007654836464857302,5
3314,2020-05-22 16:00:00,43.14,43.18,43.0,43.18,30605.0,0.0009272137227630771,0.0009272137227630771,0.003245248029670852,5
3315,2020-05-22 17:00:00,43.17,43.18,43.1,43.11,9828.0,-0.0013898540653231937,0.00023164234422047743,0.0016214964095436712,5
3316,2020-05-22 18:00:00,43.12,43.15,43.06,43.15,14447.0,0.0006957328385900079,0.0006957328385900079,0.001391465677179851,5
3317,2020-05-22 19:00:00,43.1,43.25,43.08,43.15,15198.0,0.001160092807424528,0.003480278422273749,0.0004640371229699101,5
3318,2020-05-26 04:00:00,46.9,47.47,46.52,46.99,26384.0,0.0019189765458422902,0.012153518123667384,0.008102345415778155,5
3319,2020-05-26 05:00:00,47.0,47.2,46.71,47.18,6619.0,0.0038297872340425474,0.004255319148936231,0.006170212765957429,5
3320,2020-05-26 06:00:00,47.1,47.45,46.8,47.33,11121.0,0.004883227176220741,0.007430997876857779,0.006369426751592447,5
3321,2020-05-26 07:00:00,47.33,47.45,46.4,46.92,161062.0,-0.008662581871962742,0.0025353898161843344,0.01964927107542784,5
3322,2020-05-26 08:00:00,46.78,47.31,46.31,47.2,183716.0,0.008978195810175324,0.011329628046173603,0.010047028644719942,5
3323,2020-05-26 09:00:00,47.08,48.5,46.67,47.8301,5171236.0,0.01593245539507229,0.030161427357689077,0.008708581138487608,5
3324,2020-05-26 10:00:00,47.9,48.8,47.36,48.7502,5173285.0,0.017749478079331964,0.018789144050104355,0.011273486430062613,5
3325,2020-05-26 11:00:00,48.76,48.99,48.29,48.92,3794975.0,0.003281378178835187,0.004716981132075554,0.009639048400328115,5
3326,2020-05-26 12:00:00,48.927,49.47,48.56,49.06,3040307.0,0.0027183354793877137,0.011098166656447346,0.007500970834099727,5
3327,2020-05-26 13:00:00,49.0542,49.45,48.8509,49.32,1978600.0,0.005418496275548245,0.008068626131911259,0.0041443953830660515,5
3328,2020-05-26 14:00:00,49.3208,49.9099,49.3,49.68,2623004.0,0.0072829313393132575,0.011944250701529617,0.0004217287635237316,5
3329,2020-05-26 15:00:00,49.67,50.36,49.31,49.6,4680984.0,-0.001409301389168518,0.01389168512180386,0.007247835715723765,5
3330,2020-05-26 16:00:00,49.56,49.75,49.55,49.65,68933.0,0.0018159806295398769,0.0038337368845842964,0.00020177562550454227,5
3331,2020-05-26 17:00:00,49.65,50.0,49.65,49.9,39596.0,0.005035246727089627,0.007049345417925507,0.0,5
3332,2020-05-26 18:00:00,49.9,50.0,49.65,49.66,25239.0,-0.004809619238476994,0.0020040080160320926,0.00501002004008016,5
3333,2020-05-26 19:00:00,49.66,49.7,49.5,49.56,30426.0,-0.0020136931131694387,0.0008054772452679472,0.0032219089810712163,5
3334,2020-05-27 04:00:00,51.0,53.1,50.15,53.1,43519.0,0.04117647058823532,0.04117647058823532,0.016666666666666694,5
3335,2020-05-27 05:00:00,53.14,54.25,53.14,54.25,33157.0,0.020888219796763256,0.020888219796763256,0.0,5
3336,2020-05-27 06:00:00,54.2,54.2,53.65,53.93,25297.0,-0.004981549815498212,0.0,0.010147601476014838,5
3337,2020-05-27 07:00:00,53.93,55.57,53.82,54.76,233194.0,0.015390320786204307,0.030409790469126657,0.002039681068051167,5
3338,2020-05-27 08:00:00,54.1999,55.5,53.72,53.8,439323.0,-0.007378242395281216,0.023987129127544526,0.008854259878708276,5
3339,2020-05-27 09:00:00,53.84,55.32,52.18,52.5274,7435209.0,-0.02437964338781581,0.02748885586924214,0.030832095096582534,5
3340,2020-05-27 10:00:00,52.54,53.1,49.3,50.7699,7760196.0,-0.0336905215074229,0.010658545869813518,0.06166730110392086,5
3341,2020-05-27 11:00:00,50.77,52.5,50.54,52.25,4568580.0,0.029151073468583744,0.0340752412842229,0.004530234390388102,5
3342,2020-05-27 12:00:00,52.26,52.6199,51.65,52.25,2537854.0,-0.00019135093761955629,0.006886720244929262,0.011672407194795243,5
3343,2020-05-27 13:00:00,52.25,52.844,51.97,52.6723,1913708.0,0.008082296650717701,0.011368421052631602,0.00535885167464117,5
3344,2020-05-27 14:00:00,52.64,53.76,52.6186,53.3401,2573247.0,0.013299772036474146,0.021276595744680802,0.00040653495440729225,5
3345,2020-05-27 15:00:00,53.3712,54.37,53.15,54.31,3855487.0,0.017590011092124602,0.018714212908834647,0.0041445573642714265,5
3346,2020-05-27 16:00:00,54.29,55.35,54.2,55.2,158362.0,0.01676183459200596,0.019524774359918996,0.0016577638607477676,5
3347,2020-05-27 17:00:00,55.2,55.25,54.8,55.04,98938.0,-0.002898550724637748,0.0009057971014492239,0.007246376811594305,5
3348,2020-05-27 18:00:00,55.1,55.1,54.7,54.9,29102.0,-0.0036297640653358046,0.0,0.00725952813067148,5
3349,2020-05-27 19:00:00,55.0,55.3,54.92,55.18,47225.0,0.0032727272727272674,0.005454545454545403,0.0014545454545454234,5
3350,2020-05-28 04:00:00,54.95,56.5,52.21,53.95,41716.0,-0.018198362147406732,0.028207461328480385,0.04986351228389448,5
3351,2020-05-28 05:00:00,53.31,54.8,53.2,53.31,17512.0,0.0,0.02794972800600253,0.0020634027386981697,5
3352,2020-05-28 06:00:00,53.51,54.67,53.5,54.67,15749.0,0.02167819099233795,0.02167819099233795,0.00018688095683046179,5
3353,2020-05-28 07:00:00,54.7,54.9,53.3,53.83,72224.0,-0.01590493601462531,0.003656307129798825,0.025594149908592424,5
3354,2020-05-28 08:00:00,53.96,54.99,52.8,54.5,217228.0,0.010007412898443275,0.019088213491475187,0.021497405485544917,5
3355,2020-05-28 09:00:00,54.3799,54.5,51.81,53.65,3961549.0,-0.013422238731590177,0.0022085366100342363,0.047258270059341724,5
3356,2020-05-28 10:00:00,53.655,54.07,52.75,53.58,3431528.0,-0.001397819401733349,0.007734600689590889,0.016867020780915128,5
3357,2020-05-28 11:00:00,53.575,54.7,53.41,54.305,3404236.0,0.013625758282781088,0.02099860009332711,0.0030797946803547594,5
3358,2020-05-28 12:00:00,54.32,54.6489,53.85,54.22,2207009.0,-0.0018409425625920733,0.006054860088365193,0.008652430044182601,5
3359,2020-05-28 13:00:00,54.21,54.3,53.24,53.422,2013478.0,-0.014536063456926837,0.0016602102933037503,0.0178933776056078,5
3360,2020-05-28 14:00:00,53.45,53.7,52.53,53.1,2370619.0,-0.006548175865294694,0.004677268475210477,0.017212347988774586,5
3361,2020-05-28 15:00:00,53.1,53.33,51.332,51.7,3393002.0,-0.026365348399246678,0.004331450094161899,0.03329566854990585,5
3362,2020-05-28 16:00:00,51.7,54.205,51.7,51.9,113537.0,0.0038684719535782537,0.04845261121856857,0.0,5
3363,2020-05-28 17:00:00,51.87,52.0,51.76,51.85,25759.0,-0.0003855793329476773,0.0025062656641604503,0.002120686331212636,5
3364,2020-05-28 18:00:00,51.9,51.97,51.76,51.76,11826.0,-0.002697495183044327,0.0013487475915221635,0.002697495183044327,5
3365,2020-05-28 19:00:00,51.76,51.77,50.85,51.05,27114.0,-0.01371715610510048,0.0001931993817620772,0.017581143740339967,5
3366,2020-05-29 04:00:00,50.0,50.5,50.0,50.5,2426.0,0.01,0.01,0.0,5
3367,2020-05-29 05:00:00,50.6,50.6,50.18,50.18,2650.0,-0.00830039525691703,0.0,0.00830039525691703,5
3368,2020-05-29 06:00:00,50.33,50.85,50.25,50.85,9012.0,0.010331810053646,0.010331810053646,0.001589509239022418,5
3369,2020-05-29 07:00:00,50.75,51.05,50.0,51.0,64098.0,0.0049261083743842365,0.005911330049261028,0.014778325123152709,5
3370,2020-05-29 08:00:00,50.4501,51.2,50.0,50.26,97063.0,-0.0037680797461254003,0.014864192538766103,0.008921686973861281,5
3371,2020-05-29 09:00:00,50.26,51.92,49.0906,50.87,3480937.0,0.012136888181456416,0.03302825308396347,0.02326701153999196,5
3372,2020-05-29 10:00:00,50.8799,52.14,50.2,50.9,3501113.0,0.00039504794624201973,0.024766165027840098,0.013362840728853563,5
3373,2020-05-29 11:00:00,50.9,51.59,50.52,50.685,2155088.0,-0.004223968565815252,0.013555992141453926,0.007465618860510717,5
3374,2020-05-29 12:00:00,50.7,51.02,50.26,50.82,1875235.0,0.002366863905325393,0.006311637080867855,0.00867850098619339,5
3375,2020-05-29 13:00:00,50.84,51.17,50.4897,50.73,1234358.0,-0.0021636506687648807,0.0064909520062942224,0.006890243902439108,5
3376,2020-05-29 14:00:00,50.72,52.3,50.63,52.2468,2003623.0,0.030102523659306022,0.031151419558359587,0.001774447949526741,5
3377,2020-05-29 15:00:00,52.25,52.8199,51.56,51.9,3564327.0,-0.006698564593301462,0.010907177033492765,0.013205741626794215,5
3378,2020-05-29 16:00:00,51.87,52.5,51.87,52.47,198069.0,0.011567379988432647,0.012145748987854301,0.0,5
3379,2020-05-29 17:00:00,52.46,52.5,52.02,52.5,19580.0,0.0007624857033930451,0.0007624857033930451,0.008387342737323632,5
3380,2020-05-29 18:00:00,52.4,52.52,52.4,52.52,79497.0,0.0022900763358779494,0.0022900763358779494,0.0,5
3381,2020-05-29 19:00:00,52.5,52.6,52.49,52.6,9709.0,0.0019047619047619319,0.0019047619047619319,0.0001904761904761526,5
3382,2020-06-01 04:00:00,52.9,53.01,51.76,52.29,12622.0,-0.011531190926275981,0.002079395085066152,0.021550094517958425,6
3383,2020-06-01 05:00:00,52.65,52.88,52.65,52.65,852.0,0.0,0.004368471035137778,0.0,6
3384,2020-06-01 06:00:00,52.7,52.8,52.45,52.8,1722.0,0.0018975332068310116,0.0018975332068310116,0.004743833017077799,6
3385,2020-06-01 07:00:00,52.6,53.5,52.36,53.15,44411.0,0.0104562737642585,0.01711026615969579,0.004562737642585589,6
3386,2020-06-01 08:00:00,53.15,53.45,52.36,52.42,66647.0,-0.013734713076199377,0.005644402634054643,0.014863593603010332,6
3387,2020-06-01 09:00:00,52.4,54.59,51.56,53.812,3078207.0,0.026946564885496165,0.04179389312977109,0.01603053435114497,6
3388,2020-06-01 10:00:00,53.85,55.3,53.44,54.42,3983428.0,0.0105849582172702,0.026926648096564452,0.0076137418755803845,6
3389,2020-06-01 11:00:00,54.44,54.67,53.5967,54.17,2826874.0,-0.004959588537839751,0.004224834680382145,0.015490448199853037,6
3390,2020-06-01 12:00:00,54.1707,54.77,54.05,54.69,1547439.0,0.009586363107731694,0.011063176218878593,0.0022281417814427242,6
3391,2020-06-01 13:00:00,54.7,56.07,54.58,55.2,3215963.0,0.009140767824497258,0.025045703839122437,0.002193784277879425,6
3392,2020-06-01 14:00:00,55.2,55.4299,54.62,55.26,2243951.0,0.0010869565217390428,0.00416485507246378,0.01050724637681169,6
3393,2020-06-01 15:00:00,55.25,55.75,54.92,55.65,2509363.0,0.007239819004524861,0.00904977375565611,0.005972850678733,6
3394,2020-06-01 16:00:00,55.64,55.76,55.6,55.76,151660.0,0.002156721782889961,0.002156721782889961,0.0007189072609633204,6
3395,2020-06-01 17:00:00,55.79,55.83,55.66,55.68,13344.0,-0.0019716795124574194,0.0007169743681663227,0.0023301666965406444,6
3396,2020-06-01 18:00:00,55.65,55.69,55.3,55.3,26000.0,-0.006289308176100654,0.000718778077268628,0.006289308176100654,6
3397,2020-06-01 19:00:00,55.25,55.25,54.51,54.8,41451.0,-0.008144796380090549,0.0,0.013393665158371077,6
3398,2020-06-02 04:00:00,55.94,57.6,55.94,57.47,22322.0,0.027350732928137313,0.029674651412227453,0.0,6
3399,2020-06-02 05:00:00,57.28,57.36,57.07,57.18,14294.0,-0.0017458100558659466,0.0013966480446927076,0.0036662011173184505,6
3400,2020-06-02 06:00:00,57.35,57.36,56.32,56.39,11017.0,-0.016739319965126433,0.0001743679163033655,0.01795989537925024,6
3401,2020-06-02 07:00:00,56.41,57.1,56.41,57.0,41556.0,0.010459138450629383,0.012231873781244547,0.0,6
3402,2020-06-02 08:00:00,56.6899,57.25,56.5,56.85,90362.0,0.0028241362217961206,0.009880066819662735,0.0033498030513372137,6
3403,2020-06-02 09:00:00,56.93,58.44,56.27,56.73,4632051.0,-0.0035130862462673957,0.026523801159318426,0.011593184612682182,6
3404,2020-06-02 10:00:00,56.72,57.615,56.02,56.29,3946676.0,-0.007581100141043719,0.015779266572637573,0.012341325811001336,6
3405,2020-06-02 11:00:00,56.34,56.5,55.39,56.14,2855207.0,-0.003549875754348648,0.0028399006034788175,0.01686190983315589,6
3406,2020-06-02 12:00:00,56.12,56.66,55.94,56.46,1491475.0,0.006058446186742755,0.009622238061297205,0.0032074126870990684,6
3407,2020-06-02 13:00:00,56.46,56.86,56.12,56.367,1142820.0,-0.0016471838469713695,0.0070846617074034465,0.006021962451293011,6
3408,2020-06-02 14:00:00,56.36,56.44,55.961,56.19,1507903.0,-0.003016323633782855,0.0014194464158977696,0.007079488999290293,6
3409,2020-06-02 15:00:00,56.18,56.5,55.44,55.99,2148101.0,-0.003381986472054071,0.005695977216091141,0.013171947312210787,6
3410,2020-06-02 16:00:00,56.0,56.19,55.8,56.1,48047.0,0.001785714285714311,0.0033928571428571024,0.003571428571428622,6
3411,2020-06-02 17:00:00,56.19,56.24,56.19,56.19,7151.0,0.0,0.0008898380494750715,0.0,6
3412,2020-06-02 18:00:00,56.24,56.25,56.15,56.15,15703.0,-0.0016002844950213978,0.00017780938833566873,0.0016002844950213978,6
3413,2020-06-02 19:00:00,56.25,56.65,56.25,56.65,14226.0,0.007111111111111085,0.007111111111111085,0.0,6
3414,2020-06-03 04:00:00,55.83,57.0,55.83,56.5,9943.0,0.012000716460684251,0.02095647501343367,0.0,6
3415,2020-06-03 05:00:00,56.55,56.55,55.8,55.8,13098.0,-0.013262599469496022,0.0,0.013262599469496022,6
3416,2020-06-03 06:00:00,55.8,55.8,54.56,54.85,18716.0,-0.017025089605734692,0.0,0.022222222222222133,6
3417,2020-06-03 07:00:00,54.92,55.0,54.65,54.92,52906.0,0.0,0.001456664238892904,0.004916241806263713,6
3418,2020-06-03 08:00:00,54.8101,55.02,53.8,54.9248,239536.0,0.002092679998759337,0.0038295861529171566,0.018429085150364646,6
3419,2020-06-03 09:00:00,54.91,56.7,54.52,56.37,3435500.0,0.026588963758878183,0.03259879803314526,0.007102531415042679,6
3420,2020-06-03 10:00:00,56.39,57.44,54.7,57.08,3323010.0,0.012236212094342927,0.018620322752260988,0.029969852810782013,6
3421,2020-06-03 11:00:00,57.09,58.28,57.0757,57.53,3110039.0,0.007707129094412291,0.020844280959887856,0.0002504816955685015,6
3422,2020-06-03 12:00:00,57.49,57.68,56.92,57.51,1547621.0,0.0003478865889719259,0.003304922595233914,0.009914767785701866,6
3423,2020-06-03 13:00:00,57.51,58.19,57.4952,57.9838,1693371.0,0.008238567205703429,0.011824030603373321,0.0002573465484263786,6
3424,2020-06-03 14:00:00,58.0,58.8,57.94,58.29,1899394.0,0.004999999999999985,0.013793103448275813,0.001034482758620729,6
3425,2020-06-03 15:00:00,58.2868,58.73,58.05,58.1,2596970.0,-0.0032048422627421317,0.0076037799295895015,0.004062669420863769,6
3426,2020-06-03 16:00:00,58.11,58.44,58.07,58.12,48212.0,0.0001720874204095338,0.005678884873515717,0.0006883496816382575,6
3427,2020-06-03 17:00:00,58.12,58.2,58.07,58.15,14783.0,0.0005161734342739356,0.0013764624913972024,0.0008602890571231445,6
3428,2020-06-03 18:00:00,58.17,58.25,58.09,58.15,15737.0,-0.0003438198384047297,0.0013752793536186744,0.0013752793536186744,6
3429,2020-06-03 19:00:00,58.14,58.7,58.14,58.7,54379.0,0.009631922944616482,0.009631922944616482,0.0,6
3430,2020-06-04 04:00:00,57.85,57.85,57.04,57.32,10105.0,-0.00916162489196199,0.0,0.01400172860847022,6
3431,2020-06-04 05:00:00,57.4,57.55,57.15,57.35,3179.0,-0.0008710801393727729,0.0026132404181184424,0.004355400696864111,6
3432,2020-06-04 06:00:00,57.1,57.15,56.5,56.5,19896.0,-0.010507880910683037,0.0008756567425568679,0.010507880910683037,6
3433,2020-06-04 07:00:00,56.8,57.26,55.96,56.96,377837.0,0.0028169014084507694,0.00809859154929579,0.014788732394366132,6
3434,2020-06-04 08:00:00,56.105,57.2402,55.91,56.3,395992.0,0.0034756260582835805,0.02023349077622324,0.0034756260582835805,6
3435,2020-06-04 09:00:00,56.32,57.97,55.58,56.43,4783076.0,0.0019531249999999898,0.029296874999999976,0.01313920454545458,6
3436,2020-06-04 10:00:00,56.42,59.82,56.36,59.7,6047139.0,0.05813541297412267,0.06026231832683443,0.0010634526763559425,6
3437,2020-06-04 11:00:00,59.7,59.84,57.67,59.7533,5042314.0,0.0008927973199330004,0.002345058626465671,0.03400335008375211,6
3438,2020-06-04 12:00:00,59.74,60.32,58.37,58.78,3678284.0,-0.01606963508536995,0.009708737864077641,0.02293270840308009,6
3439,2020-06-04 13:00:00,58.8068,59.14,57.8417,57.89,3172684.0,-0.015590033805614351,0.005666011413646006,0.01641136739288653,6
3440,2020-06-04 14:00:00,57.88,59.0,57.81,58.6,2832528.0,0.01243953006219763,0.019350380096751857,0.0012093987560469986,6
3441,2020-06-04 15:00:00,58.57,58.82,57.27,57.69,5570459.0,-0.015024756701383004,0.004268396790165614,0.022195663308861142,6
3442,2020-06-04 16:00:00,57.82,57.99,57.65,57.96,46641.0,0.0024213075060532784,0.0029401591144932846,0.0029401591144932846,6
3443,2020-06-04 17:00:00,57.98,57.98,57.69,57.8,15039.0,-0.0031045187995860594,0.0,0.005001724732666422,6
3444,2020-06-04 18:00:00,57.78,58.0,57.71,57.98,10711.0,0.0034614053305641354,0.00380754586362061,0.001211491865697478,6
3445,2020-06-04 19:00:00,57.97,58.1,57.85,58.1,22656.0,0.002242539244436822,0.002242539244436822,0.0020700362256339047,6
3446,2020-06-05 04:00:00,59.24,63.49,59.24,61.5,39831.0,0.03814989871708302,0.07174206617150573,0.0,6
3447,2020-06-05 05:00:00,61.06,61.98,60.99,60.99,16920.0,-0.001146413363904361,0.015067147068457167,0.001146413363904361,6
3448,2020-06-05 06:00:00,60.98,61.0,60.3,60.92,15226.0,-0.0009839291571006096,0.00032797638570028086,0.011151197113807802,6
3449,2020-06-05 07:00:00,60.7,61.29,59.51,60.76,180301.0,0.0009884678747939895,0.00971993410214162,0.01960461285008245,6
3450,2020-06-05 08:00:00,60.6468,63.55,59.55,63.1847,624245.0,0.04184722029851535,0.04787062136831619,0.018085043233938176,6
3451,2020-06-05 09:00:00,63.232,67.645,63.2,65.4601,7836486.0,0.035236905364372434,0.06979061234817809,0.0005060728744938714,6
3452,2020-06-05 10:00:00,65.48,67.4724,65.33,67.29,7664810.0,0.027642028100183295,0.030427611484422558,0.0022907758094075394,6
3453,2020-06-05 11:00:00,67.25,69.19,67.04,68.93,6017358.0,0.024981412639405304,0.02884758364312264,0.0031226765799255577,6
3454,2020-06-05 12:00:00,68.93,70.75,67.27,70.13,6322430.0,0.01740896561729274,0.026403597852894138,0.024082402437255342,6
3455,2020-06-05 13:00:00,70.1,74.5899,69.65,73.3806,10650590.0,0.04679885877318127,0.06404992867332392,0.0064194008559199526,6
3456,2020-06-05 14:00:00,73.3898,73.84,70.76,71.36,9128685.0,-0.02765779440739714,0.006134367446157498,0.035833317436482846,6
3457,2020-06-05 15:00:00,71.3682,72.19,66.78,69.51,11812077.0,-0.026036806308692057,0.011514932420882074,0.06428913717874347,6
3458,2020-06-05 16:00:00,69.44,70.69,69.21,70.4,299016.0,0.013824884792626843,0.01800115207373272,0.0033122119815668775,6
3459,2020-06-05 17:00:00,70.21,72.815,69.44,70.45,251228.0,0.003418316479134156,0.03710297678393397,0.010967098703888279,6
3460,2020-06-05 18:00:00,70.5,71.5,70.5,71.0,48502.0,0.0070921985815602835,0.014184397163120567,0.0,6
3461,2020-06-05 19:00:00,71.0,71.7,71.0,71.65,35501.0,0.009154929577464868,0.009859154929577505,0.0,6
3462,2020-06-08 04:00:00,74.5,76.49,73.0,76.37,48546.0,0.025100671140939657,0.026711409395973086,0.020134228187919462,6
3463,2020-06-08 05:00:00,76.37,77.0,76.02,76.56,39939.0,0.002487887914102366,0.008249312557286833,0.004582951420715051,6
3464,2020-06-08 06:00:00,76.5,76.53,75.2,75.2,18260.0,-0.016993464052287546,0.0003921568627451129,0.016993464052287546,6
3465,2020-06-08 07:00:00,75.0,78.88,74.42,77.4,299847.0,0.03200000000000008,0.05173333333333327,0.007733333333333311,6
3466,2020-06-08 08:00:00,77.3,78.88,74.7,75.0,483058.0,-0.02975420439844757,0.020439844760672683,0.033635187580853744,6
3467,2020-06-08 09:00:00,75.0,75.48,72.0,73.5876,6921208.0,-0.01883200000000007,0.006400000000000053,0.04,6
3468,2020-06-08 10:00:00,73.555,73.7,70.1,70.96,7806178.0,-0.03527972265651571,0.0019713139827339543,0.046971653864455336,6
3469,2020-06-08 11:00:00,70.995,72.84,70.995,71.935,3914398.0,0.013240369040073212,0.025987745615888427,0.0,6
3470,2020-06-08 12:00:00,71.93,72.8,71.74,72.79,2397865.0,0.011956068399833162,0.012095092450993886,0.0026414569720563316,6
3471,2020-06-08 13:00:00,72.77,73.36,72.62,72.78,2539234.0,0.00013741926618118891,0.008107736704686045,0.002061288992716662,6
3472,2020-06-08 14:00:00,72.77,73.3675,72.04,73.2399,2692090.0,0.006457331317850897,0.008210801154321984,0.010031606431221517,6
3473,2020-06-08 15:00:00,73.2402,75.55,72.8301,75.12,4635205.0,0.02566623247888459,0.031537325130188004,0.005599383944882727,6
3474,2020-06-08 16:00:00,75.12,76.49,74.76,76.43,222501.0,0.017438764643237514,0.018237486687965793,0.004792332268370599,6
3475,2020-06-08 17:00:00,76.3,77.4,76.1,76.34,89231.0,0.0005242463958061108,0.014416775884665904,0.0026212319790301815,6
3476,2020-06-08 18:00:00,76.23,77.33,72.2302,76.7001,65613.0,0.00616686343959074,0.014430014430014355,0.05247015610651984,6
3477,2020-06-08 19:00:00,77.0,77.5,76.73,77.5,68108.0,0.006493506493506494,0.006493506493506494,0.0035064935064934547,6
3478,2020-06-09 04:00:00,74.0,74.47,67.0,68.89,60649.0,-0.06905405405405404,0.006351351351351336,0.0945945945945946,6
3479,2020-06-09 05:00:00,68.92,71.3,68.6,71.0,26782.0,0.030179918746372582,0.034532791642483976,0.004643064422518969,6
3480,2020-06-09 06:00:00,71.44,71.8,70.68,71.8,8990.0,0.005039193729003352,0.005039193729003352,0.010638297872340299,6
3481,2020-06-09 07:00:00,71.96,73.5,71.35,72.32,95481.0,0.005002779321845462,0.02140077821011682,0.008476931628682594,6
3482,2020-06-09 08:00:00,71.66,73.48,70.5,71.15,256534.0,-0.007116941110800878,0.025397711415015456,0.016187552330449297,6
3483,2020-06-09 09:00:00,71.25,71.7175,68.14,68.7701,4701143.0,-0.03480561403508773,0.006561403508771946,0.043649122807017535,6
3484,2020-06-09 10:00:00,68.68,70.86,66.63,70.4301,5298706.0,0.025481945253348702,0.03174140943506104,0.02984857309260354,6
3485,2020-06-09 11:00:00,70.41,70.6,68.5301,69.05,2940586.0,-0.019315438147990336,0.0026984803294986186,0.02669933248118154,6
3486,2020-06-09 12:00:00,69.0392,70.35,68.5001,70.18,2049482.0,0.016523945816290065,0.018986315021031538,0.007808607283977662,6
3487,2020-06-09 13:00:00,70.17,70.31,69.0,69.18,1731560.0,-0.014108593415989665,0.0019951546244834054,0.016673792218896987,6
3488,2020-06-09 14:00:00,69.18,70.35,69.04,69.9,2017174.0,0.01040763226366,0.016912402428447347,0.002023706273489456,6
3489,2020-06-09 15:00:00,69.9,70.4162,69.66,69.905,2431088.0,7.153075822597214e-05,0.007384835479256047,0.0034334763948499153,6
3490,2020-06-09 16:00:00,69.9,70.2,69.5,69.56,108496.0,-0.004864091559370578,0.004291845493562191,0.005722460658083056,6
3491,2020-06-09 17:00:00,69.7,69.7,68.1,68.7,54193.0,-0.014347202295552367,0.0,0.02295552367288391,6
3492,2020-06-09 18:00:00,68.6,68.88,68.4,68.41,19983.0,-0.0027696793002915123,0.004081632653061241,0.0029154518950435665,6
3493,2020-06-09 19:00:00,68.41,68.75,68.41,68.41,34266.0,0.0,0.0049700336208157204,0.0,6
3494,2020-06-10 04:00:00,70.11,71.21,70.11,70.23,16232.0,0.0017115960633291192,0.01568963058051625,0.0,6
3495,2020-06-10 05:00:00,68.03,69.62,68.02,68.42,10648.0,0.005732764956636786,0.02337204174628845,0.00014699397324717206,6
3496,2020-06-10 06:00:00,68.42,68.5,67.5,68.5,28690.0,0.00116924875767317,0.00116924875767317,0.013446360713241767,6
3497,2020-06-10 07:00:00,68.5,68.76,66.5,67.53,79145.0,-0.014160583941605822,0.003795620437956279,0.029197080291970802,6
3498,2020-06-10 08:00:00,67.86,68.9,66.5,68.44,158542.0,0.008547008547008522,0.015325670498084384,0.020041261420571756,6
3499,2020-06-10 09:00:00,68.44,68.79,62.76,64.268,4912918.0,-0.06095850379894794,0.005113968439509183,0.08299240210403273,6
3500,2020-06-10 10:00:00,64.265,64.45,60.8,63.055,5699883.0,-0.018828289115381636,0.002878705360616234,0.05391737337586561,6
3501,2020-06-10 11:00:00,63.02,65.92,62.82,65.9135,3075761.0,0.04591399555696598,0.04601713741669309,0.003173595683909915,6
3502,2020-06-10 12:00:00,65.92,66.52,64.1004,65.24,2437004.0,-0.010315533980582627,0.009101941747572728,0.02760315533980595,6
3503,2020-06-10 13:00:00,65.2101,65.86,64.3485,65.494,1562847.0,0.0043536200680569835,0.009966247559810557,0.013212677177308358,6
3504,2020-06-10 14:00:00,65.5045,67.55,64.125,64.764,3603976.0,-0.011304566861818613,0.031226862276637547,0.021059621858040185,6
3505,2020-06-10 15:00:00,64.77,65.6279,63.4701,63.59,2916206.0,-0.018218310946425703,0.01324532962791417,0.02006947660954136,6
3506,2020-06-10 16:00:00,63.59,63.59,61.97,62.2,280691.0,-0.021858782827488606,0.0,0.02547570372700117,6
3507,2020-06-10 17:00:00,62.25,63.5,62.25,63.0,19212.0,0.012048192771084338,0.020080321285140562,0.0,6
3508,2020-06-10 18:00:00,63.25,63.59,61.5,61.51,100827.0,-0.02750988142292493,0.005375494071146299,0.02766798418972332,6
3509,2020-06-10 19:00:00,61.51,61.7,60.25,60.26,88634.0,-0.020321898878231184,0.003088928629491218,0.020484474069257,6
3510,2020-06-11 04:00:00,57.5,59.2,55.0,57.73,25766.0,0.0039999999999999454,0.029565217391304396,0.043478260869565216,6
3511,2020-06-11 05:00:00,58.0,59.0,57.99,59.0,13665.0,0.017241379310344827,0.017241379310344827,0.00017241379310341397,6
3512,2020-06-11 06:00:00,59.0,59.0,58.0,58.5,6393.0,-0.00847457627118644,0.0,0.01694915254237288,6
3513,2020-06-11 07:00:00,58.0,58.5,53.69,54.0,320931.0,-0.06896551724137931,0.008620689655172414,0.07431034482758625,6
3514,2020-06-11 08:00:00,56.55,58.0,53.72,56.13,517184.0,-0.0074270557029176764,0.025641025641025692,0.050044208664898296,6
3515,2020-06-11 09:00:00,56.11,60.0,54.0,58.21,6951151.0,0.03742648369274642,0.06932810550703976,0.03760470504366422,6
3516,2020-06-11 10:00:00,58.23,59.98,57.36,57.83,4794050.0,-0.006869311351536985,0.030053237162974412,0.01494075218959295,6
3517,2020-06-11 11:00:00,57.8,58.63,56.7001,57.555,3891920.0,-0.004238754325259471,0.014359861591695595,0.01902941176470585,6
3518,2020-06-11 12:00:00,57.55,57.555,55.7501,56.04,3372114.0,-0.02623805386620327,8.68809730669428e-05,0.03127541268462196,6
3519,2020-06-11 13:00:00,56.01,57.31,56.0,56.9211,2700653.0,0.016266738082485355,0.02321014104624182,0.00017853954650951635,6
3520,2020-06-11 14:00:00,56.86,56.93,54.58,54.85,2856302.0,-0.035349982412944035,0.0012310939148786543,0.04009848751319031,6
3521,2020-06-11 15:00:00,54.8699,55.5,54.07,54.55,3847936.0,-0.0058301546020678744,0.01148352739844612,0.014578120244432757,6
3522,2020-06-11 16:00:00,54.51,56.0,54.51,55.5,95552.0,0.018161805173362723,0.027334434048798425,0.0,6
3523,2020-06-11 17:00:00,55.88,56.7,55.6,56.68,64308.0,0.014316392269148123,0.014674302075876883,0.005010737294201881,6
3524,2020-06-11 18:00:00,56.69,56.7,56.07,56.5401,51058.0,-0.002644205327218121,0.00017639795378382637,0.010936673134591594,6
3525,2020-06-11 19:00:00,56.59,57.5,56.5,57.48,54350.0,0.015727160275666962,0.01608057960770448,0.0015903869941686411,6
3526,2020-06-12 04:00:00,58.9,59.5,58.34,59.4,26829.0,0.008488964346349746,0.01018675721561972,0.009507640067911632,6
3527,2020-06-12 05:00:00,59.41,59.6,59.41,59.45,10492.0,0.0006732873253662053,0.0031981147954890563,0.0,6
3528,2020-06-12 06:00:00,59.43,59.45,58.81,59.0,16303.0,-0.007235402995120305,0.0003365303718661135,0.010432441527847846,6
3529,2020-06-12 07:00:00,59.2,60.89,58.9,59.95,179000.0,0.012668918918918918,0.02854729729729726,0.005067567567567639,6
3530,2020-06-12 08:00:00,59.35,60.99,58.91,60.21,348427.0,0.014490311710193755,0.02763268744734626,0.007413647851727124,6
3531,2020-06-12 09:00:00,60.2,62.18,59.12,61.845,4545974.0,0.02732558139534877,0.03289036544850493,0.017940199335548263,6
3532,2020-06-12 10:00:00,61.8502,62.7,58.0,58.0818,5799206.0,-0.06092785471995239,0.013739648376238102,0.062250405010816474,6
3533,2020-06-12 11:00:00,58.075,60.4,57.0,59.85,4116033.0,0.030563925957813147,0.04003443822643126,0.018510546706844645,6
3534,2020-06-12 12:00:00,59.89,60.58,58.8601,59.63,2865795.0,-0.004341292369343764,0.011521122057104654,0.017196526966104488,6
3535,2020-06-12 13:00:00,59.65,59.86,57.9,58.14,2054611.0,-0.025314333612740957,0.0035205364626990925,0.02933780385582565,6
3536,2020-06-12 14:00:00,58.14,59.8399,58.04,59.7799,1929087.0,0.02820605435156514,0.029238046095631225,0.0017199862401101036,6
3537,2020-06-12 15:00:00,59.75,61.28,59.591,61.18,3611669.0,0.023933054393305436,0.025606694560669475,0.0026610878661087684,6
3538,2020-06-12 16:00:00,61.18,61.2998,60.14,61.09,139461.0,-0.0014710689767897403,0.0019581562602157226,0.01699901928734879,6
3539,2020-06-12 17:00:00,61.08,61.08,60.7,60.84,18222.0,-0.003929273084479288,0.0,0.006221349050425597,6
3540,2020-06-12 18:00:00,60.73,60.99,60.73,60.82,8173.0,0.0014819693726330217,0.004281244854273096,0.0,6
3541,2020-06-12 19:00:00,60.94,61.2,60.8,60.9,20906.0,-0.0006563833278634584,0.004266491631112654,0.0022973416475221622,6
3542,2020-06-15 04:00:00,56.7,57.05,54.89,56.9,24237.0,0.0035273368606701188,0.0061728395061727385,0.031922398589065294,6
3543,2020-06-15 05:00:00,56.9,57.16,55.7,56.88,16451.0,-0.0003514938488575751,0.00456942003514935,0.021089630931458624,6
3544,2020-06-15 06:00:00,56.88,57.3,56.12,56.2,19985.0,-0.01195499296765119,0.007383966244725643,0.013361462728551425,6
3545,2020-06-15 07:00:00,56.38,56.9,55.3,56.72,87435.0,0.006030507272082233,0.009223128769066974,0.019155728981908572,6
3546,2020-06-15 08:00:00,55.4001,57.0,54.77,55.91,258997.0,0.009203954505497186,0.02887900924366559,0.011373625679376007,6
3547,2020-06-15 09:00:00,56.0998,58.65,55.32,57.61,3170613.0,0.026919882067315704,0.04545827257851181,0.01390022780829881,6
3548,2020-06-15 10:00:00,57.605,59.25,57.07,59.1522,3414304.0,0.026858779619824732,0.028556548910684893,0.009287388247547898,6
3549,2020-06-15 11:00:00,59.18,59.99,58.57,59.054,2529403.0,-0.002129097668131086,0.013687056437985845,0.010307536329841153,6
3550,2020-06-15 12:00:00,58.98,60.9799,58.8501,60.93,2370769.0,0.03306205493387594,0.03390810444218386,0.0022024415055951043,6
3551,2020-06-15 13:00:00,60.91,61.78,59.6,59.8459,2968287.0,-0.01747003776063038,0.014283368904941793,0.02150714168445239,6
3552,2020-06-15 14:00:00,59.95,61.4899,59.94,60.78,2289488.0,0.013844870725604641,0.025686405337781413,0.0001668056713929127,6
3553,2020-06-15 15:00:00,60.84,61.7,60.05,60.87,2895199.0,0.0004930966469427027,0.01413543721236028,0.012984878369493856,6
3554,2020-06-15 16:00:00,60.83,61.7,60.83,61.5,59008.0,0.011014302153542687,0.014302153542659946,0.0,6
3555,2020-06-15 17:00:00,61.65,61.8,61.0,61.74,11799.0,0.0014598540145985956,0.0024330900243308773,0.010543390105433878,6
3556,2020-06-15 18:00:00,61.67,62.88,61.67,62.5,44376.0,0.013458731960434542,0.019620561050754028,0.0,6
3557,2020-06-15 19:00:00,62.5,63.25,62.2,63.25,29785.0,0.012,0.012,0.0047999999999999545,6
3558,2020-06-16 04:00:00,63.75,66.0,63.75,65.85,13731.0,0.03294117647058815,0.03529411764705882,0.0,6
3559,2020-06-16 05:00:00,65.79,66.0,65.3,65.73,8863.0,-0.000911992704058402,0.003191974464204191,0.007447940416476805,6
3560,2020-06-16 06:00:00,65.73,65.95,65.5,65.95,8253.0,0.003347025711242946,0.003347025711242946,0.0034991632435722496,6
3561,2020-06-16 07:00:00,65.72,66.5,65.0,66.48,110546.0,0.011564211807668976,0.011868533171028624,0.010955569080949466,6
3562,2020-06-16 08:00:00,66.0,68.0,65.0002,67.5,213571.0,0.022727272727272728,0.030303030303030304,0.015148484848484748,6
3563,2020-06-16 09:00:00,67.4998,67.75,63.61,64.5,3738266.0,-0.044441613160335194,0.0037066776494153564,0.05762683741285151,6
3564,2020-06-16 10:00:00,64.54,65.34,61.5,61.59,4580482.0,-0.04570808800743729,0.01239541369693209,0.04710257204834221,6
3565,2020-06-16 11:00:00,61.51,63.75,60.54,62.6025,3993794.0,0.017761339619574074,0.036416842789790314,0.01576979352950738,6
3566,2020-06-16 12:00:00,62.62,63.88,62.33,62.8699,1875689.0,0.003990737783455826,0.0201213669754073,0.004631108272117521,6
3567,2020-06-16 13:00:00,62.86,63.07,61.6,61.84,1795889.0,-0.01622653515749278,0.003340757238307363,0.020044543429844068,6
3568,2020-06-16 14:00:00,61.88,62.97,61.82,62.5246,1565735.0,0.01041693600517125,0.017614738202973438,0.0009696186166774769,6
3569,2020-06-16 15:00:00,62.5425,62.6604,61.63,62.48,2393863.0,-0.0009993204620857817,0.0018851181196787128,0.014590078746452323,6
3570,2020-06-16 16:00:00,62.5,63.5,59.37,59.37,275568.0,-0.05008000000000004,0.016,0.05008000000000004,6
3571,2020-06-16 17:00:00,59.36,59.36,55.22,57.98,593273.0,-0.023247978436657726,0.0,0.06974393530997305,6
3572,2020-06-16 18:00:00,58.0,58.5,57.2701,58.2,137121.0,0.0034482758620690145,0.008620689655172414,0.0125844827586207,6
3573,2020-06-16 19:00:00,58.2,58.5,57.7501,58.5,67759.0,0.005154639175257683,0.005154639175257683,0.00773024054982817,6
3574,2020-06-17 04:00:00,59.0,61.06,59.0,60.8,14704.0,0.03050847457627114,0.034915254237288175,0.0,6
3575,2020-06-17 05:00:00,60.8,61.0,59.02,59.5,8204.0,-0.021381578947368376,0.0032894736842105734,0.029276315789473588,6
3576,2020-06-17 06:00:00,59.5,59.5,59.3,59.5,890.0,0.0,0.0,0.003361344537815174,6
3577,2020-06-17 07:00:00,59.72,61.35,59.56,59.56,135475.0,-0.002679169457468128,0.027294038847957176,0.002679169457468128,6
3578,2020-06-17 08:00:00,60.3001,61.2,58.5,58.9,142909.0,-0.023218866967053154,0.014923690010464367,0.029852355137056166,6
3579,2020-06-17 09:00:00,58.75,60.24,57.22,57.34,4059367.0,-0.02399999999999994,0.02536170212765961,0.02604255319148938,6
3580,2020-06-17 10:00:00,57.329,57.89,56.76,57.36,4585911.0,0.0005407385441922728,0.009785623331996021,0.00992516876275537,6
3581,2020-06-17 11:00:00,57.35,58.83,57.09,58.28,3165226.0,0.01621621621621621,0.02580645161290317,0.00453356582388837,6
3582,2020-06-17 12:00:00,58.2501,59.06,57.92,58.18,2434491.0,-0.0012034314104182413,0.013903838791693043,0.005666943061041983,6
3583,2020-06-17 13:00:00,58.19,58.67,57.9701,58.03,2032504.0,-0.0027496133356246194,0.008248840006874102,0.00377899982814909,6
3584,2020-06-17 14:00:00,58.08,59.3,58.0,58.915,1635905.0,0.014376721763085415,0.021005509641873258,0.00137741046831953,6
3585,2020-06-17 15:00:00,58.91,59.11,57.73,58.05,2682990.0,-0.014598540145985392,0.003395009336275723,0.02003055508402648,6
3586,2020-06-17 16:00:00,57.77,58.26,57.77,57.96,214454.0,0.0032889042755755186,0.008481911026484245,0.0,6
3587,2020-06-17 17:00:00,57.94,58.0,57.67,57.75,32751.0,-0.003279254401104552,0.001035554021401489,0.004659993096306455,6
3588,2020-06-17 18:00:00,57.69,57.87,57.52,57.57,23499.0,-0.0020800832033280887,0.003120124804992195,0.0029467845380480953,6
3589,2020-06-17 19:00:00,57.87,57.96,57.28,57.3,40915.0,-0.009849663037843447,0.0015552099533437604,0.010195265249697535,6
3590,2020-06-18 04:00:00,57.12,57.89,57.02,57.8,5278.0,0.0119047619047619,0.013480392156862801,0.0017507002801119454,6
3591,2020-06-18 05:00:00,57.44,57.67,57.44,57.47,1280.0,0.0005222841225626939,0.004004178272980571,0.0,6
3592,2020-06-18 06:00:00,57.39,57.39,55.77,55.77,16707.0,-0.028227914270778837,0.0,0.028227914270778837,6
3593,2020-06-18 07:00:00,55.99,56.52,55.37,55.71,117187.0,-0.005000893016610129,0.00946597606715487,0.011073405965351037,6
3594,2020-06-18 08:00:00,56.1833,56.73,55.06,56.3,196105.0,0.0020771296808837227,0.009730649499050326,0.019993485608712915,6
3595,2020-06-18 09:00:00,56.279,59.05,55.83,58.2681,2831524.0,0.03534355621101998,0.04923683789690637,0.007978109063771659,6
3596,2020-06-18 10:00:00,58.16,61.6936,58.16,61.115,6149656.0,0.05080811554332884,0.06075653370013767,0.0,6
3597,2020-06-18 11:00:00,61.12,61.12,58.85,59.19,4010256.0,-0.03157722513089005,0.0,0.03714005235602088,6
3598,2020-06-18 12:00:00,59.1801,60.1,59.03,59.41,2374907.0,0.0038847518000137467,0.01554407647165176,0.0025363255553809794,6
3599,2020-06-18 13:00:00,59.42,59.94,59.11,59.2559,1418680.0,-0.0027616963985190976,0.008751262201278963,0.005217098619993307,6
3600,2020-06-18 14:00:00,59.27,59.49,58.64,58.663,1748273.0,-0.010241268770035538,0.003711827231314305,0.010629323435127425,6
3601,2020-06-18 15:00:00,58.67,59.46,58.591,59.32,2278636.0,0.011078915970683459,0.013465144025907604,0.0013465144025907726,6
3602,2020-06-18 16:00:00,59.3,59.4,58.64,59.35,51206.0,0.0008431703204047937,0.0016863406408094675,0.01112984822934227,6
3603,2020-06-18 17:00:00,59.29,59.35,58.95,59.03,7751.0,-0.00438522516444591,0.0010119750379491022,0.005734525215044633,6
3604,2020-06-18 18:00:00,59.0,60.5,59.0,60.3,31418.0,0.022033898305084697,0.025423728813559324,0.0,6
3605,2020-06-18 19:00:00,60.2,60.82,60.05,60.65,34337.0,0.007475083056478334,0.010299003322259094,0.002491694352159563,6
3606,2020-06-19 04:00:00,60.5,60.78,60.0,60.14,4483.0,-0.005950413223140487,0.0046280991735537375,0.008264462809917356,6
3607,2020-06-19 05:00:00,60.56,60.8,60.56,60.75,2177.0,0.0031373844121531987,0.003963011889035583,0.0,6
3608,2020-06-19 06:00:00,60.77,60.8,60.41,60.41,2989.0,-0.005923975645878008,0.0004936646371563934,0.005923975645878008,6
3609,2020-06-19 07:00:00,60.56,61.05,60.26,60.88,34787.0,0.0052840158520475605,0.008091149273447736,0.004953764861294654,6
3610,2020-06-19 08:00:00,60.8999,61.71,60.2,61.15,92810.0,0.00410673909152554,0.0133021564895837,0.011492629708751567,6
3611,2020-06-19 09:00:00,61.2662,61.2662,58.88,59.05,2050882.0,-0.03617328967685283,0.0,0.03894806598091599,6
3612,2020-06-19 10:00:00,59.08,59.8,58.57,59.007,2593151.0,-0.0012356127285037305,0.012186865267433969,0.008632362897765708,6
3613,2020-06-19 11:00:00,59.01,59.79,58.79,59.0,1874704.0,-0.0001694628029147265,0.013218098627351316,0.0037281816641247054,6
3614,2020-06-19 12:00:00,59.02,59.15,57.05,57.79,3346699.0,-0.02084039308708919,0.0022026431718060904,0.03337851575737048,6
3615,2020-06-19 13:00:00,57.76,57.79,54.77,55.0,5293079.0,-0.04778393351800551,0.0005193905817174712,0.05176592797783925,6
3616,2020-06-19 14:00:00,55.0,56.3097,54.72,56.16,3899865.0,0.02109090909090903,0.023812727272727263,0.005090909090909111,6
3617,2020-06-19 15:00:00,56.13,56.51,55.23,55.355,4018623.0,-0.01380723320862294,0.00676999821842144,0.016034206306787913,6
3618,2020-06-19 16:00:00,55.39,55.95,54.88,55.06,343226.0,-0.005957754107239543,0.010110128181982349,0.00920743816573385,6
3619,2020-06-19 17:00:00,55.19,55.38,55.06,55.38,23884.0,0.0034426526544664767,0.0034426526544664767,0.0023554991846348153,6
3620,2020-06-19 18:00:00,55.35,55.4,55.08,55.1,21316.0,-0.004516711833785004,0.0009033423667569496,0.004878048780487861,6
3621,2020-06-19 19:00:00,55.12,55.2199,54.95,55.0,37717.0,-0.0021770682148040173,0.0018124092888244776,0.003084179970972326,6
3622,2020-06-22 04:00:00,55.17,56.2,55.17,56.2,1721.0,0.018669566793547237,0.018669566793547237,0.0,6
3623,2020-06-22 05:00:00,56.98,56.98,55.7,55.7,4972.0,-0.02246402246402236,0.0,0.02246402246402236,6
3624,2020-06-22 06:00:00,55.7,55.7,54.5,54.5,16286.0,-0.021543985637342958,0.0,0.021543985637342958,6
3625,2020-06-22 07:00:00,54.87,54.92,53.63,54.4,130199.0,-0.008565700747220684,0.0009112447603427058,0.02259887005649708,6
3626,2020-06-22 08:00:00,54.2775,54.87,53.07,53.5,227522.0,-0.014324535949518739,0.01091612546635335,0.022246787342821667,6
3627,2020-06-22 09:00:00,53.58,54.14,51.78,53.37,4041946.0,-0.003919372900335962,0.010451661067562566,0.03359462486002234,6
3628,2020-06-22 10:00:00,53.435,53.67,50.43,50.686,5859633.0,-0.05144568166931791,0.0043978665668569185,0.0562365490783195,6
3629,2020-06-22 11:00:00,50.66,51.54,50.35,51.3408,4607939.0,0.013438610343466344,0.01737070667193057,0.006119226213975428,6
3630,2020-06-22 12:00:00,51.3301,52.21,50.8595,52.16,3127826.0,0.016167901484703807,0.0171419888135811,0.009168109939392375,6
3631,2020-06-22 13:00:00,52.16,52.4,51.42,51.6708,2578238.0,-0.00937883435582816,0.004601226993865069,0.01418711656441708,6
3632,2020-06-22 14:00:00,51.66,51.77,51.11,51.465,2105696.0,-0.003774680603948765,0.0021293070073559145,0.010646535036778884,6
3633,2020-06-22 15:00:00,51.45,51.9,51.02,51.86,3100722.0,0.0079689018464528,0.008746355685131112,0.008357628765792026,6
3634,2020-06-22 16:00:00,51.9,52.45,51.86,52.18,110367.0,0.005394990366088654,0.010597302504817038,0.0007707129094412168,6
3635,2020-06-22 17:00:00,52.18,52.25,52.04,52.05,22264.0,-0.002491376006132667,0.0013415101571483381,0.0026830203142966763,6
3636,2020-06-22 18:00:00,52.0,52.1,51.8,51.95,19566.0,-0.0009615384615384068,0.0019230769230769505,0.003846153846153901,6
3637,2020-06-22 19:00:00,51.93,52.2,51.89,51.9,18203.0,-0.0005777007510109982,0.005199306759098847,0.0007702676680146187,6
3638,2020-06-23 04:00:00,53.5,53.5,52.2,52.74,2522.0,-0.014205607476635476,0.0,0.024299065420560696,6
3639,2020-06-23 05:00:00,52.57,52.62,52.18,52.5,7477.0,-0.0013315579227696458,0.0009511128019782605,0.007418679855430865,6
3640,2020-06-23 06:00:00,52.57,53.2,52.57,53.2,3764.0,0.011984021304926812,0.011984021304926812,0.0,6
3641,2020-06-23 07:00:00,52.85,53.35,52.62,53.35,28355.0,0.00946073793755913,0.00946073793755913,0.004351939451277275,6
3642,2020-06-23 08:00:00,53.4,53.8698,52.62,53.4799,115715.0,0.001496254681647979,0.008797752808988752,0.01460674157303373,6
3643,2020-06-23 09:00:00,53.48,53.48,51.49,52.7,3004581.0,-0.014584891548242223,0.0,0.03721017202692586,6
3644,2020-06-23 10:00:00,52.69,53.39,52.03,52.65,3451788.0,-0.0007591573353577367,0.01328525336876073,0.012526096033402859,6
3645,2020-06-23 11:00:00,52.66,52.7199,51.35,51.99,2479837.0,-0.012723129510064463,0.001137485757690962,0.024876566654006747,6
3646,2020-06-23 12:00:00,51.99,52.52,51.78,52.237,1671566.0,0.004750913637237928,0.01019426812848627,0.004039238315060605,6
3647,2020-06-23 13:00:00,52.22,52.85,52.02,52.82,1384761.0,0.011489850631941812,0.012064343163538924,0.00382995021064718,6
3648,2020-06-23 14:00:00,52.81,54.6,52.505,54.36,3254860.0,0.029350501798901668,0.033895095625828424,0.005775421321719366,6
3649,2020-06-23 15:00:00,54.36,54.55,53.86,54.39,2849801.0,0.0005518763796909702,0.00349521707137597,0.00919793966151582,6
3650,2020-06-23 16:00:00,54.35,54.37,53.92,53.96,59163.0,-0.007175712971481151,0.00036798528058870324,0.007911683532658689,6
3651,2020-06-23 17:00:00,54.05,54.05,53.62,53.8,21186.0,-0.004625346901017576,0.0,0.007955596669750226,6
3652,2020-06-23 18:00:00,53.8,53.94,53.65,53.67,7761.0,-0.0024163568773233357,0.002602230483271386,0.0027881040892193047,6
3653,2020-06-23 19:00:00,53.67,53.9,53.2,53.31,30893.0,-0.006707657909446607,0.004285448108813059,0.008757220048444175,6
3654,2020-06-24 04:00:00,53.38,53.66,52.37,52.98,9117.0,-0.007493443237167585,0.005245410266017123,0.01892094417384798,6
3655,2020-06-24 05:00:00,52.8,52.8,51.8,51.8,4603.0,-0.01893939393939394,0.0,0.01893939393939394,6
3656,2020-06-24 06:00:00,51.9,52.25,51.7,52.25,4911.0,0.0067437379576108175,0.0067437379576108175,0.0038535645472060837,6
3657,2020-06-24 07:00:00,52.12,52.96,51.81,52.45,74959.0,0.006331542594013918,0.016116653875671592,0.0059478127398310664,6
3658,2020-06-24 08:00:00,52.4899,52.99,51.8,52.59,143523.0,0.0019070335435960966,0.009527547204319371,0.013143480936332542,6
3659,2020-06-24 09:00:00,52.4,52.46,48.91,49.1812,4641516.0,-0.06142748091603057,0.0011450381679389747,0.06660305343511454,6
3660,2020-06-24 10:00:00,49.19,49.91,48.805,49.18,4146038.0,-0.00020329335230733912,0.014637121366131305,0.007826794063834073,6
3661,2020-06-24 11:00:00,49.17,49.45,46.52,47.51,4649432.0,-0.033760423022168064,0.005694529184462093,0.05389465121008742,6
3662,2020-06-24 12:00:00,47.5001,49.46,47.34,49.28,4119090.0,0.03747150005999982,0.041260965766387804,0.0033705192199595347,6
3663,2020-06-24 13:00:00,49.27,49.56,47.8501,48.2601,2878199.0,-0.02049725999594077,0.005885934645829087,0.028818753805561304,6
3664,2020-06-24 14:00:00,48.288,48.855,47.7301,47.79,2333361.0,-0.010313121272365755,0.011742047713717698,0.011553595096090054,6
3665,2020-06-24 15:00:00,47.795,48.59,47.795,48.2301,3423290.0,0.00910346270530387,0.01663353907312484,0.0,6
3666,2020-06-24 16:00:00,48.45,48.68,48.24,48.36,60056.0,-0.0018575851393189558,0.004747162022703754,0.004334365325077417,6
3667,2020-06-24 17:00:00,48.37,48.4001,48.2501,48.35,20517.0,-0.0004134794293983052,0.0006222865412446653,0.002478809179243211,6
3668,2020-06-24 18:00:00,48.35,48.43,47.5,47.5,47181.0,-0.017580144777662905,0.0016546018614270587,0.017580144777662905,6
3669,2020-06-24 19:00:00,47.35,47.74,47.2,47.22,55300.0,-0.0027455121436114585,0.008236536430834225,0.003167898627243898,6
3670,2020-06-25 04:00:00,46.4,47.29,46.05,47.16,20681.0,0.016379310344827543,0.019181034482758635,0.007543103448275893,6
3671,2020-06-25 05:00:00,47.09,47.53,46.82,46.94,21351.0,-0.0031853896793375596,0.009343809726056439,0.0057337014228074565,6
3672,2020-06-25 06:00:00,46.94,47.04,46.82,46.91,11561.0,-0.0006391137622497047,0.002130379207498965,0.0025564550489986675,6
3673,2020-06-25 07:00:00,46.82,47.0,45.0,45.01,197071.0,-0.0386586928662965,0.003844510892780857,0.038872276804784285,6
3674,2020-06-25 08:00:00,46.9,46.9,45.0,45.18,335724.0,-0.0366737739872068,0.0,0.04051172707889123,6
3675,2020-06-25 09:00:00,45.1501,48.0,45.0,47.835,4160502.0,0.05946609199093687,0.0631205689466911,0.0033244666124770906,6
3676,2020-06-25 10:00:00,47.87,48.84,45.35,47.51,5361488.0,-0.00752036766241904,0.020263212868184794,0.05264257363693328,6
3677,2020-06-25 11:00:00,47.497,47.75,46.5201,47.53,2759478.0,0.0006947807229930574,0.005326652209613241,0.020567614796724015,6
3678,2020-06-25 12:00:00,47.54,48.2,47.505,47.81,1823121.0,0.00567942785023145,0.013883045856121238,0.0007362221287336262,6
3679,2020-06-25 13:00:00,47.8,48.54,47.6,48.17,1253978.0,0.007740585774058673,0.015481171548117198,0.004184100418409953,6
3680,2020-06-25 14:00:00,48.165,48.24,47.63,47.6601,1489320.0,-0.010482715664901884,0.0015571473061352194,0.011107650783764073,6
3681,2020-06-25 15:00:00,47.6673,49.1899,47.6188,48.565,3810372.0,0.01883261690928583,0.03194223293536668,0.0010174689986635933,6
3682,2020-06-25 16:00:00,48.56,49.0,48.5,48.81,171103.0,0.00514827018121911,0.009060955518945587,0.0012355848434926332,6
3683,2020-06-25 17:00:00,48.81,48.81,48.28,48.3,33087.0,-0.010448678549477671,0.0,0.010858430649457101,6
3684,2020-06-25 18:00:00,48.41,48.41,48.2501,48.35,10421.0,-0.0012394133443502412,0.0,0.0033030365626935195,6
3685,2020-06-25 19:00:00,48.33,48.7,48.33,48.7,7648.0,0.007655700393130655,0.007655700393130655,0.0,6
3686,2020-06-26 04:00:00,47.8,48.14,47.8,48.1,1048.0,0.006276150627615152,0.007112970711297143,0.0,6
3687,2020-06-26 05:00:00,48.14,48.2,48.14,48.2,2124.0,0.001246364769422565,0.001246364769422565,0.0,6
3688,2020-06-26 06:00:00,48.35,48.58,48.3,48.51,3237.0,0.0033092037228541174,0.004756980351602831,0.001034126163392022,6
3689,2020-06-26 07:00:00,48.75,49.5,48.5,48.9,26423.0,0.003076923076923048,0.015384615384615385,0.005128205128205128,6
3690,2020-06-26 08:00:00,48.8999,49.49,47.9,47.91,68788.0,-0.020243395180767357,0.01206750934050989,0.020447894576471604,6
3691,2020-06-26 09:00:00,47.94,48.91,47.29,47.663,1847753.0,-0.00577805590321237,0.02023362536503961,0.013558614935335807,6
3692,2020-06-26 10:00:00,47.63,47.9,46.56,47.17,2863888.0,-0.00965777871089651,0.0056686961998739455,0.022464833088389674,6
3693,2020-06-26 11:00:00,47.2,47.48,46.4,46.53,1784276.0,-0.014194915254237323,0.005932203389830382,0.01694915254237297,6
3694,2020-06-26 12:00:00,46.53,46.96,46.23,46.61,1322479.0,0.0017193208682570018,0.009241349666881575,0.006447453255963986,6
3695,2020-06-26 13:00:00,46.595,46.88,45.83,46.0,1438007.0,-0.012769610473226717,0.006116536109024653,0.016418070608434393,6
3696,2020-06-26 14:00:00,45.99,46.21,45.43,46.12,1664435.0,0.002826701456838344,0.004783648619265033,0.01217656012176565,6
3697,2020-06-26 15:00:00,46.11,46.54,45.785,46.39,2515767.0,0.006072435480373046,0.009325525916287134,0.007048362611147318,6
3698,2020-06-26 16:00:00,46.4,46.49,46.0,46.0,155769.0,-0.008620689655172384,0.0019396551724138666,0.008620689655172384,6
3699,2020-06-26 17:00:00,46.02,46.41,46.0,46.0,37369.0,-0.0004345936549327059,0.008474576271186298,0.0004345936549327059,6
3700,2020-06-26 18:00:00,46.05,46.08,45.85,45.9,16652.0,-0.0032573289902279824,0.0006514657980456274,0.004343105320303925,6
3701,2020-06-26 19:00:00,45.9,46.0,45.48,45.73,12324.0,-0.003703703703703741,0.002178649237472798,0.009150326797385658,6
3702,2020-06-29 04:00:00,45.45,45.48,44.5,45.09,19154.0,-0.007920792079207907,0.0006600660066005287,0.020902090209020962,6
3703,2020-06-29 06:00:00,45.68,46.42,45.6,46.42,5779.0,0.01619964973730302,0.01619964973730302,0.001751313485113798,6
3704,2020-06-29 07:00:00,46.22,47.11,45.55,46.9,63496.0,0.01471224578104716,0.01925573344872351,0.014495889225443568,6
3705,2020-06-29 08:00:00,45.99,47.1,45.52,46.1501,77014.0,0.003481191563383342,0.024135681669928234,0.010219612959338962,6
3706,2020-06-29 09:00:00,46.4,46.87,45.06,46.54,1828192.0,0.0030172413793103574,0.010129310344827561,0.02887931034482751,6
3707,2020-06-29 10:00:00,46.5314,48.4347,46.46,48.2,2994960.0,0.03585965606020891,0.04090356189583812,0.0015344477062799965,6
3708,2020-06-29 11:00:00,48.22,48.6269,47.3122,48.21,2281921.0,-0.00020738282870174223,0.008438407299875576,0.01882621318954794,6
3709,2020-06-29 12:00:00,48.2,49.74,48.2,49.16,2556128.0,0.01991701244813265,0.03195020746887965,0.0,6
3710,2020-06-29 13:00:00,49.18,50.49,48.8666,49.81,3025025.0,0.012810085400569389,0.02663684424562835,0.00637250915006103,6
3711,2020-06-29 14:00:00,49.8001,50.1201,49.3,49.31,1711548.0,-0.009841345700109,0.006425689908253202,0.010042148509742015,6
3712,2020-06-29 15:00:00,49.31,50.35,48.98,50.3,2556299.0,0.020077063475968257,0.021091056580815233,0.006692354491989564,6
3713,2020-06-29 16:00:00,50.25,50.35,49.75,50.15,80485.0,-0.001990049751243809,0.001990049751243809,0.009950248756218905,6
3714,2020-06-29 17:00:00,50.11,50.12,49.92,49.99,8004.0,-0.002394731590500847,0.00019956096587503514,0.0037916583516263767,6
3715,2020-06-29 18:00:00,49.97,50.4,49.92,50.33,26658.0,0.007204322593556123,0.00860516309785871,0.0010006003602160728,6
3716,2020-06-29 19:00:00,50.36,50.5,50.15,50.5,18253.0,0.0027799841143765006,0.0027799841143765006,0.004169976171564751,6
3717,2020-06-30 04:00:00,51.02,51.02,49.5,49.5,4912.0,-0.029792238337906764,0.0,0.029792238337906764,6
3718,2020-06-30 06:00:00,49.95,50.2,49.8,50.2,8273.0,0.005005005005005005,0.005005005005005005,0.0030030030030031166,6
3719,2020-06-30 07:00:00,50.2,50.8,49.81,50.4,32242.0,0.003984063745019835,0.011952191235059646,0.007768924302788856,6
3720,2020-06-30 08:00:00,50.1999,50.8,49.6,49.8499,39871.0,-0.006972125442480989,0.011954207080093739,0.01195022300841233,6
3721,2020-06-30 09:00:00,49.85,50.11,47.78,48.5875,2482718.0,-0.02532597793380146,0.005215646940822428,0.04152457372116349,6
3722,2020-06-30 10:00:00,48.555,49.64,48.06,49.58,2998735.0,0.02111008135104518,0.022345793430130798,0.010194624652455925,6
3723,2020-06-30 11:00:00,49.62,49.92,49.13,49.8,1692071.0,0.0036275695284159557,0.006045949214026688,0.009875050382910014,6
3724,2020-06-30 12:00:00,49.77,50.17,49.33,49.66,1261485.0,-0.0022101667671289237,0.00803697006228649,0.008840667068515266,6
3725,2020-06-30 13:00:00,49.65,50.07,49.2494,50.0243,1265828.0,0.007538771399798552,0.008459214501510609,0.008068479355488363,6
3726,2020-06-30 14:00:00,50.0388,50.38,49.81,50.1401,1538271.0,0.00202442904306248,0.0068187086820627315,0.0045724517774207146,6
3727,2020-06-30 15:00:00,50.14,50.77,49.8602,50.25,2938769.0,0.0021938571998404354,0.012564818508177155,0.005580374950139641,6
3728,2020-06-30 16:00:00,50.26,50.39,50.01,50.26,132001.0,0.0,0.002586549940310437,0.004974134500596896,6
3729,2020-06-30 17:00:00,50.3,50.3,49.9,49.9,56027.0,-0.007952286282306134,0.0,0.007952286282306134,6
3730,2020-06-30 18:00:00,50.3,50.3,50.0,50.0,4377.0,-0.005964214711729566,0.0,0.005964214711729566,6
3731,2020-06-30 19:00:00,50.0,50.15,49.67,49.71,15586.0,-0.005799999999999983,0.0029999999999999714,0.006599999999999966,6
3732,2020-07-01 05:00:00,49.37,49.37,49.02,49.02,1985.0,-0.007089325501316474,0.0,0.007089325501316474,7
3733,2020-07-01 06:00:00,49.04,49.1,49.0,49.08,1196.0,0.0008156606851549581,0.0012234910277325096,0.0008156606851549581,7
3734,2020-07-01 07:00:00,49.29,49.31,48.6,49.26,17457.0,-0.0006086427267194388,0.00040576181781300724,0.013998782714546515,7
3735,2020-07-01 08:00:00,49.3,51.2499,48.6,51.2,109782.0,0.038539553752535614,0.039551724137931024,0.014198782961460361,7
3736,2020-07-01 09:00:00,51.18,55.62,51.15,53.735,4813126.0,0.04992184447049628,0.0867526377491207,0.0005861664712778651,7
3737,2020-07-01 10:00:00,53.74,54.49,51.55,52.2398,4133265.0,-0.02791589132861927,0.013956084852995905,0.04075176777074813,7
3738,2020-07-01 11:00:00,52.28,52.37,50.85,51.5,2640231.0,-0.014919663351185943,0.0017214996174444587,0.02735271614384085,7
3739,2020-07-01 12:00:00,51.5,52.22,51.04,51.27,1316449.0,-0.004466019417475668,0.013980582524271822,0.008932038834951472,7
3740,2020-07-01 13:00:00,51.2769,51.3206,50.45,50.7397,1526071.0,-0.010476452359639498,0.000852235607066753,0.01612616987376372,7
3741,2020-07-01 14:00:00,50.72,51.49,50.57,50.89,1219756.0,0.0033517350157729045,0.015181388012618358,0.0029574132492113285,7
3742,2020-07-01 15:00:00,50.9,51.2298,50.61,50.82,1848734.0,-0.001571709233791715,0.006479371316306459,0.005697445972495072,7
3743,2020-07-01 16:00:00,50.73,50.87,50.73,50.87,50452.0,0.002759708259412588,0.002759708259412588,0.0,7
3744,2020-07-01 17:00:00,50.84,50.87,50.63,50.8,34139.0,-0.0007867820613691237,0.0005900865460266332,0.00413060582218727,7
3745,2020-07-01 18:00:00,50.87,50.87,50.75,50.85,9992.0,-0.00039315903282870104,0.0,0.002358954196972625,7
3746,2020-07-01 19:00:00,50.9,51.22,50.85,51.0,15624.0,0.0019646365422397137,0.006286836935167,0.000982318271119787,7
3747,2020-07-02 04:00:00,51.7,53.29,51.7,53.0,19503.0,0.02514506769825913,0.0307543520309477,0.0,7
3748,2020-07-02 05:00:00,52.65,52.72,52.5,52.5,1459.0,-0.0028490028490028223,0.0013295346628680016,0.0028490028490028223,7
3749,2020-07-02 06:00:00,52.6,52.76,52.32,52.76,1239.0,0.0030418250950569694,0.0030418250950569694,0.0053231939163498315,7
3750,2020-07-02 07:00:00,52.79,53.16,52.3,52.59,42602.0,-0.003788596325061484,0.007008903201363846,0.009282060996400871,7
3751,2020-07-02 08:00:00,52.6499,53.539,52.32,53.29,136219.0,0.01215766791579845,0.016887021627771354,0.006265918833654044,7
3752,2020-07-02 09:00:00,53.17,53.62,51.61,52.29,2815199.0,-0.01655068647733689,0.008463419221365351,0.029339853300733538,7
3753,2020-07-02 10:00:00,52.29,52.4399,50.311,50.4074,3042373.0,-0.03600305985848148,0.0028667049148977312,0.03784662459361253,7
3754,2020-07-02 11:00:00,50.41,51.32,50.1,50.88,1857727.0,0.009323546915294703,0.018051973814719378,0.0061495734973218644,7
3755,2020-07-02 12:00:00,50.88,50.9731,50.37,50.58,1072395.0,-0.005896226415094423,0.0018297955974842714,0.010023584905660477,7
3756,2020-07-02 13:00:00,50.5771,50.59,49.88,49.945,1131557.0,-0.012497750958437736,0.00025505614200897064,0.013782917565459445,7
3757,2020-07-02 14:00:00,49.945,50.11,49.6,49.79,1192002.0,-0.0031034137551306665,0.0033036339973971196,0.006907598358193991,7
3758,2020-07-02 15:00:00,49.82,49.8642,49.36,49.51,2158942.0,-0.00622240064231237,0.0008871938980328475,0.009233239662786047,7
3759,2020-07-02 16:00:00,49.74,50.0,49.51,49.95,68451.0,0.004221954161640548,0.005227181342983474,0.004624045034177804,7
3760,2020-07-02 17:00:00,49.8,49.93,49.74,49.79,6811.0,-0.00020080321285136568,0.0026104417670683245,0.0012048192771083367,7
3761,2020-07-02 18:00:00,49.79,49.79,49.66,49.77,11034.0,-0.0004016870857601129,0.0,0.0026109660574413045,7
3762,2020-07-02 19:00:00,49.66,49.75,49.55,49.68,15240.0,0.0004027386226339736,0.0018123238018526665,0.002215062424486497,7
3763,2020-07-06 04:00:00,51.0,51.7,51.0,51.4,12473.0,0.007843137254901933,0.013725490196078487,0.0,7
3764,2020-07-06 05:00:00,51.29,51.68,51.25,51.55,4450.0,0.005069214271787834,0.007603821407681821,0.0007798791187365792,7
3765,2020-07-06 06:00:00,51.45,51.45,50.97,50.97,5430.0,-0.009329446064140018,0.0,0.009329446064140018,7
3766,2020-07-06 07:00:00,50.6,50.9,50.12,50.51,37473.0,-0.0017786561264822808,0.0059288537549406556,0.009486166007905217,7
3767,2020-07-06 08:00:00,50.35,50.96,50.11,50.73,73449.0,0.007547169811320665,0.012115193644488568,0.0047666335650447264,7
3768,2020-07-06 09:00:00,50.65,51.49,49.77,51.02,1864500.0,0.007305034550839182,0.016584402764067196,0.017374136229022615,7
3769,2020-07-06 10:00:00,51.05,51.16,49.5546,49.94,2157969.0,-0.021743388834475994,0.0021547502448579716,0.029292850146914722,7
3770,2020-07-06 11:00:00,49.97,50.03,48.0423,48.07,2103742.0,-0.0380228136882129,0.0012007204322594012,0.038577146287772694,7
3771,2020-07-06 12:00:00,48.06,49.14,47.89,49.08,1890850.0,0.021223470661672825,0.022471910112359515,0.0035372451102788534,7
3772,2020-07-06 13:00:00,49.08,49.9599,48.83,49.84,1428176.0,0.015484922575387227,0.01792787286063568,0.005093724531377343,7
3773,2020-07-06 14:00:00,49.86,49.93,49.324,49.84,1051395.0,-0.00040112314480537546,0.001403931006819099,0.01075010028078623,7
3774,2020-07-06 15:00:00,49.84,50.42,49.74,50.0,2300846.0,0.003210272873194153,0.011637239165329018,0.002006420545746417,7
3775,2020-07-06 16:00:00,50.04,50.1798,49.9,50.0,36019.0,-0.0007993605115907104,0.002793764988009613,0.0027977617905675573,7
3776,2020-07-06 17:00:00,50.0,50.04,49.85,49.85,6457.0,-0.0029999999999999714,0.0007999999999999829,0.0029999999999999714,7
3777,2020-07-06 18:00:00,49.82,50.3,49.82,50.3,21973.0,0.009634684865515794,0.009634684865515794,0.0,7
3778,2020-07-06 19:00:00,50.29,50.8,50.1,50.36,10999.0,0.0013919268244183792,0.010141181149333824,0.0037780870948498258,7
3779,2020-07-07 04:00:00,49.17,49.3,49.17,49.17,809.0,0.0,0.002643888549928726,0.0,7
3780,2020-07-07 05:00:00,48.66,48.7,48.66,48.7,1384.0,0.0008220304151254882,0.0008220304151254882,0.0,7
3781,2020-07-07 06:00:00,49.0,49.18,48.99,49.18,3781.0,0.003673469387755096,0.003673469387755096,0.00020408163265302063,7
3782,2020-07-07 07:00:00,49.79,49.79,48.9,49.58,17236.0,-0.004217714400482042,0.0,0.017875075316328592,7
3783,2020-07-07 08:00:00,49.0001,49.7299,48.9999,49.2,44633.0,0.004079583511054049,0.014893847155413913,4.081624323351162e-06,7
3784,2020-07-07 09:00:00,49.23,49.75,48.12,48.565,1602797.0,-0.013508023562868154,0.01056266504164134,0.022547227300426558,7
3785,2020-07-07 10:00:00,48.58,49.15,47.93,48.65,2361010.0,0.001440922190201735,0.011733223548785515,0.013379991766158884,7
3786,2020-07-07 11:00:00,48.65,49.02,48.3101,48.52,1301770.0,-0.0026721479958889097,0.007605344295991872,0.006986639260020557,7
3787,2020-07-07 12:00:00,48.525,48.89,48.4,48.5184,675655.0,-0.00013601236476040864,0.007521895929933065,0.002575991756826378,7
3788,2020-07-07 13:00:00,48.5,48.81,48.44,48.74,717998.0,0.004948453608247464,0.0063917525773196345,0.0012371134020619026,7
3789,2020-07-07 14:00:00,48.72,48.76,47.76,48.01,1203640.0,-0.014573070607553385,0.0008210180623973553,0.019704433497536963,7
3790,2020-07-07 15:00:00,48.025,48.14,47.42,47.55,1786031.0,-0.00989068193649144,0.0023945861530453305,0.01259760541384689,7
3791,2020-07-07 16:00:00,47.57,47.9,47.56,47.7,34766.0,0.002732814799243274,0.00693714525961737,0.00021021652301866746,7
3792,2020-07-07 17:00:00,47.8,47.85,47.72,47.8,4591.0,0.0,0.0010460251046025997,0.001673640167363981,7
3793,2020-07-07 18:00:00,47.81,47.96,47.8,47.85,2811.0,0.0008366450533361043,0.0031374189500104283,0.00020916126333413753,7
3794,2020-07-07 19:00:00,47.8,47.96,47.71,47.71,5507.0,-0.0018828451882844416,0.003347280334728111,0.0018828451882844416,7
3795,2020-07-08 04:00:00,47.63,48.44,47.61,48.06,4765.0,0.009027923577577151,0.017006088599621983,0.00041990342221295666,7
3796,2020-07-08 05:00:00,48.11,48.11,47.1,47.1,4456.0,-0.020993556433173934,0.0,0.020993556433173934,7
3797,2020-07-08 06:00:00,47.47,48.07,47.47,48.07,1976.0,0.012639561828523308,0.012639561828523308,0.0,7
3798,2020-07-08 07:00:00,47.65,47.78,47.26,47.64,17833.0,-0.00020986358866732446,0.0027282266526758147,0.008184679958027295,7
3799,2020-07-08 08:00:00,47.9,47.9,46.85,47.0,49987.0,-0.018789144050104355,0.0,0.021920668058455058,7
3800,2020-07-08 09:00:00,46.85,48.83,46.51,48.5,1570021.0,0.03521878335112057,0.04226254002134465,0.007257203842049165,7
3801,2020-07-08 10:00:00,48.52,48.8599,47.63,47.96,1969083.0,-0.011541632316570533,0.007005358615004124,0.01834295136026382,7
3802,2020-07-08 11:00:00,47.98,48.0399,47.1747,47.618,1357016.0,-0.007544810337640575,0.0012484368486870793,0.016784076698624334,7
3803,2020-07-08 12:00:00,47.64,48.15,47.4553,48.1,846734.0,0.009655751469353503,0.01070528967254404,0.0038769941225860497,7
3804,2020-07-08 13:00:00,48.11,49.07,47.6984,48.99,1286518.0,0.018291415506131836,0.01995427146123469,0.008555393889004365,7
3805,2020-07-08 14:00:00,48.9601,49.94,48.77,49.41,2140857.0,0.00918911521831041,0.020014256506829045,0.003882753507447778,7
3806,2020-07-08 15:00:00,49.44,50.43,49.4019,50.08,2586150.0,0.01294498381877024,0.020024271844660234,0.0007706310679611656,7
3807,2020-07-08 16:00:00,49.9998,50.7,49.75,50.6,115815.0,0.012004048016192084,0.014004056016224111,0.004996019984079946,7
3808,2020-07-08 17:00:00,50.69,50.69,50.3,50.45,20074.0,-0.004734661668968137,0.0,0.007693825212073398,7
3809,2020-07-08 18:00:00,50.4,50.4,50.12,50.15,12659.0,-0.00496031746031746,0.0,0.005555555555555578,7
3810,2020-07-08 19:00:00,50.2,50.5,50.15,50.15,15979.0,-0.0009960159362550648,0.005976095617529823,0.0009960159362550648,7
3811,2020-07-09 04:00:00,49.98,49.98,48.51,48.51,2370.0,-0.02941176470588233,0.0,0.02941176470588233,7
3812,2020-07-09 05:00:00,48.52,48.9,48.52,48.6,2427.0,0.0016488046166528913,0.007831821929101307,0.0,7
3813,2020-07-09 07:00:00,49.7,52.2,49.31,51.95,71589.0,0.04527162977867203,0.05030181086519114,0.00784708249496983,7
3814,2020-07-09 08:00:00,51.23,52.35,49.6,50.82,102254.0,-0.008003123170017501,0.021862190122974908,0.0318172945539722,7
3815,2020-07-09 09:00:00,50.81,51.1,48.15,48.4671,1868201.0,-0.046111001771304866,0.005707537886242849,0.05235189923243463,7
3816,2020-07-09 10:00:00,48.42,48.99,47.0,47.1314,3166348.0,-0.02661296984717064,0.011771995043370514,0.029326724494010775,7
3817,2020-07-09 11:00:00,47.15,47.9399,46.545,47.8642,2358236.0,0.015147401908801659,0.016752916224814486,0.012831389183456986,7
3818,2020-07-09 12:00:00,47.86,48.2662,47.17,47.64,1589361.0,-0.004596740493104865,0.008487254492269085,0.014417049728374378,7
3819,2020-07-09 13:00:00,47.63,47.94,47.51,47.6219,1057777.0,-0.00017006088599634664,0.006508503044299709,0.0025194205332774414,7
3820,2020-07-09 14:00:00,47.61,48.129,47.37,47.54,997916.0,-0.0014702793530770907,0.010901071203528637,0.005040957781978618,7
3821,2020-07-09 15:00:00,47.54,47.685,46.98,47.11,2407373.0,-0.009045014724442569,0.0030500631047539572,0.011779554059739215,7
3822,2020-07-09 16:00:00,47.0998,47.23,47.06,47.19,87199.0,0.0019150824419635717,0.0027643429483775934,0.0008450142038819615,7
3823,2020-07-09 17:00:00,47.19,47.24,47.12,47.24,14841.0,0.001059546514092059,0.001059546514092059,0.0014833651197287622,7
3824,2020-07-09 18:00:00,47.25,47.35,47.06,47.1,14246.0,-0.0031746031746031447,0.0021164021164021465,0.004021164021163973,7
3825,2020-07-09 19:00:00,47.05,47.12,46.85,46.86,23531.0,-0.0040382571732199305,0.001487778958554735,0.0042507970244419924,7
3826,2020-07-10 04:00:00,46.5,46.68,46.25,46.25,2834.0,-0.005376344086021506,0.003870967741935478,0.005376344086021506,7
3827,2020-07-10 05:00:00,46.25,46.26,46.25,46.25,1364.0,0.0,0.0002162162162161732,0.0,7
3828,2020-07-10 06:00:00,46.7,46.75,46.65,46.75,2341.0,0.0010706638115631083,0.0010706638115631083,0.0010706638115632603,7
3829,2020-07-10 07:00:00,46.5,46.86,46.25,46.38,21858.0,-0.0025806451612902675,0.007741935483870956,0.005376344086021506,7
3830,2020-07-10 08:00:00,46.68,47.12,45.67,46.3144,104805.0,-0.007832047986289644,0.009425878320479815,0.021636675235646916,7
3831,2020-07-10 09:00:00,46.5,49.96,46.13,49.54,3560620.0,0.06537634408602148,0.07440860215053766,0.007956989247311773,7
3832,2020-07-10 10:00:00,49.52,50.44,48.06,50.21,4140112.0,0.0139337641357027,0.018578352180936886,0.02948303715670438,7
3833,2020-07-10 11:00:00,50.18,50.98,49.82,50.44,3506502.0,0.005181347150259028,0.01594260661618169,0.007174172977281774,7
3834,2020-07-10 12:00:00,50.44,50.82,50.03,50.46,2045236.0,0.0003965107057891183,0.007533703409992121,0.008128469468675587,7
3835,2020-07-10 13:00:00,50.46,50.9148,50.09,50.8,1773801.0,0.006738010305192158,0.009013079667062995,0.007332540626238554,7
3836,2020-07-10 14:00:00,50.8,51.13,50.36,50.4303,1523628.0,-0.007277559055118004,0.006496062992126091,0.008661417322834602,7
3837,2020-07-10 15:00:00,50.43,51.95,50.32,51.77,3124082.0,0.02657148522704746,0.03014078921277024,0.0021812413246083567,7
3838,2020-07-10 16:00:00,51.81,51.95,51.68,51.8,410870.0,-0.00019301293186653378,0.0027021810461301016,0.002509168114263705,7
3839,2020-07-10 17:00:00,51.8,51.99,51.77,51.9,44036.0,0.001930501930501958,0.0036679536679537616,0.000579150579150464,7
3840,2020-07-10 18:00:00,51.85,51.99,51.84,51.84,20502.0,-0.00019286403085820656,0.00270009643201544,0.00019286403085820656,7
3841,2020-07-10 19:00:00,51.93,52.05,51.93,51.93,20457.0,0.0,0.002310803004043856,0.0,7
3842,2020-07-13 04:00:00,52.2,52.49,51.53,51.7,5070.0,-0.009578544061302681,0.005555555555555539,0.012835249042145625,7
3843,2020-07-13 05:00:00,51.7,51.85,51.7,51.85,1944.0,0.002901353965183725,0.002901353965183725,0.0,7
3844,2020-07-13 06:00:00,51.98,52.5,51.77,52.42,4740.0,0.008464794151596861,0.010003847633705333,0.004040015390534701,7
3845,2020-07-13 07:00:00,52.5,53.63,52.4,53.35,60392.0,0.016190476190476217,0.021523809523809573,0.0019047619047619319,7
3846,2020-07-13 08:00:00,52.855,53.6899,52.42,52.77,94554.0,-0.00160817330432303,0.015796045785640048,0.008230063380947785,7
3847,2020-07-13 09:00:00,52.75,52.9,49.65,49.82,2870502.0,-0.05554502369668246,0.00284360189573457,0.058767772511848365,7
3848,2020-07-13 10:00:00,49.84,51.18,49.3629,51.0661,2879568.0,0.024600722311396372,0.02688603531300153,0.009572632423756021,7
3849,2020-07-13 11:00:00,51.07,51.63,50.41,50.73,1521930.0,-0.006657528881926834,0.010965341687879425,0.012923438417857914,7
3850,2020-07-13 12:00:00,50.72,51.36,50.51,51.342,1015669.0,0.01226340694006309,0.012618296529968466,0.004140378548895916,7
3851,2020-07-13 13:00:00,51.36,52.3,51.2101,51.65,1549104.0,0.005646417445482849,0.018302180685358212,0.002918613707165155,7
3852,2020-07-13 14:00:00,51.61,51.66,50.525,51.159,1314049.0,-0.00873861654718079,0.0009688044952528029,0.021023057546987033,7
3853,2020-07-13 15:00:00,51.17,51.17,49.4,49.54,2059253.0,-0.031854602306038746,0.0,0.034590580418213855,7
3854,2020-07-13 16:00:00,49.46,49.6512,49.4,49.57,26008.0,0.002224019409623927,0.003865750101091832,0.0012131014961585579,7
3855,2020-07-13 17:00:00,49.66,50.0,49.65,49.8799,14053.0,0.004428111155859901,0.006846556584776549,0.00020136931131691524,7
3856,2020-07-13 18:00:00,49.88,49.97,49.5101,49.97,17990.0,0.0018043303929429892,0.0018043303929429892,0.007415797914996015,7
3857,2020-07-13 19:00:00,49.94,49.94,49.72,49.9,7936.0,-0.0008009611533840438,0.0,0.004405286343612313,7
3858,2020-07-14 04:00:00,49.54,49.59,49.54,49.59,600.0,0.0010092854259185359,0.0010092854259185359,0.0,7
3859,2020-07-14 05:00:00,49.6,49.9,49.52,49.8,2485.0,0.004032258064516043,0.006048387096774136,0.0016129032258064171,7
3860,2020-07-14 06:00:00,49.72,49.72,48.5,48.6,11875.0,-0.022526146419951678,0.0,0.024537409493161685,7
3861,2020-07-14 07:00:00,48.95,49.22,48.71,49.2,44269.0,0.005107252298263534,0.005515832482124536,0.004902962206333033,7
3862,2020-07-14 08:00:00,48.9501,49.45,48.3,48.59,63401.0,-0.007356471181876966,0.010212440832603075,0.013280871744899437,7
3863,2020-07-14 09:00:00,48.59,48.72,47.17,48.3,2167646.0,-0.0059683062358511264,0.002675447622967595,0.029224120189339405,7
3864,2020-07-14 10:00:00,48.3534,48.57,47.14,48.11,2198956.0,-0.005033772185616754,0.004479519537405842,0.02509440907981652,7
3865,2020-07-14 11:00:00,48.13,48.55,47.64,48.4997,1207988.0,0.007681279867026689,0.008726366091834501,0.010180760440473759,7
3866,2020-07-14 12:00:00,48.5,48.57,47.73,47.98,1030809.0,-0.010721649484536147,0.0014432989690721708,0.015876288659793878,7
3867,2020-07-14 13:00:00,47.99,48.1562,47.48,48.03,790104.0,0.0008335069806209449,0.003463221504480024,0.010627214002917381,7
3868,2020-07-14 14:00:00,48.01,48.26,47.49,47.8481,919085.0,-0.0033722141220578154,0.0052072484898979384,0.010831076858987628,7
3869,2020-07-14 15:00:00,47.82,48.24,47.56,48.15,1320952.0,0.006900878293600968,0.008782936010037677,0.005437055625261355,7
3870,2020-07-14 16:00:00,48.15,48.15,47.95,48.06,67584.0,-0.0018691588785045962,0.0,0.004153686396676962,7
3871,2020-07-14 17:00:00,48.15,51.2,48.05,50.81,340516.0,0.055244029075804855,0.06334371754932512,0.002076843198338555,7
3872,2020-07-14 18:00:00,50.7,52.0,50.6,51.9,129917.0,0.023668639053254354,0.025641025641025585,0.001972386587771231,7
3873,2020-07-14 19:00:00,51.95,52.0,51.25,51.75,51428.0,-0.003849855630413914,0.0009624639076034101,0.013474494706448563,7
3874,2020-07-15 04:00:00,51.3,51.3,50.34,50.34,12831.0,-0.01871345029239754,0.0,0.01871345029239754,7
3875,2020-07-15 05:00:00,50.4,50.8,50.3,50.5,8247.0,0.001984126984127012,0.007936507936507908,0.001984126984127012,7
3876,2020-07-15 06:00:00,50.67,52.1,50.67,51.8,11453.0,0.02230116439707905,0.02822182751134793,0.0,7
3877,2020-07-15 07:00:00,51.93,52.55,51.5,51.95,87727.0,0.00038513383400737777,0.011939148854226795,0.008280377431157322,7
3878,2020-07-15 08:00:00,52.2,52.4,51.4,51.5,148194.0,-0.013409961685823809,0.003831417624520991,0.015325670498084372,7
3879,2020-07-15 09:00:00,51.52,55.15,50.81,54.5901,5371561.0,0.059590450310558936,0.07045807453416139,0.013781055900621134,7
3880,2020-07-15 10:00:00,54.6,56.25,53.49,56.05,6742476.0,0.026556776556776476,0.030219780219780192,0.02032967032967032,7
3881,2020-07-15 11:00:00,56.0499,56.8,54.63,55.68,5535757.0,-0.006599476537870741,0.013382717899585837,0.025332783822986274,7
3882,2020-07-15 12:00:00,55.68,56.82,55.25,56.67,3313650.0,0.01778017241379314,0.020474137931034492,0.007722701149425282,7
3883,2020-07-15 13:00:00,56.68,57.26,56.43,57.2,2828214.0,0.00917431192660556,0.01023288637967534,0.004410726887791108,7
3884,2020-07-15 14:00:00,57.205,58.38,57.0101,57.44,4257476.0,0.004108032514640319,0.02054016257320172,0.0034070448387378198,7
3885,2020-07-15 15:00:00,57.46,58.68,57.25,58.35,4738750.0,0.015489035851026811,0.021232161503654697,0.003654716324399597,7
3886,2020-07-15 16:00:00,58.44,59.68,58.25,58.51,258766.0,0.0011978097193702992,0.02121834360027382,0.0032511978097193315,7
3887,2020-07-15 17:00:00,58.51,59.1,57.0,57.6,232745.0,-0.01555289694069384,0.010083746368142257,0.025807554264228302,7
3888,2020-07-15 18:00:00,57.76,58.46,57.3,57.52,53200.0,-0.004155124653739524,0.012119113573407251,0.007963988919667606,7
3889,2020-07-15 19:00:00,57.64,57.84,57.41,57.47,36054.0,-0.002949340735600307,0.003469812630118023,0.003990284524635739,7
3890,2020-07-16 04:00:00,56.0,56.2,55.2,55.8,17310.0,-0.003571428571428622,0.003571428571428622,0.014285714285714235,7
3891,2020-07-16 05:00:00,55.75,56.22,55.64,56.22,4203.0,0.00843049327354258,0.00843049327354258,0.0019730941704035774,7
3892,2020-07-16 06:00:00,56.45,56.85,55.8,56.49,12148.0,0.0007085916740478148,0.007085916740478274,0.011514614703277337,7
3893,2020-07-16 07:00:00,56.5,56.7,55.2,56.0,166060.0,-0.008849557522123894,0.0035398230088496078,0.023008849557522075,7
3894,2020-07-16 08:00:00,56.0,56.545,55.23,56.05,225652.0,0.0008928571428570921,0.009732142857142887,0.013750000000000056,7
3895,2020-07-16 09:00:00,56.05,56.25,54.28,54.34,3954990.0,-0.030508474576271077,0.003568242640499605,0.031578947368420984,7
3896,2020-07-16 10:00:00,54.35,55.14,53.75,54.8895,3328504.0,0.009926402943882185,0.014535418583256654,0.011039558417663319,7
3897,2020-07-16 11:00:00,54.87,55.83,54.54,55.63,1956829.0,0.01385092035720804,0.017495899398578475,0.006014215418261314,7
3898,2020-07-16 12:00:00,55.61,55.73,54.52,54.55,1604976.0,-0.01906131990649168,0.00215788527243297,0.019600791224599824,7
3899,2020-07-16 13:00:00,54.54,55.0725,54.39,54.6441,1198575.0,0.001908690869086955,0.009763476347634742,0.0027502750275027244,7
3900,2020-07-16 14:00:00,54.64,54.95,54.02,54.15,1096587.0,-0.008967789165446596,0.00567349926793562,0.01134699853587111,7
3901,2020-07-16 15:00:00,54.16,54.59,53.83,53.94,2329252.0,-0.004062038404726715,0.007939438700147837,0.0060930576070900725,7
3902,2020-07-16 16:00:00,54.0001,54.2477,53.52,53.59,87748.0,-0.007594430380684478,0.0045851766941172045,0.008890724276436527,7
3903,2020-07-16 17:00:00,53.69,53.8,53.5,53.56,34927.0,-0.0024213075060531843,0.00204879865896814,0.0035388340473085813,7
3904,2020-07-16 18:00:00,53.55,53.8,53.4,53.45,31381.0,-0.0018674136321194085,0.004668534080298786,0.0028011204481792453,7
3905,2020-07-16 19:00:00,53.5,53.76,53.45,53.7,31980.0,0.003738317757009399,0.004859813084112112,0.0009345794392522834,7
3906,2020-07-17 04:00:00,53.4,53.55,52.61,53.15,6734.0,-0.0046816479400749065,0.0028089887640449173,0.014794007490636689,7
3907,2020-07-17 05:00:00,53.15,53.25,52.9,53.01,4035.0,-0.0026340545625588067,0.001881467544684881,0.004703668861712136,7
3908,2020-07-17 06:00:00,53.39,53.43,53.1,53.4,7065.0,0.000187300992695224,0.0007492039707810292,0.0054317287881625615,7
3909,2020-07-17 07:00:00,53.4,53.4,51.68,51.73,57317.0,-0.03127340823970041,0.0,0.032209737827715336,7
3910,2020-07-17 08:00:00,53.2941,53.4,51.5,52.0002,231542.0,-0.024278484860425463,0.0019870867506909455,0.033664139182386046,7
3911,2020-07-17 09:00:00,52.0,54.05,51.5,53.87,2567113.0,0.03596153846153841,0.039423076923076866,0.009615384615384616,7
3912,2020-07-17 10:00:00,53.87,54.369,52.87,53.455,2415491.0,-0.007703731204752166,0.009263040653424955,0.018563207722294413,7
3913,2020-07-17 11:00:00,53.4699,53.67,52.91,53.0401,1266436.0,-0.008038167267939536,0.0037422923925423284,0.010471311896973924,7
3914,2020-07-17 12:00:00,53.08,53.3703,52.91,53.05,867984.0,-0.0005651846269781677,0.005469103240391899,0.003202712886209527,7
3915,2020-07-17 13:00:00,53.05,53.23,52.65,52.785,773494.0,-0.004995287464655996,0.0033930254476908523,0.007540056550424102,7
3916,2020-07-17 14:00:00,52.795,53.0427,52.53,52.83,740425.0,0.0006629415664361509,0.004691732171607194,0.0050194147173027856,7
3917,2020-07-17 15:00:00,52.86,53.42,52.85,53.16,1660499.0,0.00567536889897838,0.010594021944759786,0.00018917896329924348,7
3918,2020-07-17 16:00:00,53.19,53.4,53.14,53.22,51618.0,0.0005640157924422098,0.003948110547095335,0.0009400263207369272,7
3919,2020-07-17 17:00:00,53.26,53.39,53.22,53.3899,7757.0,0.002438978595568893,0.0024408561772437582,0.0007510326699211256,7
3920,2020-07-17 18:00:00,53.37,54.25,53.3501,54.2,39982.0,0.015551808131909414,0.01648866404347016,0.0003728686528011956,7
3921,2020-07-17 19:00:00,54.0,54.19,53.85,54.04,15425.0,0.000740740740740725,0.0035185185185184764,0.0027777777777777514,7
3922,2020-07-20 04:00:00,52.54,54.0,52.54,53.8,9066.0,0.02398172820708028,0.02778835173201372,0.0,7
3923,2020-07-20 05:00:00,54.0,54.25,54.0,54.0,1081.0,0.0,0.004629629629629629,0.0,7
3924,2020-07-20 06:00:00,53.8,53.8,53.1,53.55,7003.0,-0.004646840148698885,0.0,0.0130111524163568,7
3925,2020-07-20 07:00:00,53.45,53.79,53.24,53.67,15787.0,0.004115996258185198,0.006361085126286179,0.003928905519176817,7
3926,2020-07-20 08:00:00,53.2501,53.98,53.21,53.9598,64731.0,0.013327674502019675,0.013707016512644925,0.0007530502290137007,7
3927,2020-07-20 09:00:00,53.9,54.78,51.97,52.6,1731657.0,-0.02411873840445264,0.016326530612244945,0.03580705009276437,7
3928,2020-07-20 10:00:00,52.61,53.15,52.02,52.83,1503758.0,0.004181714502946186,0.010264208325413403,0.011214597985173852,7
3929,2020-07-20 11:00:00,52.83,53.13,52.68,52.7399,714044.0,-0.0017054703766799096,0.005678591709256185,0.0028392958546280254,7
3930,2020-07-20 12:00:00,52.72,52.86,52.35,52.85,685157.0,0.0024658573596358603,0.0026555386949924237,0.007018209408194185,7
3931,2020-07-20 13:00:00,52.85,53.24,52.54,52.9499,644665.0,0.0018902554399242782,0.0073793755912961315,0.005865657521286703,7
3932,2020-07-20 14:00:00,52.945,53.06,52.6,52.68,621413.0,-0.005005194069317227,0.0021720653508358104,0.006516196052507297,7
3933,2020-07-20 15:00:00,52.65,52.85,52.34,52.35,1174330.0,-0.0056980056980056445,0.003798670465337186,0.005887939221272463,7
3934,2020-07-20 16:00:00,52.4,52.6,52.25,52.55,80490.0,0.0028625954198473014,0.0038167938931298255,0.0028625954198473014,7
3935,2020-07-20 17:00:00,52.5,52.5,52.44,52.5,6381.0,0.0,0.0,0.001142857142857186,7
3936,2020-07-20 18:00:00,52.37,52.99,52.35,52.5,11303.0,0.0024823372159633868,0.011838839029979084,0.00038189803322505295,7
3937,2020-07-20 19:00:00,52.69,52.69,52.42,52.67,1735.0,-0.00037957866767880096,0.0,0.005124312013664757,7
3938,2020-07-21 04:00:00,54.0,54.06,53.3,54.0,3773.0,0.0,0.0011111111111111532,0.012962962962963016,7
3939,2020-07-21 05:00:00,53.83,53.83,53.75,53.75,501.0,-0.0014861601337543804,0.0,0.0014861601337543804,7
3940,2020-07-21 06:00:00,53.98,53.99,53.85,53.85,2291.0,-0.0024082993701370035,0.0001852537977029477,0.0024082993701370035,7
3941,2020-07-21 07:00:00,54.0,54.1,53.65,53.7,26789.0,-0.005555555555555503,0.0018518518518518782,0.006481481481481508,7
3942,2020-07-21 08:00:00,53.65,54.0999,53.4,53.45,42376.0,-0.0037278657968312346,0.008385834109972031,0.004659832246039143,7
3943,2020-07-21 09:00:00,53.6,53.7271,52.68,53.14,1149061.0,-0.008582089552238822,0.002371268656716393,0.017164179104477643,7
3944,2020-07-21 10:00:00,53.14,53.255,51.9601,52.22,1781221.0,-0.01731275875047049,0.0021640948438088445,0.022203613097478425,7
3945,2020-07-21 11:00:00,52.215,53.961,52.1801,53.625,2111788.0,0.02700373455903469,0.033438667049698265,0.0006683903092981016,7
3946,2020-07-21 12:00:00,53.64,53.705,52.93,53.64,1114557.0,0.0,0.001211782252050666,0.013236390753169293,7
3947,2020-07-21 13:00:00,53.64,53.675,53.03,53.1301,566549.0,-0.009505965697240899,0.0006524981357195486,0.011372110365398945,7
3948,2020-07-21 14:00:00,53.13,53.585,53.0,53.55,567104.0,0.007905138339920846,0.008563899868247661,0.0024468285337851036,7
3949,2020-07-21 15:00:00,53.55,53.55,52.6,52.79,1204340.0,-0.014192343604108273,0.0,0.017740429505135307,7
3950,2020-07-21 16:00:00,52.99,53.0,52.68,52.72,40062.0,-0.0050953010001887735,0.00018871485185880375,0.005850160407624123,7
3951,2020-07-21 17:00:00,52.83,52.89,52.8,52.84,4429.0,0.00018928639030863366,0.001135718341851264,0.000567859170925632,7
3952,2020-07-21 18:00:00,52.87,52.9,52.84,52.84,855.0,-0.00056742954416482,0.0005674295441649544,0.00056742954416482,7
3953,2020-07-21 19:00:00,52.93,52.97,52.87,52.97,2207.0,0.0007557150954090147,0.0007557150954090147,0.001133572643113589,7
3954,2020-07-22 04:00:00,52.1,52.11,52.1,52.11,750.0,0.00019193857965447237,0.00019193857965447237,0.0,7
3955,2020-07-22 05:00:00,52.01,52.2,52.0,52.2,1051.0,0.003653143626225819,0.003653143626225819,0.0001922707171697368,7
3956,2020-07-22 06:00:00,52.2,52.2,52.0,52.0,360.0,-0.0038314176245211272,0.0,0.0038314176245211272,7
3957,2020-07-22 07:00:00,52.2,52.62,52.0,52.52,5773.0,0.006130268199233722,0.008045977011494149,0.0038314176245211272,7
3958,2020-07-22 08:00:00,52.6,52.7,52.08,52.44,11734.0,-0.0030418250950571043,0.0019011406844106733,0.009885931558935421,7
3959,2020-07-22 09:00:00,52.44,52.6617,51.66,51.7874,1164863.0,-0.012444698703279933,0.004227688787185461,0.014874141876430227,7
3960,2020-07-22 10:00:00,51.785,52.59,51.5,52.4,1569219.0,0.011876025876219021,0.015545042000579452,0.005503524186540439,7
3961,2020-07-22 11:00:00,52.37,52.56,52.0775,52.16,614675.0,-0.00400992934886387,0.003628031315638817,0.00558525873591745,7
3962,2020-07-22 12:00:00,52.17,52.32,51.76,51.85,630683.0,-0.006133793367835926,0.002875215641173061,0.007858922752539844,7
3963,2020-07-22 13:00:00,51.85,52.075,51.76,51.87,436285.0,0.0003857280617164131,0.004339440694310539,0.00173577627772427,7
3964,2020-07-22 14:00:00,51.87,51.96,51.46,51.77,715686.0,-0.0019278966647386605,0.001735106998264959,0.007904376325428892,7
3965,2020-07-22 15:00:00,51.785,51.88,51.38,51.46,1358164.0,-0.006275948633774177,0.0018345080621802834,0.007820797528241654,7
3966,2020-07-22 16:00:00,51.45,51.46,51.2,51.35,53050.0,-0.0019436345966958486,0.00019436345966954345,0.004859086491739553,7
3967,2020-07-22 17:00:00,51.38,51.467,51.38,51.41,3534.0,0.0005838847800699499,0.0016932658622031177,0.0,7
3968,2020-07-22 18:00:00,51.41,51.55,51.0,51.01,27365.0,-0.007780587434351266,0.002723205602022964,0.00797510212021001,7
3969,2020-07-22 19:00:00,51.01,51.19,51.01,51.05,5836.0,0.0007841599686335846,0.0035287198588512003,0.0,7
3970,2020-07-23 04:00:00,51.68,52.14,51.68,52.14,2705.0,0.008900928792569675,0.008900928792569675,0.0,7
3971,2020-07-23 05:00:00,51.9,51.9,51.9,51.9,100.0,0.0,0.0,0.0,7
3972,2020-07-23 07:00:00,51.62,51.65,51.24,51.5,23300.0,-0.0023246803564509386,0.000581170089112769,0.007361487795428041,7
3973,2020-07-23 08:00:00,51.51,51.9,51.0,51.15,64976.0,-0.00698893418753639,0.007571345369831112,0.009900990099009863,7
3974,2020-07-23 09:00:00,51.11,51.2,49.87,50.4383,1571451.0,-0.01314224222265704,0.0017609078458228021,0.02426139698689106,7
3975,2020-07-23 10:00:00,50.46,50.46,49.4,49.81,2051364.0,-0.012881490289338061,0.0,0.021006738010305236,7
3976,2020-07-23 11:00:00,49.81,50.35,49.65,50.135,1443034.0,0.006524794218028422,0.01084119654687812,0.003212206384260263,7
3977,2020-07-23 12:00:00,50.12,51.43,50.11,50.6881,2315529.0,0.011334796488427798,0.02613727055067842,0.00019952114924177996,7
3978,2020-07-23 13:00:00,50.69,51.03,49.927,50.1,1051379.0,-0.01163937660288018,0.006707437364371739,0.015052278555928155,7
3979,2020-07-23 14:00:00,50.08,50.37,49.5,50.31,1232978.0,0.004592651757188578,0.0057907348242811334,0.011581469648562267,7
3980,2020-07-23 15:00:00,50.32,50.63,50.1601,50.48,1378404.0,0.0031796502384737,0.00616057233704297,0.0031776629570747293,7
3981,2020-07-23 16:00:00,50.45,50.68,50.07,50.64,30716.0,0.00376610505450937,0.004558969276511335,0.007532210109018881,7
3982,2020-07-23 17:00:00,50.6,50.75,50.57,50.65,4173.0,0.0009881422924900623,0.0029644268774703278,0.0005928853754940936,7
3983,2020-07-23 18:00:00,50.7,50.8,50.2501,50.6,3951.0,-0.001972386587771231,0.001972386587771091,0.008873767258382632,7
3984,2020-07-23 19:00:00,50.47,50.69,50.3,50.3,8238.0,-0.0033683376263126947,0.0043590251634634215,0.0033683376263126947,7
3985,2020-07-24 04:00:00,49.52,49.64,49.49,49.64,2259.0,0.002423263327948252,0.002423263327948252,0.0006058158319870989,7
3986,2020-07-24 05:00:00,49.7,49.7,49.7,49.7,194.0,0.0,0.0,0.0,7
3987,2020-07-24 06:00:00,49.88,51.0,49.7,49.75,9053.0,-0.0026062550120289204,0.022453889334402514,0.003608660785886121,7
3988,2020-07-24 07:00:00,49.5,50.2,49.5,49.65,21928.0,0.0030303030303030017,0.0141414141414142,0.0,7
3989,2020-07-24 08:00:00,49.88,50.15,49.57,49.7,30965.0,-0.003608660785886121,0.00541299117882911,0.006214915797915041,7
3990,2020-07-24 09:00:00,49.75,50.55,49.59,50.3996,976458.0,0.013057286432160795,0.016080402010050194,0.003216080402009982,7
3991,2020-07-24 10:00:00,50.43,52.25,50.02,52.21,1931940.0,0.03529645052548089,0.03608962918897482,0.008130081300812941,7
3992,2020-07-24 11:00:00,52.21,52.4156,51.02,51.14,1203178.0,-0.020494158207239998,0.003937942922811662,0.022792568473472472,7
3993,2020-07-24 12:00:00,51.16,51.25,50.55,50.6399,722269.0,-0.01016614542611414,0.0017591868647381433,0.011923377638780286,7
3994,2020-07-24 13:00:00,50.635,50.74,50.34,50.45,598788.0,-0.0036535992890292324,0.0020736644613410485,0.005826009677100713,7
3995,2020-07-24 14:00:00,50.445,50.83,50.37,50.58,552233.0,0.0026761819803746262,0.0076320745366240065,0.0014867677668748704,7
3996,2020-07-24 15:00:00,50.575,50.97,50.51,50.85,827401.0,0.005437469105289146,0.007810182896688008,0.001285219970341173,7
3997,2020-07-24 16:00:00,50.85,50.92,50.8,50.81,20965.0,-0.0007866273352998849,0.0013765978367748335,0.0009832841691249608,7
3998,2020-07-24 17:00:00,50.8,50.8,50.71,50.75,2964.0,-0.000984251968503881,0.0,0.001771653543307014,7
3999,2020-07-24 18:00:00,50.74,50.85,50.74,50.75,5416.0,0.00019708316909731986,0.0021679148600709385,0.0,7
4000,2020-07-24 19:00:00,50.7,50.99,50.7,50.99,2678.0,0.005719921104536472,0.005719921104536472,0.0,7
4001,2020-07-27 04:00:00,49.88,50.0,49.6,49.87,6298.0,-0.00020048115477155405,0.0024057738572573666,0.005613472333600664,7
4002,2020-07-27 05:00:00,50.0,50.15,49.95,49.95,748.0,-0.0009999999999999432,0.0029999999999999714,0.0009999999999999432,7
4003,2020-07-27 06:00:00,50.0,50.32,50.0,50.29,1562.0,0.005799999999999983,0.0064000000000000055,0.0,7
4004,2020-07-27 07:00:00,50.29,50.58,50.21,50.5,14564.0,0.004175780473255137,0.0057665539868761015,0.0015907735136209643,7
4005,2020-07-27 08:00:00,50.4828,50.9599,50.1,50.7,52615.0,0.004302455489790689,0.009450743619609058,0.007582780669851832,7
4006,2020-07-27 09:00:00,50.7,50.7,49.35,49.75,1083556.0,-0.018737672583826484,0.0,0.026627218934911268,7
4007,2020-07-27 10:00:00,49.7965,50.43,49.2,50.32,1102835.0,0.010512787043266063,0.012721777634974304,0.011978753526854275,7
4008,2020-07-27 11:00:00,50.29,50.33,48.36,48.405,1387305.0,-0.037482600914694734,0.0007953867568104822,0.038377411016106575,7
4009,2020-07-27 12:00:00,48.41,49.18,48.22,49.0263,1235896.0,0.012730840735385303,0.01590580458582944,0.003924808923776032,7
4010,2020-07-27 13:00:00,49.025,49.3499,48.76,49.03,747651.0,0.00010198878123411643,0.006627231004589486,0.005405405405405417,7
4011,2020-07-27 14:00:00,49.03,49.225,48.84,48.97,432588.0,-0.0012237405669998423,0.0039771568427493425,0.0038751784621659743,7
4012,2020-07-27 15:00:00,48.97,49.44,48.87,49.3,1023001.0,0.006738819685521713,0.009597712885440042,0.0020420665713702557,7
4013,2020-07-27 16:00:00,49.3,49.5,49.3,49.49,25788.0,0.003853955375253648,0.0040567951318459,0.0,7
4014,2020-07-27 17:00:00,49.5,49.64,49.36,49.5,9110.0,0.0,0.0028282828282828396,0.0028282828282828396,7
4015,2020-07-27 18:00:00,49.62,49.79,49.61,49.69,4201.0,0.0014107214832728796,0.0034260378879484425,0.00020153164046751333,7
4016,2020-07-27 19:00:00,49.6201,49.74,49.62,49.7,8147.0,0.001610234562203665,0.002416359499477051,2.0153123432504096e-06,7
4017,2020-07-28 04:00:00,49.8,49.8,49.8,49.8,422.0,0.0,0.0,0.0,7
4018,2020-07-28 05:00:00,49.54,49.55,49.28,49.28,532.0,-0.005248284214775898,0.0002018570851836498,0.005248284214775898,7
4019,2020-07-28 06:00:00,49.28,49.28,49.28,49.28,1860.0,0.0,0.0,0.0,7
4020,2020-07-28 07:00:00,49.35,49.53,49.2,49.29,8465.0,-0.0012158054711246661,0.0036474164133738544,0.003039513677811521,7
4021,2020-07-28 08:00:00,49.305,49.73,49.08,49.1,7732.0,-0.004157793327248723,0.00861981543454005,0.0045634317006389095,7
4022,2020-07-28 09:00:00,49.25,50.92,49.0,49.83,1434599.0,0.01177664974619286,0.0339086294416244,0.005076142131979695,7
4023,2020-07-28 10:00:00,49.8967,51.1449,49.7049,50.3129,2266771.0,0.008341232987351795,0.025015682399838007,0.0038439415833111334,7
4024,2020-07-28 11:00:00,50.3143,51.58,50.181,51.45,1735169.0,0.02257211170581723,0.02515587019992319,0.002649346209725774,7
4025,2020-07-28 12:00:00,51.44,51.82,51.31,51.61,1102371.0,0.003304821150855399,0.007387247278382632,0.0025272161741834265,7
4026,2020-07-28 13:00:00,51.61,51.665,50.9,51.64,968961.0,0.0005812826971517369,0.0010656849447781382,0.013757023832590599,7
4027,2020-07-28 14:00:00,51.6309,51.99,51.52,51.71,963612.0,0.0015320283008819129,0.006955137330552152,0.0021479385406799763,7
4028,2020-07-28 15:00:00,51.71,51.72,50.8,50.84,1386313.0,-0.016824598723651083,0.0001933861922258366,0.017598143492554702,7
4029,2020-07-28 16:00:00,50.7584,50.95,50.7,50.95,31286.0,0.0037747446728029466,0.0037747446728029466,0.0011505484806455463,7
4030,2020-07-28 17:00:00,50.83,50.86,50.83,50.86,503.0,0.0005902026362384642,0.0005902026362384642,0.0,7
4031,2020-07-28 18:00:00,50.9899,51.07,50.9899,51.01,8930.0,0.00039419571326869326,0.0015708993349663682,0.0,7
4032,2020-07-28 19:00:00,51.06,51.07,51.0,51.04,8357.0,-0.0003916960438700181,0.00019584802193493947,0.0011750881316099152,7
4033,2020-07-29 04:00:00,50.78,50.78,50.78,50.78,1000.0,0.0,0.0,0.0,7
4034,2020-07-29 05:00:00,51.28,51.28,51.28,51.28,100.0,0.0,0.0,0.0,7
4035,2020-07-29 07:00:00,51.0,51.62,51.0,51.31,9028.0,0.006078431372549064,0.01215686274509799,0.0,7
4036,2020-07-29 08:00:00,51.37,51.62,50.8188,51.58,35316.0,0.004087989098695754,0.004866653688923497,0.010729998053338415,7
4037,2020-07-29 09:00:00,51.5,51.6,50.06,50.63,1013639.0,-0.016893203883495096,0.0019417475728155617,0.027961165048543644,7
4038,2020-07-29 10:00:00,50.64,50.65,49.62,50.0799,922171.0,-0.01106042654028433,0.00019747235387041886,0.020142180094786792,7
4039,2020-07-29 11:00:00,50.0698,50.45,49.75,50.42,539042.0,0.006994236046479134,0.007593399614138704,0.006387083631250789,7
4040,2020-07-29 12:00:00,50.459,50.91,50.36,50.44,655084.0,-0.0003765433322104175,0.008937949622465633,0.0019619889415169495,7
4041,2020-07-29 13:00:00,50.47,50.54,50.05,50.4528,310563.0,-0.0003407965127797789,0.0013869625520111014,0.008321775312066609,7
4042,2020-07-29 14:00:00,50.42,51.05,50.3902,50.82,435854.0,0.007933359777865898,0.012495041650138743,0.0005910353034510433,7
4043,2020-07-29 15:00:00,50.85,51.28,50.6901,51.01,797870.0,0.0031465093411995396,0.008456243854473936,0.003144542772861364,7
4044,2020-07-29 16:00:00,51.0,51.05,50.95,51.0,22014.0,0.0,0.0009803921568626894,0.0009803921568626894,7
4045,2020-07-29 17:00:00,51.1,51.18,50.95,51.1,1502.0,0.0,0.0015655577299412582,0.002935420743639894,7
4046,2020-07-29 18:00:00,51.01,51.1,50.9,51.1,2398.0,0.0017643599294256697,0.0017643599294256697,0.0021564399137423925,7
4047,2020-07-29 19:00:00,50.9,50.95,50.72,50.78,3936.0,-0.0023575638506875725,0.0009823182711199267,0.0035363457760314286,7
4048,2020-07-30 04:00:00,50.41,50.41,50.06,50.06,1502.0,-0.006943066851815003,0.0,0.006943066851815003,7
4049,2020-07-30 06:00:00,50.06,50.06,50.06,50.06,100.0,0.0,0.0,0.0,7
4050,2020-07-30 07:00:00,50.06,50.38,49.75,50.33,6545.0,0.005393527766679904,0.00639232920495406,0.006192568917299286,7
4051,2020-07-30 08:00:00,50.172,50.33,49.85,49.85,27279.0,-0.0064179223471258,0.0031491668659810504,0.0064179223471258,7
4052,2020-07-30 09:00:00,49.8,50.58,49.14,49.18,943407.0,-0.012449799196787098,0.015662650602409664,0.013253012048192703,7
4053,2020-07-30 10:00:00,49.18,49.83,49.1,49.46,1046430.0,0.005693371289141951,0.01321675477836516,0.0016266775111833732,7
4054,2020-07-30 11:00:00,49.46,50.55,49.4529,50.16,1045289.0,0.014152850788515886,0.022038010513546227,0.00014355034371211516,7
4055,2020-07-30 12:00:00,50.19,50.48,49.95,50.2373,458234.0,0.0009424188085275932,0.005778043434947184,0.0047818290496113745,7
4056,2020-07-30 13:00:00,50.26,50.49,50.12,50.44,365431.0,0.00358137684042976,0.0045762037405492235,0.002785515320334273,7
4057,2020-07-30 14:00:00,50.45,50.6899,50.325,50.525,557256.0,0.001486620416253632,0.004755203171456861,0.002477700693756194,7
4058,2020-07-30 15:00:00,50.57,50.68,50.23,50.31,791395.0,-0.0051413881748071585,0.0021752026893414956,0.006723353767055634,7
4059,2020-07-30 16:00:00,50.4,50.73,50.3,50.5,20621.0,0.001984126984127012,0.006547619047619014,0.001984126984127012,7
4060,2020-07-30 17:00:00,50.63,50.6498,50.5,50.6,2928.0,-0.0005925340707090882,0.000391072486667914,0.0025676476397393354,7
4061,2020-07-30 18:00:00,50.5,50.5999,50.4,50.5,9135.0,0.0,0.0019782178217821406,0.0019801980198020084,7
4062,2020-07-30 19:00:00,50.5,50.5,50.35,50.5,2940.0,0.0,0.0,0.002970297029702942,7
4063,2020-07-31 04:00:00,50.05,50.09,50.0,50.09,1100.0,0.0007992007992009242,0.0007992007992009242,0.0009990009990009422,7
4064,2020-07-31 07:00:00,50.21,50.27,50.17,50.27,1906.0,0.001194981079466287,0.001194981079466287,0.0007966540529774775,7
4065,2020-07-31 08:00:00,50.3,50.5,50.05,50.05,13330.0,-0.004970178926441352,0.003976143141153138,0.004970178926441352,7
4066,2020-07-31 09:00:00,50.06,50.3,49.02,49.0895,896978.0,-0.019386735916899746,0.004794246903715439,0.02077506991610066,7
4067,2020-07-31 10:00:00,49.03,49.325,47.88,48.43,1976516.0,-0.01223740566999799,0.006016724454415699,0.023455027534162728,7
4068,2020-07-31 11:00:00,48.4625,48.6422,47.92,48.0861,945478.0,-0.007766830023213758,0.003708021666236863,0.011194222336858331,7
4069,2020-07-31 12:00:00,48.095,48.53,47.98,48.19,701278.0,0.001975257303253953,0.009044599230689308,0.002391100946044329,7
4070,2020-07-31 13:00:00,48.1984,48.99,48.11,48.87,1083247.0,0.013934072500331919,0.016423781702297226,0.001834085778781039,7
4071,2020-07-31 14:00:00,48.89,49.1,48.52,48.8,389794.0,-0.0018408672530170467,0.0042953569237062965,0.00756800981795863,7
4072,2020-07-31 15:00:00,48.8,48.86,48.3301,48.71,1082986.0,-0.0018442622950818916,0.0012295081967213582,0.009629098360655647,7
4073,2020-07-31 16:00:00,48.71,48.8,48.5,48.8,42524.0,0.0018476698829808316,0.0018476698829808316,0.004311229726955468,7
4074,2020-07-31 17:00:00,48.8,48.8,48.6,48.7,4169.0,-0.002049180327868736,0.0,0.0040983606557376175,7
4075,2020-07-31 18:00:00,48.7,48.7,48.65,48.65,1105.0,-0.0010266940451746254,0.0,0.0010266940451746254,7
4076,2020-07-31 19:00:00,48.51,48.95,48.51,48.95,4127.0,0.009070294784580598,0.009070294784580598,0.0,7
4077,2020-08-03 04:00:00,47.44,47.76,46.4,46.6,6762.0,-0.01770657672849908,0.006745362563237781,0.02192242833052275,8
4078,2020-08-03 05:00:00,46.88,46.88,46.88,46.88,510.0,0.0,0.0,0.0,8
4079,2020-08-03 06:00:00,46.95,47.25,46.5,46.5,6530.0,-0.009584664536741274,0.006389776357827415,0.009584664536741274,8
4080,2020-08-03 07:00:00,46.9,47.6,46.9,47.5,19511.0,0.012793176972281481,0.014925373134328419,0.0,8
4081,2020-08-03 08:00:00,47.0008,47.7,47.0,47.4,27384.0,0.008493472451532749,0.01487634253034001,1.702098687677945e-05,8
4082,2020-08-03 09:00:00,47.4,48.2,45.71,46.1,2270036.0,-0.027426160337552682,0.016877637130801777,0.03565400843881852,8
4083,2020-08-03 10:00:00,46.1,46.95,45.97,46.11,1822513.0,0.0002169197396962692,0.01843817787418658,0.002819956616052116,8
4084,2020-08-03 11:00:00,46.11,47.2077,46.01,46.98,1387908.0,0.01886792452830183,0.02380611581001959,0.0021687269572761097,8
4085,2020-08-03 12:00:00,47.0,47.59,46.98,47.545,797782.0,0.0115957446808511,0.012553191489361775,0.00042553191489368353,8
4086,2020-08-03 13:00:00,47.55,47.8,47.06,47.76,828763.0,0.004416403785488977,0.005257623554153523,0.010304942166140797,8
4087,2020-08-03 14:00:00,47.75,47.86,47.415,47.805,656948.0,0.0011518324607329784,0.002303664921465957,0.00701570680628274,8
4088,2020-08-03 15:00:00,47.8,47.95,47.3201,47.37,1224497.0,-0.008995815899581585,0.0031380753138076506,0.01003974895397491,8
4089,2020-08-03 16:00:00,47.39,47.85,47.39,47.68,45401.0,0.006119434479848051,0.009706689174931438,0.0,8
4090,2020-08-03 17:00:00,47.67,47.67,47.4,47.41,3976.0,-0.005454164044472521,0.0,0.005663939584644496,8
4091,2020-08-03 18:00:00,47.4,47.41,47.26,47.27,2579.0,-0.0027426160337551786,0.00021097046413497914,0.0029535864978903073,8
4092,2020-08-03 19:00:00,47.34,47.4,47.2,47.21,4650.0,-0.0027460920997043206,0.0012674271229403287,0.0029573299535276838,8
4093,2020-08-04 06:00:00,46.94,46.94,46.93,46.93,950.0,-0.0002130379207498511,0.0,0.0002130379207498511,8
4094,2020-08-04 07:00:00,47.08,47.3,46.9,46.9,2926.0,-0.0038232795242140977,0.0046728971962616585,0.0038232795242140977,8
4095,2020-08-04 08:00:00,47.4,47.4,46.8,47.09,8764.0,-0.006540084388185552,0.0,0.012658227848101297,8
4096,2020-08-04 09:00:00,47.05,49.62,47.05,49.56,1921461.0,0.05334750265674825,0.05462274176408077,0.0,8
4097,2020-08-04 10:00:00,49.51,50.09,49.0201,49.1641,2173473.0,-0.006986467380327213,0.011714805089880941,0.009894970712987249,8
4098,2020-08-04 11:00:00,49.13,49.82,48.96,49.345,821314.0,0.004376144921636399,0.014044372074089104,0.0034602076124567818,8
4099,2020-08-04 12:00:00,49.35,49.4942,48.75,49.45,674001.0,0.0020263424518743955,0.002921985815602794,0.012158054711246228,8
4100,2020-08-04 13:00:00,49.47,49.62,49.11,49.475,375136.0,0.0001010713563776543,0.003032140691328049,0.007277137659187375,8
4101,2020-08-04 14:00:00,49.49,49.695,49.1,49.43,523133.0,-0.0012123661345726869,0.0041422509597898215,0.007880379874722176,8
4102,2020-08-04 15:00:00,49.41,49.44,48.95,49.13,849670.0,-0.005666869054847076,0.0006071645415907941,0.009309856304391698,8
4103,2020-08-04 16:00:00,49.13,49.2,48.97,49.2,42145.0,0.001424791369835137,0.001424791369835137,0.003256665988194661,8
4104,2020-08-04 17:00:00,49.2,49.3,48.97,49.15,1507.0,-0.0010162601626017126,0.0020325203252031365,0.0046747967479675604,8
4105,2020-08-04 18:00:00,49.25,49.47,49.25,49.26,1698.0,0.00020304568527914742,0.004467005076142109,0.0,8
4106,2020-08-04 19:00:00,49.47,49.47,49.25,49.35,9315.0,-0.0024257125530624105,0.0,0.004447139680614491,8
4107,2020-08-05 04:00:00,50.08,50.12,50.08,50.12,324.0,0.0007987220447284176,0.0007987220447284176,0.0,8
4108,2020-08-05 05:00:00,50.16,50.4,50.16,50.4,812.0,0.004784688995215351,0.004784688995215351,0.0,8
4109,2020-08-05 06:00:00,50.34,50.38,50.34,50.38,598.0,0.0007945967421533401,0.0007945967421533401,0.0,8
4110,2020-08-05 07:00:00,50.21,50.68,50.18,50.68,32477.0,0.009360685122485538,0.009360685122485538,0.0005974905397331435,8
4111,2020-08-05 08:00:00,50.37,50.67,50.01,50.4,45039.0,0.0005955926146516009,0.005955926146515868,0.007147111375818929,8
4112,2020-08-05 09:00:00,50.35,50.8499,49.02,49.995,1566041.0,-0.007050645481628678,0.009928500496524264,0.026415094339622608,8
4113,2020-08-05 10:00:00,50.0,50.15,48.38,48.86,2496944.0,-0.02280000000000001,0.0029999999999999714,0.03239999999999995,8
4114,2020-08-05 11:00:00,48.89,49.22,48.72,49.15,1010050.0,0.0053180609531601145,0.006749846594395547,0.0034771937001432133,8
4115,2020-08-05 12:00:00,49.15,49.38,48.5295,48.545,778102.0,-0.012309257375381423,0.004679552390640976,0.01262461851475076,8
4116,2020-08-05 13:00:00,48.5428,48.9199,48.45,48.73,655662.0,0.003856390649076632,0.007768402317130422,0.0019117150226191503,8
4117,2020-08-05 14:00:00,48.73,49.515,48.54,49.335,1078124.0,0.012415349887133265,0.016109172994048918,0.003899035501744259,8
4118,2020-08-05 15:00:00,49.33,49.8199,49.33,49.54,1803310.0,0.0042570443948915645,0.009931076424082681,0.0,8
4119,2020-08-05 16:00:00,49.53,49.53,49.35,49.41,135607.0,-0.0024227740763174753,0.0,0.003634161114476069,8
4120,2020-08-05 17:00:00,49.41,49.5,49.4,49.4868,4433.0,0.0015543412264724906,0.0018214936247723825,0.0002023881805302168,8
4121,2020-08-05 18:00:00,49.49,50.4,49.49,50.4,26297.0,0.018387553041018318,0.018387553041018318,0.0,8
4122,2020-08-05 19:00:00,50.21,50.45,50.15,50.45,25427.0,0.0047799243178650065,0.0047799243178650065,0.001194981079466287,8
4123,2020-08-06 04:00:00,49.6,49.6,49.6,49.6,100.0,0.0,0.0,0.0,8
4124,2020-08-06 05:00:00,50.0,50.0,49.7,49.7,803.0,-0.005999999999999943,0.0,0.005999999999999943,8
4125,2020-08-06 06:00:00,49.43,49.43,49.01,49.29,690.0,-0.002832288084159429,0.0,0.008496864252478286,8
4126,2020-08-06 07:00:00,49.29,49.45,48.51,48.51,42746.0,-0.015824710894704833,0.0032460945425036255,0.015824710894704833,8
4127,2020-08-06 08:00:00,49.3201,49.3202,48.5,49.2499,49427.0,-0.0014233547782749796,2.0275709092909314e-06,0.01662810902654286,8
4128,2020-08-06 09:00:00,49.02,50.18,48.55,50.055,981829.0,0.021113831089351213,0.02366381068951441,0.009587923296613747,8
4129,2020-08-06 10:00:00,50.1111,51.51,49.9201,51.0513,2428874.0,0.018762310146853638,0.027915970713075496,0.0038115307786099786,8
4130,2020-08-06 11:00:00,51.0699,51.09,50.34,50.58,1081179.0,-0.009592734663666832,0.0003935782133900095,0.014292176017575785,8
4131,2020-08-06 12:00:00,50.5601,50.84,50.3838,50.81,592849.0,0.004942632629286805,0.005535985886103962,0.0034869393058953144,8
4132,2020-08-06 13:00:00,50.82,50.91,50.17,50.2964,528344.0,-0.01030303030303034,0.0017709563164107892,0.012790240062967308,8
4133,2020-08-06 14:00:00,50.29,51.58,50.28,51.26,1558310.0,0.01928812885265458,0.02565122290713858,0.00019884668920258522,8
4134,2020-08-06 15:00:00,51.27,51.42,50.99,51.0998,1293994.0,-0.003319680124829359,0.0029256875365710664,0.005461283401599398,8
4135,2020-08-06 16:00:00,51.1,51.17,51.0,51.1,35315.0,0.0,0.0013698630136986356,0.001956947162426642,8
4136,2020-08-06 17:00:00,51.04,51.1,50.9,51.08,2840.0,0.0007836990595611118,0.0011755485893417373,0.002742946708463961,8
4137,2020-08-06 18:00:00,51.02,51.02,51.0,51.02,1375.0,0.0,0.0,0.00039200313602514946,8
4138,2020-08-06 19:00:00,51.0,51.1,51.0,51.09,3835.0,0.001764705882353008,0.001960784313725518,0.0,8
4139,2020-08-07 04:00:00,50.47,50.47,50.47,50.47,299.0,0.0,0.0,0.0,8
4140,2020-08-07 05:00:00,50.5,50.5,50.5,50.5,300.0,0.0,0.0,0.0,8
4141,2020-08-07 07:00:00,50.5,50.87,50.48,50.87,3791.0,0.007326732673267276,0.007326732673267276,0.000396039603960458,8
4142,2020-08-07 08:00:00,50.7801,51.09,50.5,50.8999,43212.0,0.0023591918881610122,0.006102784358439745,0.00551594029944796,8
4143,2020-08-07 09:00:00,50.67,50.89,49.46,50.285,1063149.0,-0.007598184329978392,0.0043418196171304295,0.0238800078942175,8
4144,2020-08-07 10:00:00,50.2616,52.06,50.055,51.84,1928638.0,0.03140369586324355,0.035780794881181674,0.004110493895936493,8
4145,2020-08-07 11:00:00,51.86,52.07,51.09,51.093,1119310.0,-0.014789818742768916,0.004049363671423079,0.014847666795217818,8
4146,2020-08-07 12:00:00,51.07,51.95,51.04,51.55,967134.0,0.009398864303896552,0.017231251223810508,0.0005874290189935605,8
4147,2020-08-07 13:00:00,51.565,51.63,51.18,51.3781,704164.0,-0.0036245515368950702,0.0012605449432755713,0.007466304664016252,8
4148,2020-08-07 14:00:00,51.39,51.97,51.25,51.96,736653.0,0.01109165207238763,0.011286242459622462,0.0027242654212881992,8
4149,2020-08-07 15:00:00,51.94,52.33,51.76,52.11,1557360.0,0.0032730073161340335,0.00750866384289566,0.0034655371582595247,8
4150,2020-08-07 16:00:00,52.1,52.39,51.9,52.39,50792.0,0.005566218809980789,0.005566218809980789,0.0038387715930902656,8
4151,2020-08-07 17:00:00,52.15,52.15,51.97,51.97,4410.0,-0.0034515819750719026,0.0,0.0034515819750719026,8
4152,2020-08-07 18:00:00,51.9,52.06,51.85,52.0,7487.0,0.0019267822736031104,0.0030828516377650037,0.0009633911368014867,8
4153,2020-08-07 19:00:00,52.06,52.08,51.99,52.05,4736.0,-0.00019208605455253776,0.0003841721091048025,0.0013446023818670819,8
4154,2020-08-10 04:00:00,52.1,52.1,52.1,52.1,164.0,0.0,0.0,0.0,8
4155,2020-08-10 05:00:00,51.72,51.8,51.62,51.62,5010.0,-0.0019334880123743508,0.0015467904098994257,0.0019334880123743508,8
4156,2020-08-10 06:00:00,51.97,51.97,51.92,51.92,500.0,-0.000962093515489651,0.0,0.000962093515489651,8
4157,2020-08-10 07:00:00,51.91,52.05,51.25,51.86,19669.0,-0.0009632055480639022,0.00269697553457909,0.012714313234444165,8
4158,2020-08-10 08:00:00,52.0501,52.39,51.05,51.32,43356.0,-0.014026870265378936,0.0065302468198908375,0.01921418018409193,8
4159,2020-08-10 09:00:00,51.1901,53.65,50.6,53.4789,2237033.0,0.044711770439987454,0.048054213607709256,0.011527619598320762,8
4160,2020-08-10 10:00:00,53.475,57.79,53.2,56.4981,6925766.0,0.05653295932678821,0.08069191210846186,0.0051425899953248914,8
4161,2020-08-10 11:00:00,56.46,57.85,56.29,57.22,2968117.0,0.01346085724406656,0.024619199433227074,0.0030109812256465056,8
4162,2020-08-10 12:00:00,57.2,58.26,56.96,57.1,2273987.0,-0.001748251748251773,0.018531468531468444,0.0041958041958042305,8
4163,2020-08-10 13:00:00,57.1,57.165,56.21,56.6592,1847194.0,-0.007719789842381838,0.0011383537653239532,0.015586690017513144,8
4164,2020-08-10 14:00:00,56.6614,57.5,56.6614,57.22,1301124.0,0.009858563325297264,0.014800199077326003,0.0,8
4165,2020-08-10 15:00:00,57.22,57.55,57.06,57.31,1782961.0,0.0015728766165676933,0.00576721426074796,0.002796225096120178,8
4166,2020-08-10 16:00:00,57.25,57.36,56.98,56.98,40787.0,-0.00471615720524023,0.0019213973799126539,0.00471615720524023,8
4167,2020-08-10 17:00:00,56.98,57.31,56.73,56.82,37065.0,-0.0028080028080027485,0.005791505791505887,0.0043875043875043875,8
4168,2020-08-10 18:00:00,56.9,57.05,56.9,56.9,9812.0,0.0,0.0026362038664323123,0.0,8
4169,2020-08-10 19:00:00,56.97,57.0,56.82,56.82,20748.0,-0.00263296471827275,0.000526592943654575,0.00263296471827275,8
4170,2020-08-11 04:00:00,57.56,58.95,57.56,58.7,14373.0,0.01980542043085477,0.024148714384989584,0.0,8
4171,2020-08-11 05:00:00,58.68,59.77,58.68,59.4,9911.0,0.01226993865030673,0.018575323790047775,0.0,8
4172,2020-08-11 06:00:00,59.5,59.98,59.23,59.85,6845.0,0.005882352941176495,0.00806722689075625,0.004537815126050473,8
4173,2020-08-11 07:00:00,59.9,62.38,59.65,61.5,247141.0,0.026711185308848105,0.04140233722871459,0.004173622704507512,8
4174,2020-08-11 08:00:00,61.75,62.38,59.66,60.9702,262832.0,-0.012628340080971686,0.010202429149797613,0.0338461538461539,8
4175,2020-08-11 09:00:00,60.87,62.19,59.13,59.8,4309633.0,-0.017578445868243805,0.021685559388861513,0.02858551010349918,8
4176,2020-08-11 10:00:00,59.79,60.8899,58.45,60.185,4737618.0,0.006606455929085184,0.0183960528516474,0.022411774544238105,8
4177,2020-08-11 11:00:00,60.2,60.34,59.26,59.745,1319355.0,-0.00755813953488381,0.0023255813953488467,0.015614617940199416,8
4178,2020-08-11 12:00:00,59.76,60.27,59.45,59.99,969491.0,0.0038487282463186743,0.008534136546184824,0.005187416331994565,8
4179,2020-08-11 13:00:00,59.9823,61.2599,59.8601,61.175,1585079.0,0.019884199172089015,0.021299616720265806,0.002037267660626542,8
4180,2020-08-11 14:00:00,61.1899,61.375,60.2,60.51,1648514.0,-0.01111131085358864,0.003025009029267877,0.016177506418542906,8
4181,2020-08-11 15:00:00,60.495,60.66,58.29,58.6999,2835127.0,-0.029673526737746887,0.002727498140342163,0.03644929333002725,8
4182,2020-08-11 16:00:00,58.54,58.9,58.44,58.5,37411.0,-0.0006832934745473035,0.006149641270925853,0.0017082336863683196,8
4183,2020-08-11 17:00:00,58.67,58.75,58.3125,58.3125,21801.0,-0.006093403783875945,0.0013635588886994766,0.006093403783875945,8
4184,2020-08-11 18:00:00,58.47,59.33,58.35,59.3,39855.0,0.014195313836155264,0.014708397468787403,0.0020523345305284322,8
4185,2020-08-11 19:00:00,58.76,59.42,58.76,59.38,19746.0,0.010551395507147798,0.011232130701157313,0.0,8
4186,2020-08-12 04:00:00,60.19,60.2,60.08,60.08,585.0,-0.001827546104003978,0.0001661405549095384,0.001827546104003978,8
4187,2020-08-12 05:00:00,60.24,60.24,59.6,59.6,1201.0,-0.010624169986719797,0.0,0.010624169986719797,8
4188,2020-08-12 06:00:00,59.76,59.79,59.6,59.6,2506.0,-0.002677376171352018,0.0005020080321285331,0.002677376171352018,8
4189,2020-08-12 07:00:00,59.49,60.65,59.49,59.88,25764.0,0.006555723651033797,0.01949907547486967,0.0,8
4190,2020-08-12 08:00:00,59.78,61.52,59.63,60.27,93954.0,0.008196721311475443,0.029106724657075977,0.0025092004014720406,8
4191,2020-08-12 09:00:00,60.35,60.77,57.08,57.6896,1991321.0,-0.044082850041425065,0.006959403479701768,0.054183927091963596,8
4192,2020-08-12 10:00:00,57.71,58.07,56.08,56.28,2879289.0,-0.024779067752555877,0.006238086986657415,0.028244671634032274,8
4193,2020-08-12 11:00:00,56.27,56.31,55.03,55.24,2289961.0,-0.018304602807890546,0.0007108583614714616,0.022036609205615815,8
4194,2020-08-12 12:00:00,55.24,56.545,55.19,55.54,1382258.0,0.005430847212165046,0.02362418537291817,0.0009051412020275935,8
4195,2020-08-12 13:00:00,55.5655,56.28,55.42,56.19,998432.0,0.011238988221108378,0.012858698293005571,0.0026185312829003324,8
4196,2020-08-12 14:00:00,56.18,56.78,55.98,56.66,986516.0,0.008543965824136648,0.010679957280170904,0.0035599857600570103,8
4197,2020-08-12 15:00:00,56.65,57.34,56.31,57.14,1776208.0,0.008649602824360142,0.012180052956752072,0.006001765225066131,8
4198,2020-08-12 16:00:00,57.19,57.5,56.8,56.92,33052.0,-0.0047211050883020815,0.005420528064346954,0.00681937401643645,8
4199,2020-08-12 17:00:00,57.0,57.1,57.0,57.0,3457.0,0.0,0.0017543859649123057,0.0,8
4200,2020-08-12 18:00:00,57.0,57.16,56.86,57.16,7130.0,0.0028070175438595895,0.0028070175438595895,0.002456140350877203,8
4201,2020-08-12 19:00:00,56.86,57.16,56.76,56.9,5225.0,0.0007034822370734989,0.005276116778051304,0.0017587055926838097,8
4202,2020-08-13 04:00:00,56.99,56.99,56.4,56.4,1234.0,-0.010352693454992163,0.0,0.010352693454992163,8
4203,2020-08-13 05:00:00,57.0,57.12,56.8,57.12,1204.0,0.002105263157894692,0.002105263157894692,0.0035087719298246113,8
4204,2020-08-13 06:00:00,57.0,58.12,57.0,57.89,4612.0,0.015614035087719308,0.0196491228070175,0.0,8
4205,2020-08-13 07:00:00,57.29,57.94,56.41,56.65,20880.0,-0.011171234072263931,0.011345784604643019,0.015360446849362936,8
4206,2020-08-13 08:00:00,57.19,57.88,56.18,57.0,36605.0,-0.0033222591362125848,0.012065046336772248,0.017660430145130232,8
4207,2020-08-13 09:00:00,56.83,59.2599,56.0,59.1,1616129.0,0.03994369171212393,0.0427573464719339,0.014604962167869053,8
4208,2020-08-13 10:00:00,59.1,59.65,58.09,58.27,2215145.0,-0.01404399323181046,0.00930626057529606,0.017089678510998275,8
4209,2020-08-13 11:00:00,58.24,58.6599,57.52,58.5232,1143909.0,0.004862637362637376,0.0072098214285714005,0.012362637362637343,8
4210,2020-08-13 12:00:00,58.5299,58.551,58.01,58.04,633653.0,-0.0083700809329932,0.0003604995053810807,0.008882639471449632,8
4211,2020-08-13 13:00:00,58.03,58.47,58.02,58.3,726912.0,0.004652765810787455,0.007582285024987036,0.00017232465965876287,8
4212,2020-08-13 14:00:00,58.32,58.735,58.08,58.21,880792.0,-0.0018861454046639134,0.007115912208504787,0.004115226337448594,8
4213,2020-08-13 15:00:00,58.21,58.63,58.06,58.5,1110953.0,0.004981961862222971,0.007215255110805733,0.0025768768252877267,8
4214,2020-08-13 16:00:00,58.5,58.9,58.34,58.42,32253.0,-0.0013675213675213385,0.006837606837606813,0.002735042735042677,8
4215,2020-08-13 17:00:00,58.45,58.45,58.38,58.45,650.0,0.0,0.0,0.0011976047904191664,8
4216,2020-08-13 18:00:00,58.48,58.67,58.48,58.52,2135.0,0.0006839945280438827,0.003248974008208017,0.0,8
4217,2020-08-13 19:00:00,58.71,58.95,58.57,58.95,4817.0,0.004087889626980106,0.004087889626980106,0.0023846022824050516,8
4218,2020-08-14 04:00:00,57.1,57.1,57.1,57.1,300.0,0.0,0.0,0.0,8
4219,2020-08-14 05:00:00,57.0,58.0,57.0,57.22,1772.0,0.003859649122806998,0.017543859649122806,0.0,8
4220,2020-08-14 06:00:00,57.02,57.03,57.0,57.03,2200.0,0.0001753770606804281,0.0001753770606804281,0.0003507541213609808,8
4221,2020-08-14 07:00:00,57.4,58.3,57.4,57.9,18131.0,0.008710801393728223,0.015679442508710777,0.0,8
4222,2020-08-14 08:00:00,57.9849,58.3,57.5501,57.85,23920.0,-0.002326467752811539,0.005434173379621141,0.0074985039208484055,8
4223,2020-08-14 09:00:00,57.85,58.96,57.6,58.73,1011341.0,0.015211754537597155,0.01918755401901468,0.004321521175453759,8
4224,2020-08-14 10:00:00,58.76,60.14,58.55,59.59,2504577.0,0.014125255275697846,0.02348536419332884,0.0035738597685500487,8
4225,2020-08-14 11:00:00,59.63,60.4,59.3513,60.3101,1121231.0,0.011405332886131074,0.012912963273519974,0.004673821901727329,8
4226,2020-08-14 12:00:00,60.32,60.48,59.7401,59.9499,1073013.0,-0.00613561007957561,0.0026525198938991477,0.009613726790450963,8
4227,2020-08-14 13:00:00,59.94,60.7399,59.72,60.5282,1026244.0,0.009813146479813155,0.013345011678345028,0.003670337003670318,8
4228,2020-08-14 14:00:00,60.52,60.75,60.25,60.39,1030424.0,-0.0021480502313285287,0.003800396563119578,0.004461335095836139,8
4229,2020-08-14 15:00:00,60.39,60.51,59.9601,60.51,1225341.0,0.0019870839542970265,0.0019870839542970265,0.007118728266269308,8
4230,2020-08-14 16:00:00,60.49,60.5,60.2,60.33,20171.0,-0.002645065300049656,0.0001653165812530668,0.004794180856339877,8
4231,2020-08-14 17:00:00,60.32,60.5,60.32,60.5,6766.0,0.0029840848806366002,0.0029840848806366002,0.0,8
4232,2020-08-14 18:00:00,60.46,60.55,60.46,60.51,4155.0,0.0008269930532583056,0.0014885874958649736,0.0,8
4233,2020-08-14 19:00:00,60.52,60.6,60.51,60.58,16148.0,0.000991407799074606,0.0013218770654328865,0.00016523463317919888,8
4234,2020-08-17 04:00:00,59.66,59.75,59.5,59.75,980.0,0.001508548441166668,0.001508548441166668,0.002681863895407251,8
4235,2020-08-17 05:00:00,59.89,60.7,59.89,60.7,824.0,0.013524795458340328,0.013524795458340328,0.0,8
4236,2020-08-17 06:00:00,60.13,60.4,59.9,60.4,1963.0,0.004490271079328056,0.004490271079328056,0.0038250457342425405,8
4237,2020-08-17 07:00:00,60.17,60.25,59.93,60.07,12804.0,-0.0016619577862722523,0.0013295662290177545,0.003988698687053382,8
4238,2020-08-17 08:00:00,60.0401,60.4,59.91,60.4,19468.0,0.005994327124704924,0.005994327124704924,0.0021668851317703645,8
4239,2020-08-17 09:00:00,60.43,60.5,58.83,58.9866,1326894.0,-0.023885487340724754,0.0011583650504716247,0.02647691543935134,8
4240,2020-08-17 10:00:00,59.03,59.73,58.56,59.42,1364609.0,0.00660681009656108,0.011858377096391592,0.007962053193291527,8
4241,2020-08-17 11:00:00,59.42,59.7399,59.072,59.6499,790705.0,0.003869067653988567,0.0053837091888252605,0.005856613934702103,8
4242,2020-08-17 12:00:00,59.65,60.55,59.47,60.245,835507.0,0.009974853310980702,0.015088013411567453,0.0030176026823134907,8
4243,2020-08-17 13:00:00,60.27,60.3085,59.7301,59.87,717895.0,-0.006636801061888264,0.0006387921022067213,0.008958022233283605,8
4244,2020-08-17 14:00:00,59.87,60.32,59.57,60.08,1059868.0,0.00350759979956574,0.007516285284783746,0.005010856856522418,8
4245,2020-08-17 15:00:00,60.065,60.41,59.74,60.41,1507712.0,0.005743777574294496,0.005743777574294496,0.005410804961291863,8
4246,2020-08-17 16:00:00,60.38,60.66,60.21,60.3,18459.0,-0.0013249420337861112,0.004637297118250978,0.0028155018217953247,8
4247,2020-08-17 17:00:00,60.38,60.38,60.25,60.33,2619.0,-0.0008280887711163342,0.0,0.0021530308049023277,8
4248,2020-08-17 18:00:00,60.3,60.35,60.3,60.3,1307.0,0.0,0.0008291873963516462,0.0,8
4249,2020-08-17 19:00:00,60.29,60.3,60.05,60.23,7178.0,-0.000995189915408895,0.0001658649859014432,0.003980759661635462,8
4250,2020-08-18 04:00:00,60.29,60.29,59.91,59.91,518.0,-0.006302869464256138,0.0,0.006302869464256138,8
4251,2020-08-18 05:00:00,60.27,60.37,60.27,60.36,2652.0,0.001493280238924777,0.001659200265471948,0.0,8
4252,2020-08-18 06:00:00,60.39,60.39,60.39,60.39,180.0,0.0,0.0,0.0,8
4253,2020-08-18 07:00:00,60.48,60.7,60.05,60.2,6235.0,-0.004629629629629531,0.0036375661375662362,0.007109788359788355,8
4254,2020-08-18 08:00:00,60.49,60.49,59.8,59.8872,21594.0,-0.009965283517936881,0.0,0.011406844106463958,8
4255,2020-08-18 09:00:00,59.88,60.58,59.55,59.83,1199868.0,-0.0008350033400134312,0.01169004676018697,0.005511022044088266,8
4256,2020-08-18 10:00:00,59.83,59.9799,58.71,59.42,2114833.0,-0.006852749456794194,0.002505432057496279,0.018719705833194007,8
4257,2020-08-18 11:00:00,59.43,59.88,59.18,59.38,928569.0,-0.0008413259296651044,0.007571933366986418,0.004206629648325761,8
4258,2020-08-18 12:00:00,59.37,59.69,59.1365,59.583,620853.0,0.003587670540677126,0.005389927572848245,0.00393296277581269,8
4259,2020-08-18 13:00:00,59.5501,60.1299,59.47,60.015,532900.0,0.007806871860836507,0.00973633965350182,0.001345085902458629,8
4260,2020-08-18 14:00:00,60.0153,60.11,59.6,59.69,699691.0,-0.005420284494120761,0.0015779309609382274,0.006919902091633333,8
4261,2020-08-18 15:00:00,59.69,60.41,59.69,60.41,1494827.0,0.0120623219969844,0.0120623219969844,0.0,8
4262,2020-08-18 16:00:00,60.4,60.4,60.2,60.3,72539.0,-0.0016556291390728713,0.0,0.0033112582781456247,8
4263,2020-08-18 17:00:00,60.26,60.2602,60.21,60.21,1848.0,-0.000829737802854251,3.318951211409457e-06,0.000829737802854251,8
4264,2020-08-18 18:00:00,60.22,60.26,60.21,60.21,889.0,-0.00016605778811022934,0.0006642311524410353,0.00016605778811022934,8
4265,2020-08-18 19:00:00,60.25,60.3,60.2,60.29,2331.0,0.0006639004149377452,0.000829875518672152,0.000829875518672152,8
4266,2020-08-19 06:00:00,60.9,60.9,60.9,60.9,1559.0,0.0,0.0,0.0,8
4267,2020-08-19 07:00:00,60.5,60.89,60.44,60.74,15650.0,0.003966942148760364,0.0064462809917355465,0.0009917355371901202,8
4268,2020-08-19 08:00:00,60.46,60.9,60.34,60.3999,23240.0,-0.0009940456500165148,0.007277538868673466,0.001984783327820004,8
4269,2020-08-19 09:00:00,60.32,63.76,60.04,63.28,2234998.0,0.04907161803713529,0.057029177718832855,0.004641909814323626,8
4270,2020-08-19 10:00:00,63.31,64.1497,62.15,62.36,3554481.0,-0.015005528352550984,0.013263307534354658,0.01832253988311489,8
4271,2020-08-19 11:00:00,62.3899,62.3899,61.14,61.15,1185145.0,-0.019873408997289604,0.0,0.02003369135068331,8
4272,2020-08-19 12:00:00,61.16,61.71,60.985,61.5,814416.0,0.005559189012426478,0.008992805755395754,0.002861347285807671,8
4273,2020-08-19 13:00:00,61.49,62.375,61.42,62.02,942239.0,0.00861928768905515,0.014392584160025987,0.0011383964872337012,8
4274,2020-08-19 14:00:00,62.0301,62.19,61.32,61.595,701422.0,-0.007014336588204734,0.0025777807870695094,0.011447668148205421,8
4275,2020-08-19 15:00:00,61.57,61.735,61.05,61.09,763879.0,-0.007796004547669269,0.0026798765632613146,0.00844567159330848,8
4276,2020-08-19 16:00:00,61.09,61.1,61.02,61.0501,52334.0,-0.0006531347192667037,0.00016369291209687362,0.0011458503846783481,8
4277,2020-08-19 17:00:00,61.2,61.2,61.2,61.2,901.0,0.0,0.0,0.0,8
4278,2020-08-19 18:00:00,61.19,61.3,61.1,61.26,1583.0,0.001143977774146107,0.0017976793593724374,0.001470828566759214,8
4279,2020-08-19 19:00:00,61.21,61.31,61.05,61.05,6574.0,-0.0026139519686326365,0.0016337199803953834,0.0026139519686326365,8
4280,2020-08-20 04:00:00,60.6,60.6,60.49,60.49,3002.0,-0.0018151815181518057,0.0,0.0018151815181518057,8
4281,2020-08-20 05:00:00,60.6,60.6,60.6,60.6,1679.0,0.0,0.0,0.0,8
4282,2020-08-20 06:00:00,60.8,60.8,60.6,60.6,1800.0,-0.0032894736842104563,0.0,0.0032894736842104563,8
4283,2020-08-20 07:00:00,60.84,61.2,60.84,60.98,7649.0,0.0023011176857329627,0.0059171597633136,0.0,8
4284,2020-08-20 08:00:00,60.76,61.0001,60.05,60.12,10736.0,-0.01053324555628704,0.0039516129032258936,0.011685319289005939,8
4285,2020-08-20 09:00:00,60.2,60.47,59.27,59.8,1062951.0,-0.006644518272425343,0.0044850498338869765,0.015448504983388699,8
4286,2020-08-20 10:00:00,59.81,61.48,59.75,60.97,1354130.0,0.019394750041798973,0.02792175221534851,0.0010031767262999878,8
4287,2020-08-20 11:00:00,60.98,61.75,60.9056,61.49,733732.0,0.008363397835355939,0.012627090849458891,0.0012200721548048072,8
4288,2020-08-20 12:00:00,61.485,61.76,61.13,61.465,496721.0,-0.0003252825892493457,0.004472635602179371,0.0057737659591769845,8
4289,2020-08-20 13:00:00,61.465,61.6701,61.04,61.15,363018.0,-0.005124867810949399,0.0033368583746846902,0.0069145041893761364,8
4290,2020-08-20 14:00:00,61.14,61.5,61.11,61.3638,331262.0,0.0036604514229636427,0.0058881256133464085,0.0004906771344455535,8
4291,2020-08-20 15:00:00,61.345,61.74,61.28,61.52,698096.0,0.0028527182329448897,0.006438992582932645,0.0010595810579508962,8
4292,2020-08-20 16:00:00,61.53,61.59,61.4501,61.4501,37969.0,-0.001298553551113312,0.0009751340809361657,0.001298553551113312,8
4293,2020-08-20 17:00:00,61.46,61.48,61.4501,61.48,1110.0,0.00032541490400253857,0.00032541490400253857,0.00016108037748131787,8
4294,2020-08-20 18:00:00,61.48,61.59,61.48,61.58,2408.0,0.0016265452179570824,0.0017891997397528716,0.0,8
4295,2020-08-20 19:00:00,61.45,61.6,61.45,61.6,7065.0,0.002441008950366128,0.002441008950366128,0.0,8
4296,2020-08-21 05:00:00,61.59,61.6,61.59,61.6,595.0,0.0001623640201331062,0.0001623640201331062,0.0,8
4297,2020-08-21 06:00:00,61.5,61.5,61.5,61.5,695.0,0.0,0.0,0.0,8
4298,2020-08-21 07:00:00,61.64,61.74,61.23,61.23,11125.0,-0.006651524983776828,0.0016223231667748445,0.006651524983776828,8
4299,2020-08-21 08:00:00,61.6001,61.6402,60.78,61.53,20880.0,-0.0011379851656084406,0.0006509729691997654,0.013313290075827742,8
4300,2020-08-21 09:00:00,61.0,63.03,60.99,62.385,1466870.0,0.022704918032786854,0.033278688524590185,0.0001639344262294756,8
4301,2020-08-21 10:00:00,62.37,62.905,61.72,62.3538,1422754.0,-0.000259740259740224,0.008577841911175305,0.010421677088343732,8
4302,2020-08-21 11:00:00,62.36,62.8,62.12,62.33,756298.0,-0.0004810776138550535,0.007055805003207147,0.0038486209108403143,8
4303,2020-08-21 12:00:00,62.35,62.41,61.9999,62.2,526087.0,-0.002405773857257395,0.0009623095429028896,0.005615076182838889,8
4304,2020-08-21 13:00:00,62.195,62.2616,61.76,61.81,402426.0,-0.0061902082160945095,0.0010708256290698787,0.006994131361041921,8
4305,2020-08-21 14:00:00,61.81,62.05,61.51,61.58,392154.0,-0.003721080731273321,0.003882866850024185,0.004853583562530404,8
4306,2020-08-21 15:00:00,61.57,61.93,61.46,61.53,766851.0,-0.0006496670456390961,0.00584700341075198,0.0017865843755075432,8
4307,2020-08-21 16:00:00,61.53,61.7,61.4999,61.64,17857.0,0.00178774581504956,0.0027628798959857255,0.0004891922639363637,8
4308,2020-08-21 17:00:00,61.56,61.7,61.55,61.6,1015.0,0.0006497725795971271,0.0022742040285900025,0.00016244314489936835,8
4309,2020-08-21 18:00:00,61.7,61.7,61.67,61.68,1375.0,-0.00032414910859000204,0.0,0.0004862236628849455,8
4310,2020-08-21 19:00:00,61.67,61.67,61.53,61.54,2622.0,-0.0021079941624777454,0.0,0.0022701475595913825,8
4311,2020-08-24 04:00:00,62.03,63.0,62.03,63.0,925.0,0.015637594712235997,0.015637594712235997,0.0,8
4312,2020-08-24 05:00:00,63.2,63.2,63.0,63.0,457.0,-0.003164556962025361,0.0,0.003164556962025361,8
4313,2020-08-24 06:00:00,62.39,63.19,62.12,62.62,1931.0,0.003686488219265858,0.012822567719185721,0.004327616605225246,8
4314,2020-08-24 07:00:00,62.75,64.14,62.75,63.7,33374.0,0.015139442231075743,0.022151394422310768,0.0,8
4315,2020-08-24 08:00:00,63.39,63.97,62.8,63.25,35497.0,-0.0022085502445180717,0.009149708155860518,0.009307461744754747,8
4316,2020-08-24 09:00:00,63.3,63.59,61.2,62.185,2390536.0,-0.017614533965244785,0.0045813586097947275,0.03317535545023688,8
4317,2020-08-24 10:00:00,62.2,64.8,62.01,63.9969,3892154.0,0.028889067524115655,0.04180064308681663,0.0030546623794212996,8
4318,2020-08-24 11:00:00,63.98,64.84,63.2605,64.41,1404988.0,0.00672085026570803,0.01344170053141617,0.01124570178180676,8
4319,2020-08-24 12:00:00,64.46,65.2,64.19,64.325,1497881.0,-0.0020943220601922267,0.011479987589202748,0.004188644120384674,8
4320,2020-08-24 13:00:00,64.325,64.619,63.7993,64.2436,959113.0,-0.0012654488923436009,0.004570540225417753,0.008172561212592312,8
4321,2020-08-24 14:00:00,64.24,64.3253,63.65,64.01,649784.0,-0.0035803237858030787,0.001327833125778389,0.009184308841843031,8
4322,2020-08-24 15:00:00,63.9978,64.44,63.8755,64.44,1162885.0,0.006909612517930299,0.006909612517930299,0.0019110031907346133,8
4323,2020-08-24 16:00:00,64.43,64.5,64.2,64.3,28911.0,-0.0020176936209841635,0.0010864504112989783,0.003569765637125624,8
4324,2020-08-24 17:00:00,64.27,64.45,64.16,64.34,10481.0,0.0010891551268088905,0.0028006846117941005,0.0017115294849852098,8
4325,2020-08-24 18:00:00,64.4,64.4,64.33,64.39,4000.0,-0.00015527950310566949,0.0,0.0010869565217392452,8
4326,2020-08-24 19:00:00,64.32,64.65,64.3,64.5,7642.0,0.0027985074626866737,0.005130597014925568,0.000310945273631779,8
4327,2020-08-25 04:00:00,65.01,65.4,64.7,65.4,4256.0,0.005999077065066921,0.005999077065066921,0.004768497154283991,8
4328,2020-08-25 05:00:00,65.05,65.07,64.8,64.8,7452.0,-0.0038431975403535744,0.00030745580322822475,0.0038431975403535744,8
4329,2020-08-25 06:00:00,64.45,64.97,64.45,64.97,8173.0,0.008068269976726081,0.008068269976726081,0.0,8
4330,2020-08-25 07:00:00,65.0,65.4,64.93,65.22,22554.0,0.003384615384615367,0.0061538461538462414,0.001076923076922972,8
4331,2020-08-25 08:00:00,65.16,65.43,64.63,65.1,27318.0,-0.0009208103130755414,0.004143646408839936,0.008133824432166991,8
4332,2020-08-25 09:00:00,65.1,65.14,62.7,63.765,1815712.0,-0.02050691244239622,0.0006144393241168395,0.03686635944700448,8
4333,2020-08-25 10:00:00,63.75,64.5701,63.32,63.5648,1758431.0,-0.0029050980392157145,0.01286431372549014,0.006745098039215682,8
4334,2020-08-25 11:00:00,63.57,63.96,62.71,62.87,1304454.0,-0.011011483404121485,0.006134969325153383,0.013528393896492047,8
4335,2020-08-25 12:00:00,62.875,63.68,62.76,63.54,684159.0,0.010576540755467182,0.012803180914512918,0.0018290258449304491,8
4336,2020-08-25 13:00:00,63.5205,64.1,63.39,63.8,680904.0,0.004400154280901422,0.009123039018899347,0.0020544548610290825,8
4337,2020-08-25 14:00:00,63.791,63.86,63.362,63.76,474164.0,-0.00048596196955681534,0.0010816572870781555,0.00672508661096385,8
4338,2020-08-25 15:00:00,63.77,64.22,63.6803,64.11,987238.0,0.005331660655480575,0.007056609691077242,0.0014066175317547522,8
4339,2020-08-25 16:00:00,64.07,64.07,63.66,63.8,44265.0,-0.004214140783517966,0.0,0.006399250819416211,8
4340,2020-08-25 17:00:00,64.0,64.0,63.85,63.95,7766.0,-0.0007812499999999556,0.0,0.002343749999999978,8
4341,2020-08-25 18:00:00,63.98,63.98,63.97,63.97,270.0,-0.00015629884338852783,0.0,0.00015629884338852783,8
4342,2020-08-25 19:00:00,63.9,64.0,63.9,64.0,3665.0,0.0015649452269170803,0.0015649452269170803,0.0,8
4343,2020-08-26 04:00:00,63.5,63.5,63.5,63.5,301.0,0.0,0.0,0.0,8
4344,2020-08-26 05:00:00,63.5,63.5,63.5,63.5,511.0,0.0,0.0,0.0,8
4345,2020-08-26 07:00:00,63.5,63.71,63.21,63.34,13963.0,-0.002519685039370025,0.0033070866141732417,0.004566929133858254,8
4346,2020-08-26 08:00:00,63.44,63.595,63.01,63.13,24352.0,-0.004886506935687188,0.00244325346784365,0.0067780580075662,8
4347,2020-08-26 09:00:00,63.4,64.0775,62.77,63.075,1166738.0,-0.005126182965299617,0.010686119873817066,0.009936908517350086,8
4348,2020-08-26 10:00:00,63.035,63.04,61.89,62.43,1329516.0,-0.009597842468469849,7.932101213615544e-05,0.01816451177917024,8
4349,2020-08-26 11:00:00,62.44,62.91,62.33,62.74,624678.0,0.004804612427930882,0.00752722613709159,0.0017616912235746227,8
4350,2020-08-26 12:00:00,62.7407,63.21,62.3,63.185,808859.0,0.00708152762082676,0.007479993050762967,0.00702414859891585,8
4351,2020-08-26 13:00:00,63.22,63.3,62.89,63.095,429700.0,-0.0019772223979753244,0.0012654223347041806,0.005219867130654829,8
4352,2020-08-26 14:00:00,63.09,63.19,62.8504,62.89,328815.0,-0.0031700744967507184,0.0015850372483752467,0.0037977492471073532,8
4353,2020-08-26 15:00:00,62.89,63.2,62.72,62.8401,835851.0,-0.0007934488789950858,0.004929241532835145,0.002703132453490248,8
4354,2020-08-26 16:00:00,62.84,63.16,62.7604,63.14,19260.0,0.0047740292807128765,0.005092297899427008,0.001266709102482596,8
4355,2020-08-26 17:00:00,62.9,63.0,62.87,62.87,3768.0,-0.0004769475357710833,0.0015898251192369066,0.0004769475357710833,8
4356,2020-08-26 18:00:00,62.85,62.85,62.75,62.75,10832.0,-0.0015910898965791793,0.0,0.0015910898965791793,8
4357,2020-08-26 19:00:00,62.8,62.99,62.8,62.93,4062.0,0.0020700636942675567,0.0030254777070064464,0.0,8
4358,2020-08-27 05:00:00,63.59,63.6,63.59,63.6,1035.0,0.00015725743041355574,0.00015725743041355574,0.0,8
4359,2020-08-27 06:00:00,63.9,63.96,63.87,63.87,798.0,-0.0004694835680751352,0.0009389671361502704,0.0004694835680751352,8
4360,2020-08-27 07:00:00,63.87,63.87,63.5,63.5,8220.0,-0.0057930170659151,0.0,0.0057930170659151,8
4361,2020-08-27 08:00:00,63.75,64.0,63.0673,63.5,35450.0,-0.00392156862745098,0.00392156862745098,0.01070901960784309,8
4362,2020-08-27 09:00:00,63.71,67.57,63.69,67.18,2749750.0,0.05446554700988865,0.060587035002354295,0.00031392246115214453,8
4363,2020-08-27 10:00:00,67.19,67.21,65.47,66.45,2110748.0,-0.011013543682095474,0.00029766334275928,0.025599047477303155,8
4364,2020-08-27 11:00:00,66.4514,66.85,65.69,66.84,1201108.0,0.005847882813605081,0.005998368732637501,0.011457997875138957,8
4365,2020-08-27 12:00:00,66.86,67.1,66.045,66.12,915577.0,-0.011067903081064836,0.0035895901884534084,0.012189650014956591,8
4366,2020-08-27 13:00:00,66.12,67.12,66.02,66.4,909072.0,0.004234724742891729,0.015124016938898971,0.001512401693890026,8
4367,2020-08-27 14:00:00,66.39,67.07,66.12,67.02,811443.0,0.009489380930863014,0.01024250640156639,0.004066877541798404,8
4368,2020-08-27 15:00:00,67.02,67.04,66.53,66.64,990356.0,-0.005669949268874895,0.00029841838257251913,0.0073112503730229025,8
4369,2020-08-27 16:00:00,66.6,66.75,66.5998,66.66,15682.0,0.0009009009009009351,0.0022522522522523377,3.0030030028893164e-06,8
4370,2020-08-27 17:00:00,66.75,66.8,66.66,66.8,6822.0,0.0007490636704119424,0.0007490636704119424,0.0013483146067416242,8
4371,2020-08-27 18:00:00,66.89,67.25,66.87,67.25,9164.0,0.005381970399162796,0.005381970399162796,0.00029899835550898523,8
4372,2020-08-27 19:00:00,67.25,67.49,67.09,67.27,9351.0,0.00029739776951666943,0.0035687732342006675,0.0023791821561337783,8
4373,2020-08-28 04:00:00,67.0,67.93,67.0,67.79,2200.0,0.011791044776119496,0.013880597014925476,0.0,8
4374,2020-08-28 05:00:00,67.9,68.1,67.9,68.1,1864.0,0.0029455081001471075,0.0029455081001471075,0.0,8
4375,2020-08-28 06:00:00,68.0,68.0,68.0,68.0,364.0,0.0,0.0,0.0,8
4376,2020-08-28 07:00:00,68.0,68.29,67.6,68.29,29225.0,0.004264705882353033,0.004264705882353033,0.005882352941176554,8
4377,2020-08-28 08:00:00,67.73,68.49,67.51,67.82,58036.0,0.0013288055514541442,0.011221024656725097,0.0032481913479993924,8
4378,2020-08-28 09:00:00,68.0,69.265,66.64,68.7,2884001.0,0.010294117647058865,0.018602941176470596,0.01999999999999999,8
4379,2020-08-28 10:00:00,68.73,69.39,68.12,69.09,2583666.0,0.005237887385421205,0.009602793539938842,0.008875309180852603,8
4380,2020-08-28 11:00:00,69.09,70.7416,69.045,70.3101,2113781.0,0.017659574468085137,0.023905051382255058,0.0006513243595310711,8
4381,2020-08-28 12:00:00,70.3498,71.25,68.6,68.97,2547582.0,-0.019613417522153623,0.012796056278766935,0.02487284967405746,8
4382,2020-08-28 13:00:00,68.97,69.7,68.83,69.6487,907213.0,0.009840510366826248,0.010584312019718775,0.002029868058576201,8
4383,2020-08-28 14:00:00,69.64,70.0,69.44,69.96,808849.0,0.004595060310166473,0.005169442848937384,0.0028719126938541477,8
4384,2020-08-28 15:00:00,69.97,70.49,69.56,70.13,1730759.0,0.0022866942975560468,0.007431756467057253,0.005859654137487446,8
4385,2020-08-28 16:00:00,70.0,70.12,69.8,70.03,66541.0,0.0004285714285714448,0.0017142857142857792,0.002857142857142898,8
4386,2020-08-28 17:00:00,70.0,70.12,69.81,69.81,8167.0,-0.0027142857142856817,0.0017142857142857792,0.0027142857142856817,8
4387,2020-08-28 18:00:00,69.9,69.97,69.6,69.97,4948.0,0.001001430615164423,0.001001430615164423,0.004291845493562394,8
4388,2020-08-28 19:00:00,70.0,70.15,69.91,70.15,6086.0,0.002142857142857224,0.002142857142857224,0.0012857142857143344,8
4389,2020-08-31 04:00:00,70.2,71.19,70.2,71.18,3703.0,0.013960113960114016,0.01410256410256403,0.0,8
4390,2020-08-31 05:00:00,71.14,71.14,71.0,71.0,1401.0,-0.001967950520101217,0.0,0.001967950520101217,8
4391,2020-08-31 06:00:00,70.83,70.87,70.81,70.81,1512.0,-0.0002823662289989555,0.0005647324579981117,0.0002823662289989555,8
4392,2020-08-31 07:00:00,70.82,71.36,70.37,71.15,18300.0,0.004659700649534207,0.007624964699237593,0.006354137249364426,8
4393,2020-08-31 08:00:00,70.7799,71.4,70.35,70.4024,47064.0,-0.005333435057127769,0.008760961798476798,0.00607375822797155,8
4394,2020-08-31 09:00:00,70.4,70.66,68.2,70.1399,1217575.0,-0.0036946022727273923,0.003693181818181689,0.031250000000000035,8
4395,2020-08-31 10:00:00,70.18,71.55,69.9949,71.0399,1630027.0,0.012252778569392933,0.019521231119977063,0.002637503562268532,8
4396,2020-08-31 11:00:00,71.055,71.45,70.19,70.4438,1224629.0,-0.008601787347829298,0.005559073956793976,0.012173668285131363,8
4397,2020-08-31 12:00:00,70.44,70.5597,69.79,70.26,745074.0,-0.0025553662691651423,0.0016993185689950143,0.009227711527541049,8
4398,2020-08-31 13:00:00,70.26,70.388,69.85,70.365,493927.0,0.0014944491887274374,0.0018218047253060077,0.005835468260745954,8
4399,2020-08-31 14:00:00,70.39,70.43,69.91,70.0,721357.0,-0.005540559738599241,0.0005682625372923179,0.006819150447506805,8
4400,2020-08-31 15:00:00,69.98,70.01,68.92,68.94,1470281.0,-0.01486138896827674,0.00042869391254645806,0.01514718490997431,8
4401,2020-08-31 16:00:00,68.76,69.3,68.76,68.91,115632.0,0.002181500872600225,0.00785340314136114,0.0,8
4402,2020-08-31 17:00:00,69.01,69.05,68.91,69.0,3748.0,-0.00014490653528481545,0.00057962614113885,0.0014490653528475368,8
4403,2020-08-31 18:00:00,69.01,69.01,68.85,69.0,6449.0,-0.00014490653528481545,0.0,0.0023185045645560177,8
4404,2020-08-31 19:00:00,68.99,69.32,68.99,69.32,6435.0,0.0047833019278156015,0.0047833019278156015,0.0,8
4405,2020-09-01 04:00:00,68.8,69.2,68.53,68.65,2538.0,-0.0021802325581394113,0.005813953488372176,0.003924418604651105,9
4406,2020-09-01 05:00:00,68.8,68.8,68.8,68.8,220.0,0.0,0.0,0.0,9
4407,2020-09-01 06:00:00,68.7,68.7,68.26,68.55,1510.0,-0.0021834061135372006,0.0,0.006404657933042179,9
4408,2020-09-01 07:00:00,68.7,68.79,68.3,68.3,9059.0,-0.00582241630276573,0.0013100436681223204,0.00582241630276573,9
4409,2020-09-01 08:00:00,68.36,68.79,67.7501,67.7501,20956.0,-0.008921884142773494,0.006290228203627952,0.008921884142773494,9
4410,2020-09-01 09:00:00,67.69,68.57,65.67,68.28,1612127.0,0.008716206234303492,0.013000443196927102,0.029841926429310033,9
4411,2020-09-01 10:00:00,68.34,69.08,67.87,68.53,1488043.0,0.002780216564237602,0.010828211881767557,0.006877377816798344,9
4412,2020-09-01 11:00:00,68.56,69.17,67.8101,68.47,999815.0,-0.0013127187864644604,0.008897316219369886,0.010937864644107302,9
4413,2020-09-01 12:00:00,68.53,68.69,68.01,68.4557,422110.0,-0.0010841967021743475,0.002334743907777566,0.007587917700277193,9
4414,2020-09-01 13:00:00,68.425,68.52,68.11,68.24,316286.0,-0.0027036901717208957,0.001388381439532318,0.004603580562659813,9
4415,2020-09-01 14:00:00,68.24,68.26,67.7601,67.8831,348113.0,-0.005230070339976495,0.00029308323563907143,0.0070325322391559305,9
4416,2020-09-01 15:00:00,67.86,68.75,67.8536,68.52,661901.0,0.009725906277630366,0.013115237253168295,9.431181844973909e-05,9
4417,2020-09-01 16:00:00,68.51,68.6,68.29,68.55,30659.0,0.000583856371332536,0.0013136768354983096,0.00321121004232957,9
4418,2020-09-01 17:00:00,68.46,68.6,68.4,68.6,3677.0,0.002044989775051133,0.002044989775051133,0.0008764241893074506,9
4419,2020-09-01 18:00:00,68.5,68.6,68.5,68.56,1156.0,0.0008759124087591572,0.0014598540145984572,0.0,9
4420,2020-09-01 19:00:00,68.47,68.78,68.47,68.7,6010.0,0.0033591353877611215,0.004527530305243206,0.0,9
4421,2020-09-02 06:00:00,69.3,69.3,69.3,69.3,140.0,0.0,0.0,0.0,9
4422,2020-09-02 07:00:00,69.3,69.48,69.09,69.1,5764.0,-0.002886002886002927,0.002597402597402696,0.00303030303030294,9
4423,2020-09-02 08:00:00,69.2499,69.48,68.77,68.88,15727.0,-0.005341523958879381,0.0033227484805033263,0.006929973906099513,9
4424,2020-09-02 09:00:00,68.77,69.24,66.73,67.4,1652399.0,-0.019921477388395965,0.006834375454413245,0.02966409771702766,9
4425,2020-09-02 10:00:00,67.45,68.38,67.33,67.5154,986692.0,0.000969607116382458,0.013787991104521759,0.0017790956263899857,9
4426,2020-09-02 11:00:00,67.55,68.06,66.9,67.48,616969.0,-0.0010362694300517126,0.0075499629903775746,0.009622501850480998,9
4427,2020-09-02 12:00:00,67.51,67.98,67.375,67.42,419197.0,-0.0013331358317286832,0.006961931565693954,0.0019997037475930246,9
4428,2020-09-02 13:00:00,67.3938,67.99,67.28,67.5,456679.0,0.00157581261184265,0.00884651110339521,0.001688582629262598,9
4429,2020-09-02 14:00:00,67.49,68.115,67.25,68.075,537897.0,0.00866795080752716,0.009260631204622907,0.003556082382575121,9
4430,2020-09-02 15:00:00,68.08,68.65,67.84,68.37,1204059.0,0.004259694477085873,0.008372502937720438,0.0035252643948295373,9
4431,2020-09-02 16:00:00,68.38,68.38,68.13,68.35,18135.0,-0.00043872477332555044,0.0,0.0036560397777127816,9
4432,2020-09-02 17:00:00,68.3,68.35,68.2,68.33,5126.0,0.0004392386530014808,0.0007320644216690653,0.0014641288433381305,9
4433,2020-09-02 18:00:00,68.35,68.58,68.3,68.3,7807.0,-0.0007315288953913265,0.003365032918800351,0.0007315288953913265,9
4434,2020-09-02 19:00:00,68.2,68.4,68.2,68.2,6319.0,0.0,0.0029325513196481355,0.0,9
4435,2020-09-03 04:00:00,69.0,69.55,69.0,69.17,2272.0,0.0024637681159420536,0.007971014492753581,0.0,9
4436,2020-09-03 05:00:00,69.08,69.08,69.08,69.08,100.0,0.0,0.0,0.0,9
4437,2020-09-03 06:00:00,69.03,69.1,68.8,69.1,8667.0,0.0010140518615093898,0.0010140518615093898,0.0033318846878169486,9
4438,2020-09-03 07:00:00,68.83,68.83,68.0,68.0,6417.0,-0.012058695336335875,0.0,0.012058695336335875,9
4439,2020-09-03 08:00:00,68.25,69.0,67.6,68.5,20365.0,0.003663003663003663,0.01098901098901099,0.009523809523809608,9
4440,2020-09-03 09:00:00,68.4,74.44,68.4,74.255,3747180.0,0.0855994152046782,0.08830409356725134,0.0,9
4441,2020-09-03 10:00:00,74.24,74.26,70.88,71.57,2914724.0,-0.03596443965517244,0.0002693965517242758,0.045258620689655166,9
4442,2020-09-03 11:00:00,71.5632,71.7,68.93,71.129,1733660.0,-0.006067364231895583,0.0019115970219331728,0.036795447939723044,9
4443,2020-09-03 12:00:00,71.15,72.515,70.91,71.65,1462156.0,0.007027406886858749,0.01918482080112431,0.003373155305692327,9
4444,2020-09-03 13:00:00,71.6251,71.87,70.8,71.05,818927.0,-0.008029308161524468,0.003419192433937282,0.011519704684531068,9
4445,2020-09-03 14:00:00,71.03,71.17,70.14,70.1462,836946.0,-0.012442629874700942,0.001970998169787422,0.01252991693650571,9
4446,2020-09-03 15:00:00,70.14,70.34,69.38,70.2,1121498.0,0.0008554319931565764,0.0028514399771885205,0.010835471913316297,9
4447,2020-09-03 16:00:00,70.2,70.7,69.6,69.6,66752.0,-0.008547008547008668,0.007122507122507123,0.008547008547008668,9
4448,2020-09-03 17:00:00,69.62,69.99,69.62,69.72,5343.0,0.0014363688595230438,0.005314564780235426,0.0,9
4449,2020-09-03 18:00:00,69.76,69.8,69.01,69.5,17565.0,-0.0037270642201835593,0.0005733944954127299,0.010751146788990825,9
4450,2020-09-03 19:00:00,69.25,69.81,69.0,69.77,15258.0,0.007509025270758065,0.00808664259927801,0.0036101083032490976,9
4451,2020-09-04 04:00:00,70.87,72.8,70.87,72.5,2814.0,0.02299985889657112,0.027232961760970686,0.0,9
4452,2020-09-04 05:00:00,72.21,72.21,72.0,72.0,1352.0,-0.002908184461985788,0.0,0.002908184461985788,9
4453,2020-09-04 06:00:00,72.02,72.02,71.81,71.81,1237.0,-0.002915856706470338,0.0,0.002915856706470338,9
4454,2020-09-04 07:00:00,72.16,72.18,70.5,70.8,21315.0,-0.018847006651884695,0.000277161862527858,0.023004434589800397,9
4455,2020-09-04 08:00:00,71.9,72.99,70.56,72.5,78102.0,0.008344923504867792,0.015159944367176484,0.018636995827538295,9
4456,2020-09-04 09:00:00,72.5,73.12,70.3,70.4902,1361604.0,-0.027721379310344806,0.008551724137931097,0.030344827586206935,9
4457,2020-09-04 10:00:00,70.49,71.74,68.58,69.95,1644373.0,-0.007660661086678849,0.01773301177471982,0.027096041991771836,9
4458,2020-09-04 11:00:00,69.895,70.75,69.01,70.69,1143042.0,0.011374204163387963,0.0122326346662852,0.012661849917733614,9
4459,2020-09-04 12:00:00,70.7,71.63,70.4,70.9093,928727.0,0.0029603960396039452,0.013154172560113048,0.004243281471004203,9
4460,2020-09-04 13:00:00,70.86,71.4,70.3,70.95,540361.0,0.0012701100762066526,0.007620660457239716,0.007902907140841128,9
4461,2020-09-04 14:00:00,70.91,72.14,70.6604,72.0414,957864.0,0.015955436468763212,0.017345931462417207,0.0035199548723734444,9
4462,2020-09-04 15:00:00,72.035,72.45,71.59,71.92,1026638.0,-0.0015964461719996513,0.005761088359825172,0.006177552578607527,9
4463,2020-09-04 16:00:00,71.82,72.1899,71.6,71.8,41919.0,-0.00027847396268443364,0.005150375939849641,0.0030632135895293637,9
4464,2020-09-04 17:00:00,71.73,72.0,71.73,71.9,6395.0,0.002369998605883197,0.003764115432873219,0.0,9
4465,2020-09-04 18:00:00,72.01,72.11,71.91,71.92,2783.0,-0.001249826412998242,0.0013886960144423594,0.0013886960144425568,9
4466,2020-09-04 19:00:00,71.91,72.1,71.83,71.86,3677.0,-0.0006953135864274393,0.002642191628424388,0.0011125017382839423,9
4467,2020-09-08 04:00:00,71.48,71.48,70.33,70.34,2219.0,-0.015948517067711256,0.0,0.01608841634023511,9
4468,2020-09-08 06:00:00,70.44,70.45,70.34,70.4,3366.0,-0.0005678591709254975,0.00014196479273147526,0.0014196479273139455,9
4469,2020-09-08 07:00:00,70.66,71.95,70.41,70.59,16904.0,-0.0009906594961787882,0.01825643928672525,0.0035380696292103032,9
4470,2020-09-08 08:00:00,71.0001,71.5,70.0,70.3201,31170.0,-0.009577451299364463,0.007040835153753257,0.01408589565366814,9
4471,2020-09-08 09:00:00,70.859,71.7199,69.55,71.265,1066992.0,0.005729688536389251,0.012149479953146403,0.01847330614318573,9
4472,2020-09-08 10:00:00,71.3,73.22,70.3848,73.0201,1643951.0,0.02412482468443201,0.02692847124824687,0.012835904628330978,9
4473,2020-09-08 11:00:00,73.05,73.47,72.09,72.43,1195251.0,-0.008487337440109382,0.005749486652977437,0.013141683778234001,9
4474,2020-09-08 12:00:00,72.44,73.5,72.3915,72.87,748653.0,0.005935946990613015,0.01463279955825514,0.000669519602429655,9
4475,2020-09-08 13:00:00,72.89,72.99,72.39,72.66,456733.0,-0.0031554397036631086,0.0013719303059403802,0.006859651529702291,9
4476,2020-09-08 14:00:00,72.68,72.77,71.845,72.42,558586.0,-0.003577325261419993,0.0012383048981836709,0.011488717666483322,9
4477,2020-09-08 15:00:00,72.36,72.63,71.36,71.5,1018182.0,-0.011885019347705908,0.0037313432835820344,0.013819789939192924,9
4478,2020-09-08 16:00:00,71.59,71.6,71.18,71.51,47526.0,-0.0011174745076127713,0.00013968431345147232,0.005727056851515527,9
4479,2020-09-08 17:00:00,71.4002,71.5101,69.16,69.42,28435.0,-0.027733815871664177,0.0015392113747579996,0.031375262254167376,9
4480,2020-09-08 18:00:00,69.95,69.95,68.0,69.0,41001.0,-0.013581129378127273,0.0,0.027877055039313835,9
4481,2020-09-08 19:00:00,69.38,69.98,69.0,69.28,9311.0,-0.0014413375612567646,0.0086480253675412,0.005477082732775951,9
4482,2020-09-09 04:00:00,70.0,70.8,70.0,70.8,2623.0,0.011428571428571389,0.011428571428571389,0.0,9
4483,2020-09-09 05:00:00,70.6,70.6,70.6,70.6,132.0,0.0,0.0,0.0,9
4484,2020-09-09 06:00:00,70.49,70.49,70.49,70.49,112.0,0.0,0.0,0.0,9
4485,2020-09-09 07:00:00,70.42,70.77,70.0,70.77,2817.0,0.004970178926441271,0.004970178926441271,0.005964214711729646,9
4486,2020-09-09 08:00:00,70.0104,70.8,70.01,70.6,15825.0,0.008421605932832695,0.011278324363237361,5.713436860795935e-06,9
4487,2020-09-09 09:00:00,70.6,71.53,68.08,68.75,1672697.0,-0.026203966005665644,0.013172804532578,0.035694050991501365,9
4488,2020-09-09 10:00:00,68.74,69.76,67.61,69.7429,1793434.0,0.014589758510328937,0.01483852196683169,0.016438754727960365,9
4489,2020-09-09 11:00:00,69.76,70.5,69.42,69.58,776696.0,-0.002580275229357896,0.01060779816513754,0.004873853211009223,9
4490,2020-09-09 12:00:00,69.54,70.14,69.523,69.87,423835.0,0.0047454702329594225,0.008628127696289822,0.0002444636180616928,9
4491,2020-09-09 13:00:00,69.88,70.2352,69.61,69.9701,368541.0,0.0012893531768747386,0.005082999427590306,0.003863766456783,9
4492,2020-09-09 14:00:00,70.01,70.4199,69.93,70.19,438456.0,0.0025710612769603283,0.005854877874589248,0.0011426939008712797,9
4493,2020-09-09 15:00:00,70.23,70.8,70.06,70.09,1074440.0,-0.001993450092553048,0.00811618966253728,0.0024206179695287155,9
4494,2020-09-09 16:00:00,70.06,70.19,69.9,70.07,34347.0,0.00014273479874380395,0.001855552383671074,0.0022837567799028915,9
4495,2020-09-09 17:00:00,70.08,70.09,70.0,70.0,844.0,-0.0011415525114155008,0.00014269406392701365,0.0011415525114155008,9
4496,2020-09-09 18:00:00,70.05,70.35,69.93,70.25,6676.0,0.0028551034975018252,0.004282655246252636,0.0017130620985009327,9
4497,2020-09-09 19:00:00,70.11,70.5,70.1,70.1,2264.0,-0.00014263300527749415,0.005562687205819435,0.00014263300527749415,9
4498,2020-09-10 04:00:00,69.4,69.4,69.4,69.4,111.0,0.0,0.0,0.0,9
4499,2020-09-10 06:00:00,70.0,70.0,69.99,69.99,900.0,-0.00014285714285721594,0.0,0.00014285714285721594,9
4500,2020-09-10 07:00:00,69.7,70.0,69.5,70.0,4666.0,0.004304160688665669,0.004304160688665669,0.002869440459110514,9
4501,2020-09-10 08:00:00,69.1864,70.48,69.1864,70.48,7403.0,0.018697316235560712,0.018697316235560712,0.0,9
4502,2020-09-10 09:00:00,70.13,74.07,70.0,72.745,1413215.0,0.037287893911307705,0.056181377441893596,0.0018537002709253594,9
4503,2020-09-10 10:00:00,72.77,73.07,70.91,71.011,1458749.0,-0.024172048921258765,0.004122577985433519,0.025559983509688054,9
4504,2020-09-10 11:00:00,70.9818,71.8665,70.7,71.73,644366.0,0.010540730158998462,0.012463758315511794,0.003970031754618846,9
4505,2020-09-10 12:00:00,71.68,72.54,71.39,71.72,551956.0,0.0005580357142856032,0.011997767857142847,0.004045758928571516,9
4506,2020-09-10 13:00:00,71.72,72.185,71.55,71.775,481521.0,0.0007668711656442669,0.006483547127718954,0.0023703290574456455,9
4507,2020-09-10 14:00:00,71.75,72.1799,71.08,71.26,600396.0,-0.006829268292682856,0.00599163763066207,0.009337979094076678,9
4508,2020-09-10 15:00:00,71.27,71.29,70.09,70.126,896073.0,-0.016051634628875985,0.0002806229830224531,0.01655675599831616,9
4509,2020-09-10 16:00:00,70.14,70.25,70.0,70.15,57136.0,0.00014257199885949693,0.001568291987453656,0.001996007984031944,9
4510,2020-09-10 17:00:00,70.2,70.33,70.2,70.33,24264.0,0.001851851851851787,0.001851851851851787,0.0,9
4511,2020-09-10 18:00:00,70.4,70.4,69.42,69.54,54404.0,-0.012215909090909081,0.0,0.0139204545454546,9
4512,2020-09-10 19:00:00,69.8499,69.8499,69.16,69.16,11263.0,-0.009876893166633146,0.0,0.009876893166633146,9
4513,2020-09-11 04:00:00,70.6,70.6,70.55,70.55,1987.0,-0.0007082152974503847,0.0,0.0007082152974503847,9
4514,2020-09-11 05:00:00,70.07,70.07,70.07,70.07,385.0,0.0,0.0,0.0,9
4515,2020-09-11 06:00:00,69.98,69.98,69.98,69.98,2220.0,0.0,0.0,0.0,9
4516,2020-09-11 07:00:00,69.98,70.45,69.81,70.36,9671.0,0.0054301228922548645,0.006716204629894239,0.0024292655044298615,9
4517,2020-09-11 08:00:00,70.4866,70.5566,69.99,70.3,23861.0,-0.0026473116876115257,0.0009930965601973622,0.007045310739913698,9
4518,2020-09-11 09:00:00,70.3,70.77,69.01,69.22,563905.0,-0.015362731152204812,0.006685633001422459,0.018349928876244554,9
4519,2020-09-11 10:00:00,69.18,70.58,69.01,70.205,684092.0,0.014816420930904762,0.020237062734894354,0.0024573576178086396,9
4520,2020-09-11 11:00:00,70.23,70.5,69.53,69.56,380529.0,-0.009540082585789573,0.003844510892780806,0.00996725046276524,9
4521,2020-09-11 12:00:00,69.54,69.89,69.1701,69.245,362300.0,-0.004242162784009227,0.0050330744895023625,0.005319240724762744,9
4522,2020-09-11 13:00:00,69.245,69.3594,68.15,68.625,752322.0,-0.008953715069680186,0.0016521048451150144,0.015813416131128584,9
4523,2020-09-11 14:00:00,68.62,69.2,68.48,69.01,368593.0,0.00568347420577092,0.008452346254736204,0.0020402215097639256,9
4524,2020-09-11 15:00:00,69.015,69.3777,68.5301,69.31,808369.0,0.004274433094254897,0.005255379265377147,0.0070260088386582065,9
4525,2020-09-11 16:00:00,69.34,69.46,69.24,69.34,18163.0,0.0,0.0017306028266511442,0.0014421690222095258,9
4526,2020-09-11 17:00:00,69.36,69.36,69.34,69.34,216.0,-0.00028835063437133827,0.0,0.00028835063437133827,9
4527,2020-09-11 18:00:00,69.06,69.17,69.06,69.17,1100.0,0.0015928178395597948,0.0015928178395597948,0.0,9
4528,2020-09-11 19:00:00,69.18,69.18,69.18,69.18,100.0,0.0,0.0,0.0,9
4529,2020-09-14 06:00:00,69.9,69.9,69.9,69.9,1420.0,0.0,0.0,0.0,9
4530,2020-09-14 07:00:00,69.81,70.0,69.77,69.89,8770.0,0.0011459676264145293,0.0027216731127345326,0.0005729838132073665,9
4531,2020-09-14 08:00:00,70.1999,70.2,69.8,70.1113,28666.0,-0.0012621100599858343,1.4245034537559121e-06,0.005696589311380819,9
4532,2020-09-14 09:00:00,70.01,70.86,69.36,70.3224,842394.0,0.004462219682902395,0.012141122696757524,0.009284387944579427,9
4533,2020-09-14 10:00:00,70.34,70.67,69.79,70.15,760802.0,-0.0027011657662780455,0.004691498436167164,0.007819164060278605,9
4534,2020-09-14 11:00:00,70.19,70.45,69.7271,69.7271,566039.0,-0.006594956546516666,0.003704231371990385,0.006594956546516666,9
4535,2020-09-14 12:00:00,69.72,70.34,69.62,70.22,606894.0,0.00717154331612163,0.008892713711990886,0.0014343086632242444,9
4536,2020-09-14 13:00:00,70.21,70.39,69.8,70.33,387636.0,0.001709158239567078,0.0025637373593506174,0.005839623985187247,9
4537,2020-09-14 14:00:00,70.3269,70.82,70.2856,70.76,513746.0,0.006158383207563681,0.0070115418140142445,0.0005872575074401484,9
4538,2020-09-14 15:00:00,70.77,71.181,70.585,70.94,768300.0,0.0024021478027412987,0.005807545570156866,0.002614102020630243,9
4539,2020-09-14 16:00:00,70.9,70.94,70.75,70.9294,41418.0,0.0004146685472495829,0.0005641748942170951,0.0021156558533146075,9
4540,2020-09-14 17:00:00,70.84,70.93,70.84,70.93,2143.0,0.0012704686617730577,0.0012704686617730577,0.0,9
4541,2020-09-14 18:00:00,70.92,71.4,70.92,71.3,17852.0,0.0053581500282007255,0.006768189509306317,0.0,9
4542,2020-09-14 19:00:00,71.5,71.5,70.7,70.85,8403.0,-0.00909090909090917,0.0,0.011188811188811149,9
4543,2020-09-15 04:00:00,70.34,70.67,70.34,70.67,975.0,0.004691498436167164,0.004691498436167164,0.0,9
4544,2020-09-15 05:00:00,70.72,70.72,70.72,70.72,250.0,0.0,0.0,0.0,9
4545,2020-09-15 07:00:00,70.94,71.5,69.17,70.36,34855.0,-0.008175923315477845,0.007893994925289008,0.024950662531716888,9
4546,2020-09-15 08:00:00,69.5,71.7,69.03,70.82,31187.0,0.018992805755395584,0.03165467625899285,0.006762589928057537,9
4547,2020-09-15 09:00:00,70.9199,70.92,67.595,67.68,1653759.0,-0.045683933564486016,1.4100414693664212e-06,0.046882468813407796,9
4548,2020-09-15 10:00:00,67.61,68.23,66.9431,67.86,2614043.0,0.0036976778583049843,0.00917024108859643,0.009863925454814352,9
4549,2020-09-15 11:00:00,67.85,68.7404,67.47,68.25,966323.0,0.005895357406042826,0.013123065585851138,0.0056005895357405374,9
4550,2020-09-15 12:00:00,68.25,69.03,68.24,68.8224,670270.0,0.008386813186813212,0.011428571428571446,0.00014652014652022147,9
4551,2020-09-15 13:00:00,68.8,69.0683,68.5,68.6,570877.0,-0.002906976744186088,0.0038997093023255295,0.004360465116279029,9
4552,2020-09-15 14:00:00,68.6,68.77,68.23,68.745,448891.0,0.002113702623906855,0.002478134110787197,0.0053935860058307635,9
4553,2020-09-15 15:00:00,68.76,68.84,67.55,67.65,1448592.0,-0.016143106457242574,0.0011634671320534945,0.017597440372309595,9
4554,2020-09-15 16:00:00,67.8,68.09,67.69,67.84,38159.0,0.0005899705014750185,0.004277286135693308,0.001622418879056039,9
4555,2020-09-15 17:00:00,68.0,68.18,67.9,68.18,5723.0,0.0026470588235295123,0.0026470588235295123,0.0014705882352940341,9
4556,2020-09-15 18:00:00,68.19,68.25,68.19,68.25,1644.0,0.0008798944126705129,0.0008798944126705129,0.0,9
4557,2020-09-15 19:00:00,68.24,68.24,67.9,68.0,10598.0,-0.0035169988276669826,0.0,0.004982415005861507,9
4558,2020-09-16 07:00:00,68.08,68.45,68.01,68.27,10699.0,0.0027908343125734097,0.005434782608695719,0.0010282021151585368,9
4559,2020-09-16 08:00:00,68.59,68.7,68.08,68.1,21246.0,-0.007143898527482272,0.0016037323224959823,0.007435486222481485,9
4560,2020-09-16 09:00:00,68.15,68.85,67.0,67.64,964099.0,-0.007483492296405063,0.010271460014673347,0.016874541452678,9
4561,2020-09-16 10:00:00,67.64,68.939,67.43,68.58,1179543.0,0.013897102306327583,0.019204612655233478,0.003104671791839056,9
4562,2020-09-16 11:00:00,68.545,69.77,68.53,69.34,751664.0,0.011598220147348482,0.01787147129622867,0.00021883434240280937,9
4563,2020-09-16 12:00:00,69.27,69.95,68.96,69.7613,393692.0,0.007092536451566474,0.009816659448534819,0.004475241807420273,9
4564,2020-09-16 13:00:00,69.76,70.4,69.644,70.09,490868.0,0.004730504587155938,0.009174311926605512,0.0016628440366972426,9
4565,2020-09-16 14:00:00,70.0599,71.25,70.05,70.36,1060244.0,0.00428347742431834,0.0169868926447226,0.00014130765245171342,9
4566,2020-09-16 15:00:00,70.355,70.5,69.14,69.62,1450499.0,-0.010447018690924587,0.0020609764764408503,0.017269561509487646,9
4567,2020-09-16 16:00:00,68.6263,69.74,68.6263,69.74,59290.0,0.016228472174661817,0.016228472174661817,0.0,9
4568,2020-09-16 17:00:00,69.7,69.7,69.61,69.61,452.0,-0.0012912482065997619,0.0,0.0012912482065997619,9
4569,2020-09-16 18:00:00,69.75,70.21,69.75,70.21,5951.0,0.006594982078852957,0.006594982078852957,0.0,9
4570,2020-09-16 19:00:00,70.19,70.25,70.15,70.25,4224.0,0.000854822624305489,0.000854822624305489,0.0005698817495368578,9
4571,2020-09-17 04:00:00,68.46,69.0,68.46,69.0,688.0,0.007887817703768715,0.007887817703768715,0.0,9
4572,2020-09-17 05:00:00,69.0,69.0,68.0,68.0,1505.0,-0.014492753623188406,0.0,0.014492753623188406,9
4573,2020-09-17 06:00:00,67.85,67.85,67.85,67.85,603.0,0.0,0.0,0.0,9
4574,2020-09-17 07:00:00,68.2,68.71,68.03,68.46,18908.0,0.0038123167155423884,0.0074780058651025055,0.0024926686217009047,9
4575,2020-09-17 08:00:00,68.5,68.6,68.02,68.19,31085.0,-0.004525547445255507,0.0014598540145984572,0.0070072992700730505,9
4576,2020-09-17 09:00:00,68.11,69.6,67.51,68.51,983885.0,0.005872852738217672,0.021876376449860443,0.0088092791073263,9
4577,2020-09-17 10:00:00,68.54,69.85,68.515,69.6,829352.0,0.015465421651590136,0.019112926758097285,0.0003647505106507978,9
4578,2020-09-17 11:00:00,69.6,70.42,69.13,69.185,809297.0,-0.005962643678160805,0.011781609195402406,0.006752873563218375,9
4579,2020-09-17 12:00:00,69.17,69.25,68.4,69.0001,518348.0,-0.0024562671678473092,0.0011565707676738223,0.01113199363886072,9
4580,2020-09-17 13:00:00,68.97,69.21,68.5403,69.13,390715.0,0.0023198492098013136,0.00347977381470197,0.00623024503407274,9
4581,2020-09-17 14:00:00,69.1217,69.3969,68.6743,68.68,402833.0,-0.00639017848230002,0.0039813835597214495,0.0064726417319018745,9
4582,2020-09-17 15:00:00,68.694,69.2263,68.1901,68.88,1029772.0,0.002707660057646852,0.007748857250997062,0.007335429586281212,9
4583,2020-09-17 16:00:00,68.85,69.61,68.75,68.75,59419.0,-0.0014524328249817622,0.011038489469862094,0.0014524328249817622,9
4584,2020-09-17 17:00:00,68.75,68.75,68.62,68.65,3210.0,-0.0014545454545453718,0.0,0.0018909090909090247,9
4585,2020-09-17 18:00:00,68.65,68.82,68.65,68.82,934.0,0.0024763292061178075,0.0024763292061178075,0.0,9
4586,2020-09-17 19:00:00,68.85,68.85,68.54,68.85,5888.0,0.0,0.0,0.004502541757443545,9
4587,2020-09-18 04:00:00,67.8,67.99,67.8,67.99,1142.0,0.0028023598820058663,0.0028023598820058663,0.0,9
4588,2020-09-18 06:00:00,67.5,68.41,67.5,68.3,3028.0,0.01185185185185181,0.013481481481481431,0.0,9
4589,2020-09-18 07:00:00,68.05,68.82,68.05,68.37,5189.0,0.00470242468772972,0.011315209404849317,0.0,9
4590,2020-09-18 08:00:00,68.2626,69.0,68.2626,68.71,9321.0,0.006554101367366429,0.01080240131492199,0.0,9
4591,2020-09-18 09:00:00,68.39,69.08,67.17,67.37,1151730.0,-0.014914461178534816,0.01008919432665591,0.017838865331188752,9
4592,2020-09-18 10:00:00,67.38,67.98,66.03,66.4,1841186.0,-0.014544375185514838,0.008904719501335836,0.02003561887800526,9
4593,2020-09-18 11:00:00,66.38,66.59,65.37,65.85,1261844.0,-0.007984332630310353,0.0031636034950287433,0.015215426333232765,9
4594,2020-09-18 12:00:00,65.87,66.1,64.74,65.209,1024980.0,-0.010034917261272223,0.003491726127220127,0.01715500227721284,9
4595,2020-09-18 13:00:00,65.21,65.6699,64.52,65.15,1071403.0,-0.000920104278484712,0.007052599294586791,0.010581199202576257,9
4596,2020-09-18 14:00:00,65.14,65.73,64.93,65.48,730934.0,0.005219527172244449,0.00905741479889474,0.003223825606386149,9
4597,2020-09-18 15:00:00,65.5,65.7,65.29,65.41,1274598.0,-0.0013740458015267696,0.00305343511450386,0.003206106870228912,9
4598,2020-09-18 16:00:00,65.45,65.65,65.4,65.55,207871.0,0.0015278838808249703,0.003055767761650158,0.0007639419404124852,9
4599,2020-09-18 17:00:00,65.53,65.53,65.52,65.52,2607.0,-0.00015260186174279134,0.0,0.00015260186174279134,9
4600,2020-09-18 18:00:00,65.5,65.53,65.5,65.5,499.0,0.0,0.00045801526717558985,0.0,9
4601,2020-09-18 19:00:00,65.45,65.7,65.44,65.45,3966.0,0.0,0.003819709702062643,0.0001527883880825839,9
4602,2020-09-21 04:00:00,64.4,64.4,61.73,61.81,9820.0,-0.04021739130434788,0.0,0.04145962732919268,9
4603,2020-09-21 05:00:00,61.9,62.4,61.9,62.35,1503.0,0.007269789983844957,0.008077544426494346,0.0,9
4604,2020-09-21 06:00:00,62.35,62.35,62.13,62.26,877.0,-0.0014434643143545053,0.0,0.003528468323977528,9
4605,2020-09-21 07:00:00,62.43,62.55,62.02,62.35,30370.0,-0.0012814352074322969,0.0019221528111484454,0.006567355438090607,9
4606,2020-09-21 08:00:00,62.1022,62.5999,61.5,61.8999,62855.0,-0.0032575335495361036,0.008014208836401845,0.009696918949731303,9
4607,2020-09-21 09:00:00,61.9,62.62,60.61,61.27,1496584.0,-0.010177705977382802,0.01163166397415184,0.020840064620355397,9
4608,2020-09-21 10:00:00,61.28,61.68,59.1194,59.71,2508111.0,-0.0256201044386423,0.00652741514360311,0.03525783289817236,9
4609,2020-09-21 11:00:00,59.73,60.7607,59.65,60.6436,1095396.0,0.015295496400468817,0.01725598526703504,0.0013393604553825263,9
4610,2020-09-21 12:00:00,60.6547,61.17,60.516,60.825,769279.0,0.002807696683027112,0.008495631830674349,0.0022867147970396366,9
4611,2020-09-21 13:00:00,60.825,61.31,60.47,60.6555,574481.0,-0.002786683107274958,0.00797369502671598,0.005836415947390119,9
4612,2020-09-21 14:00:00,60.645,60.83,60.245,60.61,617124.0,-0.0005771291944925994,0.0030505400280319097,0.006595762222771962,9
4613,2020-09-21 15:00:00,60.61,60.9,60.39,60.76,1212394.0,0.002474839135456172,0.004784688995215297,0.0036297640653357344,9
4614,2020-09-21 16:00:00,60.76,61.0,60.71,60.85,32732.0,0.00148123765635292,0.00394996708360767,0.0008229098090848776,9
4615,2020-09-21 17:00:00,60.85,60.99,60.77,60.99,5013.0,0.002300739523418251,0.002300739523418251,0.00131470829909611,9
4616,2020-09-21 18:00:00,60.95,61.11,60.95,61.11,5320.0,0.0026251025430680326,0.0026251025430680326,0.0,9
4617,2020-09-21 19:00:00,61.14,61.6,60.95,61.6,6563.0,0.007523716061498215,0.007523716061498215,0.00310762185148835,9
4618,2020-09-22 04:00:00,60.51,60.51,60.5,60.5,2063.0,-0.00016526194017514478,0.0,0.00016526194017514478,9
4619,2020-09-22 05:00:00,60.11,60.5,60.11,60.5,1492.0,0.006488105140575621,0.006488105140575621,0.0,9
4620,2020-09-22 06:00:00,60.5,60.5,60.5,60.5,560.0,0.0,0.0,0.0,9
4621,2020-09-22 07:00:00,60.92,61.47,60.8,60.8,10954.0,-0.0019697964543664566,0.009028233749179205,0.0019697964543664566,9
4622,2020-09-22 08:00:00,61.4951,61.5,60.52,60.8,20974.0,-0.011303339615676755,7.968114532701367e-05,0.015856547920078148,9
4623,2020-09-22 09:00:00,60.72,63.06,60.66,62.4755,1056330.0,0.02891139657444002,0.03853754940711468,0.000988142292490156,9
4624,2020-09-22 10:00:00,62.51,62.75,61.05,61.07,969178.0,-0.02303631418972961,0.003839385698288306,0.023356262997920346,9
4625,2020-09-22 11:00:00,61.07,61.77,61.02,61.415,597873.0,0.005649254953332223,0.011462256427050972,0.0008187326019321624,9
4626,2020-09-22 12:00:00,61.42,61.69,61.21,61.315,323103.0,-0.0017095408661674369,0.004395962227287464,0.003419081732334758,9
4627,2020-09-22 13:00:00,61.31,61.48,61.08,61.43,341565.0,0.0019572663513292682,0.0027727939977164346,0.0037514271733812424,9
4628,2020-09-22 14:00:00,61.44,62.282,61.44,62.19,646105.0,0.01220703125,0.013704427083333314,0.0,9
4629,2020-09-22 15:00:00,62.19,62.43,61.86,62.37,781664.0,0.0028943560057887075,0.0038591413410516483,0.005306319343945945,9
4630,2020-09-22 16:00:00,62.37,62.37,62.19,62.19,27139.0,-0.0028860028860028817,0.0,0.0028860028860028817,9
4631,2020-09-22 17:00:00,62.2,62.2,62.2,62.2,1705.0,0.0,0.0,0.0,9
4632,2020-09-22 18:00:00,62.16,62.3,62.12,62.26,1120.0,0.0016087516087516316,0.0022522522522522613,0.0006435006435006298,9
4633,2020-09-22 19:00:00,62.12,62.29,62.0,62.0,4897.0,-0.001931745009658684,0.0027366387636832213,0.001931745009658684,9
4634,2020-09-23 05:00:00,63.0,63.01,63.0,63.01,950.0,0.00015873015873012715,0.00015873015873012715,0.0,9
4635,2020-09-23 06:00:00,63.59,63.59,63.59,63.59,1231.0,0.0,0.0,0.0,9
4636,2020-09-23 07:00:00,63.13,63.6,63.13,63.3,8041.0,0.0026928560114049516,0.007444954855060967,0.0,9
4637,2020-09-23 08:00:00,63.4999,63.7,63.12,63.18,19593.0,-0.005037803209138865,0.0031511860648600416,0.005982686586907999,9
4638,2020-09-23 09:00:00,62.3858,65.1,62.3858,63.52,1093169.0,0.018180419262075663,0.043506695433896674,0.0,9
4639,2020-09-23 10:00:00,63.55,63.69,62.5101,62.55,1033253.0,-0.015735641227380016,0.0022029897718332113,0.016363493312352415,9
4640,2020-09-23 11:00:00,62.555,62.8856,62.26,62.64,430426.0,0.0013588042522580267,0.005284949244664646,0.004715850051954308,9
4641,2020-09-23 12:00:00,62.62,63.4,62.6,63.22,440417.0,0.009581603321622507,0.012456084318109248,0.00031938677738735263,9
4642,2020-09-23 13:00:00,63.23,63.4442,62.65,62.73,376503.0,-0.007907638779060573,0.003387632452949633,0.009172860983710238,9
4643,2020-09-23 14:00:00,62.7,62.74,61.67,61.76,554058.0,-0.014992025518341385,0.0006379585326953611,0.01642743221690592,9
4644,2020-09-23 15:00:00,61.75,62.055,61.17,61.25,1100391.0,-0.008097165991902834,0.0049392712550607246,0.00939271255060726,9
4645,2020-09-23 16:00:00,61.24,61.26,61.0,61.15,23208.0,-0.0014696276943174953,0.00032658393207047714,0.003919007184846538,9
4646,2020-09-23 17:00:00,61.2,61.25,60.9,61.15,2787.0,-0.0008169934640523572,0.0008169934640522411,0.004901960784313795,9
4647,2020-09-23 18:00:00,61.2,61.2,60.93,60.93,370.0,-0.004411764705882404,0.0,0.004411764705882404,9
4648,2020-09-23 19:00:00,61.2,61.2,60.75,60.8,3906.0,-0.006535947712418394,0.0,0.007352941176470634,9
4649,2020-09-24 04:00:00,60.9,60.9,60.9,60.9,108.0,0.0,0.0,0.0,9
4650,2020-09-24 05:00:00,60.75,61.2,60.75,61.2,417.0,0.0074074074074074545,0.0074074074074074545,0.0,9
4651,2020-09-24 06:00:00,61.05,61.05,61.02,61.02,523.0,-0.0004914004914003937,0.0,0.0004914004914003937,9
4652,2020-09-24 07:00:00,61.25,61.82,61.25,61.38,7130.0,0.0021224489795918784,0.009306122448979597,0.0,9
4653,2020-09-24 08:00:00,61.2,61.81,60.3,60.3,25085.0,-0.014705882352941268,0.009967320261437899,0.014705882352941268,9
4654,2020-09-24 09:00:00,60.3,60.64,58.3201,59.135,1096457.0,-0.019320066334991694,0.00563847429519077,0.032834162520729696,9
4655,2020-09-24 10:00:00,59.17,60.1,58.57,58.9577,1375943.0,-0.0035879668751056114,0.015717424370458,0.010140273787392283,9
4656,2020-09-24 11:00:00,58.885,59.72,58.27,59.5768,837041.0,0.011748323002462438,0.014180181710112948,0.010444085930202851,9
4657,2020-09-24 12:00:00,59.63,60.35,59.58,60.273,626571.0,0.010783162837497915,0.012074459164849888,0.0008385041086702039,9
4658,2020-09-24 13:00:00,60.26,61.24,60.185,60.6,572418.0,0.005642217059409284,0.01626286093594431,0.0012446067042813764,9
4659,2020-09-24 14:00:00,60.64,60.7299,59.86,60.01,617843.0,-0.010389182058047536,0.0014825197889182073,0.012862796833773105,9
4660,2020-09-24 15:00:00,60.03,60.24,59.395,59.99,1104491.0,-0.000666333499916694,0.0034982508745627326,0.01057804431117771,9
4661,2020-09-24 16:00:00,59.97,60.17,59.6,59.97,15587.0,0.0,0.0033350008337502558,0.006169751542437843,9
4662,2020-09-24 19:00:00,60.2,60.58,60.2,60.58,1125.0,0.006312292358803911,0.006312292358803911,0.0,9
4663,2020-09-25 04:00:00,59.97,59.97,59.97,59.97,150.0,0.0,0.0,0.0,9
4664,2020-09-25 05:00:00,59.59,59.59,59.59,59.59,360.0,0.0,0.0,0.0,9
4665,2020-09-25 06:00:00,59.7,61.06,59.7,60.5,12707.0,0.013400335008375161,0.022780569514237844,0.0,9
4666,2020-09-25 07:00:00,60.5,61.55,60.5,61.4,27383.0,0.014876033057851215,0.0173553719008264,0.0,9
4667,2020-09-25 08:00:00,60.5,62.32,59.75,62.09,68860.0,0.026280991735537246,0.03008264462809918,0.012396694214876033,9
4668,2020-09-25 09:00:00,62.0,63.86,61.79,62.93,1585781.0,0.014999999999999996,0.029999999999999992,0.003387096774193562,9
4669,2020-09-25 10:00:00,62.93,63.08,61.7824,62.59,1098770.0,-0.005402828539647168,0.0023836008263149306,0.01823613538852689,9
4670,2020-09-25 11:00:00,62.655,63.36,62.19,63.27,1011732.0,0.009815657170217892,0.01125209480488386,0.007421594445774534,9
4671,2020-09-25 12:00:00,63.24,63.98,62.87,63.8316,932888.0,0.009354838709677415,0.011701454775458489,0.005850727387729357,9
4672,2020-09-25 13:00:00,63.83,64.545,63.6613,64.13,927161.0,0.004699984333385511,0.011201629327902293,0.0026429578568071626,9
4673,2020-09-25 14:00:00,64.11,64.6799,63.88,64.56,706454.0,0.007019185774450208,0.008889408828575949,0.0035875838402744794,9
4674,2020-09-25 15:00:00,64.5501,64.91,64.36,64.59,1266470.0,0.0006181245265306008,0.005575514212991089,0.002944999310613013,9
4675,2020-09-25 16:00:00,64.7,64.7,64.5,64.67,49374.0,-0.0004636785162287656,0.0,0.0030911901081916975,9
4676,2020-09-25 17:00:00,64.6,64.7,64.53,64.6,6337.0,0.0,0.0015479876160992034,0.0010835913312692443,9
4677,2020-09-25 18:00:00,64.7,64.73,64.55,64.73,3891.0,0.0004636785162287656,0.0004636785162287656,0.0023183925811438282,9
4678,2020-09-25 19:00:00,64.73,64.78,64.65,64.75,18091.0,0.0003089757454039243,0.0007724393635099205,0.0012359029816159167,9
4679,2020-09-28 04:00:00,66.09,66.68,66.09,66.66,809.0,0.008624602814343973,0.008927220456952692,0.0,9
4680,2020-09-28 05:00:00,66.66,66.66,66.66,66.66,239.0,0.0,0.0,0.0,9
4681,2020-09-28 06:00:00,66.3,66.8,66.3,66.6,2068.0,0.004524886877828011,0.007541478129713424,0.0,9
4682,2020-09-28 07:00:00,66.61,67.24,66.4,66.8,13916.0,0.002852424560876711,0.00945803933343335,0.0031526797778110454,9
4683,2020-09-28 08:00:00,66.9885,67.49,66.2,66.2,43985.0,-0.011770677056509686,0.00748635959903555,0.011770677056509686,9
4684,2020-09-28 09:00:00,66.2,66.25,63.32,64.7146,1258037.0,-0.022438066465256774,0.0007552870090634012,0.043504531722054415,9
4685,2020-09-28 10:00:00,64.7218,65.41,64.49,64.98,1156610.0,0.0039893822483305814,0.010633202414024252,0.0035814825916461977,9
4686,2020-09-28 11:00:00,64.985,65.72,64.9138,65.29,571969.0,0.004693390782488371,0.011310302377471715,0.0010956374547973315,9
4687,2020-09-28 12:00:00,65.31,66.25,65.24,66.185,520860.0,0.01339764201500536,0.014392895421834292,0.001071811361200542,9
4688,2020-09-28 13:00:00,66.19,66.44,65.83,66.0,493046.0,-0.0028705242483758535,0.0037770055899682734,0.005438888049554305,9
4689,2020-09-28 14:00:00,65.98,66.79,65.91,66.73,580352.0,0.011367080933616247,0.012276447408305581,0.001060927553804295,9
4690,2020-09-28 15:00:00,66.725,66.83,66.01,66.12,827517.0,-0.009067066316972497,0.0015736230798052303,0.010715623829149333,9
4691,2020-09-28 16:00:00,66.12,66.12,66.0,66.12,10775.0,0.0,0.0,0.0018148820326679453,9
4692,2020-09-28 17:00:00,66.3,66.3,66.3,66.3,200.0,0.0,0.0,0.0,9
4693,2020-09-28 18:00:00,66.2,66.52,66.2,66.26,1639.0,0.0009063444108761672,0.004833836858005939,0.0,9
4694,2020-09-28 19:00:00,66.39,66.39,66.39,66.39,1965.0,0.0,0.0,0.0,9
4695,2020-09-29 07:00:00,66.5,66.5,66.5,66.5,370.0,0.0,0.0,0.0,9
4696,2020-09-29 08:00:00,66.0,66.0,65.52,65.7,3453.0,-0.004545454545454503,0.0,0.0072727272727273334,9
4697,2020-09-29 09:00:00,65.85,66.23,64.4,65.12,595645.0,-0.011085801063021865,0.0057706909643129795,0.02201974183750932,9
4698,2020-09-29 10:00:00,65.09,65.32,64.06,64.08,678813.0,-0.015516976494085191,0.003533568904593482,0.01582424335535414,9
4699,2020-09-29 11:00:00,64.094,64.76,63.51,63.89,798930.0,-0.003182825225450019,0.010390988236028506,0.009111617312072832,9
4700,2020-09-29 12:00:00,63.89,64.2458,63.53,64.19,451251.0,0.004695570511817141,0.005568946627015216,0.005634684614180614,9
4701,2020-09-29 13:00:00,64.2,64.62,63.91,64.55,339184.0,0.0054517133956385406,0.0065420560747663815,0.00451713395638639,9
4702,2020-09-29 14:00:00,64.54,65.1,64.42,64.65,644483.0,0.0017043693833281596,0.00867678958785231,0.0018593120545398905,9
4703,2020-09-29 15:00:00,64.67,64.8599,63.968,64.4,693615.0,-0.004175042523581197,0.002936446574918732,0.010855110561311243,9
4704,2020-09-29 16:00:00,64.38,65.27,64.38,64.65,38983.0,0.004193849021435388,0.0138241689965828,0.0,9
4705,2020-09-29 17:00:00,64.65,65.2,64.65,65.15,5187.0,0.007733952049497292,0.008507347254446978,0.0,9
4706,2020-09-29 18:00:00,65.01,65.25,64.7,65.25,7773.0,0.0036917397323487904,0.0036917397323487904,0.004768497154283991,9
4707,2020-09-29 19:00:00,65.25,66.95,65.25,66.95,41394.0,0.02605363984674334,0.02605363984674334,0.0,9
4708,2020-09-30 04:00:00,65.0,65.0,64.7,64.7,1525.0,-0.004615384615384572,0.0,0.004615384615384572,9
4709,2020-09-30 05:00:00,64.88,64.88,64.88,64.88,1216.0,0.0,0.0,0.0,9
4710,2020-09-30 06:00:00,64.88,64.88,64.88,64.88,100.0,0.0,0.0,0.0,9
4711,2020-09-30 07:00:00,65.63,66.17,64.8,65.0,14786.0,-0.009599268627152149,0.008227944537559139,0.0126466554929148,9
4712,2020-09-30 08:00:00,65.85,66.35,65.0,65.96,18939.0,0.0016704631738800218,0.007593014426727412,0.012908124525436514,9
4713,2020-09-30 09:00:00,65.79,68.21,65.59,67.825,1213370.0,0.030931752545979577,0.036783705730353965,0.0030399756801946015,9
4714,2020-09-30 10:00:00,67.81,68.16,66.6301,67.17,1179449.0,-0.0094381359681463,0.005161480607579919,0.017400088482524754,9
4715,2020-09-30 11:00:00,67.13,67.2,66.08,66.215,841348.0,-0.013630269626098496,0.001042752867570496,0.015641293013555747,9
4716,2020-09-30 12:00:00,66.24,66.585,66.1,66.45,715054.0,0.003170289855072584,0.0052083333333333166,0.002113526570048318,9
4717,2020-09-30 13:00:00,66.44,66.9,66.02,66.74,741646.0,0.00451535219747136,0.006923540036122938,0.0063214930764599895,9
4718,2020-09-30 14:00:00,66.7464,66.86,64.6601,65.1697,1475828.0,-0.023622247791641023,0.0017019644505172603,0.03125711648867946,9
4719,2020-09-30 15:00:00,65.155,65.31,64.18,64.69,1424641.0,-0.007136827565037271,0.0023789425216790903,0.014964315862174726,9
4720,2020-09-30 16:00:00,64.61,65.0,63.0,64.4,69482.0,-0.003250270855904562,0.006036217303822947,0.024918743228602373,9
4721,2020-09-30 17:00:00,64.7,64.83,64.65,64.7,2994.0,0.0,0.0020092735703245044,0.0007727975270478695,9
4722,2020-09-30 18:00:00,64.73,64.9,64.51,64.9,10420.0,0.0026262938359339055,0.0026262938359339055,0.0033987331994438257,9
4723,2020-09-30 19:00:00,64.75,65.15,64.75,65.15,6668.0,0.006177606177606265,0.006177606177606265,0.0,9
4724,2020-10-01 05:00:00,64.86,64.86,64.85,64.85,500.0,-0.00015417823003399808,0.0,0.00015417823003399808,10
4725,2020-10-01 07:00:00,65.72,66.0,65.5,65.68,13084.0,-0.0006086427267192946,0.004260499087035927,0.003347534996956769,10
4726,2020-10-01 08:00:00,65.5,66.0,65.29,65.45,30469.0,-0.0007633587786259108,0.007633587786259542,0.003206106870228912,10
4727,2020-10-01 09:00:00,65.3,65.4672,63.81,64.22,1014722.0,-0.016539050535987723,0.0025604900459419333,0.022817764165390428,10
4728,2020-10-01 10:00:00,64.22,64.83,63.57,64.16,998175.0,-0.0009342883836811317,0.009498598567424469,0.01012145748987852,10
4729,2020-10-01 11:00:00,64.2299,64.4,63.93,64.24,678666.0,0.00015724763700385996,0.0026482993123141253,0.0046691649839093775,10
4730,2020-10-01 12:00:00,64.22,64.5054,64.0398,64.44,249390.0,0.003425724073497335,0.00444409841170968,0.0028059794456555473,10
4731,2020-10-01 13:00:00,64.47,65.3064,64.47,65.07,564481.0,0.009306654257794235,0.012973476035365248,0.0,10
4732,2020-10-01 14:00:00,65.0399,65.43,64.38,65.3,835069.0,0.003999083639427401,0.005997856700271739,0.010146079560393043,10
4733,2020-10-01 15:00:00,65.315,65.92,64.9625,65.59,793122.0,0.004210365153487035,0.009262803337671346,0.005396922605833148,10
4734,2020-10-01 16:00:00,65.55,65.65,65.21,65.31,70766.0,-0.0036613272311212036,0.0015255530129673308,0.005186880244088535,10
4735,2020-10-01 17:00:00,65.27,65.7,65.27,65.5,6868.0,0.0035238241152137886,0.006588018998008378,0.0,10
4736,2020-10-01 18:00:00,65.5,65.7,65.5,65.5,4413.0,0.0,0.00305343511450386,0.0,10
4737,2020-10-01 19:00:00,65.5,65.69,65.5,65.52,696.0,0.0003053435114503209,0.0029007633587785913,0.0,10
4738,2020-10-02 04:00:00,63.3,63.37,62.53,63.0,2425.0,-0.0047393364928909505,0.0011058451816745702,0.012164296998420159,10
4739,2020-10-02 05:00:00,62.26,62.6,62.0,62.5,7018.0,0.0038548024413749115,0.005460970125281134,0.004176035978156088,10
4740,2020-10-02 06:00:00,62.25,62.6,62.05,62.6,3315.0,0.00562248995983938,0.00562248995983938,0.0032128514056225356,10
4741,2020-10-02 07:00:00,62.8,63.16,62.25,62.67,32034.0,-0.0020700636942674435,0.005732484076433112,0.008757961783439445,10
4742,2020-10-02 08:00:00,62.7,63.43,62.2,63.25,101416.0,0.008771929824561358,0.01164274322169054,0.007974481658692184,10
4743,2020-10-02 09:00:00,63.16,64.26,62.3,63.35,916097.0,0.0030082330588981133,0.017416086130462454,0.013616212792906895,10
4744,2020-10-02 10:00:00,63.3429,64.57,63.16,63.625,767805.0,0.0044535378077100955,0.019372336915423716,0.0028874585786252856,10
4745,2020-10-02 11:00:00,63.6,64.25,63.5343,63.72,628598.0,0.0018867924528301484,0.010220125786163499,0.0010330188679245227,10
4746,2020-10-02 12:00:00,63.73,65.76,63.5605,65.09,799128.0,0.021340028244155134,0.03185313039384918,0.0026596579319001935,10
4747,2020-10-02 13:00:00,65.12,65.4099,64.49,64.71,363716.0,-0.006296068796068962,0.0044517813267811535,0.009674447174447322,10
4748,2020-10-02 14:00:00,64.72,65.1485,64.62,65.04,373487.0,0.0049443757725588285,0.006620828182941898,0.0015451174289245104,10
4749,2020-10-02 15:00:00,65.03,65.47,64.66,65.21,721267.0,0.002767953252344958,0.0067661079501768065,0.0056896816853760504,10
4750,2020-10-02 16:00:00,65.26,65.45,65.01,65.22,24579.0,-0.0006129328838493143,0.002911431198283753,0.0038308305240576154,10
4751,2020-10-02 17:00:00,65.22,65.22,64.1,64.4,13063.0,-0.012572830420116424,0.0,0.017172646427476304,10
4752,2020-10-02 18:00:00,64.15,64.69,64.15,64.5,6636.0,0.005455962587685024,0.008417770849571193,0.0,10
4753,2020-10-02 19:00:00,64.49,65.0,64.49,65.0,3504.0,0.007908202822143048,0.007908202822143048,0.0,10
4754,2020-10-05 04:00:00,65.0,65.0,65.0,65.0,220.0,0.0,0.0,0.0,10
4755,2020-10-05 07:00:00,65.36,66.07,65.32,65.6,7126.0,0.0036719706242349277,0.010862913096695131,0.0006119951040392634,10
4756,2020-10-05 08:00:00,66.0999,66.1,64.52,64.99,16907.0,-0.016791250818836492,1.5128615926666877e-06,0.02390170030514432,10
4757,2020-10-05 09:00:00,64.98,65.84,64.5,65.28,702584.0,0.004616805170821747,0.013234841489689125,0.0073868882733149266,10
4758,2020-10-05 10:00:00,65.335,66.1,65.19,65.55,517229.0,0.003290732379276091,0.011708884977424056,0.0022193311395116867,10
4759,2020-10-05 11:00:00,65.6,65.74,64.94,65.25,419358.0,-0.00533536585365845,0.0021341463414634235,0.010060975609756046,10
4760,2020-10-05 12:00:00,65.255,65.52,65.08,65.16,286978.0,-0.0014558271396827656,0.004060991494904614,0.002681786836257715,10
4761,2020-10-05 13:00:00,65.18,65.22,64.65,64.65,301378.0,-0.00813132862841364,0.0006136851795027928,0.00813132862841364,10
4762,2020-10-05 14:00:00,64.66,65.28,64.525,65.265,475053.0,0.009356634704608785,0.009588617383235456,0.002087844107639822,10
4763,2020-10-05 15:00:00,65.27,65.52,65.12,65.26,606870.0,-0.00015320974413958797,0.0038302436034931826,0.0022981461620957787,10
4764,2020-10-05 16:00:00,65.35,65.45,65.11,65.11,17553.0,-0.003672532517214918,0.0015302218821730458,0.003672532517214918,10
4765,2020-10-05 17:00:00,65.15,65.1502,65.09,65.13,9076.0,-0.00030698388334628136,3.069838833345026e-06,0.0009209516500384078,10
4766,2020-10-05 18:00:00,65.05,65.17,65.05,65.17,1607.0,0.0018447348193697856,0.0018447348193697856,0.0,10
4767,2020-10-05 19:00:00,65.11,65.15,65.1,65.15,863.0,0.0006143449546921556,0.0006143449546921556,0.00015358623867309349,10
4768,2020-10-06 06:00:00,65.3,65.3,65.3,65.3,1000.0,0.0,0.0,0.0,10
4769,2020-10-06 07:00:00,65.45,65.88,65.45,65.85,4133.0,0.006111535523300099,0.0065699006875476335,0.0,10
4770,2020-10-06 08:00:00,65.45,65.97,65.45,65.92,4841.0,0.007181054239877751,0.007944996180290237,0.0,10
4771,2020-10-06 09:00:00,65.8999,68.3,65.77,67.785,1346550.0,0.028605506229903144,0.036420389105294465,0.0019711714281813227,10
4772,2020-10-06 10:00:00,67.75,69.91,67.75,69.2275,1821118.0,0.021808118081180904,0.03188191881918814,0.0,10
4773,2020-10-06 11:00:00,69.245,69.46,68.26,68.905,882087.0,-0.004910101812405277,0.0031049173225502083,0.014224853780056312,10
4774,2020-10-06 12:00:00,68.905,69.11,68.42,69.06,399186.0,0.002249473913358989,0.0029751106596037774,0.007038676438574841,10
4775,2020-10-06 13:00:00,69.06,69.24,68.65,68.88,402156.0,-0.002606429192007049,0.0026064291920068435,0.005936866492904671,10
4776,2020-10-06 14:00:00,68.86,69.42,66.86,67.5155,707348.0,-0.019525123438861407,0.008132442637235003,0.02904443799012489,10
4777,2020-10-06 15:00:00,67.54,67.54,65.96,66.19,1572865.0,-0.019988155167308386,0.0,0.023393544566183186,10
4778,2020-10-06 16:00:00,66.45,68.78,65.7,65.7,51134.0,-0.011286681715575621,0.0350639578630549,0.011286681715575621,10
4779,2020-10-06 17:00:00,65.8,66.0,65.73,65.97,19837.0,0.0025835866261398437,0.0030395136778115935,0.001063829787233939,10
4780,2020-10-06 18:00:00,65.89,66.15,65.81,66.0,10612.0,0.0016694490818029964,0.003945970556988998,0.0012141447867657959,10
4781,2020-10-06 19:00:00,66.05,66.3,66.03,66.3,8883.0,0.003785011355034065,0.003785011355034065,0.000302800908402665,10
4782,2020-10-07 05:00:00,66.44,66.44,66.44,66.44,250.0,0.0,0.0,0.0,10
4783,2020-10-07 06:00:00,67.0,67.39,66.98,67.39,1734.0,0.005820895522388068,0.005820895522388068,0.00029850746268650775,10
4784,2020-10-07 07:00:00,67.39,67.98,67.27,67.93,31175.0,0.008013058317257847,0.008755008161448337,0.001780679626057346,10
4785,2020-10-07 08:00:00,67.8924,68.22,67.55,67.99,33618.0,0.0014375688589591755,0.004825282358555654,0.00504327435766003,10
4786,2020-10-07 09:00:00,67.9,68.4,66.1954,67.055,643480.0,-0.01244477172312222,0.0073637702503681875,0.025104565537555214,10
4787,2020-10-07 10:00:00,67.16,67.43,66.1,67.365,823893.0,0.003052412150089314,0.004020250148898306,0.01578320428826686,10
4788,2020-10-07 11:00:00,67.39,67.88,67.29,67.84,604102.0,0.006677548597714837,0.007271108473067145,0.001483899688380981,10
4789,2020-10-07 12:00:00,67.87,67.92,67.36,67.85,567499.0,-0.00029468100780919744,0.0007367025195225748,0.007514365699130766,10
4790,2020-10-07 13:00:00,67.84,68.64,67.8301,68.2008,562909.0,0.005318396226415058,0.011792452830188637,0.00014593160377361137,10
4791,2020-10-07 14:00:00,68.175,68.435,67.8754,67.89,427748.0,-0.0041804180418041305,0.003813714704803889,0.004394572790612367,10
4792,2020-10-07 15:00:00,67.9,68.2403,67.81,67.96,565294.0,0.0008836524300440068,0.005011782032400576,0.001325478645066324,10
4793,2020-10-07 16:00:00,68.02,68.09,67.95,68.09,15425.0,0.0010291090855631783,0.0010291090855631783,0.0010291090855629695,10
4794,2020-10-07 17:00:00,68.1,68.4,68.1,68.39,1976.0,0.004258443465492016,0.004405286343612502,0.0,10
4795,2020-10-07 18:00:00,68.39,68.39,68.11,68.11,730.0,-0.004094165813715472,0.0,0.004094165813715472,10
4796,2020-10-07 19:00:00,68.42,68.44,68.42,68.44,1101.0,0.00029231218941824056,0.00029231218941824056,0.0,10
4797,2020-10-08 06:00:00,68.02,68.3,68.02,68.3,1229.0,0.004116436342252295,0.004116436342252295,0.0,10
4798,2020-10-08 07:00:00,68.47,69.3,68.47,68.95,7724.0,0.007010369504892712,0.012122097268876855,0.0,10
4799,2020-10-08 08:00:00,68.8799,69.3425,68.8,69.1,12312.0,0.003195416950372866,0.0067160376249093675,0.0011599900696721275,10
4800,2020-10-08 09:00:00,69.1,69.87,67.61,67.95,736161.0,-0.016642547033284973,0.01114327062228669,0.021562952243125832,10
4801,2020-10-08 10:00:00,67.87,68.5299,67.25,68.4375,953591.0,0.008361573596581632,0.009722999852659396,0.009135111242080515,10
4802,2020-10-08 11:00:00,68.42,68.44,67.563,68.1201,737578.0,-0.004383221280327507,0.00029231218941824056,0.012525577316574091,10
4803,2020-10-08 12:00:00,68.17,68.61,68.095,68.46,417310.0,0.004254070705588852,0.0064544521050315055,0.0011001906997213267,10
4804,2020-10-08 13:00:00,68.49,68.57,68.15,68.42,374516.0,-0.0010220470141625519,0.001168053730471577,0.00496422835450415,10
4805,2020-10-08 14:00:00,68.425,69.15,68.4,69.0,365759.0,0.008403361344537856,0.010595542564852152,0.00036536353671891086,10
4806,2020-10-08 15:00:00,69.0,69.3,68.87,69.23,850043.0,0.003333333333333391,0.00434782608695648,0.0018840579710144268,10
4807,2020-10-08 16:00:00,69.29,69.48,69.09,69.39,21660.0,0.0014432096983690908,0.002742098426901396,0.002886419396738387,10
4808,2020-10-08 17:00:00,69.3,69.47,69.21,69.47,3855.0,0.002453102453102478,0.002453102453102478,0.001298701298701348,10
4809,2020-10-08 18:00:00,69.3,69.5,69.2,69.45,3931.0,0.0021645021645022465,0.002886002886002927,0.001443001443001361,10
4810,2020-10-08 19:00:00,69.36,69.45,69.32,69.45,400.0,0.0012975778546713294,0.0012975778546713294,0.0005767012687428813,10
4811,2020-10-09 04:00:00,70.0,70.0,69.7,69.7,912.0,-0.004285714285714245,0.0,0.004285714285714245,10
4812,2020-10-09 05:00:00,69.7,69.7,69.7,69.7,351.0,0.0,0.0,0.0,10
4813,2020-10-09 07:00:00,69.48,69.68,69.3,69.68,3288.0,0.0028785261945884115,0.0028785261945884115,0.002590673575129632,10
4814,2020-10-09 08:00:00,69.51,69.79,69.42,69.61,17762.0,0.0014386419220255259,0.004028197381671718,0.001294777729823096,10
4815,2020-10-09 09:00:00,69.7847,71.14,68.8,70.42,1035300.0,0.009103714711104308,0.019421162518431685,0.014110542855382394,10
4816,2020-10-09 10:00:00,70.395,70.87,69.8901,70.69,847969.0,0.004190638539669035,0.006747638326585817,0.007172384402301188,10
4817,2020-10-09 11:00:00,70.7,71.85,70.68,71.83,1258288.0,0.01598302687411592,0.016265912305516144,0.0002828854314002266,10
4818,2020-10-09 12:00:00,71.8665,72.11,71.1,71.405,942017.0,-0.006421628992646099,0.003388226781601962,0.010665609150299621,10
4819,2020-10-09 13:00:00,71.4,71.5297,71.11,71.34,450715.0,-0.0008403361344538133,0.0018165266106442534,0.004061624649860031,10
4820,2020-10-09 14:00:00,71.32,71.3995,71.02,71.25,574120.0,-0.0009814918676387153,0.0011146943353899344,0.004206393718452008,10
4821,2020-10-09 15:00:00,71.25,71.29,70.92,71.09,1001598.0,-0.0022456140350876714,0.0005614035087720176,0.004631578947368397,10
4822,2020-10-09 16:00:00,71.09,71.5,71.09,71.2,23168.0,0.0015473343648895685,0.005767337178224737,0.0,10
4823,2020-10-09 17:00:00,71.22,71.22,70.75,70.99,16847.0,-0.0032294299354114573,0.0,0.006599269868014587,10
4824,2020-10-09 18:00:00,70.85,70.85,70.8,70.8,2147.0,-0.0007057163020465372,0.0,0.0007057163020465372,10
4825,2020-10-09 19:00:00,71.0,71.0,70.75,70.9,8060.0,-0.001408450704225272,0.0,0.0035211267605633804,10
4826,2020-10-12 06:00:00,70.02,70.6,69.6,70.25,2062.0,0.0032847757783491,0.008283347614967128,0.005998286203941755,10
4827,2020-10-12 07:00:00,71.0,71.0,69.97,70.61,4898.0,-0.005492957746478881,0.0,0.014507042253521143,10
4828,2020-10-12 08:00:00,70.6038,70.9001,70.1,70.85,14685.0,0.0034870644356251013,0.004196657970250723,0.007135593268351171,10
4829,2020-10-12 09:00:00,70.55,70.74,69.18,69.86,944499.0,-0.009780297661233136,0.0026931254429482317,0.019418851878100503,10
4830,2020-10-12 10:00:00,69.85,70.7,69.52,69.6,871372.0,-0.003579098067287044,0.012168933428776072,0.004724409448818873,10
4831,2020-10-12 11:00:00,69.65,70.0,69.624,69.77,365456.0,0.001722900215362388,0.005025125628140621,0.00037329504666203095,10
4832,2020-10-12 12:00:00,69.76,70.22,69.745,70.07,280958.0,0.00444380733944937,0.006594036697247617,0.00021502293577982466,10
4833,2020-10-12 13:00:00,70.08,70.09,69.86,70.01,409670.0,-0.000998858447488487,0.00014269406392701365,0.003139269406392678,10
4834,2020-10-12 14:00:00,70.01,70.11,69.65,69.8225,382330.0,-0.002678188830167119,0.0014283673760890488,0.0051421225539208595,10
4835,2020-10-12 15:00:00,69.84,69.97,69.56,69.83,773385.0,-0.00014318442153501024,0.0018613974799541158,0.004009163802978252,10
4836,2020-10-12 16:00:00,69.6,69.84,69.52,69.8,15909.0,0.0028735632183908458,0.0034482758620690964,0.0011494252873562975,10
4837,2020-10-12 17:00:00,69.78,69.78,69.77,69.77,2141.0,-0.00014330753797657089,0.0,0.00014330753797657089,10
4838,2020-10-12 18:00:00,69.84,69.86,69.83,69.86,971.0,0.00028636884306981704,0.00028636884306981704,0.00014318442153501024,10
4839,2020-10-12 19:00:00,69.83,69.83,69.6,69.6,1442.0,-0.0032937133037377058,0.0,0.0032937133037377058,10
4840,2020-10-13 06:00:00,68.22,68.22,65.27,65.53,24841.0,-0.03943125183230721,0.0,0.04324245089416598,10
4841,2020-10-13 07:00:00,65.97,66.96,65.5,65.76,106675.0,-0.003183265120509228,0.015006821282401014,0.007124450507806562,10
4842,2020-10-13 08:00:00,65.8683,66.99,64.5,65.1,224058.0,-0.011664184440770607,0.017029436010948966,0.02077327029845927,10
4843,2020-10-13 09:00:00,65.02,65.25,62.11,62.4101,3836745.0,-0.04013995693632723,0.00353737311596438,0.04475545985850503,10
4844,2020-10-13 10:00:00,62.42,64.0,62.01,62.073,3550701.0,-0.005559115668055131,0.025312399871835922,0.006568407561679008,10
4845,2020-10-13 11:00:00,62.075,62.58,62.01,62.015,2219591.0,-0.000966572694321422,0.00813532017720492,0.0010471204188482453,10
4846,2020-10-13 12:00:00,62.0101,62.23,61.55,61.77,2417536.0,-0.003871949892033688,0.0035461965066980305,0.00741975903925335,10
4847,2020-10-13 13:00:00,61.78,61.79,60.6009,60.7609,2419432.0,-0.01649562965360961,0.000161864681126546,0.019085464551634804,10
4848,2020-10-13 14:00:00,60.764,61.98,60.03,60.205,3132327.0,-0.009199526035152469,0.020011849121190077,0.012079520768876337,10
4849,2020-10-13 15:00:00,60.205,61.22,60.2,60.605,5325143.0,0.0066439664479694144,0.016859064861722457,8.304958059954244e-05,10
4850,2020-10-13 16:00:00,60.64,60.8,60.5,60.76,154337.0,0.0019788918205804326,0.0026385224274405768,0.0023087071240105637,10
4851,2020-10-13 17:00:00,60.75,61.29,60.61,61.29,46457.0,0.008888888888888875,0.008888888888888875,0.0023045267489712026,10
4852,2020-10-13 18:00:00,61.27,61.45,61.08,61.18,32424.0,-0.001468908111637072,0.0029378162232740284,0.003101028235678225,10
4853,2020-10-13 19:00:00,61.14,61.18,60.7,60.7,25345.0,-0.007196597971867807,0.0006542361792606992,0.007196597971867807,10
4854,2020-10-14 04:00:00,60.7,61.81,60.58,61.25,12666.0,0.009060955518945587,0.01828665568369027,0.001976935749588213,10
4855,2020-10-14 05:00:00,61.45,61.51,61.3,61.45,14857.0,0.0,0.0009764035801463818,0.0024410089503662438,10
4856,2020-10-14 06:00:00,61.69,61.75,60.75,60.75,36097.0,-0.01523747771113629,0.0009726049602853344,0.01523747771113629,10
4857,2020-10-14 07:00:00,60.95,61.42,60.74,61.18,118029.0,0.0037735849056603258,0.007711238720262492,0.0034454470877768803,10
4858,2020-10-14 08:00:00,60.8401,61.75,60.7,61.29,897839.0,0.0073947938941586145,0.014955596719926502,0.0023027575562827277,10
4859,2020-10-14 09:00:00,61.28,62.48,61.0,61.9,4715860.0,0.010117493472584815,0.01958224543080933,0.004569190600522212,10
4860,2020-10-14 10:00:00,61.9,61.9851,60.0,60.61,3135637.0,-0.020840064620355397,0.001374798061389405,0.030694668820678492,10
4861,2020-10-14 11:00:00,60.61,60.92,59.64,59.81,2749356.0,-0.013199142055766328,0.005114667546609508,0.016003959742616713,10
4862,2020-10-14 12:00:00,59.82,60.35,59.7101,60.32,1569218.0,0.008358408559010365,0.008859913072551006,0.0018371782012705318,10
4863,2020-10-14 13:00:00,60.3,61.28,60.3,60.445,1527632.0,0.0024046434494196206,0.016252072968490947,0.0,10
4864,2020-10-14 14:00:00,60.4466,60.88,60.03,60.0499,1110174.0,-0.006562817428937205,0.007169964894634372,0.006892033629682983,10
4865,2020-10-14 15:00:00,60.05,60.44,59.9,59.91,1872845.0,-0.0023313905079100847,0.00649458784346379,0.0024979184013321997,10
4866,2020-10-14 16:00:00,59.86,60.02,59.5,60.0,110320.0,0.002338790511192793,0.0026729034413632423,0.006014032743067148,10
4867,2020-10-14 17:00:00,59.94,60.12,59.94,60.12,9813.0,0.003003003003002998,0.003003003003002998,0.0,10
4868,2020-10-14 18:00:00,60.12,60.26,60.0,60.05,6590.0,-0.0011643379906853008,0.0023286759813706016,0.0019960079840318935,10
4869,2020-10-14 19:00:00,60.05,60.25,60.05,60.25,4036.0,0.0033305578684430116,0.0033305578684430116,0.0,10
4870,2020-10-15 04:00:00,58.5,59.0,58.5,59.0,2122.0,0.008547008547008548,0.008547008547008548,0.0,10
4871,2020-10-15 05:00:00,58.9,58.9,58.44,58.44,1417.0,-0.00780984719864178,0.0,0.00780984719864178,10
4872,2020-10-15 06:00:00,58.7,58.7,58.7,58.7,206.0,0.0,0.0,0.0,10
4873,2020-10-15 07:00:00,58.9,59.18,58.75,59.17,19949.0,0.0045840407470289155,0.004753820033955877,0.0025466893039048995,10
4874,2020-10-15 08:00:00,58.9152,59.19,58.51,58.89,47256.0,-0.0004277334202378692,0.004664331106403764,0.00687768182065071,10
4875,2020-10-15 09:00:00,58.89,59.5,57.851,58.76,1563839.0,-0.0022075055187638403,0.010358295126507037,0.017643063338427602,10
4876,2020-10-15 10:00:00,58.75,59.07,58.065,58.35,1291268.0,-0.006808510638297848,0.0054468085106383025,0.011659574468085144,10
4877,2020-10-15 11:00:00,58.33,59.1,58.18,58.525,1278505.0,0.0033430481741813867,0.013200754328818844,0.002571575518601039,10
4878,2020-10-15 12:00:00,58.52,58.99,58.35,58.53,781423.0,0.00017088174982908425,0.008031442241968539,0.0029049897470950392,10
4879,2020-10-15 13:00:00,58.54,58.895,58.3701,58.71,567260.0,0.002903997266826131,0.006064229586607516,0.002902289033139706,10
4880,2020-10-15 14:00:00,58.71,59.3384,58.7,59.31,821960.0,0.010219724067450203,0.010703457673309474,0.0001703287344574691,10
4881,2020-10-15 15:00:00,59.3,59.55,59.07,59.35,1274547.0,0.0008431703204047937,0.0042158516020236085,0.0038785834738616675,10
4882,2020-10-15 16:00:00,59.36,59.5,59.36,59.37,67470.0,0.00016846361185980476,0.0023584905660377453,0.0,10
4883,2020-10-15 17:00:00,59.37,59.4,59.03,59.4,2634.0,0.0005053057099545416,0.0005053057099545416,0.005726798046151193,10
4884,2020-10-15 18:00:00,59.37,59.5,59.27,59.4,4068.0,0.0005053057099545416,0.0021896580764696407,0.0016843523665149792,10
4885,2020-10-15 19:00:00,59.33,59.75,59.2,59.7,12034.0,0.006236305410416392,0.007079049384796927,0.0021911343333894397,10
4886,2020-10-16 04:00:00,59.55,59.58,59.55,59.58,400.0,0.0005037783375315052,0.0005037783375315052,0.0,10
4887,2020-10-16 06:00:00,59.72,59.72,59.72,59.72,200.0,0.0,0.0,0.0,10
4888,2020-10-16 07:00:00,59.7,60.0,59.61,59.95,8799.0,0.0041876046901172526,0.005025125628140656,0.001507537688442268,10
4889,2020-10-16 08:00:00,59.7999,60.28,59.76,60.02,34863.0,0.003680608161552146,0.008028441519132979,0.000667225196028805,10
4890,2020-10-16 09:00:00,60.1,60.1,57.9,58.1001,1103766.0,-0.033276206322795404,0.0,0.036605657237936816,10
4891,2020-10-16 10:00:00,58.139,59.0,58.05,58.19,1267439.0,0.0008772080703141579,0.014809336245893411,0.0015308140834896667,10
4892,2020-10-16 11:00:00,58.1999,58.55,58.0,58.31,779381.0,0.0018917558277592014,0.006015474253392147,0.0034347138053501727,10
4893,2020-10-16 12:00:00,58.3,59.29,58.27,59.0,797785.0,0.012006861063464887,0.016981132075471733,0.0005145797598626764,10
4894,2020-10-16 13:00:00,58.975,59.23,58.88,59.085,405530.0,0.001865197117422627,0.004323866044934217,0.0016108520559558943,10
4895,2020-10-16 14:00:00,59.09,59.665,59.05,59.58,592292.0,0.008292435268234808,0.009730918937214346,0.0006769334912845871,10
4896,2020-10-16 15:00:00,59.5745,59.62,58.83,58.84,1085949.0,-0.012329100537981806,0.0007637495908483829,0.012496957590915613,10
4897,2020-10-16 16:00:00,58.8,59.05,58.4,58.4,39536.0,-0.0068027210884353505,0.004251700680272109,0.0068027210884353505,10
4898,2020-10-16 17:00:00,58.42,58.65,58.0,58.55,6043.0,0.00222526532009578,0.003937007874015694,0.007189318726463569,10
4899,2020-10-16 18:00:00,58.78,58.86,58.76,58.85,6579.0,0.0011908812521265785,0.0013610071452874837,0.00034025178632193136,10
4900,2020-10-16 19:00:00,58.94,59.27,58.84,59.27,4287.0,0.005598914149983126,0.005598914149983126,0.0016966406515099139,10
4901,2020-10-19 06:00:00,58.87,58.87,58.87,58.87,100.0,0.0,0.0,0.0,10
4902,2020-10-19 07:00:00,59.85,59.85,59.01,59.15,3740.0,-0.011695906432748586,0.0,0.014035087719298303,10
4903,2020-10-19 08:00:00,59.2898,60.0,59.0,59.23,16462.0,-0.0010086051901001983,0.01197845160550382,0.004887855921254577,10
4904,2020-10-19 09:00:00,59.2,60.07,58.77,59.7948,790590.0,0.010047297297297286,0.014695945945945902,0.007263513513513509,10
4905,2020-10-19 10:00:00,59.75,60.87,59.29,60.55,1389674.0,0.013389121338912086,0.018744769874476944,0.007698744769874491,10
4906,2020-10-19 11:00:00,60.55,60.565,59.76,60.26,856382.0,-0.00478943022295622,0.0002477291494632629,0.013047068538398005,10
4907,2020-10-19 12:00:00,60.25,60.48,59.56,59.92,712366.0,-0.005477178423236486,0.0038174273858920644,0.01145228215767631,10
4908,2020-10-19 13:00:00,59.95,60.32,59.85,60.26,499026.0,0.005170975813177567,0.006171809841534569,0.0016680567139282971,10
4909,2020-10-19 14:00:00,60.271,60.34,59.51,59.62,571498.0,-0.010801214514443155,0.0011448291881668235,0.012626304524564098,10
4910,2020-10-19 15:00:00,59.61,59.73,59.02,59.7,1095986.0,0.0015098137896326692,0.0020130850528434397,0.009897668176480395,10
4911,2020-10-19 16:00:00,59.71,59.91,59.58,59.9,101206.0,0.0031820465583653947,0.0033495226930161737,0.002177189750460602,10
4912,2020-10-19 17:00:00,59.85,59.9,59.83,59.88,1608.0,0.0005012531328320992,0.0008354218880534195,0.000334168755221439,10
4913,2020-10-19 18:00:00,59.89,60.05,59.89,60.05,7970.0,0.002671564534980741,0.002671564534980741,0.0,10
4914,2020-10-19 19:00:00,60.0,60.46,59.98,59.98,4873.0,-0.0003333333333333854,0.007666666666666681,0.0003333333333333854,10
4915,2020-10-20 06:00:00,60.79,60.79,60.79,60.79,449.0,0.0,0.0,0.0,10
4916,2020-10-20 07:00:00,60.5,60.5,60.4,60.4,4292.0,-0.0016528925619834947,0.0,0.0016528925619834947,10
4917,2020-10-20 08:00:00,60.6983,60.6983,60.01,60.25,20577.0,-0.007385709319700935,0.0,0.011339691556435768,10
4918,2020-10-20 09:00:00,60.24,61.24,60.18,60.83,851763.0,0.009794156706507242,0.016600265604249667,0.0009960159362550178,10
4919,2020-10-20 10:00:00,60.83,60.8999,60.02,60.68,886359.0,-0.0024658885418378856,0.0011491040604965324,0.013315798125924629,10
4920,2020-10-20 11:00:00,60.67,61.18,60.13,60.67,740710.0,0.0,0.008406131531234514,0.008900609856601271,10
4921,2020-10-20 12:00:00,60.64,61.39,60.5357,61.39,484194.0,0.012368073878627968,0.012368073878627968,0.0017199868073878967,10
4922,2020-10-20 13:00:00,61.39,61.65,61.27,61.585,632574.0,0.0031764130965955414,0.00423521746212735,0.0019547157517510578,10
4923,2020-10-20 14:00:00,61.57,61.97,61.49,61.87,872563.0,0.0048725028422932784,0.006496670456391076,0.0012993340912781921,10
4924,2020-10-20 15:00:00,61.87,62.0407,61.3601,61.78,1493867.0,-0.0014546630030708957,0.0027590108291579707,0.008241474058509692,10
4925,2020-10-20 16:00:00,61.75,61.84,61.5,61.5,37366.0,-0.004048582995951417,0.0014574898785425653,0.004048582995951417,10
4926,2020-10-20 17:00:00,61.5,61.5,61.27,61.4,4200.0,-0.0016260162601626248,0.0,0.003739837398373933,10
4927,2020-10-20 18:00:00,61.67,61.89,61.67,61.77,6523.0,0.0016215339711367182,0.003567374736500711,0.0,10
4928,2020-10-20 19:00:00,61.85,62.08,61.85,62.07,3790.0,0.0035569927243330455,0.003718674211802698,0.0,10
4929,2020-10-21 06:00:00,61.79,61.79,61.79,61.79,100.0,0.0,0.0,0.0,10
4930,2020-10-21 07:00:00,61.41,61.41,61.2,61.25,2800.0,-0.002605438853606849,0.0,0.0034196384953589605,10
4931,2020-10-21 08:00:00,61.4001,61.8,61.0753,61.4,15126.0,-1.6286618426243548e-06,0.006513018708438508,0.005289893664668352,10
4932,2020-10-21 09:00:00,61.5998,61.669,60.37,60.6599,604385.0,-0.015258166422618279,0.0011233802707150842,0.0199643505336057,10
4933,2020-10-21 10:00:00,60.6,61.44,60.3601,60.87,745857.0,0.00445544554455439,0.0138613861386138,0.003958745874587437,10
4934,2020-10-21 11:00:00,60.81,60.95,60.02,60.667,549415.0,-0.0023515869100477005,0.0023022529189278174,0.012991284328235472,10
4935,2020-10-21 12:00:00,60.6547,61.13,60.54,60.67,311883.0,0.00025224755872180427,0.007836161088918159,0.0018910323519858996,10
4936,2020-10-21 13:00:00,60.69,60.82,60.55,60.57,245584.0,-0.001977261492832385,0.0021420332839018385,0.0023068050749711745,10
4937,2020-10-21 14:00:00,60.59,61.11,60.55,61.035,439386.0,0.007344446278263627,0.008582274302690146,0.0006601749463608888,10
4938,2020-10-21 15:00:00,61.05,61.09,60.56,60.69,737204.0,-0.005896805896805888,0.0006552006552007577,0.008026208026207942,10
4939,2020-10-21 16:00:00,60.69,60.91,60.69,60.81,69563.0,0.001977261492832502,0.003624979403526098,0.0,10
4940,2020-10-21 17:00:00,60.89,60.89,60.7,60.7,1720.0,-0.0031203810149449452,0.0,0.0031203810149449452,10
4941,2020-10-21 18:00:00,60.7,60.7,60.7,60.7,100.0,0.0,0.0,0.0,10
4942,2020-10-21 19:00:00,60.7,60.99,60.3,60.3,2147.0,-0.006589785831960555,0.004777594728171321,0.006589785831960555,10
4943,2020-10-22 06:00:00,60.88,61.1,60.88,61.1,434.0,0.003613666228646499,0.003613666228646499,0.0,10
4944,2020-10-22 07:00:00,60.88,60.9,60.85,60.89,1050.0,0.0001642575558475363,0.0003285151116950726,0.0004927726675427256,10
4945,2020-10-22 08:00:00,60.8101,61.01,60.77,60.85,3311.0,0.0006561410028926598,0.0032872828691286405,0.0006594299302253304,10
4946,2020-10-22 09:00:00,61.0,62.3,60.85,62.065,844875.0,0.017459016393442585,0.02131147540983602,0.0024590163934425997,10
4947,2020-10-22 10:00:00,62.05,62.41,61.63,62.195,959519.0,0.0023368251410153607,0.005801772763900072,0.006768734891216674,10
4948,2020-10-22 11:00:00,62.21,62.48,61.6,61.64,673125.0,-0.009162514065262825,0.004340138241440219,0.009805497508439148,10
4949,2020-10-22 12:00:00,61.66,62.39,61.55,62.36,412298.0,0.011352578657152172,0.011839117742458709,0.0017839766461238962,10
4950,2020-10-22 13:00:00,62.36,63.46,62.24,63.2,788967.0,0.013470173187941043,0.017639512508017985,0.0019243104554201001,10
4951,2020-10-22 14:00:00,63.2,63.34,62.86,62.92,989512.0,-0.004430379746835461,0.0022151898734177303,0.005379746835443092,10
4952,2020-10-22 15:00:00,62.88,63.41,62.45,63.4,1375586.0,0.008269720101781107,0.008428753180661483,0.0068384223918575016,10
4953,2020-10-22 16:00:00,63.4,63.45,63.0,63.34,55758.0,-0.0009463722397475579,0.0007886435331230957,0.006309148264984205,10
4954,2020-10-22 17:00:00,63.34,63.34,63.1,63.31,9780.0,-0.0004736343542785149,0.0,0.0037890748342280073,10
4955,2020-10-22 18:00:00,63.35,63.44,63.25,63.42,9047.0,0.0011049723756906122,0.0014206787687450087,0.001578531965272319,10
4956,2020-10-22 19:00:00,63.33,63.45,63.32,63.4,3343.0,0.0011053213327017256,0.0018948365703458795,0.0001579030475287859,10
4957,2020-10-23 04:00:00,64.07,64.08,63.84,63.84,519.0,-0.003589823630404086,0.0001560792882785253,0.003589823630404086,10
4958,2020-10-23 05:00:00,63.85,63.85,63.85,63.85,270.0,0.0,0.0,0.0,10
4959,2020-10-23 06:00:00,63.76,63.8,63.76,63.8,1595.0,0.0006273525721455324,0.0006273525721455324,0.0,10
4960,2020-10-23 07:00:00,63.82,63.84,63.53,63.82,5138.0,0.0,0.00031338138514577134,0.004544030084612961,10
4961,2020-10-23 08:00:00,63.63,63.85,63.55,63.55,7490.0,-0.001257268584001342,0.0034574886060034396,0.001257268584001342,10
4962,2020-10-23 09:00:00,63.63,64.43,62.881,63.15,717382.0,-0.007543611504007606,0.01257268584001264,0.011771177117711808,10
4963,2020-10-23 10:00:00,63.1,64.27,63.09,63.84,823851.0,0.011727416798732203,0.018541996830427808,0.00015847860538824104,10
4964,2020-10-23 11:00:00,63.88,63.95,63.3701,63.61,706965.0,-0.004226675015654401,0.0010958046336881698,0.00798215403882282,10
4965,2020-10-23 12:00:00,63.61,63.79,63.32,63.43,351206.0,-0.0028297437509825453,0.0028297437509825453,0.004559031598805206,10
4966,2020-10-23 13:00:00,63.4164,64.08,63.41,64.075,613413.0,0.010385326193224463,0.01046417015156955,0.00010092026668190563,10
4967,2020-10-23 14:00:00,64.0718,64.48,63.9583,64.2,613834.0,0.002000880262455663,0.006370977559550503,0.001771450154357999,10
4968,2020-10-23 15:00:00,64.21,64.77,64.21,64.51,886383.0,0.004672169444012013,0.008721382962155464,0.0,10
4969,2020-10-23 16:00:00,64.44,64.49,64.05,64.32,26616.0,-0.0018621973929237206,0.00077591558038481,0.006052141527001871,10
4970,2020-10-23 17:00:00,64.4,64.4,64.33,64.34,1973.0,-0.0009316770186335756,0.0,0.0010869565217392452,10
4971,2020-10-23 18:00:00,64.39,64.4,64.3,64.31,1711.0,-0.0012424289485944758,0.00015530361857439223,0.001397732567168868,10
4972,2020-10-23 19:00:00,64.4,64.4,64.2,64.2,2853.0,-0.0031055900621118453,0.0,0.0031055900621118453,10
4973,2020-10-26 04:00:00,64.0,64.0,63.0,63.1,4030.0,-0.014062499999999978,0.0,0.015625,10
4974,2020-10-26 05:00:00,62.7,62.7,62.05,62.7,750.0,0.0,0.0,0.01036682615629993,10
4975,2020-10-26 06:00:00,62.6,62.9,62.6,62.6,686.0,0.0,0.004792332268370562,0.0,10
4976,2020-10-26 07:00:00,62.52,62.96,62.31,62.31,9072.0,-0.003358925143953948,0.00703774792066535,0.003358925143953948,10
4977,2020-10-26 08:00:00,62.8,62.95,61.85,62.1,37309.0,-0.011146496815286558,0.0023885350318472243,0.01512738853503178,10
4978,2020-10-26 09:00:00,62.1,62.65,60.025,60.68,1052146.0,-0.022866344605475066,0.008856682769726202,0.03341384863123998,10
4979,2020-10-26 10:00:00,60.65,60.65,58.27,58.2861,1787776.0,-0.03897609233305855,0.0,0.03924154987633958,10
4980,2020-10-26 11:00:00,58.2877,58.41,57.7,58.12,1593716.0,-0.0028771078632370724,0.0020982128304941803,0.010082744730020195,10
4981,2020-10-26 12:00:00,58.125,58.18,55.81,56.32,2248195.0,-0.03105376344086021,0.0009462365591397801,0.03982795698924727,10
4982,2020-10-26 13:00:00,56.32,57.38,55.81,57.35,1685628.0,0.018288352272727293,0.018821022727272766,0.009055397727272691,10
4983,2020-10-26 14:00:00,57.36,57.9772,57.145,57.75,1659113.0,0.006799163179916328,0.010760111576011228,0.003748256624825598,10
4984,2020-10-26 15:00:00,57.75,58.27,57.6101,58.26,1920309.0,0.008831168831168797,0.009004329004329058,0.002422510822510775,10
4985,2020-10-26 16:00:00,58.2498,58.26,58.02,58.1,30970.0,-0.0025716826495541453,0.00017510789736612905,0.003945077923014282,10
4986,2020-10-26 17:00:00,58.1,58.14,58.04,58.05,6576.0,-0.0008605851979346688,0.0006884681583476617,0.0010327022375215538,10
4987,2020-10-26 18:00:00,58.1,58.22,58.1,58.22,6140.0,0.0020654044750429853,0.0020654044750429853,0.0,10
4988,2020-10-26 19:00:00,58.14,58.22,58.09,58.11,6344.0,-0.0005159958720330433,0.001375988992088034,0.0008599931200549907,10
4989,2020-10-27 05:00:00,58.25,58.25,58.25,58.25,580.0,0.0,0.0,0.0,10
4990,2020-10-27 06:00:00,58.25,58.38,58.25,58.25,1507.0,0.0,0.0022317596566524046,0.0,10
4991,2020-10-27 07:00:00,58.3,59.0,58.3,58.75,11500.0,0.0077186963979417305,0.012006861063464887,0.0,10
4992,2020-10-27 08:00:00,58.6501,58.99,58.27,58.27,38812.0,-0.006480807364352299,0.0057953865381303715,0.006480807364352299,10
4993,2020-10-27 09:00:00,58.34,58.82,57.2869,58.57,912997.0,0.0039424065821048486,0.008227631127871046,0.01805107987658554,10
4994,2020-10-27 10:00:00,58.59,59.41,58.56,59.02,946757.0,0.00733913637139443,0.01399556238265904,0.0005120327700973056,10
4995,2020-10-27 11:00:00,59.0,59.15,58.545,58.915,688786.0,-0.0014406779661017093,0.002542372881355908,0.007711864406779632,10
4996,2020-10-27 12:00:00,58.93,59.0399,58.5401,58.84,564627.0,-0.0015272357033768252,0.0018649244866791655,0.006616324452740493,10
4997,2020-10-27 13:00:00,58.84,58.9,58.66,58.67,374286.0,-0.002889191026512605,0.001019714479945533,0.0030591434398369614,10
4998,2020-10-27 14:00:00,58.7057,58.7139,57.8,57.815,546580.0,-0.015172291617338733,0.00013967979259257968,0.015427803433056808,10
4999,2020-10-27 15:00:00,57.81,57.94,57.28,57.42,1039991.0,-0.006746237675142718,0.0022487458917141577,0.009167964020065752,10
5000,2020-10-27 16:00:00,57.42,57.42,57.12,57.15,34146.0,-0.004702194357366825,0.0,0.005224660397074264,10
5001,2020-10-27 17:00:00,57.13,57.25,57.11,57.25,2183.0,0.0021004726063363808,0.0021004726063363808,0.0003500787677227923,10
5002,2020-10-27 18:00:00,57.21,57.21,57.0,57.1,4648.0,-0.0019227407795839788,0.0,0.0036706869428421753,10
5003,2020-10-27 19:00:00,57.1,57.18,57.05,57.18,3087.0,0.0014010507880910384,0.0014010507880910384,0.0008756567425569923,10
5004,2020-10-28 04:00:00,56.0,56.0,55.0,55.0,1491.0,-0.017857142857142856,0.0,0.017857142857142856,10
5005,2020-10-28 05:00:00,55.99,56.0,55.4,55.94,1304.0,-0.0008930166101090241,0.00017860332202175407,0.010537595999285648,10
5006,2020-10-28 06:00:00,55.52,55.6,55.52,55.6,702.0,0.0014409221902016982,0.0014409221902016982,0.0,10
5007,2020-10-28 07:00:00,55.9,55.9,55.01,55.15,24271.0,-0.013416815742397139,0.0,0.01592128801431128,10
5008,2020-10-28 08:00:00,55.7201,55.8,54.11,54.5,128923.0,-0.021896945626443638,0.0014339529182466465,0.02889621518985075,10
5009,2020-10-28 09:00:00,54.66,55.55,53.7167,55.145,1632834.0,0.008873033296743625,0.01628247347237469,0.017257592389315655,10
5010,2020-10-28 10:00:00,55.12,55.48,53.87,54.13,1649620.0,-0.017960812772133433,0.006531204644412181,0.022677793904209,10
5011,2020-10-28 11:00:00,54.08,54.89,53.55,54.76,1324010.0,0.012573964497041415,0.014977810650887616,0.009800295857988186,10
5012,2020-10-28 12:00:00,54.77,55.61,54.72,54.905,1084743.0,0.0024648530217271864,0.015336863246302653,0.0009129085265657159,10
5013,2020-10-28 13:00:00,54.87,54.99,54.26,54.8236,506469.0,-0.0008456351375979305,0.0021869874248223904,0.011117186076180053,10
5014,2020-10-28 14:00:00,54.84,54.86,54.12,54.5,559797.0,-0.006199854121079566,0.00036469730123989824,0.013129102844639058,10
5015,2020-10-28 15:00:00,54.5,54.6,53.06,53.15,1880200.0,-0.024770642201834888,0.001834862385321127,0.026422018348623812,10
5016,2020-10-28 16:00:00,53.3,53.47,53.09,53.3,34304.0,0.0,0.0031894934333959045,0.003939962476547725,10
5017,2020-10-28 17:00:00,53.4,53.9,53.4,53.5,12999.0,0.0018726591760299892,0.009363295880149813,0.0,10
5018,2020-10-28 18:00:00,53.58,53.85,53.58,53.75,3346.0,0.0031728256812243692,0.005039193729003418,0.0,10
5019,2020-10-28 19:00:00,53.89,53.89,53.56,53.56,5872.0,-0.006123585080719953,0.0,0.006123585080719953,10
5020,2020-10-29 04:00:00,54.0,54.1,53.89,54.1,1346.0,0.0018518518518518782,0.0018518518518518782,0.0020370370370370264,10
5021,2020-10-29 07:00:00,54.09,54.55,53.88,53.9,14118.0,-0.003512664078387961,0.00850434461083368,0.0038824181919024005,10
5022,2020-10-29 08:00:00,54.5082,54.5082,52.43,52.6014,55458.0,-0.03498189263266818,0.0,0.03812637364653396,10
5023,2020-10-29 09:00:00,52.62,53.22,51.36,52.6272,1518379.0,0.0001368301026226632,0.011402508551881442,0.023945267958950932,10
5024,2020-10-29 10:00:00,52.68,54.05,51.33,52.83,2455640.0,0.002847380410022752,0.026006074411541333,0.025626423690205038,10
5025,2020-10-29 11:00:00,52.79,54.2,52.6,53.65,1349444.0,0.01629096419776472,0.026709604091684103,0.0035991665088084433,10
5026,2020-10-29 12:00:00,53.7,53.78,52.79,52.83,859964.0,-0.016201117318435838,0.001489757914338888,0.016945996275605283,10
5027,2020-10-29 13:00:00,52.815,53.42,52.72,53.33,363427.0,0.009751017703303997,0.011455079049512524,0.001798731420997801,10
5028,2020-10-29 14:00:00,53.34,54.37,53.28,54.08,818366.0,0.013873265841769683,0.019310086239219985,0.0011248593925759706,10
5029,2020-10-29 15:00:00,54.09,54.35,53.62,53.73,1231595.0,-0.006655574043261352,0.00480680347568863,0.008689221667591162,10
5030,2020-10-29 16:00:00,53.74,53.83,53.1,53.5999,30765.0,-0.0026069966505397075,0.00167473018235944,0.01190919240788985,10
5031,2020-10-29 17:00:00,53.55,53.83,53.48,53.48,19548.0,-0.0013071895424836655,0.005228758169934662,0.0013071895424836655,10
5032,2020-10-29 18:00:00,53.38,53.66,53.25,53.34,4837.0,-0.0007493443237167318,0.005245410266017123,0.0024353690520794785,10
5033,2020-10-29 19:00:00,53.5,53.5,53.25,53.25,3035.0,-0.004672897196261682,0.0,0.004672897196261682,10
5034,2020-10-30 04:00:00,52.8,52.8,52.8,52.8,200.0,0.0,0.0,0.0,10
5035,2020-10-30 05:00:00,52.78,53.0,52.75,53.0,1392.0,0.0041682455475558705,0.0041682455475558705,0.0005683971201212796,10
5036,2020-10-30 07:00:00,53.0,53.47,52.75,53.4,9158.0,0.007547169811320728,0.008867924528301865,0.0047169811320754715,10
5037,2020-10-30 08:00:00,53.25,53.48,52.85,53.1,14189.0,-0.0028169014084506775,0.004319248826291021,0.007511737089201851,10
5038,2020-10-30 09:00:00,53.25,54.29,52.1745,52.71,820562.0,-0.01014084507042252,0.019530516431924865,0.020197183098591514,10
5039,2020-10-30 10:00:00,52.735,53.26,51.5,51.535,1216068.0,-0.022755285863278712,0.009955437565184386,0.023418981700957606,10
5040,2020-10-30 11:00:00,51.5,52.36,51.37,51.91,653949.0,0.007961165048543623,0.016699029126213582,0.002524271844660244,10
5041,2020-10-30 12:00:00,51.9,52.6,51.9,52.2,526510.0,0.005780346820809331,0.013487475915221635,0.0,10
5042,2020-10-30 13:00:00,52.16,56.45,52.04,56.04,3030604.0,0.07438650306748472,0.08224693251533755,0.0023006134969324665,10
5043,2020-10-30 14:00:00,56.0782,57.8,55.38,57.07,6338243.0,0.017686017026224053,0.030703553252422414,0.012450470949495524,10
5044,2020-10-30 15:00:00,57.04,57.0698,55.43,56.4,3994473.0,-0.011220196353436195,0.0005224403927069005,0.028225806451612892,10
5045,2020-10-30 16:00:00,56.45,57.0,56.28,56.79,137875.0,0.006023029229406489,0.00974313551815761,0.003011514614703307,10
5046,2020-10-30 17:00:00,56.79,56.91,56.63,56.91,14681.0,0.0021130480718435894,0.0021130480718435894,0.0028173974291247857,10
5047,2020-10-30 18:00:00,56.94,56.95,56.78,56.91,8112.0,-0.0005268703898841085,0.00017562346329478602,0.002809975412715079,10
5048,2020-10-30 19:00:00,56.8,56.92,56.7,56.92,12135.0,0.002112676056338108,0.002112676056338108,0.0017605633802815902,10
5049,2020-11-02 04:00:00,55.96,56.86,55.0,56.53,7078.0,0.01018584703359543,0.016082916368834858,0.01715511079342389,11
5050,2020-11-02 05:00:00,56.17,57.09,56.17,57.09,1460.0,0.01637884991988609,0.01637884991988609,0.0,11
5051,2020-11-02 06:00:00,56.5,56.99,56.47,56.47,474.0,-0.0005309734513274537,0.00867256637168145,0.0005309734513274537,11
5052,2020-11-02 07:00:00,56.85,57.56,56.67,57.05,33219.0,0.003518029903254103,0.012489006156552346,0.003166226912928755,11
5053,2020-11-02 08:00:00,56.85,57.3,55.2527,55.83,107991.0,-0.01794195250659636,0.007915567282321824,0.028096745822339564,11
5054,2020-11-02 09:00:00,55.85,56.08,53.85,54.31,1574942.0,-0.027573858549686643,0.004118173679498601,0.03581020590868397,11
5055,2020-11-02 10:00:00,54.4,55.7796,54.27,55.02,1454799.0,0.011397058823529496,0.025360294117647123,0.0023897058823528577,11
5056,2020-11-02 11:00:00,55.02,56.4264,54.84,56.305,1027164.0,0.023355143584151153,0.025561613958560485,0.0032715376226826556,11
5057,2020-11-02 12:00:00,56.3,56.58,55.69,56.04,596835.0,-0.004618117229129627,0.004973357015985811,0.010834813499111891,11
5058,2020-11-02 13:00:00,56.0188,56.215,55.51,55.784,432760.0,-0.004191450013209849,0.003502395624326201,0.009082665105286098,11
5059,2020-11-02 14:00:00,55.73,56.86,55.65,56.61,587388.0,0.01579041808720622,0.020276332316526154,0.0014354925533823489,11
5060,2020-11-02 15:00:00,56.6799,57.1,56.5701,57.06,1035650.0,0.006706080991674275,0.0074117985388117815,0.0019371946668926196,11
5061,2020-11-02 16:00:00,56.66,57.25,56.22,56.76,219477.0,0.0017649135192375825,0.01041298976350165,0.0077656194846452125,11
5062,2020-11-02 17:00:00,56.89,56.9198,56.7,56.76,14391.0,-0.0022851116189137382,0.0005238178941817824,0.003339778519950742,11
5063,2020-11-02 18:00:00,56.79,56.79,56.29,56.3,27701.0,-0.008628279626694876,0.0,0.008804366966015144,11
5064,2020-11-02 19:00:00,56.45,56.6,55.53,56.41,13354.0,-0.0007085916740479407,0.002657218777679337,0.01629760850310012,11
5065,2020-11-03 04:00:00,57.01,57.01,57.01,57.01,120.0,0.0,0.0,0.0,11
5066,2020-11-03 05:00:00,57.06,57.06,56.64,56.78,1278.0,-0.0049071153172099745,0.0,0.007360672975814961,11
5067,2020-11-03 07:00:00,56.85,56.89,56.63,56.8,9574.0,-0.0008795074758136194,0.0007036059806508205,0.0038698328935795755,11
5068,2020-11-03 08:00:00,56.69,56.84,56.5,56.61,24638.0,-0.0014111836302698588,0.002645969306756142,0.003351561121890946,11
5069,2020-11-03 09:00:00,56.83,58.65,56.6,58.0801,1027115.0,0.021997184585606254,0.03202533872954426,0.004047158191096197,11
5070,2020-11-03 10:00:00,58.12,58.12,57.05,57.57,778238.0,-0.009463179628355078,0.0,0.018410185822436344,11
5071,2020-11-03 11:00:00,57.56,57.6126,56.34,56.95,773981.0,-0.01059763724808894,0.000913829047949934,0.02119527449617788,11
5072,2020-11-03 12:00:00,56.98,57.9182,56.944,57.86,571324.0,0.01544401544401549,0.0164654264654265,0.0006318006318005311,11
5073,2020-11-03 13:00:00,57.87,58.09,57.13,57.22,568118.0,-0.011232071885260042,0.003801624330395818,0.012787281838603679,11
5074,2020-11-03 14:00:00,57.21,57.93,57.19,57.84,292446.0,0.011012060828526526,0.012585212375458815,0.00034958923265168896,11
5075,2020-11-03 15:00:00,57.83,58.0,57.29,57.51,668684.0,-0.005533460141794921,0.002939650700328579,0.009337713989278906,11
5076,2020-11-03 16:00:00,56.95,57.57,56.95,57.57,24938.0,0.01088674275680417,0.01088674275680417,0.0,11
5077,2020-11-03 17:00:00,57.5,57.6,57.5,57.55,1255.0,0.0008695652173912549,0.0017391304347826335,0.0,11
5078,2020-11-03 18:00:00,57.55,57.75,57.55,57.73,3098.0,0.0031277150304083357,0.0034752389226759836,0.0,11
5079,2020-11-03 19:00:00,57.84,57.84,57.5,57.57,2449.0,-0.004668049792531174,0.0,0.005878284923928136,11
5080,2020-11-04 07:00:00,57.72,58.85,57.72,58.0,6453.0,0.004851004851004871,0.019577269577269622,0.0,11
5081,2020-11-04 08:00:00,57.9999,58.0002,57.72,58.0,12478.0,1.7241409037484489e-06,5.172422711122839e-06,0.004825870389431669,11
5082,2020-11-04 09:00:00,58.0,58.1,56.4,57.86,433011.0,-0.0024137931034482855,0.0017241379310345072,0.027586206896551748,11
5083,2020-11-04 10:00:00,57.825,58.61,57.5,58.21,509807.0,0.006658019887591837,0.013575443147427523,0.005620406398616564,11
5084,2020-11-04 11:00:00,58.22,58.6,57.88,58.41,393527.0,0.0032634833390587036,0.0065269666781175295,0.005839917554105055,11
5085,2020-11-04 12:00:00,58.4,58.45,57.97,58.2599,343022.0,-0.002398972602739671,0.0008561643835617169,0.007363013698630132,11
5086,2020-11-04 13:00:00,58.26,58.32,57.37,57.91,349354.0,-0.00600755235152766,0.0010298661174047764,0.015276347408170281,11
5087,2020-11-04 14:00:00,57.89,57.92,57.2,57.55,367987.0,-0.005873207807911615,0.0005182242183451569,0.01191915702193812,11
5088,2020-11-04 15:00:00,57.56,57.69,56.96,56.98,845229.0,-0.010076441973592866,0.0022585128561500253,0.010423905489923582,11
5089,2020-11-04 16:00:00,56.98,57.18,56.91,57.13,13112.0,0.0026325026325027326,0.00351000351000356,0.0012285012285012335,11
5090,2020-11-04 17:00:00,57.2,57.25,57.09,57.09,1739.0,-0.001923076923076913,0.0008741258741258244,0.001923076923076913,11
5091,2020-11-04 18:00:00,57.03,57.03,56.53,56.85,1308.0,-0.00315623356128353,0.0,0.00876731544800982,11
5092,2020-11-04 19:00:00,56.98,57.2,56.8,57.2,4384.0,0.003861003861003966,0.003861003861003966,0.003159003159003154,11
5093,2020-11-05 04:00:00,57.8,57.8,57.8,57.8,1174.0,0.0,0.0,0.0,11
5094,2020-11-05 05:00:00,58.0,58.0,57.44,57.44,1612.0,-0.009655172413793142,0.0,0.009655172413793142,11
5095,2020-11-05 06:00:00,57.63,57.71,57.63,57.71,320.0,0.0013881658858233262,0.0013881658858233262,0.0,11
5096,2020-11-05 07:00:00,57.64,57.71,57.5,57.71,2603.0,0.0012144344205412957,0.0012144344205412957,0.0024288688410825914,11
5097,2020-11-05 08:00:00,57.79,57.8,57.4701,57.54,3531.0,-0.004326007959854646,0.0001730403183941514,0.005535559785429953,11
5098,2020-11-05 09:00:00,57.54,59.42,57.45,59.005,544703.0,0.02546054918317698,0.03267292318387213,0.0015641293013555146,11
5099,2020-11-05 10:00:00,59.02,59.75,58.8601,59.26,806286.0,0.004066418163334376,0.01236868858014227,0.002709251101321592,11
5100,2020-11-05 11:00:00,59.26,59.68,59.2117,59.455,524597.0,0.0032905838677016585,0.007087411407357437,0.0008150523118460609,11
5101,2020-11-05 12:00:00,59.47,59.48,58.89,59.24,305420.0,-0.0038674962165797357,0.00016815200941647907,0.009752816546157698,11
5102,2020-11-05 13:00:00,59.24,60.18,59.235,60.17,461687.0,0.015698852126941252,0.01586765698852123,8.440243079004992e-05,11
5103,2020-11-05 14:00:00,60.17,60.32,59.45,59.53,720310.0,-0.010636529832142272,0.0024929366794083194,0.011966096061160027,11
5104,2020-11-05 15:00:00,59.49,60.27,59.45,60.17,845729.0,0.011430492519751213,0.013111447302067593,0.0006723819129265279,11
5105,2020-11-05 16:00:00,60.17,60.25,59.84,60.25,106298.0,0.0013295662290177545,0.0013295662290177545,0.005484460694698326,11
5106,2020-11-05 17:00:00,60.12,60.12,59.76,59.76,12705.0,-0.005988023952095799,0.0,0.005988023952095799,11
5107,2020-11-05 18:00:00,59.64,59.73,58.8,59.0,14322.0,-0.010731052984574121,0.0015090543259556725,0.014084507042253579,11
5108,2020-11-05 19:00:00,59.2,59.84,58.99,59.84,21441.0,0.01081081081081082,0.01081081081081082,0.0035472972972973114,11
5109,2020-11-06 07:00:00,59.07,59.18,58.27,58.75,5543.0,-0.005417301506686986,0.0018621973929236404,0.013543253766717406,11
5110,2020-11-06 08:00:00,58.555,60.15,58.43,59.75,19299.0,0.020408163265306128,0.027239347621893926,0.0021347451114336947,11
5111,2020-11-06 09:00:00,59.99,60.1,58.85,58.9,527053.0,-0.01816969494915825,0.0018336389398232943,0.01900316719453243,11
5112,2020-11-06 10:00:00,58.95,59.73,58.88,59.0,462466.0,0.0008481764206954564,0.01323155216284977,0.0011874469889737113,11
5113,2020-11-06 11:00:00,59.0118,59.17,58.4301,58.925,413651.0,-0.0014708922622255847,0.002680819768249753,0.009857350563785512,11
5114,2020-11-06 12:00:00,58.925,59.19,58.34,58.57,469178.0,-0.006024607551972794,0.004497242257106501,0.009927874416631205,11
5115,2020-11-06 13:00:00,58.55,59.14,58.5,59.1,366488.0,0.009393680614859169,0.010076857386848905,0.000853970964987142,11
5116,2020-11-06 14:00:00,59.13,59.16,58.4241,58.49,287878.0,-0.010823608997124989,0.0005073566717401324,0.011938102486047687,11
5117,2020-11-06 15:00:00,58.45,59.02,58.2,58.58,1503700.0,0.0022241231822069368,0.009751924721984606,0.00427715996578272,11
5118,2020-11-06 16:00:00,58.57,58.64,58.5,58.57,27931.0,0.0,0.0011951511012463767,0.0011951511012463767,11
5119,2020-11-06 17:00:00,58.6,58.86,58.6,58.7,2893.0,0.0017064846416382496,0.004436860068259351,0.0,11
5120,2020-11-06 19:00:00,58.68,58.68,58.5,58.68,2001.0,0.0,0.0,0.0030674846625766824,11
5121,2020-11-09 06:00:00,59.95,67.0,59.95,66.99,64660.0,0.11743119266055033,0.11759799833194323,0.0,11
5122,2020-11-09 07:00:00,67.0,74.66,66.41,70.69,594138.0,0.055074626865671605,0.11432835820895518,0.008805970149253783,11
5123,2020-11-09 08:00:00,69.1099,74.47,66.4,73.5,730193.0,0.06352346045935538,0.07755907619602985,0.03921145885032377,11
5124,2020-11-09 09:00:00,73.5,78.86,72.5,74.25,7333854.0,0.01020408163265306,0.0729251700680272,0.013605442176870748,11
5125,2020-11-09 10:00:00,74.27,77.25,71.24,71.35,6386719.0,-0.039316009155782976,0.040123872357614165,0.040797091692473426,11
5126,2020-11-09 11:00:00,71.43,73.7,71.27,73.21,2532728.0,0.024919501609967615,0.03177936441271169,0.002239955200896133,11
5127,2020-11-09 12:00:00,73.19,74.83,72.31,74.33,1781436.0,0.015575898346768693,0.022407432709386537,0.012023500478207343,11
5128,2020-11-09 13:00:00,74.37,75.09,73.87,74.74,1614400.0,0.0049751243781093225,0.009681323114158919,0.00672314105149926,11
5129,2020-11-09 14:00:00,74.79,75.08,73.6859,74.87,1803316.0,0.0010696617194811912,0.0038775237331192943,0.014762668805990139,11
5130,2020-11-09 15:00:00,74.87,76.415,74.85,75.46,3500587.0,0.007880325898223442,0.020635768665687212,0.000267129691465343,11
5131,2020-11-09 16:00:00,75.41,75.43,73.5,74.25,1048220.0,-0.01538257525527114,0.0002652168147461906,0.0253282058082482,11
5132,2020-11-09 17:00:00,74.4,75.45,74.15,74.81,23281.0,0.005510752688171997,0.014112903225806413,0.0033602150537634405,11
5133,2020-11-09 18:00:00,74.75,75.49,74.75,75.29,37891.0,0.007224080267558612,0.009899665551839397,0.0,11
5134,2020-11-09 19:00:00,75.29,75.88,75.0,75.09,18082.0,-0.002656395271616454,0.007836366051268284,0.0038517731438438866,11
5135,2020-11-10 04:00:00,75.05,78.81,74.74,78.2,38487.0,0.04197201865423059,0.050099933377748235,0.00413057961359097,11
5136,2020-11-10 05:00:00,78.2,78.35,77.5,77.56,14929.0,-0.0081841432225064,0.001918158567774827,0.008951406649616404,11
5137,2020-11-10 06:00:00,77.85,77.9,76.0,76.65,7697.0,-0.015414258188824519,0.0006422607578678404,0.023763648041104618,11
5138,2020-11-10 07:00:00,76.95,78.0,76.0,77.75,70929.0,0.010396361273554219,0.013645224171539924,0.012345679012345715,11
5139,2020-11-10 08:00:00,76.65,78.0,74.12,74.2,110987.0,-0.031963470319634736,0.017612524461839456,0.03300717547292891,11
5140,2020-11-10 09:00:00,74.21,74.6298,70.98,72.25,2218106.0,-0.0264115348335803,0.005656919552621066,0.04352513138391039,11
5141,2020-11-10 10:00:00,72.28,73.57,71.61,72.85,2323890.0,0.007885998893193044,0.017847260653015937,0.009269507470946344,11
5142,2020-11-10 11:00:00,72.8,73.4368,72.38,73.27,1184778.0,0.006456043956043941,0.008747252747252857,0.005769230769230793,11
5143,2020-11-10 12:00:00,73.23,73.57,72.06,72.067,820049.0,-0.01588146934316552,0.004642905912877088,0.015977058582548158,11
5144,2020-11-10 13:00:00,72.06,73.0,71.36,72.59,1060902.0,0.007354981959478228,0.01304468498473491,0.009714127116292019,11
5145,2020-11-10 14:00:00,72.6,73.7872,72.2,73.7,977919.0,0.01515151515151527,0.016352617079889865,0.00550964187327812,11
5146,2020-11-10 15:00:00,73.72,74.03,73.3107,73.79,1459757.0,0.000949538795442314,0.0042051003798155495,0.005552088985349997,11
5147,2020-11-10 16:00:00,73.73,73.73,73.43,73.5,916672.0,-0.003119490031194954,0.0,0.004068900040688962,11
5148,2020-11-10 17:00:00,73.43,73.53,73.02,73.02,4829.0,-0.005583548958191621,0.0013618412093149162,0.005583548958191621,11
5149,2020-11-10 18:00:00,73.0,73.5999,72.88,72.88,8729.0,-0.0016438356164384185,0.008217808219178153,0.0016438356164384185,11
5150,2020-11-10 19:00:00,72.77,73.48,72.68,72.68,4186.0,-0.001236773395629919,0.00975676789885953,0.001236773395629919,11
5151,2020-11-11 04:00:00,73.5,74.97,73.5,74.97,750.0,0.019999999999999983,0.019999999999999983,0.0,11
5152,2020-11-11 05:00:00,74.85,75.0,74.85,75.0,2026.0,0.0020040080160321403,0.0020040080160321403,0.0,11
5153,2020-11-11 06:00:00,75.04,75.07,75.04,75.07,1401.0,0.00039978678038362107,0.00039978678038362107,0.0,11
5154,2020-11-11 07:00:00,74.66,74.82,73.58,73.58,12952.0,-0.014465577283686021,0.0021430484864719606,0.014465577283686021,11
5155,2020-11-11 08:00:00,74.25,74.66,73.25,73.58,13600.0,-0.009023569023569046,0.005521885521885476,0.013468013468013467,11
5156,2020-11-11 09:00:00,73.6001,74.08,70.77,71.285,1816055.0,-0.03145512030554308,0.006520371575582108,0.038452393407074195,11
5157,2020-11-11 10:00:00,71.2837,71.92,70.61,71.33,1999357.0,0.0006495173510915151,0.008926304330443084,0.0094509684542188,11
5158,2020-11-11 11:00:00,71.325,71.85,70.95,71.02,1106794.0,-0.0042762004907116275,0.007360672975814812,0.005257623554153522,11
5159,2020-11-11 12:00:00,71.04,71.16,70.1101,71.0799,1049192.0,0.0005616554054052466,0.001689189189189053,0.013089808558558607,11
5160,2020-11-11 13:00:00,71.085,71.2,70.45,70.5601,1140907.0,-0.007384117605683171,0.0016177815291553647,0.008932967574030962,11
5161,2020-11-11 14:00:00,70.58,70.92,69.7,70.11,943553.0,-0.006659110229526762,0.004817228676678995,0.01246812128081603,11
5162,2020-11-11 15:00:00,70.12,71.16,69.74,70.88,1821505.0,0.010838562464346703,0.0148317170564745,0.0054192812321735544,11
5163,2020-11-11 16:00:00,70.7001,71.0,70.57,70.69,160850.0,-0.00014285694079652552,0.004241861044043697,0.0018401671284766637,11
5164,2020-11-11 17:00:00,70.58,70.87,70.57,70.7,18620.0,0.0017001983564749865,0.004108812694814484,0.00014168319637298266,11
5165,2020-11-11 18:00:00,70.61,70.61,70.3,70.52,1878.0,-0.0012746069961762274,0.0,0.004390312986829094,11
5166,2020-11-11 19:00:00,70.65,70.7,70.21,70.6,5034.0,-0.0007077140835104227,0.0007077140835102215,0.006227883934890472,11
5167,2020-11-12 04:00:00,69.2,69.2,68.52,69.16,473.0,-0.0005780346820810152,0.0,0.00982658959537582,11
5168,2020-11-12 05:00:00,69.25,69.28,69.25,69.28,369.0,0.0004332129963899081,0.0004332129963899081,0.0,11
5169,2020-11-12 06:00:00,69.42,69.75,69.42,69.7,1555.0,0.004033419763756859,0.004753673292999111,0.0,11
5170,2020-11-12 07:00:00,69.75,69.75,68.17,68.19,31260.0,-0.022365591397849494,0.0,0.022652329749103917,11
5171,2020-11-12 08:00:00,69.46,69.5,67.31,67.9,95307.0,-0.022458969190901068,0.0005758710048949936,0.030953066513100945,11
5172,2020-11-12 09:00:00,67.9,69.2,67.75,68.94,1000456.0,0.015316642120765714,0.019145802650957246,0.00220913107511054,11
5173,2020-11-12 10:00:00,68.88,71.12,68.56,70.86,1096355.0,0.028745644599303195,0.03252032520325217,0.00464576074332162,11
5174,2020-11-12 11:00:00,70.84,71.05,69.9894,70.9313,959973.0,0.0012888198757762524,0.0029644268774702675,0.012007340485601354,11
5175,2020-11-12 12:00:00,70.915,70.915,69.0,69.47,709396.0,-0.020376507085948067,0.0,0.027004159909751198,11
5176,2020-11-12 13:00:00,69.465,69.9,68.91,69.7175,491759.0,0.0036349240624774736,0.0062621464046642514,0.007989635068019963,11
5177,2020-11-12 14:00:00,69.72,69.89,67.88,68.23,974952.0,-0.021371199082042384,0.0024383247274813785,0.026391279403327646,11
5178,2020-11-12 15:00:00,68.22,68.45,67.67,68.09,1097457.0,-0.0019055995309292795,0.0033714453239519788,0.008062151861624116,11
5179,2020-11-12 16:00:00,68.02,68.9083,68.0,68.15,88051.0,0.0019112025874744145,0.01305939429579537,0.00029403116730367573,11
5180,2020-11-12 17:00:00,68.49,68.57,68.1,68.16,15505.0,-0.004818221638195333,0.001168053730471577,0.005694261936049067,11
5181,2020-11-12 18:00:00,68.3,68.45,68.0,68.0,12346.0,-0.0043923865300146,0.002196193265007404,0.0043923865300146,11
5182,2020-11-12 19:00:00,68.1,68.1,68.0,68.01,1916.0,-0.0013215859030835419,0.0,0.0014684287812040283,11
5183,2020-11-13 04:00:00,69.08,69.27,69.08,69.27,664.0,0.0027504342790966667,0.0027504342790966667,0.0,11
5184,2020-11-13 05:00:00,69.23,69.81,69.23,69.59,1662.0,0.0052000577784197515,0.00837787086523181,0.0,11
5185,2020-11-13 06:00:00,69.59,69.81,69.59,69.76,1058.0,0.0024428797240983145,0.0031613737605977704,0.0,11
5186,2020-11-13 07:00:00,69.58,69.59,68.74,68.9,14191.0,-0.00977292325380846,0.00014371945961490538,0.012072434607645925,11
5187,2020-11-13 08:00:00,68.8,69.54,68.61,68.72,29008.0,-0.0011627906976743939,0.010755813953488505,0.002761627906976711,11
5188,2020-11-13 09:00:00,68.72,70.1999,68.65,69.87,618471.0,0.01673457508731091,0.021535215366705482,0.001018626309662299,11
5189,2020-11-13 10:00:00,69.87,70.0847,68.75,69.48,668542.0,-0.005581794761700308,0.0030728495777872255,0.016029769572062466,11
5190,2020-11-13 11:00:00,69.5,70.97,69.49,70.4499,821731.0,0.01366762589928057,0.02115107913669063,0.00014388489208640455,11
5191,2020-11-13 12:00:00,70.42,70.83,70.0613,70.7726,429754.0,0.005007100255609136,0.005822209599545535,0.00509372337404145,11
5192,2020-11-13 13:00:00,70.78,70.9167,70.2744,70.86,412730.0,0.0011302627860977437,0.0019313365357446271,0.007143260808137908,11
5193,2020-11-13 14:00:00,70.855,71.13,70.2001,70.71,517632.0,-0.0020464328558324777,0.0038811657610612017,0.009242819843342005,11
5194,2020-11-13 15:00:00,70.69,70.95,70.53,70.62,712501.0,-0.0009902390720044304,0.0036780308388740294,0.002263403593153156,11
5195,2020-11-13 16:00:00,70.1552,70.96,70.1552,70.96,149831.0,0.011471708440714306,0.011471708440714306,0.0,11
5196,2020-11-13 17:00:00,70.9599,70.9599,70.63,70.69,17373.0,-0.00380355665664702,0.0,0.004649104635153223,11
5197,2020-11-13 18:00:00,70.66,70.93,70.66,70.8,2737.0,0.0019813189923577777,0.003821115199547272,0.0,11
5198,2020-11-13 19:00:00,70.82,70.99,70.8,70.99,2635.0,0.002400451849759979,0.002400451849759979,0.00028240609997170324,11
5199,2020-11-16 04:00:00,73.0,74.5,71.77,74.5,6255.0,0.02054794520547945,0.02054794520547945,0.016849315068493204,11
5200,2020-11-16 05:00:00,73.99,74.16,73.5,73.51,8685.0,-0.006487363157183265,0.002297607784835812,0.006622516556291322,11
5201,2020-11-16 06:00:00,73.35,75.03,72.78,75.0,33554.0,0.022494887525562453,0.02290388548057269,0.007770961145194182,11
5202,2020-11-16 07:00:00,74.13,76.2,73.91,76.0,168624.0,0.02522595440442472,0.02792391744233114,0.0029677593416970035,11
5203,2020-11-16 08:00:00,74.8362,77.4,73.51,76.4525,254061.0,0.021597836341235865,0.03425882126564417,0.01772137013905035,11
5204,2020-11-16 09:00:00,76.38,76.38,74.02,74.71,3325909.0,-0.02186436239853367,0.0,0.03089814087457449,11
5205,2020-11-16 10:00:00,74.69,76.68,74.3,76.2,2248979.0,0.02021689650555637,0.026643459633150478,0.005221582541170178,11
5206,2020-11-16 11:00:00,76.26,77.23,75.86,76.945,1528148.0,0.008982428533962602,0.012719643325465498,0.00524521374246008,11
5207,2020-11-16 12:00:00,76.93,77.2,76.77,76.9715,1191647.0,0.0005394514493695464,0.0035096841284283893,0.002079812816846624,11
5208,2020-11-16 13:00:00,76.96,77.03,75.31,75.57,1271541.0,-0.01806133056133057,0.0009095634095635057,0.02143970893970883,11
5209,2020-11-16 14:00:00,75.5601,75.9,75.26,75.2828,643303.0,-0.003669926323549214,0.0044984059047036735,0.003971672880263531,11
5210,2020-11-16 15:00:00,75.261,75.61,74.8,75.51,1170802.0,0.0033084864670946366,0.004637195891630509,0.006125350447110702,11
5211,2020-11-16 16:00:00,75.21,75.54,75.21,75.3,43588.0,0.0011966493817311982,0.00438771439968106,0.0,11
5212,2020-11-16 17:00:00,75.49,75.5,74.0,75.2,14031.0,-0.0038415684196581278,0.00013246787654000686,0.019737713604450854,11
5213,2020-11-16 18:00:00,75.45,75.74,75.2,75.74,17250.0,0.0038436050364478733,0.0038436050364478733,0.0033134526176275677,11
5214,2020-11-16 19:00:00,75.73,75.73,74.85,74.86,2406.0,-0.011488181698138181,0.0,0.01162022976363409,11
5215,2020-11-17 04:00:00,75.29,75.8,74.53,74.55,2025.0,-0.009828662504980861,0.006773807942621741,0.01009430203214245,11
5216,2020-11-17 05:00:00,74.94,75.6,74.94,75.1,4996.0,0.002135041366426429,0.008807045636509163,0.0,11
5217,2020-11-17 06:00:00,75.18,75.18,74.56,74.56,1791.0,-0.008246874168661938,0.0,0.008246874168661938,11
5218,2020-11-17 07:00:00,74.93,75.05,74.0,74.09,18334.0,-0.011210463098892344,0.0016014947284130566,0.012411584145202279,11
5219,2020-11-17 08:00:00,74.7,74.7,73.34,73.73,43586.0,-0.012985274431057547,0.0,0.018206157965194102,11
5220,2020-11-17 09:00:00,73.73,75.07,73.6,73.85,697180.0,0.001627560016275469,0.018174420181744054,0.0017631900176320312,11
5221,2020-11-17 10:00:00,73.84,75.95,73.81,75.54,808616.0,0.02302275189599137,0.028575297941495114,0.00040628385698809774,11
5222,2020-11-17 11:00:00,75.45,76.74,75.0,75.8743,846944.0,0.005623591782637539,0.017097415506958143,0.005964214711729659,11
5223,2020-11-17 12:00:00,75.91,76.6,75.78,76.2,688848.0,0.0038203135291793736,0.009089711500461043,0.0017125543406665191,11
5224,2020-11-17 13:00:00,76.18,76.18,75.31,75.99,570740.0,-0.002494092937779101,0.0,0.01142032029404049,11
5225,2020-11-17 14:00:00,75.96,76.19,75.24,75.24,731225.0,-0.009478672985781976,0.003027909426013744,0.009478672985781976,11
5226,2020-11-17 15:00:00,75.25,75.42,74.46,75.28,1156096.0,0.00039867109634553004,0.0022591362126246073,0.010498338870431976,11
5227,2020-11-17 16:00:00,75.34,75.6,74.11,74.3602,55556.0,-0.013005043801433466,0.0034510220334482465,0.016325988850544253,11
5228,2020-11-17 17:00:00,74.52,75.11,74.52,74.6,15589.0,0.0010735373054213406,0.0079173376274826,0.0,11
5229,2020-11-17 18:00:00,74.95,75.12,74.84,74.95,14495.0,0.0,0.002268178785857261,0.0014676450967311464,11
5230,2020-11-17 19:00:00,75.1,75.1,74.61,75.0,6531.0,-0.001331557922769565,0.0,0.006524633821571171,11
5231,2020-11-18 04:00:00,74.99,74.99,74.99,74.99,200.0,0.0,0.0,0.0,11
5232,2020-11-18 05:00:00,74.34,74.75,74.27,74.44,1733.0,0.0013451708366961838,0.005515200430454621,0.0009416195856874817,11
5233,2020-11-18 06:00:00,74.51,77.0,74.23,75.0,36851.0,0.006576298483424975,0.03341833310964964,0.0037578848476714686,11
5234,2020-11-18 07:00:00,74.95,75.71,74.81,75.12,44769.0,0.002268178785857261,0.010140093395596943,0.0018679119412942037,11
5235,2020-11-18 08:00:00,75.4,75.6,74.32,74.7,63001.0,-0.009283819628647251,0.002652519893899053,0.014323607427055868,11
5236,2020-11-18 09:00:00,74.62,76.25,74.05,74.94,1128777.0,0.004288394532296879,0.021844009648887636,0.007638702760654079,11
5237,2020-11-18 10:00:00,74.95,76.49,74.95,75.755,769025.0,0.010740493662441529,0.02054703135423605,0.0,11
5238,2020-11-18 11:00:00,75.745,76.35,75.585,76.15,610929.0,0.005346887583338849,0.007987325896098617,0.002112350650208077,11
5239,2020-11-18 12:00:00,76.155,76.3,75.47,75.82,382752.0,-0.004398923248637751,0.0019040115553804217,0.00899481320990089,11
5240,2020-11-18 13:00:00,75.81,76.12,74.86,74.9,627655.0,-0.012003693444136612,0.004089170294156474,0.012531328320802042,11
5241,2020-11-18 14:00:00,74.9106,75.36,74.45,74.9859,488301.0,0.001005198196249911,0.005999150987977631,0.006148662539079909,11
5242,2020-11-18 15:00:00,74.99,75.06,74.06,74.1,928796.0,-0.011868249099879992,0.0009334577943726816,0.012401653553807077,11
5243,2020-11-18 16:00:00,74.01,74.5,73.91,73.97,188987.0,-0.0005404675043913829,0.006620726928793337,0.0013511687609783613,11
5244,2020-11-18 17:00:00,73.97,74.1,73.97,74.1,7462.0,0.0017574692442881635,0.0017574692442881635,0.0,11
5245,2020-11-18 18:00:00,74.05,74.1,74.02,74.1,9896.0,0.0006752194463200157,0.0006752194463200157,0.00040513166779204777,11
5246,2020-11-18 19:00:00,74.1,74.1,74.01,74.1,4773.0,0.0,0.0,0.0012145748987852794,11
5247,2020-11-19 06:00:00,74.03,74.2,73.75,74.2,2691.0,0.0022963663379711157,0.0022963663379711157,0.003782250439011227,11
5248,2020-11-19 07:00:00,73.8,74.7,73.8,74.55,2946.0,0.01016260162601626,0.012195121951219589,0.0,11
5249,2020-11-19 08:00:00,74.2501,74.7347,73.82,74.0,13217.0,-0.0033683456318577792,0.006526590536578406,0.00579258479113173,11
5250,2020-11-19 09:00:00,74.1,75.05,73.2545,74.15,633469.0,0.000674763832658723,0.01282051282051286,0.011410256410256428,11
5251,2020-11-19 10:00:00,74.21,74.7,73.6,73.6,690928.0,-0.008219916453308173,0.006602883708395218,0.008219916453308173,11
5252,2020-11-19 11:00:00,73.6,73.8654,73.22,73.57,387038.0,-0.0004076086956521894,0.0036059782608695605,0.0051630434782608085,11
5253,2020-11-19 12:00:00,73.58,74.11,73.48,74.0,325271.0,0.005708072845882056,0.007203044305517819,0.0013590649633051688,11
5254,2020-11-19 13:00:00,74.025,74.055,73.52,73.5911,261090.0,-0.005861533265788698,0.00040526849037488867,0.006822019587977165,11
5255,2020-11-19 14:00:00,73.56,74.635,73.51,74.35,386228.0,0.010739532354540402,0.014613920609026682,0.0006797172376291076,11
5256,2020-11-19 15:00:00,74.35,74.76,73.92,74.39,622163.0,0.0005379959650303464,0.005514458641560334,0.0057834566240752205,11
5257,2020-11-19 16:00:00,74.5,74.53,74.25,74.25,47781.0,-0.003355704697986577,0.00040268456375840454,0.003355704697986577,11
5258,2020-11-19 17:00:00,74.3,74.3,74.21,74.21,1130.0,-0.0012113055181696287,0.0,0.0012113055181696287,11
5259,2020-11-19 18:00:00,74.21,74.21,73.55,73.55,7732.0,-0.00889368009702192,0.0,0.00889368009702192,11
5260,2020-11-19 19:00:00,73.59,73.9,73.59,73.72,4646.0,0.0017665443674411666,0.004212528876206037,0.0,11
5261,2020-11-20 05:00:00,74.5,75.19,74.5,75.19,1440.0,0.009261744966442923,0.009261744966442923,0.0,11
5262,2020-11-20 06:00:00,75.17,75.17,75.17,75.17,150.0,0.0,0.0,0.0,11
5263,2020-11-20 07:00:00,74.99,75.8,74.99,75.29,9700.0,0.004000533404454079,0.010801440192025634,0.0,11
5264,2020-11-20 08:00:00,75.1,75.7299,74.1,74.51,28563.0,-0.007856191744340735,0.00838748335552605,0.013315579227696406,11
5265,2020-11-20 09:00:00,74.42,75.1388,73.75,74.05,418539.0,-0.004971781779091703,0.009658693899489406,0.009002956194571374,11
5266,2020-11-20 10:00:00,74.065,74.325,72.82,72.9103,817704.0,-0.015590359819077719,0.00351043002767846,0.01680955917099851,11
5267,2020-11-20 11:00:00,72.905,73.58,72.86,73.4259,585980.0,0.00714491461490978,0.009258624237020742,0.0006172416158014087,11
5268,2020-11-20 12:00:00,73.39,73.51,72.8,73.03,623313.0,-0.0049053004496525335,0.0016351001498842424,0.008039242403597267,11
5269,2020-11-20 13:00:00,73.01,73.18,72.81,72.91,431413.0,-0.0013696753869334136,0.002328448157786628,0.0027393507738666324,11
5270,2020-11-20 14:00:00,72.94,73.35,72.77,73.235,548419.0,0.004044420071291496,0.005621058404167763,0.0023306827529476514,11
5271,2020-11-20 15:00:00,73.24,73.295,72.53,72.6,947790.0,-0.0087383943200437,0.000750955761878848,0.009694156198798386,11
5272,2020-11-20 16:00:00,72.58,72.95,72.51,72.6,47232.0,0.00027555800495998925,0.005097823091760878,0.0009644530173600603,11
5273,2020-11-20 17:00:00,72.62,72.91,72.62,72.9,4880.0,0.003855687138529346,0.003993390250619554,0.0,11
5274,2020-11-20 18:00:00,72.88,72.92,72.88,72.92,855.0,0.0005488474204172098,0.0005488474204172098,0.0,11
5275,2020-11-20 19:00:00,72.96,72.96,72.82,72.85,1306.0,-0.0015076754385964836,0.0,0.001918859649122815,11
5276,2020-11-23 04:00:00,74.0,76.5,74.0,75.54,1134.0,0.020810810810810897,0.033783783783783786,0.0,11
5277,2020-11-23 05:00:00,75.7,75.7,75.7,75.7,400.0,0.0,0.0,0.0,11
5278,2020-11-23 06:00:00,75.49,75.69,75.14,75.14,4121.0,-0.004636375678897792,0.002649357530798819,0.004636375678897792,11
5279,2020-11-23 07:00:00,75.14,75.15,73.54,73.99,32450.0,-0.015304764439712612,0.00013308490817148143,0.02129358530742606,11
5280,2020-11-23 08:00:00,74.0,74.2499,73.5,73.79,29208.0,-0.0028378378378377533,0.003377027027026982,0.006756756756756757,11
5281,2020-11-23 09:00:00,73.79,75.42,72.0,74.2,903926.0,0.005556308442878392,0.022089714053394705,0.024258029543298632,11
5282,2020-11-23 10:00:00,74.1346,75.33,73.9696,75.15,757152.0,0.013696708419550379,0.016124724487621058,0.002225681395731632,11
5283,2020-11-23 11:00:00,75.12,75.34,74.6,75.16,430327.0,0.0005324813631521837,0.0029286474973375777,0.006922257720979902,11
5284,2020-11-23 12:00:00,75.16,76.07,74.932,75.94,522153.0,0.010377860564129872,0.012107503991484787,0.0030335284725917303,11
5285,2020-11-23 13:00:00,75.935,76.38,75.82,76.29,463771.0,0.004675051030486653,0.005860275235398606,0.0015144531507211311,11
5286,2020-11-23 14:00:00,76.285,76.45,75.62,75.93,591180.0,-0.0046536016254832505,0.0021629416005768667,0.008717310087172997,11
5287,2020-11-23 15:00:00,75.88,76.43,75.525,75.85,887384.0,-0.00039536109646812255,0.007248286768582122,0.004678439641539138,11
5288,2020-11-23 16:00:00,75.78,75.8,75.69,75.7,168752.0,-0.001055687516495095,0.00026392187912372686,0.001187648456057052,11
5289,2020-11-23 17:00:00,75.7,75.78,75.69,75.78,1019.0,0.0010568031704094886,0.0010568031704094886,0.00013210039630125647,11
5290,2020-11-23 18:00:00,76.0,76.75,75.9,76.75,10767.0,0.009868421052631578,0.009868421052631578,0.0013157894736841357,11
5291,2020-11-23 19:00:00,76.78,77.0,76.71,76.99,16895.0,0.002735087262307811,0.002865329512893968,0.0009116957541027271,11
5292,2020-11-24 04:00:00,79.0,79.3,78.76,78.81,10330.0,-0.0024050632911392115,0.0037974683544303436,0.003037974683544239,11
5293,2020-11-24 05:00:00,78.81,79.5,78.81,79.44,1562.0,0.007993909402360048,0.008755234107346754,0.0,11
5294,2020-11-24 06:00:00,79.44,79.75,78.92,79.18,3306.0,-0.0032729103726081435,0.00390231621349449,0.006545820745216466,11
5295,2020-11-24 07:00:00,78.94,79.2,78.5,79.19,26780.0,0.0031669622498099823,0.0032936407398024463,0.00557385355966554,11
5296,2020-11-24 08:00:00,78.95,79.2,78.5,79.18,55254.0,0.0029132362254592017,0.003166561114629512,0.005699810006333158,11
5297,2020-11-24 09:00:00,79.01,82.49,78.25,82.2055,1979037.0,0.04044424756359948,0.044045057587647,0.009619035565118403,11
5298,2020-11-24 10:00:00,82.23,82.59,80.13,80.7,1855762.0,-0.01860634804815762,0.004377964246625312,0.02553812477198113,11
5299,2020-11-24 11:00:00,80.7296,80.82,80.1,80.35,729958.0,-0.004702116695735029,0.0011197875376564267,0.007798874266687938,11
5300,2020-11-24 12:00:00,80.39,81.17,80.39,80.6,646354.0,0.002612265207115235,0.009702699340714034,0.0,11
5301,2020-11-24 13:00:00,80.615,81.2,80.25,80.84,689538.0,0.0027910438504001557,0.007256714011040228,0.004527693357315573,11
5302,2020-11-24 14:00:00,80.82,81.425,80.42,81.425,644827.0,0.007485770848799852,0.007485770848799852,0.00494926998267745,11
5303,2020-11-24 15:00:00,81.4,81.81,81.13,81.63,1082068.0,0.0028255528255527,0.0050368550368549946,0.0033169533169534423,11
5304,2020-11-24 16:00:00,81.7002,81.83,81.45,81.7,116940.0,-2.447974423470548e-06,0.0015887354008925687,0.003062416003877499,11
5305,2020-11-24 17:00:00,81.9,82.25,81.65,82.01,13622.0,0.0013431013431013362,0.004273504273504204,0.0030525030525030525,11
5306,2020-11-24 18:00:00,82.02,83.0,82.02,82.8,18467.0,0.009509875640087798,0.011948305291392392,0.0,11
5307,2020-11-24 19:00:00,82.82,83.48,82.62,83.22,24839.0,0.004829751267809777,0.007969089591886148,0.002414875633904717,11
5308,2020-11-25 04:00:00,82.36,83.16,78.65,78.8,10493.0,-0.04322486644001945,0.0097134531325886,0.04504613890237972,11
5309,2020-11-25 05:00:00,78.97,81.0,78.05,81.0,2613.0,0.025705964290236815,0.025705964290236815,0.011649993668481724,11
5310,2020-11-25 06:00:00,80.9,80.98,80.48,80.63,3746.0,-0.0033374536464772587,0.0009888751545117217,0.005191594561186671,11
5311,2020-11-25 07:00:00,80.62,81.39,80.05,80.1,40439.0,-0.006450012403870134,0.009550979905730539,0.0070702059042422145,11
5312,2020-11-25 08:00:00,80.9,81.5,78.05,79.92,87109.0,-0.012113720642768899,0.007416563658838001,0.03522867737948095,11
5313,2020-11-25 09:00:00,79.98,81.84,79.59,80.12,855296.0,0.0017504376094023577,0.023255813953488365,0.004876219054763698,11
5314,2020-11-25 10:00:00,80.0952,80.62,79.47,79.7236,990980.0,-0.00463947901996625,0.006552202878574484,0.007805711203667718,11
5315,2020-11-25 11:00:00,79.79,80.27,79.56,80.09,699553.0,0.0037598696578518254,0.0060157914525628495,0.0028825667376864766,11
5316,2020-11-25 12:00:00,80.09,80.611,79.85,80.565,475747.0,0.005930827818703886,0.006505181670620561,0.0029966287926084293,11
5317,2020-11-25 13:00:00,80.59,81.06,80.2,80.32,808771.0,-0.0033502915994541534,0.005831989080531069,0.004839310088100268,11
5318,2020-11-25 14:00:00,80.32,80.32,79.71,80.15,402304.0,-0.0021165338645416773,0.0,0.007594621513944216,11
5319,2020-11-25 15:00:00,80.08,80.169,79.81,80.08,562999.0,0.0,0.0011113886113885943,0.003371628371628322,11
5320,2020-11-25 16:00:00,80.03,80.08,79.84,79.97,36234.0,-0.0007497188554292424,0.0006247657128576428,0.0023741097088591494,11
5321,2020-11-25 17:00:00,80.06,80.0798,79.97,80.04,3004.0,-0.0002498126405195606,0.00024731451411445906,0.0011241568823382889,11
5322,2020-11-25 18:00:00,80.04,80.13,80.04,80.13,3100.0,0.0011244377811093103,0.0011244377811093103,0.0,11
5323,2020-11-25 19:00:00,80.17,80.3,80.08,80.09,2147.0,-0.0009978795060496231,0.0016215541973306155,0.0011226144443058925,11
5324,2020-11-27 04:00:00,80.5,80.5,80.5,80.5,456.0,0.0,0.0,0.0,11
5325,2020-11-27 06:00:00,80.49,80.94,80.49,80.94,4139.0,0.005590756615728698,0.005590756615728698,0.0,11
5326,2020-11-27 07:00:00,80.51,80.6,80.0,80.59,8259.0,0.000993665383182192,0.001117873556079856,0.006334616817786674,11
5327,2020-11-27 08:00:00,80.1999,80.66,80.0001,80.35,15549.0,0.0018715734059518128,0.005736914883933734,0.002491274926776669,11
5328,2020-11-27 09:00:00,80.3,82.07,80.17,80.93,478739.0,0.007845579078455912,0.022042341220423364,0.0016189290161892336,11
5329,2020-11-27 10:00:00,80.8723,82.15,80.66,81.57,710043.0,0.00862718137112457,0.015798981851635356,0.002625126279331725,11
5330,2020-11-27 11:00:00,81.54,81.6726,80.77,81.35,431219.0,-0.0023301447142508205,0.001626195732155954,0.0094432180524897,11
5331,2020-11-27 12:00:00,81.365,81.49,80.79,81.49,452051.0,0.0015362871013334973,0.0015362871013334973,0.0070669206661339475,11
5332,2020-11-27 13:00:00,81.48,81.48,81.48,81.48,49113.0,0.0,0.0,0.0,11
5333,2020-11-27 15:00:00,81.48,81.48,81.48,81.48,0.0,0.0,0.0,0.0,11
5334,2020-11-27 16:00:00,81.91,81.93,81.55,81.55,1465.0,-0.004395067757294585,0.00024417043096093555,0.004395067757294585,11
5335,2020-11-30 04:00:00,81.19,82.54,81.18,81.19,2132.0,0.0,0.01662766350535791,0.00012316787781735318,11
5336,2020-11-30 05:00:00,80.5,80.5,80.5,80.5,1699.0,0.0,0.0,0.0,11
5337,2020-11-30 07:00:00,80.97,82.12,80.58,81.7,18349.0,0.00901568482153889,0.014202791157218793,0.004816598740274182,11
5338,2020-11-30 08:00:00,80.7754,82.27,80.26,82.2,17550.0,0.017636557664833574,0.018503158139730552,0.006380655496599207,11
5339,2020-11-30 09:00:00,82.21,82.5,80.1,80.28,646932.0,-0.023476462717430882,0.003527551392774678,0.0256659773750152,11
5340,2020-11-30 10:00:00,80.29,80.5913,77.7,79.12,1190594.0,-0.014572175862498463,0.0037526466558724333,0.03225806451612907,11
5341,2020-11-30 11:00:00,79.13,80.6299,78.7,80.33,564369.0,0.015164918488563162,0.018954884367496663,0.005434095791735026,11
5342,2020-11-30 12:00:00,80.4,80.6,79.63,79.92,290141.0,-0.005970149253731393,0.002487562189054585,0.009577114427860823,11
5343,2020-11-30 13:00:00,79.95,80.29,79.5669,79.95,300269.0,0.0,0.004252657911194539,0.004791744840525314,11
5344,2020-11-30 14:00:00,79.97,80.25,79.4,80.2,375781.0,0.002876078529448593,0.003501312992372154,0.007127672877328913,11
5345,2020-11-30 15:00:00,80.25,80.4,78.52,78.81,1069454.0,-0.017943925233644832,0.0018691588785047437,0.021557632398753943,11
5346,2020-11-30 16:00:00,78.81,79.14,78.81,79.0,402082.0,0.0024108615657911143,0.0041872858774267005,0.0,11
5347,2020-11-30 17:00:00,78.819851,79.09,78.819851,79.09,21608.0,0.0034274233784075984,0.0034274233784075984,0.0,11
5348,2020-11-30 18:00:00,79.14,79.5,79.03,79.5,4827.0,0.004548900682335095,0.004548900682335095,0.0013899418751579407,11
5349,2020-11-30 19:00:00,79.72,79.86,79.45,79.6,2300.0,-0.0015052684395384414,0.001756146512794789,0.0033868539889613147,11
5350,2020-12-01 04:00:00,81.5,81.55,81.5,81.5,1305.0,0.0,0.0006134969325153025,0.0,12
5351,2020-12-01 05:00:00,81.4,81.4,81.4,81.4,100.0,0.0,0.0,0.0,12
5352,2020-12-01 06:00:00,81.39,81.85,81.39,81.51,1771.0,0.001474382602285349,0.00565179997542688,0.0,12
5353,2020-12-01 07:00:00,81.3,81.3,80.67,80.67,14502.0,-0.007749077490774852,0.0,0.007749077490774852,12
5354,2020-12-01 08:00:00,81.1,81.3,80.06,80.44,12662.0,-0.008138101109741018,0.002466091245376114,0.012823674475955513,12
5355,2020-12-01 09:00:00,80.43,80.8,79.1,79.79,551541.0,-0.007957229889344778,0.0046002735297773255,0.016536118363794757,12
5356,2020-12-01 10:00:00,79.8,80.47,79.25,80.06,518605.0,0.0032581453634085854,0.008395989974937365,0.006892230576441068,12
5357,2020-12-01 11:00:00,80.105,80.54,79.27,79.29,338714.0,-0.010174146432806912,0.005430372635915389,0.010423818737906597,12
5358,2020-12-01 12:00:00,79.27,79.8399,78.9,79.57,401317.0,0.003784533871578115,0.007189352844708011,0.004667591774946264,12
5359,2020-12-01 13:00:00,79.68,79.8699,78.96,79.14,224852.0,-0.006777108433735018,0.0023832831325300502,0.009036144578313416,12
5360,2020-12-01 14:00:00,79.19,79.9,78.8802,78.9058,416927.0,-0.0035888369743654305,0.008965778507387397,0.003912110114913444,12
5361,2020-12-01 15:00:00,78.9176,78.95,78.15,78.23,697382.0,-0.00871288533863155,0.0004105548065325068,0.009726600910316425,12
5362,2020-12-01 16:00:00,78.29,78.46,78.29,78.46,38126.0,0.002171413973687412,0.002171413973687412,0.0,12
5363,2020-12-01 17:00:00,78.31,78.4,78.31,78.4,1271.0,0.0011492785084919346,0.0011492785084919346,0.0,12
5364,2020-12-01 18:00:00,78.4,78.49,78.4,78.49,800.0,0.0011479591836733316,0.0011479591836733316,0.0,12
5365,2020-12-01 19:00:00,78.3,78.3,77.86,77.86,6420.0,-0.005619412515964211,0.0,0.005619412515964211,12
5366,2020-12-02 04:00:00,79.49,79.49,79.4,79.49,2133.0,0.0,0.0,0.001132217889042511,12
5367,2020-12-02 05:00:00,80.0,80.4,80.0,80.4,481.0,0.005000000000000071,0.005000000000000071,0.0,12
5368,2020-12-02 06:00:00,79.5,79.5,79.15,79.15,607.0,-0.004402515723270369,0.0,0.004402515723270369,12
5369,2020-12-02 07:00:00,79.01,79.04,77.79,78.1,5854.0,-0.01151752942665499,0.00037969877230731726,0.015441083407163634,12
5370,2020-12-02 08:00:00,79.1,79.19,77.53,77.7,15328.0,-0.01769911504424768,0.001137800252844544,0.019848293299620647,12
5371,2020-12-02 09:00:00,77.8,78.7,75.97,78.64,620048.0,0.01079691516709516,0.011568123393316268,0.02352185089974291,12
5372,2020-12-02 10:00:00,78.6201,79.7,78.25,79.21,483402.0,0.007503170308865038,0.013735673192987663,0.0047074475865585734,12
5373,2020-12-02 11:00:00,79.2697,80.88,79.2128,80.69,662831.0,0.01791731266801814,0.020314193191093132,0.0007178026408577153,12
5374,2020-12-02 12:00:00,80.66,80.75,79.905,80.06,276969.0,-0.007438631291842231,0.0011157946937763875,0.009360277708901505,12
5375,2020-12-02 13:00:00,80.045,80.14,79.61,79.8126,229582.0,-0.002903366856143399,0.001186832406771177,0.005434443125741799,12
5376,2020-12-02 14:00:00,79.7563,81.2,79.725,80.97,453531.0,0.015217606634209497,0.01810139136344097,0.0003924454870649925,12
5377,2020-12-02 15:00:00,80.975,81.37,80.54,80.7,797355.0,-0.0033961099104660884,0.0048780487804879315,0.005372028403828195,12
5378,2020-12-02 16:00:00,80.64,80.7,80.6,80.64,25803.0,0.0,0.0007440476190476472,0.0004960317460318235,12
5379,2020-12-02 17:00:00,80.7,81.05,80.7,81.05,3306.0,0.004337050805452222,0.004337050805452222,0.0,12
5380,2020-12-02 18:00:00,81.1,81.61,81.1,81.45,8277.0,0.0043156596794082435,0.0062885326757090645,0.0,12
5381,2020-12-02 19:00:00,81.15,81.27,81.15,81.27,847.0,0.0014787430683917478,0.0014787430683917478,0.0,12
5382,2020-12-03 04:00:00,80.5,80.5,80.5,80.5,100.0,0.0,0.0,0.0,12
5383,2020-12-03 05:00:00,80.4,80.4,80.4,80.4,791.0,0.0,0.0,0.0,12
5384,2020-12-03 07:00:00,81.0,81.51,80.99,81.51,7714.0,0.00629629629629636,0.00629629629629636,0.00012345679012351995,12
5385,2020-12-03 08:00:00,81.5139,81.75,81.0,81.51,18391.0,-4.784460073682609e-05,0.002896438521528148,0.006304446235550092,12
5386,2020-12-03 09:00:00,81.52,82.65,81.0,82.45,509883.0,0.01140824337585877,0.013861629048086478,0.006378802747791904,12
5387,2020-12-03 10:00:00,82.51,85.0,81.96,84.3701,973387.0,0.022543934068597605,0.03017816022300321,0.006665858683796041,12
5388,2020-12-03 11:00:00,84.4103,85.1,83.33,84.72,992821.0,0.0036689835245223897,0.008170803800010043,0.012798201167393176,12
5389,2020-12-03 12:00:00,84.76,84.99,84.01,84.42,704261.0,-0.004011326097215708,0.0027135441245869484,0.008848513449740443,12
5390,2020-12-03 13:00:00,84.38,84.91,83.51,83.76,553293.0,-0.007347712728134515,0.006281109267598971,0.010310500118511381,12
5391,2020-12-03 14:00:00,83.76,84.77,83.68,84.6719,332183.0,0.010887058261699958,0.012058261700095402,0.0009551098376313072,12
5392,2020-12-03 15:00:00,84.6449,84.86,83.45,84.35,1525699.0,-0.0034839665473054204,0.002541204490760725,0.014116621320363117,12
5393,2020-12-03 16:00:00,84.21,84.83,84.12,84.65,53326.0,0.005225032656454245,0.007362546015912654,0.0010687566797291201,12
5394,2020-12-03 17:00:00,84.66,84.73,82.0,82.17,73257.0,-0.029411764705882294,0.0008268367587999928,0.03141979683439637,12
5395,2020-12-03 18:00:00,81.92,82.8,81.52,82.62,18930.0,0.008544921875000035,0.010742187499999944,0.004882812500000069,12
5396,2020-12-03 19:00:00,82.71,83.16,82.62,83.16,6732.0,0.005440696409140405,0.005440696409140405,0.0010881392818279435,12
5397,2020-12-04 04:00:00,83.39,84.69,83.39,84.69,5682.0,0.01558939920853816,0.01558939920853816,0.0,12
5398,2020-12-04 05:00:00,84.64,84.71,84.39,84.65,3130.0,0.00011814744801518332,0.0008270321361057795,0.002953686200378072,12
5399,2020-12-04 06:00:00,84.56,84.56,83.3,83.3,5099.0,-0.01490066225165569,0.0,0.01490066225165569,12
5400,2020-12-04 07:00:00,83.5,84.2,83.2,83.24,33656.0,-0.0031137724550898815,0.008383233532934166,0.003592814371257451,12
5401,2020-12-04 08:00:00,83.6901,84.2,83.4,83.4,50016.0,-0.003466359820337117,0.006092715864839471,0.003466359820337117,12
5402,2020-12-04 09:00:00,83.4,83.75,82.1,83.67,1669919.0,0.0032374100719423982,0.00419664268585125,0.01558752997601932,12
5403,2020-12-04 10:00:00,83.675,83.675,80.43,81.18,2212744.0,-0.02981774723633093,0.0,0.03878099790857473,12
5404,2020-12-04 11:00:00,81.24,82.45,81.13,82.25,1193510.0,0.012432299359921285,0.014894140817331463,0.0013540128015755717,12
5405,2020-12-04 12:00:00,82.24,82.81,82.0,82.735,603867.0,0.0060189688715953866,0.006930933852140168,0.0029182879377431287,12
5406,2020-12-04 13:00:00,82.72,82.85,82.08,82.5,537841.0,-0.002659574468085093,0.0015715667311411443,0.00773694390715668,12
5407,2020-12-04 14:00:00,82.48,82.75,82.315,82.49,570268.0,0.00012124151309397314,0.0032735208535402036,0.002000484966052452,12
5408,2020-12-04 15:00:00,82.5,82.76,81.89,82.695,1413162.0,0.002363636363636281,0.0031515151515152137,0.007393939393939387,12
5409,2020-12-04 16:00:00,82.7,83.48,82.7,83.05,50879.0,0.004232164449818552,0.009431680773881512,0.0,12
5410,2020-12-04 17:00:00,83.05,83.0502,82.73,83.01,3313.0,-0.00048163756773018717,2.4081878387313585e-06,0.0038531005418421817,12
5411,2020-12-04 18:00:00,83.01,83.43,83.01,83.38,1152.0,0.004457294301891222,0.005059631369714513,0.0,12
5412,2020-12-04 19:00:00,83.39,83.43,83.0,83.0,2981.0,-0.004676819762561465,0.00047967382180125016,0.004676819762561465,12
5413,2020-12-07 04:00:00,81.88,81.88,81.88,81.88,1751.0,0.0,0.0,0.0,12
5414,2020-12-07 05:00:00,81.88,81.88,81.88,81.88,544.0,0.0,0.0,0.0,12
5415,2020-12-07 07:00:00,82.42,82.5,81.7,81.82,14843.0,-0.007279786459597288,0.0009706381946129373,0.008735743751516608,12
5416,2020-12-07 08:00:00,82.0501,82.44,81.8,82.35,9149.0,0.0036550839060524466,0.004751974708135606,0.003048137662233237,12
5417,2020-12-07 09:00:00,82.42,82.8,80.3,80.855,1244635.0,-0.018988109682115964,0.004610531424411496,0.025721912157243444,12
5418,2020-12-07 10:00:00,80.975,81.97,80.36,81.08,1068455.0,0.0012966965112689594,0.01228774313059592,0.007594936708860697,12
5419,2020-12-07 11:00:00,81.05,81.88,81.03,81.7,1041967.0,0.008019740900678664,0.010240592227020336,0.00024676125848236915,12
5420,2020-12-07 12:00:00,81.66,81.69,80.96,81.16,414092.0,-0.006122948812147931,0.0003673769287288898,0.008572128337007138,12
5421,2020-12-07 13:00:00,81.17,81.633,80.66,80.845,358801.0,-0.004003942343230292,0.005704077861278722,0.006283109523222929,12
5422,2020-12-07 14:00:00,80.8599,81.425,80.76,81.23,329788.0,0.004577052407930357,0.006988630953043487,0.0012354702392655815,12
5423,2020-12-07 15:00:00,81.2429,81.84,81.02,81.63,887207.0,0.004764724055886601,0.007349565315861417,0.0027436243659447147,12
5424,2020-12-07 16:00:00,81.62,81.7,81.62,81.62,30585.0,0.0,0.000980151923548129,0.0,12
5425,2020-12-07 17:00:00,81.55,81.55,81.5,81.5,4451.0,-0.0006131207847945697,0.0,0.0006131207847945697,12
5426,2020-12-07 18:00:00,81.6,81.7,81.5,81.7,1210.0,0.0012254901960785359,0.0012254901960785359,0.0012254901960783617,12
5427,2020-12-07 19:00:00,81.51,81.62,81.39,81.62,2044.0,0.001349527665317132,0.001349527665317132,0.0014722119985278437,12
5428,2020-12-08 06:00:00,81.5,81.5,81.5,81.5,175.0,0.0,0.0,0.0,12
5429,2020-12-08 07:00:00,81.13,81.13,80.98,81.0,4156.0,-0.0016023665721680693,0.0,0.0018488845063477318,12
5430,2020-12-08 08:00:00,81.01,81.23,80.9405,81.23,6689.0,0.0027157141093691996,0.0027157141093691996,0.0008579187754598815,12
5431,2020-12-08 09:00:00,81.25,83.805,80.51,83.33,770195.0,0.02559999999999998,0.03144615384615393,0.009107692307692246,12
5432,2020-12-08 10:00:00,83.39,83.85,82.56,83.52,718065.0,0.0015589399208537648,0.00551624895071344,0.009953231802374365,12
5433,2020-12-08 11:00:00,83.515,83.74,83.2106,83.53,602382.0,0.00017960845357122156,0.0026941268035681532,0.003644854217805198,12
5434,2020-12-08 12:00:00,83.51,83.62,82.8704,82.99,366880.0,-0.006226799185726382,0.0013172075200574712,0.007658962998443318,12
5435,2020-12-08 13:00:00,82.99,83.33,82.69,83.08,267108.0,0.0010844680081937995,0.00409687914206535,0.003614893360645827,12
5436,2020-12-08 14:00:00,83.11,83.37,82.54,82.555,404956.0,-0.006677896763325624,0.003128384069305801,0.006858380459631731,12
5437,2020-12-08 15:00:00,82.5501,82.95,82.5,82.86,768742.0,0.003754083883605216,0.004844330897236979,0.0006069041709216643,12
5438,2020-12-08 16:00:00,82.83,83.0,82.81,82.81,38698.0,-0.00024145840878903805,0.0020523964747072524,0.00024145840878903805,12
5439,2020-12-08 17:00:00,82.81,83.07,82.8,82.81,3021.0,0.0,0.003139717425431601,0.00012075836251666604,12
5440,2020-12-08 18:00:00,82.8,82.81,82.6,82.8,15571.0,0.0,0.00012077294685996518,0.002415458937198102,12
5441,2020-12-08 19:00:00,82.95,82.99,82.24,82.99,9439.0,0.00048221820373709514,0.00048221820373709514,0.008559373116335237,12
5442,2020-12-09 04:00:00,83.16,83.16,83.0,83.0,3293.0,-0.001924001924001883,0.0,0.001924001924001883,12
5443,2020-12-09 05:00:00,83.11,83.52,83.1,83.5,8789.0,0.0046925761039586155,0.004933221032366702,0.00012032246420412846,12
5444,2020-12-09 06:00:00,83.39,83.49,83.38,83.4,5159.0,0.00011991845545035515,0.00119918455450287,0.00011991845545035515,12
5445,2020-12-09 07:00:00,83.17,83.76,83.17,83.62,14057.0,0.005410604785379377,0.0070939040519418465,0.0,12
5446,2020-12-09 08:00:00,83.5,83.85,83.17,83.79,35249.0,0.0034730538922156436,0.004191616766466998,0.003952095808383213,12
5447,2020-12-09 09:00:00,83.55,84.17,82.1,83.455,931355.0,-0.0011370436864153067,0.0074207061639737235,0.017354877318970712,12
5448,2020-12-09 10:00:00,83.41,84.97,83.16,83.85,1402483.0,0.005275146864884279,0.018702793430044388,0.0029972425368660835,12
5449,2020-12-09 11:00:00,83.865,84.33,83.3601,84.2,552078.0,0.003994514994336231,0.005544625290645722,0.006020389912359056,12
5450,2020-12-09 12:00:00,84.19,84.23,82.9379,83.45,586137.0,-0.008789642475353307,0.0004751158094786347,0.014872312626202621,12
5451,2020-12-09 13:00:00,83.45,83.52,80.9,80.9,972854.0,-0.030557219892150954,0.0008388256440981807,0.030557219892150954,12
5452,2020-12-09 14:00:00,80.92,82.56,80.8714,82.49,622964.0,0.019401878398418105,0.020266930301532385,0.0006005931784479427,12
5453,2020-12-09 15:00:00,82.5599,82.99,81.73,82.37,1216555.0,-0.0023001481348692817,0.005209550883661389,0.010052095508836553,12
5454,2020-12-09 16:00:00,82.37,82.41,82.22,82.41,250996.0,0.0004856136943060828,0.0004856136943060828,0.0018210513536482417,12
5455,2020-12-09 17:00:00,82.45,82.7,82.4,82.7,2642.0,0.0030321406913280777,0.0030321406913280777,0.0006064281382655811,12
5456,2020-12-09 18:00:00,82.72,82.73,82.65,82.73,4653.0,0.00012088974854938487,0.00012088974854938487,0.0008462282398451786,12
5457,2020-12-09 19:00:00,82.83,82.83,82.65,82.7,8443.0,-0.0015694796571290046,0.0,0.0021731256791016856,12
5458,2020-12-10 05:00:00,82.04,82.39,82.04,82.39,600.0,0.004266211604095494,0.004266211604095494,0.0,12
5459,2020-12-10 06:00:00,82.6,82.6,82.6,82.6,100.0,0.0,0.0,0.0,12
5460,2020-12-10 07:00:00,82.68,82.8,81.66,81.66,7172.0,-0.012336719883889818,0.0014513788098692588,0.012336719883889818,12
5461,2020-12-10 08:00:00,82.677,82.7999,81.07,81.15,14417.0,-0.018469465510359603,0.001486507734920076,0.01943708649322077,12
5462,2020-12-10 09:00:00,81.04,82.0,80.35,81.69,623029.0,0.008020730503454978,0.011846001974333584,0.008514313919052467,12
5463,2020-12-10 10:00:00,81.69,82.62,81.1,81.96,597514.0,0.003305178112376007,0.011384502387073165,0.007222426245562534,12
5464,2020-12-10 11:00:00,82.0,82.0422,80.73,80.9,510585.0,-0.013414634146341394,0.0005146341463413905,0.015487804878048732,12
5465,2020-12-10 12:00:00,80.9,81.2,80.35,80.67,694749.0,-0.00284301606922131,0.0037082818294190004,0.0067985166872683725,12
5466,2020-12-10 13:00:00,80.62,80.98,80.5,80.61,451141.0,-0.00012403870007448667,0.004465393202679228,0.001488464400893135,12
5467,2020-12-10 14:00:00,80.66,81.42,80.51,80.98,420881.0,0.003967270022315986,0.009422266303000311,0.0018596578229604695,12
5468,2020-12-10 15:00:00,81.0,81.16,80.64,80.68,888032.0,-0.003950617283950533,0.0019753086419752666,0.0044444444444444375,12
5469,2020-12-10 16:00:00,80.64,81.0,80.6,81.0,83406.0,0.004464285714285707,0.004464285714285707,0.0004960317460318235,12
5470,2020-12-10 17:00:00,80.86,82.95,80.85,82.14,28101.0,0.0158298293346525,0.025847143210487304,0.0001236705416770358,12
5471,2020-12-10 18:00:00,82.4,82.47,80.64,82.3,33511.0,-0.001213592233009812,0.0008495145631067133,0.021359223300970936,12
5472,2020-12-10 19:00:00,82.2,82.47,81.78,82.47,14631.0,0.003284671532846667,0.003284671532846667,0.005109489051094911,12
5473,2020-12-11 04:00:00,80.86,81.42,80.85,80.85,2800.0,-0.0001236705416770358,0.00692555033391049,0.0001236705416770358,12
5474,2020-12-11 05:00:00,80.85,80.85,80.01,80.02,4318.0,-0.010265924551638817,0.0,0.010389610389610256,12
5475,2020-12-11 06:00:00,80.02,80.02,79.79,79.8,19416.0,-0.002749312671832028,0.0,0.0028742814296424616,12
5476,2020-12-11 07:00:00,80.15,80.98,80.15,80.93,22713.0,0.009731752963194024,0.010355583281347452,0.0,12
5477,2020-12-11 08:00:00,80.8899,81.25,80.38,81.04,17942.0,0.0018556086730235667,0.004451730067659903,0.006303629995833866,12
5478,2020-12-11 09:00:00,80.69,81.47,79.78,80.0101,630537.0,-0.008426075102243196,0.00966662535630191,0.01127772958235217,12
5479,2020-12-11 10:00:00,80.05,80.37,78.31,78.89,828737.0,-0.01449094316052463,0.00399750156152414,0.021736414740786945,12
5480,2020-12-11 11:00:00,78.9,79.04,77.9,78.15,653531.0,-0.009505703422053232,0.0017743979721166103,0.012674271229404309,12
5481,2020-12-11 12:00:00,78.09,78.25,77.11,77.63,593648.0,-0.0058906390062749125,0.0020489179152259774,0.01254962223075943,12
5482,2020-12-11 13:00:00,77.61,77.83,77.01,77.08,600965.0,-0.00682901687926815,0.002834686251771664,0.007730962504831778,12
5483,2020-12-11 14:00:00,77.09,77.74,77.01,77.2,510549.0,0.0014269036191464448,0.008431703204047106,0.001037748086651943,12
5484,2020-12-11 15:00:00,77.2,77.2049,76.26,76.435,1937953.0,-0.009909326424870473,6.347150259057166e-05,0.012176165803108778,12
5485,2020-12-11 16:00:00,76.45,76.97,76.35,76.94,57471.0,0.00640941792020922,0.006801831262262865,0.001308044473512211,12
5486,2020-12-11 17:00:00,76.8,76.94,76.75,76.77,4572.0,-0.0003906250000000148,0.001822916666666674,0.0006510416666666297,12
5487,2020-12-11 18:00:00,76.87,76.92,76.8001,76.85,3940.0,-0.0002601795238716044,0.0006504488096786413,0.0009093274359308452,12
5488,2020-12-11 19:00:00,76.82,77.05,76.8,77.05,4134.0,0.0029940119760479564,0.0029940119760479564,0.00026034886748237465,12
5489,2020-12-14 04:00:00,78.12,79.0,78.12,79.0,910.0,0.011264720942140238,0.011264720942140238,0.0,12
5490,2020-12-14 05:00:00,78.62,78.84,78.56,78.84,7595.0,0.0027982701602645493,0.0027982701602645493,0.0007631645891630917,12
5491,2020-12-14 06:00:00,78.9,79.01,78.8,78.9,2690.0,0.0,0.0013941698352344667,0.0012674271229405388,12
5492,2020-12-14 07:00:00,78.71,79.05,78.24,78.8,22249.0,0.0011434379367298109,0.004319654427645832,0.005971287002922105,12
5493,2020-12-14 08:00:00,78.9437,79.24,78.45,78.85,47825.0,-0.001186921818967347,0.0037533077370326953,0.006253823927685223,12
5494,2020-12-14 09:00:00,78.74,79.43,75.8,76.3898,1254456.0,-0.029847599695199404,0.008763017526035205,0.03733807467614932,12
5495,2020-12-14 10:00:00,76.33,77.25,75.25,75.345,916046.0,-0.012904493646010736,0.012052928075461834,0.01414908947988993,12
5496,2020-12-14 11:00:00,75.325,75.63,74.74,74.9367,983454.0,-0.005154995021573195,0.004049120477928876,0.007766345834716335,12
5497,2020-12-14 12:00:00,74.915,75.11,74.48,74.89,497742.0,-0.0003337115397451202,0.002602950010011255,0.005806580791563802,12
5498,2020-12-14 13:00:00,74.94,75.18,74.76,74.91,482437.0,-0.0004003202562049792,0.0032025620496398334,0.0024019215372296852,12
5499,2020-12-14 14:00:00,74.98,75.0599,74.54,74.5961,441673.0,-0.00512003200853557,0.0010656174979993994,0.005868231528407545,12
5500,2020-12-14 15:00:00,74.6,74.82,73.95,74.05,1180798.0,-0.007372654155495941,0.002949061662198376,0.008713136729222406,12
5501,2020-12-14 16:00:00,74.27,74.52,74.03,74.12,95298.0,-0.0020196580045777767,0.003366096674296486,0.0032314528073245576,12
5502,2020-12-14 17:00:00,74.18,74.39,74.1,74.39,3651.0,0.0028309517390131267,0.0028309517390131267,0.0010784578053385347,12
5503,2020-12-14 18:00:00,74.25,74.39,74.2,74.29,6003.0,0.0005387205387206229,0.0018855218855218933,0.0006734006734006352,12
5504,2020-12-14 19:00:00,74.25,74.35,74.22,74.29,3668.0,0.0005387205387206229,0.0013468013468012703,0.00040404040404041933,12
5505,2020-12-15 04:00:00,74.55,74.98,74.55,74.96,4440.0,0.005499664654594187,0.005767940979208677,0.0,12
5506,2020-12-15 05:00:00,74.98,74.98,74.98,74.98,122.0,0.0,0.0,0.0,12
5507,2020-12-15 06:00:00,74.59,74.59,74.5,74.5,1342.0,-0.0012065960584529214,0.0,0.0012065960584529214,12
5508,2020-12-15 07:00:00,74.77,75.44,74.2,74.38,25248.0,-0.005215995720208648,0.008960813160358455,0.007623378360304844,12
5509,2020-12-15 08:00:00,74.9299,75.3,74.11,74.5,26502.0,-0.005737362521503479,0.004939283250077655,0.010942227335149306,12
5510,2020-12-15 09:00:00,74.45,74.9799,71.5,72.045,1237067.0,-0.03230355943586301,0.0071175285426460415,0.03962390866353261,12
5511,2020-12-15 10:00:00,72.09,72.45,70.75,71.64,1755341.0,-0.006242197253433248,0.004993757802746559,0.018587876265778933,12
5512,2020-12-15 11:00:00,71.6493,72.55,71.25,72.52,1150647.0,0.012152247125931439,0.012570953240296842,0.005572978382203269,12
5513,2020-12-15 12:00:00,72.53,73.53,72.13,73.3237,725400.0,0.010943058044946935,0.013787398317937405,0.00551495932717504,12
5514,2020-12-15 13:00:00,73.33,74.54,73.1,74.48,738514.0,0.01568253102413754,0.016500750034092567,0.0031365062048275467,12
5515,2020-12-15 14:00:00,74.46,74.5,73.81,74.325,472935.0,-0.0018130539887186532,0.0005372011818426841,0.008729519204942138,12
5516,2020-12-15 15:00:00,74.325,74.35,73.46,74.05,884484.0,-0.003699966363942222,0.0003363605785400804,0.011638076017490872,12
5517,2020-12-15 16:00:00,74.05,74.5,74.05,74.49,30114.0,0.0059419311276164444,0.006076975016880525,0.0,12
5518,2020-12-15 17:00:00,74.43,74.43,74.2,74.2,1640.0,-0.003090151820502539,0.0,0.003090151820502539,12
5519,2020-12-15 18:00:00,74.19,74.19,74.19,74.19,657.0,0.0,0.0,0.0,12
5520,2020-12-15 19:00:00,74.37,74.39,74.03,74.05,6106.0,-0.004302810272959626,0.0002689256420599169,0.004571735915019542,12
5521,2020-12-16 04:00:00,74.6,74.6,74.6,74.6,302.0,0.0,0.0,0.0,12
5522,2020-12-16 05:00:00,74.56,74.56,74.54,74.54,739.0,-0.0002682403433475861,0.0,0.0002682403433475861,12
5523,2020-12-16 07:00:00,74.67,74.7,74.35,74.35,3106.0,-0.0042855229677247544,0.00040176777822420164,0.0042855229677247544,12
5524,2020-12-16 08:00:00,74.65,74.79,73.9015,74.0,12490.0,-0.008707300736771676,0.0018754186202277368,0.010026791694574776,12
5525,2020-12-16 09:00:00,73.99,74.54,73.22,74.5,553713.0,0.006892823354507436,0.00743343695093947,0.01040681173131499,12
5526,2020-12-16 10:00:00,74.5,74.64,72.35,72.54,657634.0,-0.02630872483221468,0.0018791946308724908,0.02885906040268464,12
5527,2020-12-16 11:00:00,72.575,73.615,72.38,73.445,323823.0,0.011987599035480403,0.014330003444712256,0.0026868756458836704,12
5528,2020-12-16 12:00:00,73.47,73.5496,72.96,73.3224,374617.0,-0.0020089832584728063,0.001083435415815969,0.00694160881992657,12
5529,2020-12-16 13:00:00,73.29,73.6197,73.25,73.5757,307860.0,0.0038982125801608866,0.004498567335243393,0.0005457770500751296,12
5530,2020-12-16 14:00:00,73.58,73.96,73.24,73.92,445781.0,0.0046208208752378825,0.005164446860559873,0.0046208208752378825,12
5531,2020-12-16 15:00:00,73.9,74.1799,73.515,73.68,585597.0,-0.0029769959404600654,0.003787550744248955,0.005209742895805211,12
5532,2020-12-16 16:00:00,73.65,73.91,73.52,73.91,27311.0,0.0035302104548539156,0.0035302104548539156,0.0017651052274271508,12
5533,2020-12-16 17:00:00,73.68,73.68,73.67,73.67,1109.0,-0.00013572204125956996,0.0,0.00013572204125956996,12
5534,2020-12-16 18:00:00,73.84,73.84,73.7,73.71,902.0,-0.001760563380281821,0.0,0.0018959913326110586,12
5535,2020-12-16 19:00:00,73.8,73.8,73.4,73.4,7742.0,-0.00542005420054189,0.0,0.00542005420054189,12
5536,2020-12-17 07:00:00,74.75,74.82,74.05,74.15,11274.0,-0.008026755852842734,0.0009364548494982365,0.009364548494983315,12
5537,2020-12-17 08:00:00,74.69,75.0,74.0,74.0,64580.0,-0.009238184495916424,0.004150488686571191,0.009238184495916424,12
5538,2020-12-17 09:00:00,74.2784,74.33,72.61,72.82,500148.0,-0.01963424090987436,0.0006946837842494376,0.022461442357401416,12
5539,2020-12-17 10:00:00,72.7859,74.08,72.7859,73.42,592008.0,0.008711852158179038,0.017779542466329335,0.0,12
5540,2020-12-17 11:00:00,73.48,74.48,73.38,73.76,449281.0,0.003810560696788257,0.01360914534567229,0.0013609145345673452,12
5541,2020-12-17 12:00:00,73.76,74.05,73.56,73.87,237209.0,0.0014913232104121397,0.003931670281995554,0.0027114967462039427,12
5542,2020-12-17 13:00:00,73.88,74.0057,73.71,73.8,156547.0,-0.0010828370330265066,0.0017014076881430567,0.0023010286951813982,12
5543,2020-12-17 14:00:00,73.78,74.0,73.71,73.79,266121.0,0.00013553808620229217,0.0029818378964488867,0.0009487666034156599,12
5544,2020-12-17 15:00:00,73.7752,74.23,73.67,73.94,784790.0,0.002233812988646586,0.006164673223522347,0.0014259534369272656,12
5545,2020-12-17 16:00:00,74.0,74.0,73.94,74.0,11540.0,0.0,0.0,0.0008108108108108416,12
5546,2020-12-17 17:00:00,74.24,74.24,73.98,74.0,943.0,-0.0032327586206895866,0.0,0.003502155172413671,12
5547,2020-12-17 18:00:00,73.97,74.0,73.95,74.0,2236.0,0.00040556982560499034,0.00040556982560499034,0.0002703798837365962,12
5548,2020-12-17 19:00:00,74.04,74.04,73.33,73.33,5704.0,-0.009589411129119502,0.0,0.009589411129119502,12
5549,2020-12-18 04:00:00,73.94,73.94,73.94,73.94,201.0,0.0,0.0,0.0,12
5550,2020-12-18 06:00:00,73.93,73.93,73.93,73.93,161.0,0.0,0.0,0.0,12
5551,2020-12-18 07:00:00,73.98,73.99,73.79,73.93,2150.0,-0.0006758583400918783,0.0001351716680182604,0.0025682616923492526,12
5552,2020-12-18 08:00:00,73.9389,73.9899,73.7,73.8,8745.0,-0.0018785781232883729,0.0006897587061749895,0.0032310461746117534,12
5553,2020-12-18 09:00:00,73.85,74.09,72.87,72.95,498615.0,-0.012186865267433874,0.00324983073798252,0.01327014218009465,12
5554,2020-12-18 10:00:00,73.0,74.49,72.83,73.69,567944.0,0.009452054794520517,0.02041095890410952,0.0023287671232876945,12
5555,2020-12-18 11:00:00,73.7189,73.92,73.2,73.375,245837.0,-0.004665018061853947,0.002727930015233498,0.007038900471927852,12
5556,2020-12-18 12:00:00,73.3002,73.48,73.03,73.04,255936.0,-0.00354978567589171,0.0024529264585908383,0.003686210951675475,12
5557,2020-12-18 13:00:00,73.065,73.4528,72.63,72.88,388608.0,-0.002531992061862756,0.005307602819407358,0.005953602956271844,12
5558,2020-12-18 14:00:00,72.87,72.87,72.29,72.45,383158.0,-0.0057636887608069395,0.0,0.007959379717304765,12
5559,2020-12-18 15:00:00,72.47,72.47,71.5801,72.29,949024.0,-0.0024837863943699824,0.0,0.012279563957499618,12
5560,2020-12-18 16:00:00,73.0,73.0,72.11,72.47,359831.0,-0.0072602739726027555,0.0,0.012191780821917816,12
5561,2020-12-18 17:00:00,72.55,72.7,72.55,72.7,7195.0,0.0020675396278429454,0.0020675396278429454,0.0,12
5562,2020-12-18 18:00:00,72.61,72.7,72.51,72.68,943.0,0.0009640545379425339,0.001239498691640317,0.0013772207684891106,12
5563,2020-12-18 19:00:00,72.68,72.78,72.51,72.78,4761.0,0.0013758943313152765,0.0013758943313152765,0.0023390203632361268,12
5564,2020-12-21 04:00:00,69.99,69.99,68.0,68.26,24345.0,-0.02471781683097571,0.0,0.028432633233318974,12
5565,2020-12-21 05:00:00,68.26,68.26,65.59,66.0,18494.0,-0.033108702021681875,0.0,0.03911514796366835,12
5566,2020-12-21 06:00:00,65.03,67.03,65.02,67.0,16521.0,0.03029371059510993,0.03075503613716746,0.00015377518068591597,12
5567,2020-12-21 07:00:00,67.0,69.21,66.99,68.77,104543.0,0.026417910447761133,0.032985074626865576,0.00014925373134335994,12
5568,2020-12-21 08:00:00,67.525,69.1999,67.2,68.99,121464.0,0.021695668271010576,0.024804146612365695,0.004813032210292526,12
5569,2020-12-21 09:00:00,68.94,70.89,68.7,70.105,1126175.0,0.016898752538439313,0.028285465622280286,0.0034812880765882634,12
5570,2020-12-21 10:00:00,70.05,70.7,68.89,70.58,967241.0,0.007566024268379746,0.00927908636688088,0.0165596002855103,12
5571,2020-12-21 11:00:00,70.61,71.045,70.08,70.48,381657.0,-0.0018410989944766386,0.006160600481518231,0.007506018977481959,12
5572,2020-12-21 12:00:00,70.5,71.3118,70.05,71.08,308414.0,0.008226950354609904,0.01151489361702135,0.006382978723404296,12
5573,2020-12-21 13:00:00,71.06,71.4216,71.02,71.24,318468.0,0.0025330706445256487,0.0050886574725583405,0.0005629045876724776,12
5574,2020-12-21 14:00:00,71.21,72.24,71.08,71.44,408579.0,0.0032298834433366662,0.014464260637550923,0.0018255862940597593,12
5575,2020-12-21 15:00:00,71.47,71.87,71.04,71.82,733795.0,0.004897159647404426,0.005596753882748086,0.006016510423954003,12
5576,2020-12-21 16:00:00,72.14,72.15,71.6,71.8,38298.0,-0.004713057942888874,0.000138619351261507,0.0074854449681176355,12
5577,2020-12-21 17:00:00,71.7,71.8,71.65,71.8,51072.0,0.0013947001394699345,0.0013947001394699345,0.0006973500697349673,12
5578,2020-12-21 18:00:00,72.14,72.14,71.71,71.71,2825.0,-0.0059606321042418465,0.0,0.0059606321042418465,12
5579,2020-12-21 19:00:00,71.89,71.89,71.48,71.49,1681.0,-0.005564056196967668,0.0,0.005703157601891731,12
5580,2020-12-22 05:00:00,72.5,72.5,72.5,72.5,301.0,0.0,0.0,0.0,12
5581,2020-12-22 07:00:00,71.82,71.88,71.82,71.88,849.0,0.0008354218880534987,0.0008354218880534987,0.0,12
5582,2020-12-22 08:00:00,71.9899,72.3,71.7,72.01,12076.0,0.00027920583304045897,0.004307548697803322,0.004026953781016544,12
5583,2020-12-22 09:00:00,72.01,72.02,69.09,69.1,630166.0,-0.04041105402027511,0.00013886960144411753,0.040549923621719226,12
5584,2020-12-22 10:00:00,69.1,70.04,68.91,69.0107,837390.0,-0.0012923299565845787,0.01360347322720712,0.002749638205499244,12
5585,2020-12-22 11:00:00,69.015,69.72,68.57,69.37,707900.0,0.0051438093168152425,0.010215170615083653,0.006447873650655762,12
5586,2020-12-22 12:00:00,69.35,70.15,69.25,69.9176,479720.0,0.008184571016582536,0.011535688536409681,0.0014419610670511078,12
5587,2020-12-22 13:00:00,69.95,70.08,69.66,69.72,395546.0,-0.003288062902072966,0.001858470335954188,0.004145818441744192,12
5588,2020-12-22 14:00:00,69.72,70.15,69.54,70.095,396159.0,0.005378657487091222,0.006167527251864699,0.0025817555938036805,12
5589,2020-12-22 15:00:00,70.095,70.12,69.36,69.67,771131.0,-0.006063199942934548,0.000356658820172704,0.010485769313075105,12
5590,2020-12-22 16:00:00,69.69,69.84,69.52,69.83,47991.0,0.002008896541828104,0.0021523891519587557,0.0024393743722198554,12
5591,2020-12-22 17:00:00,69.55,69.82,69.5,69.77,1846.0,0.003163191948238661,0.003882099209201956,0.0007189072609632949,12
5592,2020-12-22 18:00:00,69.77,69.77,69.77,69.77,500.0,0.0,0.0,0.0,12
5593,2020-12-22 19:00:00,69.65,69.7,69.05,69.05,8934.0,-0.008614501076812756,0.0007178750897343454,0.008614501076812756,12
5594,2020-12-23 04:00:00,69.69,70.49,69.69,70.49,520.0,0.011479408810446222,0.011479408810446222,0.0,12
5595,2020-12-23 05:00:00,70.09,70.43,70.09,70.09,896.0,0.0,0.004850905978028298,0.0,12
5596,2020-12-23 06:00:00,70.4,70.4,70.14,70.14,1247.0,-0.0036931818181818905,0.0,0.0036931818181818905,12
5597,2020-12-23 07:00:00,70.07,70.07,69.35,69.5,3574.0,-0.00813472242043661,0.0,0.010275438846867404,12
5598,2020-12-23 08:00:00,69.5101,70.4,69.41,70.35,17089.0,0.01208313611978691,0.012802456045956078,0.0014400784921903096,12
5599,2020-12-23 09:00:00,70.3,72.1,69.9,71.9161,717250.0,0.022988620199146558,0.025604551920341355,0.005689900426742411,12
5600,2020-12-23 10:00:00,71.93,72.87,70.8601,71.73,1036360.0,-0.002780481023217056,0.013068260809119945,0.014874183233699486,12
5601,2020-12-23 11:00:00,71.705,72.3,71.31,71.41,468937.0,-0.0041140785161425525,0.00829788717662644,0.005508681402970449,12
5602,2020-12-23 12:00:00,71.41,71.43,70.74,71.1003,332303.0,-0.004336927601176198,0.00028007281893306586,0.00938243943425293,12
5603,2020-12-23 13:00:00,71.1,71.27,70.93,71.07,339522.0,-0.0004219409282700582,0.002390998593530263,0.0023909985935300633,12
5604,2020-12-23 14:00:00,71.095,71.3,71.06,71.08,169712.0,-0.00021098530135734678,0.002883465785216939,0.0004922990365004092,12
5605,2020-12-23 15:00:00,71.0501,71.69,71.03,71.39,514696.0,0.004783948228081313,0.009006320891877664,0.00028289896847434896,12
5606,2020-12-23 16:00:00,71.42,71.43,71.22,71.43,28512.0,0.00014001680201631357,0.00014001680201631357,0.002800336040324879,12
5607,2020-12-23 17:00:00,71.4301,71.66,71.42,71.42,2752.0,-0.00014139697410467332,0.003218531123433968,0.00014139697410467332,12
5608,2020-12-23 18:00:00,71.49,71.5,71.49,71.49,1500.0,0.0,0.00013987970345510025,0.0,12
5609,2020-12-23 19:00:00,71.49,71.56,71.49,71.51,1790.0,0.0002797594069102005,0.0009791579241853043,0.0,12
5610,2020-12-24 07:00:00,71.52,71.52,71.52,71.52,303.0,0.0,0.0,0.0,12
5611,2020-12-24 08:00:00,71.5,71.6,71.5,71.54,703.0,0.0005594405594406469,0.001398601398601319,0.0,12
5612,2020-12-24 09:00:00,71.56,71.85,70.43,71.17,321302.0,-0.005449972051425385,0.004052543320290554,0.01579094466182218,12
5613,2020-12-24 10:00:00,71.1,71.1,70.1801,70.76,421131.0,-0.004781997187060327,0.0,0.012938115330520372,12
5614,2020-12-24 11:00:00,70.74,70.81,70.07,70.675,410877.0,-0.0009188577890867646,0.0009895391574781932,0.00947130336443316,12
5615,2020-12-24 12:00:00,70.68,70.8,70.48,70.67,391795.0,-0.00014148273910590147,0.0016977928692698122,0.002829654782116622,12
5616,2020-12-24 13:00:00,70.66,70.79,70.66,70.79,6079.0,0.0018397962071894944,0.0018397962071894944,0.0,12
5617,2020-12-24 14:00:00,70.79,70.8,70.695,70.75,1400.0,-0.0005650515609550254,0.0001412628902386058,0.0013419974572681603,12
5618,2020-12-24 15:00:00,70.75,70.85,70.7001,70.85,3999.0,0.0014134275618373755,0.0014134275618373755,0.0007053003533568034,12
5619,2020-12-24 16:00:00,70.88,70.9,70.8,70.8,1460.0,-0.0011286681715575381,0.0002821670428895349,0.0011286681715575381,12
5620,2020-12-28 04:00:00,74.1,74.89,71.55,73.5,4591.0,-0.008097165991902758,0.010661268556005483,0.03441295546558701,12
5621,2020-12-28 05:00:00,73.85,73.9,72.21,72.89,2107.0,-0.012999322951929503,0.0006770480704131534,0.022207176709546386,12
5622,2020-12-28 06:00:00,72.8,73.4,72.8,73.29,2738.0,0.006730769230769356,0.00824175824175836,0.0,12
5623,2020-12-28 07:00:00,73.25,73.25,71.56,71.8,16948.0,-0.019795221843003453,0.0,0.023071672354948773,12
5624,2020-12-28 08:00:00,72.2499,72.5,71.7,72.33,25995.0,0.0011086520534976743,0.0034615964866387817,0.007611083198730986,12
5625,2020-12-28 09:00:00,72.33,72.77,71.2,72.6025,667252.0,0.0037674547214158437,0.006083229641918951,0.01562283976220096,12
5626,2020-12-28 10:00:00,72.61,73.41,72.55,72.73,731326.0,0.0016526649221870891,0.011017766147913471,0.0008263324610935446,12
5627,2020-12-28 11:00:00,72.775,73.17,72.7063,72.85,351537.0,0.0010305736860183941,0.005427688079697643,0.0009440054963930864,12
5628,2020-12-28 12:00:00,72.835,73.28,72.81,73.245,352718.0,0.005629161804077859,0.006109700006864933,0.00034324157341925554,12
5629,2020-12-28 13:00:00,73.23,73.99,73.18,73.48,701234.0,0.0034139014065273795,0.010378260275843109,0.0006827802813054371,12
5630,2020-12-28 14:00:00,73.47,73.75,73.05,73.17,349775.0,-0.004083299305839079,0.003811079352116526,0.005716619028174789,12
5631,2020-12-28 15:00:00,73.145,73.36,72.8357,72.89,544797.0,-0.003486225989472903,0.0029393670107321543,0.004228587053113586,12
5632,2020-12-28 16:00:00,72.89,73.0,72.6,72.73,23384.0,-0.0021950884895046863,0.0015091233365344963,0.003978597887227414,12
5633,2020-12-28 17:00:00,72.61,72.89,72.5,72.61,4890.0,0.0,0.0038562181517697446,0.0015149428453380999,12
5634,2020-12-28 18:00:00,72.89,73.09,72.89,73.09,2465.0,0.0027438606118809555,0.0027438606118809555,0.0,12
5635,2020-12-28 19:00:00,73.25,73.49,73.25,73.49,2646.0,0.0032764505119453227,0.0032764505119453227,0.0,12
5636,2020-12-29 04:00:00,73.14,73.14,73.14,73.14,122.0,0.0,0.0,0.0,12
5637,2020-12-29 05:00:00,73.99,74.4,73.99,74.28,1060.0,0.003919448574131724,0.0055412893634276365,0.0,12
5638,2020-12-29 06:00:00,74.0,74.19,74.0,74.19,989.0,0.002567567567567537,0.002567567567567537,0.0,12
5639,2020-12-29 07:00:00,74.0,74.0,73.6,73.79,3196.0,-0.0028378378378377533,0.0,0.005405405405405482,12
5640,2020-12-29 08:00:00,74.18,74.18,73.6,73.78,8283.0,-0.005392289026691907,0.0,0.007818819088703322,12
5641,2020-12-29 09:00:00,73.78,74.4,71.66,71.71,857089.0,-0.028056383843860225,0.008403361344537877,0.0287340742748713,12
5642,2020-12-29 10:00:00,71.725,72.391,70.86,72.29,826095.0,0.007877309166957294,0.00928546531892661,0.012059951202509515,12
5643,2020-12-29 11:00:00,72.24,72.4327,71.66,71.7759,302253.0,-0.0064244186046511905,0.0026674972314507488,0.00802879291251382,12
5644,2020-12-29 12:00:00,71.7887,72.18,71.41,71.555,254531.0,-0.0032553869898744353,0.005450718567128267,0.005275203479099205,12
5645,2020-12-29 13:00:00,71.58,71.935,71.38,71.79,166115.0,0.002933780385582676,0.004959485889913439,0.002794076557697721,12
5646,2020-12-29 14:00:00,71.785,71.83,71.17,71.335,221641.0,-0.006268719091732296,0.0006268719091732494,0.008567249425367346,12
5647,2020-12-29 15:00:00,71.37,71.89,71.23,71.6,602291.0,0.0032226425669047184,0.007285974499089197,0.001961608518985576,12
5648,2020-12-29 16:00:00,71.55,71.99,71.55,71.6,36247.0,0.0006988120195666968,0.00614954577218725,0.0,12
5649,2020-12-29 17:00:00,71.61,71.99,71.5,71.77,2242.0,0.0022343248149699286,0.00530652143555363,0.0015360983102918507,12
5650,2020-12-29 18:00:00,71.7,71.7,71.65,71.65,2800.0,-0.0006973500697349673,0.0,0.0006973500697349673,12
5651,2020-12-29 19:00:00,71.5,71.7,71.5,71.7,2285.0,0.002797202797202837,0.002797202797202837,0.0,12
5652,2020-12-30 07:00:00,72.04,72.47,71.86,71.86,3888.0,-0.0024986118822877125,0.00596890616324254,0.0024986118822877125,12
5653,2020-12-30 08:00:00,72.4,72.4,71.72,71.84,3496.0,-0.007734806629834285,0.0,0.00939226519337026,12
5654,2020-12-30 09:00:00,71.77,72.465,71.19,72.465,362932.0,0.009683711857322105,0.009683711857322105,0.008081371046398193,12
5655,2020-12-30 10:00:00,72.49,73.7255,72.04,73.495,1086281.0,0.013863981238791692,0.0170437301696786,0.006207752793488601,12
5656,2020-12-30 11:00:00,73.51,73.53,72.74,73.26,511482.0,-0.0034008978370289756,0.0002720718269622639,0.010474765338049384,12
5657,2020-12-30 12:00:00,73.29,73.42,72.83,72.99,472521.0,-0.0040933278755629875,0.001773775412743832,0.006276436075863118,12
5658,2020-12-30 13:00:00,72.99,74.07,72.8801,73.6,523401.0,0.00835730922044115,0.014796547472256451,0.0015056857103712305,12
5659,2020-12-30 14:00:00,73.61,73.81,73.1,73.17,356201.0,-0.005977448716207006,0.00271702214373051,0.006928406466512772,12
5660,2020-12-30 15:00:00,73.16,73.88,73.0,73.77,876686.0,0.008337889557135039,0.009841443411700368,0.0021869874248222607,12
5661,2020-12-30 16:00:00,73.75,73.83,73.73,73.76,43464.0,0.0001355932203390524,0.0010847457627118412,0.00027118644067791216,12
5662,2020-12-30 17:00:00,73.75,73.79,73.75,73.76,10092.0,0.0001355932203390524,0.000542372881356017,0.0,12
5663,2020-12-30 18:00:00,73.81,73.81,73.8,73.8,4100.0,-0.0001354829968839604,0.0,0.0001354829968839604,12
5664,2020-12-30 19:00:00,73.89,73.9,73.89,73.9,700.0,0.00013533631073223867,0.00013533631073223867,0.0,12
5665,2020-12-31 07:00:00,73.75,73.9,73.53,73.53,1114.0,-0.0029830508474576116,0.002033898305084823,0.0029830508474576116,12
5666,2020-12-31 08:00:00,73.9,73.9,73.9,73.9,339.0,0.0,0.0,0.0,12
5667,2020-12-31 09:00:00,73.29,73.75,71.2,71.9297,924605.0,-0.018560513030427196,0.006276436075862924,0.028516850866421112,12
5668,2020-12-31 10:00:00,71.935,74.88,71.8,74.8743,1581265.0,0.04086049906165292,0.04093973726280661,0.001876694237853689,12
5669,2020-12-31 11:00:00,74.84,75.75,74.27,74.56,836681.0,-0.0037413148049171715,0.012159273115980713,0.00761624799572431,12
5670,2020-12-31 12:00:00,74.56,74.98,74.08,74.95,831721.0,0.005230686695278978,0.005633047210300452,0.0064377682403434005,12
5671,2020-12-31 13:00:00,74.955,75.3402,74.77,75.26,331702.0,0.004069108131545685,0.005139083450070009,0.002468147555199817,12
5672,2020-12-31 14:00:00,75.27,75.67,75.11,75.1912,557516.0,-0.001046897834462616,0.005314202205393991,0.002125680882157521,12
5673,2020-12-31 15:00:00,75.195,75.41,74.6,74.65,989848.0,-0.007247822328612109,0.0028592326617461724,0.007912760156925313,12
5674,2020-12-31 16:00:00,74.69,74.75,74.66,74.66,29278.0,-0.0004016601954746437,0.0008033203909492874,0.0004016601954746437,12
5675,2020-12-31 17:00:00,74.66,74.71,74.65,74.71,2479.0,0.000669702652022464,0.000669702652022464,0.0001339405304043786,12
5676,2020-12-31 18:00:00,74.73,74.75,74.65,74.65,1271.0,-0.0010705205406128502,0.000267630135153165,0.0010705205406128502,12
5677,2020-12-31 19:00:00,74.55,74.67,74.55,74.65,1363.0,0.0013413816230718784,0.0016096579476861778,0.0,12
5678,2021-01-04 04:00:00,74.97,75.0,74.97,75.0,580.0,0.0004001600640256254,0.0004001600640256254,0.0,1
5679,2021-01-04 05:00:00,74.82,75.22,74.56,75.22,2468.0,0.0053461641272387825,0.0053461641272387825,0.003475006682705038,1
5680,2021-01-04 06:00:00,75.21,75.22,75.21,75.22,560.0,0.00013296104241464056,0.00013296104241464056,0.0,1
5681,2021-01-04 07:00:00,75.21,76.0,75.2,75.4,36660.0,0.002526259805877037,0.010503922350751314,0.0001329610424144516,1
5682,2021-01-04 08:00:00,75.5153,75.9499,74.84,75.46,16199.0,-0.000732301930867024,0.005755125120339894,0.008942558660297886,1
5683,2021-01-04 09:00:00,75.18,75.25,71.85,72.82,1115935.0,-0.03139132748071313,0.0009310986964617341,0.04429369513168412,1
5684,2021-01-04 10:00:00,72.88,72.98,70.3,70.775,1135166.0,-0.028883095499451013,0.001372118551042927,0.03540065861690448,1
5685,2021-01-04 11:00:00,70.8037,70.95,69.89,70.3636,927317.0,-0.006215776859118958,0.0020662761974303114,0.012904692833849159,1
5686,2021-01-04 12:00:00,70.36,70.92,69.95,70.77,505951.0,0.005827174530983465,0.007959067652075075,0.005827174530983465,1
5687,2021-01-04 13:00:00,70.75,71.81,70.67,71.42,440278.0,0.009469964664310979,0.014982332155477064,0.0011307420494699406,1
5688,2021-01-04 14:00:00,71.4098,71.74,70.89,71.47,366086.0,0.0008430215460622309,0.0046240151911921155,0.007279112950883542,1
5689,2021-01-04 15:00:00,71.44,71.48,70.51,70.72,819066.0,-0.010078387458006703,0.0005599104143337941,0.013017917133258576,1
5690,2021-01-04 16:00:00,70.72,71.0,70.7,71.0,86722.0,0.003959276018099564,0.003959276018099564,0.00028280542986419715,1
5691,2021-01-04 17:00:00,70.76,70.9799,70.7,70.7,5286.0,-0.00084793668739404,0.003107687959298976,0.00084793668739404,1
5692,2021-01-04 18:00:00,70.86,70.86,70.51,70.7,3073.0,-0.0022579734688116934,0.0,0.004939316963025605,1
5693,2021-01-04 19:00:00,70.56,70.75,70.5,70.75,3303.0,0.002692743764172303,0.002692743764172303,0.0008503401360544539,1
5694,2021-01-05 04:00:00,70.73,70.73,70.72,70.72,500.0,-0.0001413827230313179,0.0,0.0001413827230313179,1
5695,2021-01-05 05:00:00,70.73,70.74,70.73,70.74,600.0,0.00014138272303111698,0.00014138272303111698,0.0,1
5696,2021-01-05 06:00:00,70.72,71.0,70.72,70.98,1200.0,0.0036764705882353665,0.003959276018099564,0.0,1
5697,2021-01-05 07:00:00,70.65,70.65,70.11,70.11,6147.0,-0.007643312101910916,0.0,0.007643312101910916,1
5698,2021-01-05 08:00:00,70.2825,70.3,70.0,70.1,15026.0,-0.002596663465300815,0.00024899512680963675,0.0040194927613559405,1
5699,2021-01-05 09:00:00,70.1,72.605,70.1,70.8434,691617.0,0.010604850213980147,0.03573466476462211,0.0,1
5700,2021-01-05 10:00:00,70.89,71.5598,70.65,71.17,547572.0,0.0039497813513894925,0.009448441247002328,0.003385526872619479,1
5701,2021-01-05 11:00:00,71.19,72.05,71.0901,71.9586,396737.0,0.01079646017699124,0.012080348363534197,0.001403286978508091,1
5702,2021-01-05 12:00:00,71.99,72.3,71.8,72.29,354989.0,0.004167245450757208,0.004306153632448983,0.0026392554521461,1
5703,2021-01-05 13:00:00,72.28,73.05,71.98,72.965,471496.0,0.009477033757609329,0.010653016048699447,0.0041505257332595065,1
5704,2021-01-05 14:00:00,72.9644,73.27,72.4493,72.5,511831.0,-0.006364747739993719,0.004188343904698707,0.007059607150884595,1
5705,2021-01-05 15:00:00,72.5,72.82,72.38,72.61,711648.0,0.001517241379310337,0.0044137931034481815,0.001655172413793166,1
5706,2021-01-05 16:00:00,72.55,72.55,72.55,72.55,22757.0,0.0,0.0,0.0,1
5707,2021-01-05 17:00:00,72.55,72.7,72.49,72.56,52690.0,0.00013783597518959498,0.0020675396278429454,0.0008270158511371782,1
5708,2021-01-05 18:00:00,72.13,72.13,72.13,72.13,200.0,0.0,0.0,0.0,1
5709,2021-01-05 19:00:00,72.5,72.82,72.49,72.82,4205.0,0.0044137931034481815,0.0044137931034481815,0.00013793103448282918,1
5710,2021-01-06 05:00:00,73.59,73.97,73.59,73.97,403.0,0.0051637450740589135,0.0051637450740589135,0.0,1
5711,2021-01-06 06:00:00,73.78,73.78,73.46,73.46,270.0,-0.004337218758471231,0.0,0.004337218758471231,1
5712,2021-01-06 07:00:00,73.46,73.5,73.0,73.0,4957.0,-0.0062619112442144536,0.000544514021236132,0.0062619112442144536,1
5713,2021-01-06 08:00:00,73.74,73.74,72.88,73.0,21317.0,-0.010035259018171887,0.0,0.01166259831841605,1
5714,2021-01-06 09:00:00,72.88,73.73,71.14,71.37,563132.0,-0.02071899012074631,0.011663007683864003,0.023874862788144827,1
5715,2021-01-06 10:00:00,71.4,73.25,71.4,73.0829,510010.0,0.023570028011204332,0.02591036414565818,0.0,1
5716,2021-01-06 11:00:00,73.0918,73.17,72.105,72.125,314765.0,-0.013227201956991157,0.001069887456595615,0.013500830462514294,1
5717,2021-01-06 12:00:00,72.1371,73.165,72.0381,73.11,311832.0,0.013486818849108096,0.014249255930720841,0.0013723867469028245,1
5718,2021-01-06 13:00:00,73.11,73.96,72.96,73.89,374497.0,0.010668855149774328,0.011626316509369366,0.0020517029134182146,1
5719,2021-01-06 14:00:00,73.86,74.07,71.45,72.5228,544980.0,-0.018104522068778713,0.0028432168968317594,0.0326292986731654,1
5720,2021-01-06 15:00:00,72.46,72.5643,71.87,72.26,696677.0,-0.0027601435274632715,0.0014394148495723044,0.008142423406016964,1
5721,2021-01-06 16:00:00,72.2,72.5,71.96,72.3,42449.0,0.0013850415512464587,0.0041551246537395725,0.003324099722991816,1
5722,2021-01-06 17:00:00,72.31,72.35,72.05,72.05,1664.0,-0.0035956299267045377,0.0005531738348775003,0.0035956299267045377,1
5723,2021-01-06 18:00:00,72.3,72.3,72.1,72.3,3010.0,0.0,0.0,0.00276625172890737,1
5724,2021-01-06 19:00:00,72.15,72.3,72.1,72.12,2009.0,-0.00041580041580043154,0.0020790020790019607,0.0006930006930008505,1
5725,2021-01-07 06:00:00,72.14,72.14,72.1,72.1,367.0,-0.000554477405045831,0.0,0.000554477405045831,1
5726,2021-01-07 07:00:00,72.09,72.35,72.09,72.35,1869.0,0.0036066028575390606,0.0036066028575390606,0.0,1
5727,2021-01-07 08:00:00,72.25,72.7,72.25,72.41,9459.0,0.0022145328719722713,0.006228373702422184,0.0,1
5728,2021-01-07 09:00:00,72.44,75.39,72.44,74.8217,893349.0,0.03287824406405314,0.04072335726118171,0.0,1
5729,2021-01-07 10:00:00,74.87,75.39,73.79,74.78,678314.0,-0.001202083611593474,0.006945371978095312,0.014425003339121119,1
5730,2021-01-07 11:00:00,74.78,74.98,74.17,74.33,315007.0,-0.006017651778550452,0.002674511901578,0.008157261299812776,1
5731,2021-01-07 12:00:00,74.28,75.44,74.28,75.23,306693.0,0.012789445341949418,0.015616585891222355,0.0,1
5732,2021-01-07 13:00:00,75.32,75.37,74.6,74.65,303049.0,-0.008895379713223414,0.0006638343069571345,0.009559214020180548,1
5733,2021-01-07 14:00:00,74.656,74.75,74.28,74.74,292810.0,0.0011251607372480305,0.0012591084440633585,0.005036433776253814,1
5734,2021-01-07 15:00:00,74.75,74.79,73.88,74.0,845316.0,-0.010033444816053512,0.000535117056856271,0.011638795986622135,1
5735,2021-01-07 16:00:00,73.98,73.98,73.7,73.7,31276.0,-0.003784806704514749,0.0,0.003784806704514749,1
5736,2021-01-07 17:00:00,73.7302,73.93,73.7302,73.89,916.0,0.002167361542488752,0.002709880076278247,0.0,1
5737,2021-01-07 18:00:00,73.72,74.15,73.72,74.15,1083.0,0.005832881172002263,0.005832881172002263,0.0,1
5738,2021-01-07 19:00:00,74.15,74.15,74.0,74.0,1500.0,-0.002022926500337231,0.0,0.002022926500337231,1
5739,2021-01-08 04:00:00,74.83,75.0,74.83,75.0,531.0,0.002271816116530826,0.002271816116530826,0.0,1
5740,2021-01-08 05:00:00,74.55,74.55,74.55,74.55,646.0,0.0,0.0,0.0,1
5741,2021-01-08 06:00:00,74.6,74.83,74.6,74.63,788.0,0.00040214477211797774,0.003083109919571099,0.0,1
5742,2021-01-08 07:00:00,74.61,74.61,74.3,74.3,3931.0,-0.0041549390162176954,0.0,0.0041549390162176954,1
5743,2021-01-08 08:00:00,74.6,74.74,74.26,74.4,12109.0,-0.002680965147452931,0.0018766756032171658,0.004557640750670097,1
5744,2021-01-08 09:00:00,74.25,75.49,73.31,73.42,635030.0,-0.011178451178451156,0.016700336700336632,0.01265993265993263,1
5745,2021-01-08 10:00:00,73.4,73.63,72.76,73.48,411655.0,0.0010899182561307668,0.003133514986375882,0.008719346049046329,1
5746,2021-01-08 11:00:00,73.5,73.545,72.86,72.87,299171.0,-0.00857142857142851,0.0006122448979592068,0.008707482993197287,1
5747,2021-01-08 12:00:00,72.915,72.915,72.45,72.765,304668.0,-0.002057189878625875,0.0,0.006377288623740017,1
5748,2021-01-08 13:00:00,72.77,72.8704,71.96,72.38,446402.0,-0.005359351381063633,0.001379689432458535,0.011130960560670637,1
5749,2021-01-08 14:00:00,72.4,73.19,72.4,72.8912,272518.0,0.006784530386740222,0.010911602209944641,0.0,1
5750,2021-01-08 15:00:00,72.9,73.35,72.64,72.99,511367.0,0.0012345679012344196,0.006172839506172683,0.0035665294924554884,1
5751,2021-01-08 16:00:00,72.97,73.17,72.97,73.17,38160.0,0.0027408524050980244,0.0027408524050980244,0.0,1
5752,2021-01-08 17:00:00,73.0,73.25,72.98,72.98,3852.0,-0.0002739726027396715,0.003424657534246575,0.0002739726027396715,1
5753,2021-01-08 18:00:00,73.37,73.38,73.37,73.38,450.0,0.00013629548861920272,0.00013629548861920272,0.0,1
5754,2021-01-08 19:00:00,73.2,73.3,73.15,73.15,826.0,-0.0006830601092895787,0.0013661202185791573,0.0006830601092895787,1
5755,2021-01-11 05:00:00,72.0,72.0,72.0,72.0,700.0,0.0,0.0,0.0,1
5756,2021-01-11 07:00:00,71.69,71.72,71.6,71.68,5363.0,-0.00013948946854499799,0.0004184684056353904,0.0012554052169061712,1
5757,2021-01-11 08:00:00,71.59,72.0,71.2,71.3,24406.0,-0.004050845090096469,0.005727056851515527,0.005447688224612383,1
5758,2021-01-11 09:00:00,71.25,72.35,70.85,72.185,405426.0,0.013122807017543892,0.015438596491227991,0.005614035087719378,1
5759,2021-01-11 10:00:00,72.13,73.1,71.885,72.195,485076.0,0.0009011507001247432,0.013447941217246623,0.003396644946624017,1
5760,2021-01-11 11:00:00,72.15,72.55,71.6,72.27,260374.0,0.001663201663201529,0.005544005544005425,0.00762300762300778,1
5761,2021-01-11 12:00:00,72.36,72.43,71.9784,72.01,208854.0,-0.004836926478717445,0.0009673852957436069,0.005273631840796102,1
5762,2021-01-11 13:00:00,72.06,72.43,71.88,72.1,269036.0,0.0005550929780737169,0.005134610047182966,0.0024979184013323177,1
5763,2021-01-11 14:00:00,72.07,72.13,71.75,72.065,206533.0,-6.937699458853133e-05,0.0008325239350631646,0.004440127653669949,1
5764,2021-01-11 15:00:00,72.08,72.14,71.59,72.11,381515.0,0.0004162042175360868,0.0008324084350721736,0.006798002219755756,1
5765,2021-01-11 16:00:00,72.12,72.2,71.6101,72.11,249272.0,-0.00013865779256801324,0.0011092623405435148,0.007070160843039403,1
5766,2021-01-11 17:00:00,71.65,72.01,71.65,72.0,3449.0,0.004884856943475147,0.005024424284717368,0.0,1
5767,2021-01-11 18:00:00,72.05,72.32,72.05,72.32,656.0,0.0037473976405273564,0.0037473976405273564,0.0,1
5768,2021-01-11 19:00:00,72.21,72.33,72.21,72.33,698.0,0.00166181969256342,0.00166181969256342,0.0,1
5769,2021-01-12 04:00:00,72.35,72.35,72.2,72.3,931.0,-0.0006910850034553857,0.0,0.0020732550103661576,1
5770,2021-01-12 07:00:00,72.0,72.38,72.0,72.38,1604.0,0.005277777777777715,0.005277777777777715,0.0,1
5771,2021-01-12 08:00:00,71.7605,72.59,71.5358,72.41,5946.0,0.009050940280516487,0.011559284007218599,0.0031312490854996634,1
5772,2021-01-12 09:00:00,72.3,72.59,70.81,71.37,488564.0,-0.012863070539418986,0.004011065006915716,0.020608575380359543,1
5773,2021-01-12 10:00:00,71.3999,72.31,71.17,72.17,548823.0,0.01078572939177785,0.012746516451703712,0.003219892464835394,1
5774,2021-01-12 11:00:00,72.2,72.3117,71.6521,71.71,347329.0,-0.006786703601108159,0.0015470914127423687,0.007588642659279757,1
5775,2021-01-12 12:00:00,71.69,71.925,71.27,71.87,262660.0,0.0025108104338123424,0.003278002510810426,0.005858557678895268,1
5776,2021-01-12 13:00:00,71.883,72.06,71.485,71.89,174712.0,9.738046547869458e-05,0.002462334627102468,0.005536775037213196,1
5777,2021-01-12 14:00:00,71.86,72.59,71.86,72.535,316417.0,0.009393264681324759,0.010158641803506875,0.0,1
5778,2021-01-12 15:00:00,72.5342,72.71,72.1671,72.46,508038.0,-0.0010229657182405638,0.0024236842758311983,0.005061060851294886,1
5779,2021-01-12 16:00:00,72.47,72.5,72.18,72.25,19038.0,-0.0030357389264523095,0.0004139643990616964,0.004001655857596137,1
5780,2021-01-12 17:00:00,72.48,72.49,72.47,72.49,3407.0,0.0001379690949226118,0.0001379690949226118,0.0001379690949228079,1
5781,2021-01-12 18:00:00,72.48,72.65,72.48,72.65,998.0,0.0023454746136865575,0.0023454746136865575,0.0,1
5782,2021-01-12 19:00:00,72.28,72.65,72.28,72.65,475.0,0.005118981737686837,0.005118981737686837,0.0,1
5783,2021-01-13 07:00:00,72.5,72.5,71.72,71.72,4027.0,-0.010758620689655189,0.0,0.010758620689655189,1
5784,2021-01-13 08:00:00,72.0339,72.25,71.71,71.95,3548.0,-0.0011647293843593067,0.0029999764000005176,0.004496494011847324,1
5785,2021-01-13 09:00:00,71.8,71.97,71.03,71.5456,342332.0,-0.003543175487465236,0.0023676880222841465,0.010724233983286853,1
5786,2021-01-13 10:00:00,71.5,71.73,70.7737,71.04,426222.0,-0.006433566433566346,0.0032167832167832723,0.010158041958041885,1
5787,2021-01-13 11:00:00,71.02,71.42,70.84,71.2718,390766.0,0.0035454801464376642,0.005632216277105122,0.0025344973246971643,1
5788,2021-01-13 12:00:00,71.2613,71.99,71.1,71.85,255125.0,0.008261145951589272,0.010225746653513045,0.002263500665859468,1
5789,2021-01-13 13:00:00,71.855,72.24,71.6423,72.03,233723.0,0.0024354603019970376,0.005358012664393444,0.0029601280356272787,1
5790,2021-01-13 14:00:00,72.0,72.51,71.93,72.22,254966.0,0.0030555555555555397,0.007083333333333404,0.0009722222222221274,1
5791,2021-01-13 15:00:00,72.2,72.37,71.94,72.25,459112.0,0.0006925207756232293,0.0023545706371191372,0.003601108033241068,1
5792,2021-01-13 16:00:00,72.25,72.33,72.2,72.33,244838.0,0.0011072664359861356,0.0011072664359861356,0.0006920415224913101,1
5793,2021-01-13 17:00:00,72.33,73.29,72.33,72.81,12601.0,0.006636250518457127,0.013272501036914254,0.0,1
5794,2021-01-13 18:00:00,72.52,72.72,72.52,72.53,1695.0,0.00013789299503592274,0.002757859900717083,0.0,1
5795,2021-01-13 19:00:00,72.6,72.6,72.4,72.47,666.0,-0.0017906336088153645,0.0,0.002754820936638962,1
5796,2021-01-14 07:00:00,73.0,73.0,72.64,72.64,1374.0,-0.0049315068493150606,0.0,0.0049315068493150606,1
5797,2021-01-14 08:00:00,73.0,73.43,72.87,73.0,10081.0,0.0,0.005890410958904203,0.0017808219178081569,1
5798,2021-01-14 09:00:00,73.04,76.3,73.0,75.26,1065855.0,0.030394304490690013,0.04463307776560776,0.0005476451259584645,1
5799,2021-01-14 10:00:00,75.25,76.45,74.6501,76.15,854684.0,0.011960132890365524,0.015946843853820634,0.007972093023255883,1
5800,2021-01-14 11:00:00,76.12,76.24,75.34,75.76,543752.0,-0.004729374671571196,0.0015764582238569408,0.010246978455070955,1
5801,2021-01-14 12:00:00,75.7775,76.27,75.5,75.86,428069.0,0.0010887136683051832,0.0064992906865493395,0.003662036884299474,1
5802,2021-01-14 13:00:00,75.8547,76.415,75.85,76.02,530291.0,0.0021791662217371106,0.007386490224073291,6.1960564078425e-05,1
5803,2021-01-14 14:00:00,76.0,76.43,75.73,76.1799,452202.0,0.0023671052631579407,0.005657894736842195,0.003552631578947316,1
5804,2021-01-14 15:00:00,76.175,76.53,75.34,75.87,1106057.0,-0.004003938299967084,0.004660321627830705,0.010961601575319906,1
5805,2021-01-14 16:00:00,75.84,76.0,75.5,75.95,45160.0,0.0014504219409282625,0.0021097046413501657,0.004483122362869243,1
5806,2021-01-14 17:00:00,75.95,76.5,75.84,76.41,6548.0,0.00605661619486496,0.007241606319947296,0.0014483212639894592,1
5807,2021-01-14 18:00:00,76.42,76.61,76.01,76.1,9548.0,-0.004187385501177799,0.0024862601413242306,0.005365087673383886,1
5808,2021-01-14 19:00:00,76.15,76.52,76.08,76.08,4650.0,-0.0009192383453710753,0.004858831254103615,0.0009192383453710753,1
5809,2021-01-15 06:00:00,75.16,75.18,75.16,75.18,464.0,0.00026609898882397863,0.00026609898882397863,0.0,1
5810,2021-01-15 07:00:00,75.55,75.57,75.11,75.11,2527.0,-0.005823957643944378,0.00026472534745196585,0.005823957643944378,1
5811,2021-01-15 08:00:00,75.4,75.64,75.01,75.11,8570.0,-0.0038461538461539288,0.003183023872678977,0.005172413793103455,1
5812,2021-01-15 09:00:00,75.05,76.29,74.44,75.35,545539.0,0.003997335109926677,0.01652231845436388,0.008127914723517647,1
5813,2021-01-15 10:00:00,75.425,75.425,73.235,74.1,750534.0,-0.017567119655286748,0.0,0.02903546569439838,1
5814,2021-01-15 11:00:00,74.0601,74.5,73.67,73.77,305458.0,-0.003917088958832212,0.005939770537711863,0.005267343684386112,1
5815,2021-01-15 12:00:00,73.7613,74.6153,73.72,74.53,188033.0,0.010421454068732457,0.01157788704917076,0.0005599142097550717,1
5816,2021-01-15 13:00:00,74.565,74.62,73.97,74.06,253669.0,-0.006772614497418299,0.0007376114799169426,0.007979615100918647,1
5817,2021-01-15 14:00:00,74.07,74.2,73.58,73.62,273516.0,-0.006075334143377733,0.0017550965303092976,0.006615363845011407,1
5818,2021-01-15 15:00:00,73.64,73.75,72.87,72.91,578031.0,-0.009913090711569853,0.0014937533948940717,0.0104562737642585,1
5819,2021-01-15 16:00:00,72.92,73.5,72.8,72.94,44276.0,0.00027427317608332447,0.007953922106417969,0.0016456390565003367,1
5820,2021-01-15 17:00:00,72.93,72.93,72.8,72.91,1089.0,-0.0002742355683533557,0.0,0.0017825311942960326,1
5821,2021-01-15 18:00:00,72.8,73.49,72.8,73.49,500.0,0.009478021978021948,0.009478021978021948,0.0,1
5822,2021-01-15 19:00:00,72.92,72.92,72.78,72.78,958.0,-0.001919912232583661,0.0,0.001919912232583661,1
5823,2021-01-19 04:00:00,74.5,74.5,74.5,74.5,120.0,0.0,0.0,0.0,1
5824,2021-01-19 06:00:00,74.61,74.69,74.5,74.5,5664.0,-0.0014743331993030348,0.0010722423267658261,0.0014743331993030348,1
5825,2021-01-19 07:00:00,74.5,74.51,73.9,74.0,7809.0,-0.006711409395973154,0.00013422818791953176,0.00805369127516771,1
5826,2021-01-19 08:00:00,73.52,74.14,73.2,73.72,13114.0,0.0027203482045702236,0.008433079434167635,0.004352557127312203,1
5827,2021-01-19 09:00:00,73.9,74.59,73.09,73.76,499492.0,-0.0018944519621109683,0.009336941813261132,0.010960757780784874,1
5828,2021-01-19 10:00:00,73.7,73.9299,72.46,73.37,423393.0,-0.004477611940298484,0.003119402985074636,0.016824966078697545,1
5829,2021-01-19 11:00:00,73.36,74.18,73.325,73.96,234002.0,0.008178844056706575,0.011177753544165859,0.0004770992366411749,1
5830,2021-01-19 12:00:00,73.95,74.44,73.774,74.31,218783.0,0.004868154158215002,0.006626098715348139,0.0023799864773495867,1
5831,2021-01-19 13:00:00,74.32,74.67,74.2702,74.48,195046.0,0.002152852529601868,0.004709364908503883,0.0006700753498384086,1
5832,2021-01-19 14:00:00,74.49,74.4999,73.88,74.01,153565.0,-0.006443817962142433,0.00013290374546921462,0.008189018660222841,1
5833,2021-01-19 15:00:00,74.0124,74.09,73.25,73.46,423336.0,-0.007463614205187317,0.0010484729585853707,0.010300976593111418,1
5834,2021-01-19 16:00:00,73.48,73.85,73.48,73.8,21679.0,0.00435492651061504,0.005035383777898616,0.0,1
5835,2021-01-19 17:00:00,73.54,73.54,73.27,73.5,1335.0,-0.0005439216752788448,0.0,0.003671471308131768,1
5836,2021-01-19 18:00:00,73.49,73.5,73.35,73.35,5650.0,-0.0019050210913049473,0.00013607293509327958,0.0019050210913049473,1
5837,2021-01-19 19:00:00,73.36,73.5499,73.35,73.5499,3510.0,0.002588604143947579,0.002588604143947579,0.00013631406761184728,1
5838,2021-01-20 07:00:00,73.74,73.88,73.73,73.73,1000.0,-0.00013561160835355175,0.001898562516951459,0.00013561160835355175,1
5839,2021-01-20 08:00:00,73.8887,73.89,73.68,73.68,3420.0,-0.002824518498769003,1.7594029939632487e-05,0.002824518498769003,1
5840,2021-01-20 09:00:00,73.98,75.16,72.71,72.955,508702.0,-0.01385509597188437,0.015950256826169133,0.017166801838334824,1
5841,2021-01-20 10:00:00,72.95,73.39,72.43,72.68,529935.0,-0.0037011651816311994,0.0060315284441397905,0.007128169979437916,1
5842,2021-01-20 11:00:00,72.68,73.06,72.27,72.5616,240670.0,-0.001629058888277494,0.005228398458998286,0.005641166758393103,1
5843,2021-01-20 12:00:00,72.565,73.1629,72.565,72.9722,148218.0,0.005611520705574356,0.008239509405360652,0.0,1
5844,2021-01-20 13:00:00,72.96,73.4306,72.94,73.36,118398.0,0.005482456140350956,0.00645010964912287,0.00027412280701748936,1
5845,2021-01-20 14:00:00,73.3774,73.415,72.86,72.964,126916.0,-0.005633887273193051,0.0005124193552784896,0.007051217404813948,1
5846,2021-01-20 15:00:00,72.945,73.13,72.76,72.83,490263.0,-0.001576530262526491,0.002536157378847108,0.0025361573788469133,1
5847,2021-01-20 16:00:00,72.82,72.88,72.75,72.75,19668.0,-0.0009612743751715626,0.0008239494644328795,0.0009612743751715626,1
5848,2021-01-20 18:00:00,73.1,73.1,72.9,73.0,1173.0,-0.0013679890560874737,0.0,0.0027359781121749473,1
5849,2021-01-20 19:00:00,73.05,73.05,73.05,73.05,1345.0,0.0,0.0,0.0,1
5850,2021-01-21 04:00:00,73.05,73.05,73.05,73.05,400.0,0.0,0.0,0.0,1
5851,2021-01-21 07:00:00,73.13,73.43,73.13,73.43,589.0,0.004102283604540016,0.004102283604540016,0.0,1
5852,2021-01-21 08:00:00,73.2969,73.4,73.1,73.38,5663.0,0.0011337450833527984,0.0014066079192982508,0.002686334619881597,1
5853,2021-01-21 09:00:00,73.01,73.05,71.02,72.015,496532.0,-0.013628270099986364,0.0005478701547732097,0.02725654019997273,1
5854,2021-01-21 10:00:00,72.0,73.05,71.81,72.48,342000.0,0.006666666666666722,0.014583333333333294,0.0026388888888888573,1
5855,2021-01-21 11:00:00,72.52,72.54,71.76,71.88,296112.0,-0.008825151682294547,0.0002757859900718455,0.010479867622724641,1
5856,2021-01-21 12:00:00,71.96,72.65,71.43,72.545,341655.0,0.008129516397999,0.00958866036687065,0.007365202890494538,1
5857,2021-01-21 13:00:00,72.575,73.14,72.3,72.55,222673.0,-0.0003444712366518179,0.007785049948329283,0.0037891836031692136,1
5858,2021-01-21 14:00:00,72.53,73.51,72.378,72.91,759000.0,0.005239211360816151,0.013511650351578712,0.0020956845443264997,1
5859,2021-01-21 15:00:00,72.94,73.14,72.55,72.65,503983.0,-0.00397587057855761,0.00274197970935019,0.005346860433232802,1
5860,2021-01-21 16:00:00,72.66,72.9898,72.45,72.45,10419.0,-0.0028901734104045383,0.004538948527387915,0.0028901734104045383,1
5861,2021-01-21 17:00:00,72.5,72.5,72.5,72.5,152.0,0.0,0.0,0.0,1
5862,2021-01-21 18:00:00,72.52,72.9699,72.52,72.9699,400.0,0.006203805846662983,0.006203805846662983,0.0,1
5863,2021-01-21 19:00:00,72.6,72.75,72.6,72.6,850.0,0.0,0.0020661157024794174,0.0,1
5864,2021-01-22 07:00:00,71.8,71.8,71.57,71.57,4143.0,-0.0032033426183844566,0.0,0.0032033426183844566,1
5865,2021-01-22 08:00:00,71.85,72.0,71.58,71.92,8288.0,0.0009742519137092192,0.0020876826722338996,0.0037578288100208216,1
5866,2021-01-22 09:00:00,71.75,71.92,70.66,71.33,457423.0,-0.005853658536585389,0.0023693379790941005,0.015191637630662069,1
5867,2021-01-22 10:00:00,71.32,72.13,71.2,71.85,405059.0,0.0074312955692653,0.01135726303982056,0.0016825574873806834,1
5868,2021-01-22 11:00:00,71.86,72.28,71.72,72.105,342124.0,0.003409407180629064,0.005844698023935454,0.0019482326746451512,1
5869,2021-01-22 12:00:00,72.12,72.195,71.51,71.725,236804.0,-0.005476982806433863,0.0010399334442594097,0.008458125346644472,1
5870,2021-01-22 13:00:00,71.75,72.0,71.62,71.66,208174.0,-0.0012543554006969116,0.003484320557491289,0.001811846689895407,1
5871,2021-01-22 14:00:00,71.68,72.05,71.59,71.97,226162.0,0.004045758928571317,0.005161830357142722,0.0012555803571429045,1
5872,2021-01-22 15:00:00,71.97,72.09,71.83,71.95,558600.0,-0.00027789356676387414,0.0016673614005836396,0.001945254967347514,1
5873,2021-01-22 16:00:00,71.96,71.98,71.7,71.9,11770.0,-0.0008337965536407458,0.0002779321845471128,0.003613118399110491,1
5874,2021-01-22 17:00:00,72.0,72.0,71.96,72.0,413.0,0.0,0.0,0.0005555555555556424,1
5875,2021-01-22 18:00:00,72.24,72.24,71.91,71.91,602.0,-0.004568106312292336,0.0,0.004568106312292336,1
5876,2021-01-22 19:00:00,72.0,72.0,72.0,72.0,131.0,0.0,0.0,0.0,1
5877,2021-01-25 04:00:00,70.53,72.0,70.47,72.0,1075.0,0.020842194810718827,0.020842194810718827,0.0008507018290089646,1
5878,2021-01-25 06:00:00,70.79,70.79,70.77,70.77,1895.0,-0.0002825257804776131,0.0,0.0002825257804776131,1
5879,2021-01-25 07:00:00,70.96,71.28,70.68,70.68,14956.0,-0.0039458850056367945,0.004509582863585223,0.0039458850056367945,1
5880,2021-01-25 08:00:00,70.87,71.18,70.69,71.0,17219.0,0.0018343445745730978,0.004374206293212957,0.002539861718639859,1
5881,2021-01-25 09:00:00,71.0,71.24,68.61,69.2,1118139.0,-0.025352112676056297,0.003380281690140773,0.033661971830985925,1
5882,2021-01-25 10:00:00,69.22,70.27,68.4067,68.46,1188125.0,-0.010979485697775284,0.015169026292978867,0.011749494365790208,1
5883,2021-01-25 11:00:00,68.48,69.09,67.41,67.61,1939979.0,-0.012704439252336514,0.008907710280373822,0.015625000000000108,1
5884,2021-01-25 12:00:00,67.615,67.95,66.91,67.93,1343702.0,0.004658729571840745,0.004954521925608341,0.010426680470309818,1
5885,2021-01-25 13:00:00,67.935,68.83,67.76,68.585,556593.0,0.00956796938249785,0.013174357842054847,0.002575991756826336,1
5886,2021-01-25 14:00:00,68.5975,69.31,68.44,68.8,487387.0,0.0029520026240023407,0.010386675899267549,0.0022960020408906863,1
5887,2021-01-25 15:00:00,68.83,69.09,68.315,68.433,783193.0,-0.005767833793403914,0.00377742263547879,0.007482202527967464,1
5888,2021-01-25 16:00:00,68.42,68.6,68.42,68.55,60797.0,0.0019000292312188753,0.0026308097047645805,0.0,1
5889,2021-01-25 17:00:00,68.5,68.59,68.4,68.4,8655.0,-0.0014598540145984572,0.001313868613138736,0.0014598540145984572,1
5890,2021-01-25 18:00:00,68.5,68.74,68.41,68.6,8471.0,0.0014598540145984572,0.0035036496350364216,0.001313868613138736,1
5891,2021-01-25 19:00:00,68.69,68.69,68.35,68.6,12473.0,-0.001310234386373612,0.0,0.004949774348522396,1
5892,2021-01-26 04:00:00,68.35,68.52,68.35,68.37,558.0,0.0002926115581566969,0.0024871982443306763,0.0,1
5893,2021-01-26 05:00:00,68.74,68.74,68.74,68.74,105.0,0.0,0.0,0.0,1
5894,2021-01-26 06:00:00,68.64,68.64,68.64,68.64,379.0,0.0,0.0,0.0,1
5895,2021-01-26 07:00:00,68.87,69.12,68.74,69.0,11263.0,0.0018876143458689625,0.0036300275882096703,0.0018876143458691687,1
5896,2021-01-26 08:00:00,68.85,69.4,68.85,69.22,19965.0,0.005374001452432891,0.007988380537400312,0.0,1
5897,2021-01-26 09:00:00,69.26,69.39,67.26,67.3151,699353.0,-0.028081143517181693,0.0018769852728847162,0.02887669650591972,1
5898,2021-01-26 10:00:00,67.25,68.21,67.18,67.43,470043.0,0.002676579925650659,0.014275092936802881,0.0010408921933084488,1
5899,2021-01-26 11:00:00,67.46,67.67,66.77,66.855,639893.0,-0.00896827749777631,0.003112955825674592,0.010228283427216095,1
5900,2021-01-26 12:00:00,66.8401,67.26,66.77,67.01,550437.0,0.00254188728024043,0.006282156968646042,0.001048771620629094,1
5901,2021-01-26 13:00:00,67.0001,67.32,66.77,66.77,484811.0,-0.003434323232353493,0.0047746197393733715,0.003434323232353493,1
5902,2021-01-26 14:00:00,66.78,67.15,66.62,66.67,535568.0,-0.001647199760407299,0.0055405810122791934,0.00239592692422876,1
5903,2021-01-26 15:00:00,66.655,66.876,66.48,66.52,1060351.0,-0.0020253544370265565,0.003315580226539699,0.0026254594554046533,1
5904,2021-01-26 16:00:00,66.52,66.55,66.25,66.45,41216.0,-0.0010523150932049486,0.00045099218280218186,0.004058929645219423,1
5905,2021-01-26 17:00:00,66.5,66.8,66.46,66.8,4673.0,0.004511278195488679,0.004511278195488679,0.0006015037593985903,1
5906,2021-01-26 18:00:00,66.85,66.85,66.55,66.75,5598.0,-0.0014958863126401545,0.0,0.004487658937920676,1
5907,2021-01-26 19:00:00,66.7,66.94,66.62,66.75,7751.0,0.0007496251874062542,0.003598200899550148,0.0011994002998500493,1
5908,2021-01-27 04:00:00,66.2,66.7,66.2,66.7,320.0,0.007552870090634441,0.007552870090634441,0.0,1
5909,2021-01-27 05:00:00,66.8,66.8,66.5,66.5,4713.0,-0.004491017964071814,0.0,0.004491017964071814,1
5910,2021-01-27 06:00:00,66.5,66.5,66.0,66.14,1697.0,-0.005413533834586458,0.0,0.007518796992481203,1
5911,2021-01-27 07:00:00,65.99,66.27,65.09,65.47,23923.0,-0.007879981815426521,0.004243067131383561,0.01363843006516126,1
5912,2021-01-27 08:00:00,65.9,65.99,65.01,65.25,25570.0,-0.009863429438543334,0.0013657056145673625,0.013505311077389993,1
5913,2021-01-27 09:00:00,65.5,66.3,64.34,65.72,928989.0,0.003358778625954181,0.012213740458015224,0.017709923664122086,1
5914,2021-01-27 10:00:00,65.77,68.525,65.685,67.87,1160246.0,0.03192945111753092,0.041888398966094115,0.0012923825452332942,1
5915,2021-01-27 11:00:00,67.855,67.9101,66.53,66.56,500981.0,-0.01908481320462754,0.0008120256429149794,0.01952693242944518,1
5916,2021-01-27 12:00:00,66.5517,67.251,66.4277,67.09,316101.0,0.008088448529489204,0.01050762039136503,0.001863213111009865,1
5917,2021-01-27 13:00:00,67.08,67.88,66.79,67.5391,362515.0,0.006844066785927349,0.011926058437686302,0.004323196183661181,1
5918,2021-01-27 14:00:00,67.575,67.7349,65.7007,65.775,386404.0,-0.026637069922308503,0.0023662597114316427,0.027736588975212802,1
5919,2021-01-27 15:00:00,65.8,66.35,65.46,66.18,681891.0,0.005775075987842092,0.00835866261398172,0.005167173252279687,1
5920,2021-01-27 16:00:00,66.67,66.67,65.5,66.01,32354.0,-0.009899505024748711,0.0,0.017549122543872833,1
5921,2021-01-27 17:00:00,65.77,66.58,65.62,66.05,5006.0,0.004257260149004123,0.012315645431047625,0.0022806750798234983,1
5922,2021-01-27 18:00:00,66.08,66.08,65.62,65.74,1990.0,-0.005145278450363248,0.0,0.006961259079903053,1
5923,2021-01-27 19:00:00,65.97,65.97,65.5,65.5,2828.0,-0.007124450507806562,0.0,0.007124450507806562,1
5924,2021-01-28 05:00:00,65.3,65.3,65.21,65.21,500.0,-0.0013782542113323648,0.0,0.0013782542113323648,1
5925,2021-01-28 06:00:00,65.28,65.8,65.15,65.8,1236.0,0.007965686274509743,0.007965686274509743,0.0019914215686273815,1
5926,2021-01-28 07:00:00,65.5,71.05,65.5,71.0,105601.0,0.08396946564885496,0.08473282442748087,0.0,1
5927,2021-01-28 08:00:00,66.89,72.26,66.56,69.29,368768.0,0.035879802661085446,0.08028105845417857,0.004933472865899212,1
5928,2021-01-28 09:00:00,69.23,70.58,65.55,69.01,1006192.0,-0.003177813086812059,0.01950021666907402,0.05315614617940209,1
5929,2021-01-28 10:00:00,69.05,69.16,67.45,68.4,913059.0,-0.009413468501086047,0.0015930485155684205,0.023171614771904336,1
5930,2021-01-28 11:00:00,68.33,69.26,68.09,68.9599,839368.0,0.009218498463339768,0.013610420020488904,0.003512366456900262,1
5931,2021-01-28 12:00:00,69.0,69.84,68.85,69.72,354599.0,0.010434782608695636,0.012173913043478311,0.0021739130434783433,1
5932,2021-01-28 13:00:00,69.66,69.79,69.03,69.22,263931.0,-0.006316393913293106,0.0018662072925640205,0.009043927648578746,1
5933,2021-01-28 14:00:00,69.22,70.18,68.96,69.78,424042.0,0.008090147356255451,0.013868824039295116,0.0037561398439758037,1
5934,2021-01-28 15:00:00,69.78,69.86,68.92,69.04,650151.0,-0.010604757810260747,0.001146460303811956,0.012324448265978782,1
5935,2021-01-28 16:00:00,69.05,69.3,68.77,69.1,19278.0,0.0007241129616219719,0.003620564808110065,0.004055032585083289,1
5936,2021-01-28 17:00:00,69.19,69.25,69.04,69.04,3012.0,-0.0021679433444138094,0.000867177337765606,0.0021679433444138094,1
5937,2021-01-28 18:00:00,68.76,69.25,68.76,69.04,850.0,0.004072134962187335,0.007126236183827732,0.0,1
5938,2021-01-28 19:00:00,68.85,68.93,68.84,68.93,735.0,0.0011619462599856574,0.0011619462599856574,0.00014524328249805238,1
5939,2021-01-29 07:00:00,69.5,69.5,68.99,68.99,4890.0,-0.007338129496402951,0.0,0.007338129496402951,1
5940,2021-01-29 08:00:00,69.12,69.5,67.5,69.17,31946.0,0.0007233796296295885,0.005497685185185119,0.023437500000000066,1
5941,2021-01-29 09:00:00,68.76,69.33,66.37,67.195,802021.0,-0.022760325770797146,0.008289703315881226,0.0347585805700989,1
5942,2021-01-29 10:00:00,67.19,67.53,66.26,67.08,729203.0,-0.0016371483851763571,0.005060276826908817,0.013841345438309163,1
5943,2021-01-29 11:00:00,67.04,67.05,65.92,66.66,559492.0,-0.0056682577565633895,0.00014916467780416026,0.01670644391408121,1
5944,2021-01-29 12:00:00,66.655,66.75,64.48,64.88,781677.0,-0.02662966019053343,0.0014252494186482465,0.03263071037431546,1
5945,2021-01-29 13:00:00,64.86,65.29,64.2601,65.01,785292.0,0.0023126734505088758,0.006629663891458631,0.009249152019734894,1
5946,2021-01-29 14:00:00,64.98,65.51,64.75,65.17,514605.0,0.002923976608187099,0.008156355801785182,0.0035395506309634345,1
5947,2021-01-29 15:00:00,65.21,65.59,64.9,65.04,1158274.0,-0.0026069621223736776,0.00582732709707115,0.004753872105505108,1
5948,2021-01-29 16:00:00,65.65,65.81,65.0,65.4,143427.0,-0.0038080731150038076,0.002437166793602385,0.009900990099009986,1
5949,2021-01-29 17:00:00,65.41,65.5499,65.15,65.35,12170.0,-0.0009172909341079693,0.0021388166946949587,0.0039749273811342445,1
5950,2021-01-29 18:00:00,65.35,65.49,65.35,65.49,1617.0,0.00214231063504209,0.00214231063504209,0.0,1
5951,2021-01-29 19:00:00,65.35,65.49,65.35,65.49,4891.0,0.00214231063504209,0.00214231063504209,0.0,1
5952,2021-02-01 04:00:00,66.0,67.0,66.0,66.8,2715.0,0.012121212121212078,0.015151515151515152,0.0,2
5953,2021-02-01 05:00:00,66.79,66.79,66.5,66.5,200.0,-0.004341967360383384,0.0,0.004341967360383384,2
5954,2021-02-01 06:00:00,66.75,66.75,66.74,66.74,400.0,-0.00014981273408247364,0.0,0.00014981273408247364,2
5955,2021-02-01 07:00:00,66.5,66.5,65.65,65.87,10171.0,-0.009473684210526247,0.0,0.01278195488721796,2
5956,2021-02-01 08:00:00,66.1499,66.4999,65.65,65.75,20512.0,-0.006045360612790078,0.005291013289513579,0.0075570786955081815,2
5957,2021-02-01 09:00:00,65.8,66.55,65.07,65.48,558909.0,-0.0048632218844983765,0.011398176291793313,0.011094224924012219,2
5958,2021-02-01 10:00:00,65.39,65.84,64.66,65.05,404587.0,-0.005199571799969467,0.0068817862058419155,0.011163786511699096,2
5959,2021-02-01 11:00:00,65.065,65.9299,64.78,65.45,384851.0,0.005917159763313688,0.013292860985168766,0.0043802351494658665,2
5960,2021-02-01 12:00:00,65.48,65.675,65.06,65.395,330637.0,-0.001298106291997678,0.002978008552229584,0.006414172266340893,2
5961,2021-02-01 13:00:00,65.395,65.7,65.19,65.44,298892.0,0.0006881260035171146,0.00466396513494926,0.0031347962382444884,2
5962,2021-02-01 14:00:00,65.43,65.79,65.3,65.68,513422.0,0.003820877273421977,0.005502063273727638,0.001986856182179576,2
5963,2021-02-01 15:00:00,65.68,65.85,65.4299,65.75,646247.0,0.0010657734470157303,0.00258830694275255,0.0038078562728380526,2
5964,2021-02-01 16:00:00,65.75,65.75,65.45,65.75,29925.0,0.0,0.0,0.004562737642585508,2
5965,2021-02-01 17:00:00,65.75,65.75,65.56,65.75,3509.0,0.0,0.0,0.002889733840304148,2
5966,2021-02-01 18:00:00,65.75,65.75,65.75,65.75,1279.0,0.0,0.0,0.0,2
5967,2021-02-01 19:00:00,65.8501,65.93,65.75,65.93,1548.0,0.001213361862776354,0.001213361862776354,0.0015201191797734194,2
5968,2021-02-02 04:00:00,65.98,65.98,65.98,65.98,460.0,0.0,0.0,0.0,2
5969,2021-02-02 05:00:00,65.98,65.98,65.98,65.98,333.0,0.0,0.0,0.0,2
5970,2021-02-02 06:00:00,65.79,65.85,65.79,65.8,1815.0,0.00015199878400958968,0.000911992704058186,0.0,2
5971,2021-02-02 07:00:00,66.01,66.47,66.01,66.25,3653.0,0.0036358127556430065,0.006968641114982483,0.0,2
5972,2021-02-02 08:00:00,66.11,66.48,66.01,66.48,10796.0,0.005596732718197013,0.005596732718197013,0.0015126304643774667,2
5973,2021-02-02 09:00:00,66.45,67.59,65.84,66.98,522446.0,0.007975921745673456,0.01715575620767495,0.009179834462001496,2
5974,2021-02-02 10:00:00,67.03,67.8,66.7225,67.525,536597.0,0.00738475309562889,0.011487393704311443,0.004587498135163427,2
5975,2021-02-02 11:00:00,67.52,68.64,67.465,68.3,473464.0,0.011552132701421818,0.01658767772511855,0.0008145734597155304,2
5976,2021-02-02 12:00:00,68.3,68.3,67.735,68.0741,247995.0,-0.003307467057100963,0.0,0.008272327964860875,2
5977,2021-02-02 13:00:00,68.02,68.4,67.96,68.18,262827.0,0.0023522493384300325,0.005586592178771092,0.000882093501911236,2
5978,2021-02-02 14:00:00,68.14,68.77,67.95,68.76,453733.0,0.009098914000587094,0.009245670678015783,0.0027883768711476037,2
5979,2021-02-02 15:00:00,68.76,68.91,68.41,68.69,1067211.0,-0.001018033740546937,0.002181500872600225,0.005090168702734272,2
5980,2021-02-02 16:00:00,68.68,68.7,68.67,68.6801,38447.0,1.4560279555781711e-06,0.0002912055911472921,0.00014560279557374948,2
5981,2021-02-02 17:00:00,68.68,68.82,68.68,68.72,1376.0,0.0005824111822945842,0.0020384391380312513,0.0,2
5982,2021-02-02 18:00:00,68.62,68.62,68.3,68.5,5336.0,-0.0017487612940834238,0.0,0.004663363450889061,2
5983,2021-02-02 19:00:00,68.32,68.6,68.32,68.6,1048.0,0.004098360655737722,0.004098360655737722,0.0,2
5984,2021-02-03 04:00:00,69.02,69.02,69.02,69.02,121.0,0.0,0.0,0.0,2
5985,2021-02-03 05:00:00,69.47,69.49,69.2,69.2,1204.0,-0.0038865697423347634,0.0002878940549877072,0.0038865697423347634,2
5986,2021-02-03 06:00:00,69.34,69.45,69.34,69.45,334.0,0.001586385924430335,0.001586385924430335,0.0,2
5987,2021-02-03 07:00:00,69.48,69.48,69.02,69.04,3402.0,-0.0063327576280943826,0.0,0.0066206102475533666,2
5988,2021-02-03 08:00:00,69.1,69.18,68.8,69.18,13553.0,0.0011577424023156658,0.0011577424023156658,0.004341534008683028,2
5989,2021-02-03 09:00:00,69.18,70.03,68.5466,69.65,567912.0,0.006793871061000272,0.012286788089042993,0.009155825383058815,2
5990,2021-02-03 10:00:00,69.68,69.68,68.31,69.11,394202.0,-0.008180252583237763,0.0,0.01966130884041338,2
5991,2021-02-03 11:00:00,69.12,69.4476,68.67,69.37,240580.0,0.0036168981481481477,0.0047395833333331834,0.006510416666666708,2
5992,2021-02-03 12:00:00,69.33,69.89,69.2101,69.58,257692.0,0.0036059425933939134,0.008077311409202398,0.0017294100677917386,2
5993,2021-02-03 13:00:00,69.57,69.7482,69.2347,69.44,208996.0,-0.0018686215322695912,0.0025614489003881547,0.004819606152076894,2
5994,2021-02-03 14:00:00,69.5155,69.91,69.44,69.6,276373.0,0.0012155562428521891,0.005674993346807455,0.001086088714027882,2
5995,2021-02-03 15:00:00,69.61,69.73,69.2,69.42,717530.0,-0.002729492888952704,0.0017238902456544252,0.0058899583393190146,2
5996,2021-02-03 16:00:00,69.42,69.54,69.2,69.42,56168.0,0.0,0.0017286084701815694,0.003169115528666074,2
5997,2021-02-03 17:00:00,69.5,69.7,69.42,69.46,1503.0,-0.0005755395683454137,0.0028776978417266595,0.001151079136690623,2
5998,2021-02-03 18:00:00,69.65,69.68,69.46,69.46,1173.0,-0.002727925340990839,0.000430725053840648,0.002727925340990839,2
5999,2021-02-03 19:00:00,69.46,69.72,69.25,69.72,8143.0,0.003743161531816947,0.003743161531816947,0.003023322775698154,2
6000,2021-02-04 05:00:00,70.52,70.53,70.52,70.53,600.0,0.00014180374361890408,0.00014180374361890408,0.0,2
6001,2021-02-04 07:00:00,69.85,70.0,69.55,69.55,892.0,-0.004294917680744412,0.002147458840372308,0.004294917680744412,2
6002,2021-02-04 08:00:00,69.8,70.2,69.62,70.17,8074.0,0.005300859598853933,0.005730659025788047,0.0025787965616044786,2
6003,2021-02-04 09:00:00,70.22,71.87,69.88,71.3796,719178.0,0.016513813728282506,0.023497579037311388,0.004841925377385409,2
6004,2021-02-04 10:00:00,71.43,71.43,70.1169,70.71,502380.0,-0.010079798404032102,0.0,0.018383032339353293,2
6005,2021-02-04 11:00:00,70.6551,71.13,70.63,70.7825,375833.0,0.0018031253228711643,0.006721383169792286,0.0003552468257777429,2
6006,2021-02-04 12:00:00,70.8,71.235,70.77,70.99,275930.0,0.0026836158192090074,0.006144067796610202,0.0004237288135593381,2
6007,2021-02-04 13:00:00,71.0153,71.6,70.89,71.115,463746.0,0.0014039228166324521,0.008233437019909766,0.0017644085147847824,2
6008,2021-02-04 14:00:00,71.1169,71.45,71.07,71.3,270951.0,0.0025746341586879635,0.0046838374563570925,0.0006594775644046343,2
6009,2021-02-04 15:00:00,71.2999,71.33,70.67,70.86,747584.0,-0.006169714123021132,0.0004221604798885336,0.00883451449441012,2
6010,2021-02-04 16:00:00,70.8,70.84,70.6,70.65,35917.0,-0.00211864406779649,0.0005649717514125178,0.002824858757062187,2
6011,2021-02-04 17:00:00,70.65,70.8,70.64,70.64,1565.0,-0.00014154281670212477,0.0021231422505306645,0.00014154281670212477,2
6012,2021-02-04 18:00:00,70.84,70.84,70.55,70.82,2058.0,-0.0002823263692830354,0.0,0.004093732354602008,2
6013,2021-02-04 19:00:00,70.5,70.5,70.4,70.4,1244.0,-0.0014184397163119762,0.0,0.0014184397163119762,2
6014,2021-02-05 05:00:00,71.68,71.68,71.68,71.68,200.0,0.0,0.0,0.0,2
6015,2021-02-05 06:00:00,71.6,71.6,71.6,71.6,1200.0,0.0,0.0,0.0,2
6016,2021-02-05 07:00:00,71.6,71.78,71.6,71.68,3599.0,0.0011173184357543646,0.0025139664804470227,0.0,2
6017,2021-02-05 08:00:00,71.68,71.77,70.9,71.35,21694.0,-0.0046037946428573165,0.0012555803571427063,0.010881696428571444,2
6018,2021-02-05 09:00:00,71.38,72.65,71.21,72.56,588457.0,0.01653124124404605,0.01779209862706655,0.0023816195012608815,2
6019,2021-02-05 10:00:00,72.565,72.99,71.38,71.91,717686.0,-0.009026390132984237,0.0058568180252187305,0.016330186729139422,2
6020,2021-02-05 11:00:00,71.96,72.015,71.42,71.65,273038.0,-0.004307948860477878,0.0007643135075042638,0.007504168982768095,2
6021,2021-02-05 12:00:00,71.64,72.07,71.333,71.815,268746.0,0.002442769402568358,0.006002233389167959,0.004285315466220019,2
6022,2021-02-05 13:00:00,71.86,71.94,71.22,71.24,259300.0,-0.00862788755914284,0.0011132758140829154,0.00890620651266352,2
6023,2021-02-05 14:00:00,71.23,71.75,71.12,71.725,246886.0,0.006949319107117651,0.007300294819598428,0.0015442931349150559,2
6024,2021-02-05 15:00:00,71.73,71.78,71.03,71.54,497252.0,-0.0026488219712811614,0.0006970584134950112,0.009758817788930752,2
6025,2021-02-05 16:00:00,71.58,71.6,71.5,71.5,54419.0,-0.0011176306230790485,0.00027940765576971253,0.0011176306230790485,2
6026,2021-02-05 17:00:00,71.51,71.58,71.51,71.58,306.0,0.0009788840721576446,0.0009788840721576446,0.0,2
6027,2021-02-05 19:00:00,71.91,71.92,71.91,71.92,1033.0,0.0001390627172855669,0.0001390627172855669,0.0,2
6028,2021-02-08 05:00:00,72.02,72.02,72.02,72.02,100.0,0.0,0.0,0.0,2
6029,2021-02-08 06:00:00,72.45,72.5,72.34,72.34,1230.0,-0.0015182884748102061,0.0006901311249136944,0.0015182884748102061,2
6030,2021-02-08 07:00:00,72.48,72.48,72.18,72.27,13972.0,-0.002897350993377593,0.0,0.00413907284768208,2
6031,2021-02-08 08:00:00,72.49,72.55,72.19,72.44,7613.0,-0.0006897503103876005,0.000827700372465199,0.0041385018623257995,2
6032,2021-02-08 09:00:00,72.32,72.58,71.19,71.75,419462.0,-0.0078816371681415,0.003595132743362903,0.01562499999999994,2
6033,2021-02-08 10:00:00,71.72,71.81,70.88,71.35,449997.0,-0.005158951477969947,0.001254880089235965,0.011712214166201943,2
6034,2021-02-08 11:00:00,71.33,71.38,70.83,70.92,271151.0,-0.005747932146361932,0.0007009673349221528,0.007009673349221927,2
6035,2021-02-08 12:00:00,70.95,71.15,70.82,70.92,265409.0,-0.0004228329809725319,0.0028188865398168124,0.0018322762508810383,2
6036,2021-02-08 13:00:00,70.88,70.8817,70.5801,70.72,267947.0,-0.0022573363431150763,2.398419864559242e-05,0.004231094808126324,2
6037,2021-02-08 14:00:00,70.74,71.1,70.6,71.03,288310.0,0.004099519366695028,0.0050890585241730206,0.0019790783149561857,2
6038,2021-02-08 15:00:00,71.01,71.06,70.66,70.7,573880.0,-0.004365582312350405,0.0007041261794113105,0.004928883255879573,2
6039,2021-02-08 16:00:00,71.16,71.16,70.58,70.98,26765.0,-0.0025295109612140615,0.0,0.008150646430578954,2
6040,2021-02-08 17:00:00,70.97,70.98,70.97,70.98,818.0,0.00014090460758073997,0.00014090460758073997,0.0,2
6041,2021-02-08 18:00:00,70.9,71.04,70.9,71.04,929.0,0.0019746121297602335,0.0019746121297602335,0.0,2
6042,2021-02-08 19:00:00,71.24,71.24,70.8,70.82,5857.0,-0.005895564289724898,0.0,0.006176305446378407,2
6043,2021-02-09 07:00:00,70.37,70.37,70.37,70.37,400.0,0.0,0.0,0.0,2
6044,2021-02-09 08:00:00,70.514,70.6499,70.35,70.63,10585.0,0.0016450633916668983,0.001927276852823646,0.0023257792778739184,2
6045,2021-02-09 09:00:00,70.492,70.97,69.31,69.62,385657.0,-0.01237019803665664,0.0067809113090846395,0.0167678601827158,2
6046,2021-02-09 10:00:00,69.59,69.59,68.51,68.72,638229.0,-0.012501796235091314,0.0,0.015519471188389112,2
6047,2021-02-09 11:00:00,68.7101,69.09,68.31,68.94,492389.0,0.003345941862986674,0.005529027028049826,0.005823015830278152,2
6048,2021-02-09 12:00:00,68.92,69.69,68.76,69.63,294692.0,0.010301799187463635,0.011172373766685955,0.002321532211259382,2
6049,2021-02-09 13:00:00,69.67,69.69,69.25,69.38,243065.0,-0.004162480264102286,0.000287067604420784,0.0060284196928376875,2
6050,2021-02-09 14:00:00,69.3952,69.57,69.21,69.4,226022.0,6.916904915618117e-05,0.0025189062067692077,0.002668772479941104,2
6051,2021-02-09 15:00:00,69.415,69.43,68.79,68.88,573448.0,-0.007707267881581946,0.00021609162284809576,0.009003817618670315,2
6052,2021-02-09 16:00:00,68.75,69.18,68.75,69.17,19689.0,0.006109090909090934,0.006254545454545553,0.0,2
6053,2021-02-09 17:00:00,68.95,69.1899,68.95,69.16,1762.0,0.0030456852791877266,0.003479332849891103,0.0,2
6054,2021-02-09 18:00:00,69.15,69.3,69.01,69.24,4410.0,0.0013015184381777178,0.002169197396963,0.00202458423716559,2
6055,2021-02-09 19:00:00,69.12,69.12,69.0,69.0,2029.0,-0.0017361111111111767,0.0,0.0017361111111111767,2
6056,2021-02-10 04:00:00,68.89,69.51,68.89,69.5,808.0,0.008854695892001734,0.008999854841051017,0.0,2
6057,2021-02-10 05:00:00,68.97,68.97,68.9,68.93,800.0,-0.0005799623024502254,0.0,0.0010149340292879975,2
6058,2021-02-10 06:00:00,68.89,68.89,68.82,68.82,465.0,-0.0010161126433445695,0.0,0.0010161126433445695,2
6059,2021-02-10 07:00:00,69.05,69.25,69.05,69.25,2089.0,0.0028964518464880936,0.0028964518464880936,0.0,2
6060,2021-02-10 08:00:00,69.05,69.49,68.95,69.39,6001.0,0.004923968139029738,0.006372194062273682,0.0014482259232439438,2
6061,2021-02-10 09:00:00,69.35,70.465,68.94,69.95,400283.0,0.008651766402307262,0.016077865897620898,0.005912040374909828,2
6062,2021-02-10 10:00:00,69.95,70.69,69.29,69.75,862953.0,-0.0028591851322373528,0.010578984989277982,0.009435310936383081,2
6063,2021-02-10 11:00:00,69.75,69.95,69.33,69.49,490183.0,-0.003727598566308317,0.0028673835125448436,0.00602150537634411,2
6064,2021-02-10 12:00:00,69.47,70.0,69.37,69.8765,415026.0,0.005851446667626228,0.0076291924571757755,0.0014394702749387408,2
6065,2021-02-10 13:00:00,69.88,69.94,69.44,69.48,570204.0,-0.005724098454493296,0.0008586147681740452,0.006296508299942727,2
6066,2021-02-10 14:00:00,69.47,69.505,68.82,68.97,570680.0,-0.007197351374694113,0.0005038145962285388,0.009356556787102429,2
6067,2021-02-10 15:00:00,68.95,69.08,68.535,68.78,896731.0,-0.002465554749818734,0.001885424220449535,0.006018854242204587,2
6068,2021-02-10 16:00:00,68.69,68.97,68.69,68.75,32171.0,0.0008734895909157413,0.004076284757606655,0.0,2
6069,2021-02-10 17:00:00,68.71,68.85,68.7,68.85,2080.0,0.0020375491194877106,0.0020375491194877106,0.00014553922282041777,2
6070,2021-02-10 18:00:00,68.7,68.7,68.6,68.6,1362.0,-0.001455604075691536,0.0,0.001455604075691536,2
6071,2021-02-10 19:00:00,68.7,68.8,68.63,68.8,1872.0,0.0014556040756913292,0.0014556040756913292,0.001018922852984096,2
6072,2021-02-11 06:00:00,69.0,69.0,69.0,69.0,330.0,0.0,0.0,0.0,2
6073,2021-02-11 07:00:00,69.19,69.28,68.9,68.9,3766.0,-0.004191357132533488,0.001300766006648409,0.004191357132533488,2
6074,2021-02-11 08:00:00,69.0,69.7,68.81,69.7,14057.0,0.010144927536231925,0.010144927536231925,0.0027536231884057643,2
6075,2021-02-11 09:00:00,69.0,69.83,68.535,69.3,438047.0,0.00434782608695648,0.012028985507246352,0.006739130434782658,2
6076,2021-02-11 10:00:00,69.25,69.71,69.03,69.2,387537.0,-0.0007220216606497785,0.006642599277978249,0.0031768953068591894,2
6077,2021-02-11 11:00:00,69.22,69.24,68.45,68.45,324599.0,-0.011123952614851142,0.0002889338341519217,0.011123952614851142,2
6078,2021-02-11 12:00:00,68.4,69.03,67.7947,68.28,475964.0,-0.001754385964912347,0.009210526315789407,0.008849415204678359,2
6079,2021-02-11 13:00:00,68.275,68.275,67.55,67.66,377276.0,-0.00900768949102906,0.0,0.010618820944709022,2
6080,2021-02-11 14:00:00,67.66,68.0182,67.41,67.82,341623.0,0.002364765001477928,0.005294117647058772,0.003694945314809341,2
6081,2021-02-11 15:00:00,67.8248,68.1,67.67,68.02,723296.0,0.0028780033262169563,0.004057512886141914,0.0022823509984547614,2
6082,2021-02-11 16:00:00,67.99,68.09,67.93,67.99,22837.0,0.0,0.0014708045300780783,0.0008824827180465961,2
6083,2021-02-11 17:00:00,67.89,68.25,67.89,68.06,5082.0,0.0025040506702018223,0.005302695536897915,0.0,2
6084,2021-02-11 18:00:00,68.06,68.1,68.0,68.09,8020.0,0.0004407875404055412,0.0005877167205405824,0.0008815750808110824,2
6085,2021-02-11 19:00:00,68.23,68.66,68.02,68.5,20580.0,0.00395720357613947,0.006302213102740621,0.0030778250036641937,2
6086,2021-02-12 04:00:00,66.85,67.04,66.5,66.5,9148.0,-0.005235602094240753,0.0028421839940166336,0.005235602094240753,2
6087,2021-02-12 05:00:00,66.97,66.97,66.97,66.97,156.0,0.0,0.0,0.0,2
6088,2021-02-12 06:00:00,66.98,67.01,66.54,66.67,4349.0,-0.004628247237981521,0.0004478948939982254,0.006569125111973689,2
6089,2021-02-12 07:00:00,66.95,67.21,66.93,66.93,13966.0,-0.000298730395817715,0.003883495145630932,0.000298730395817715,2
6090,2021-02-12 08:00:00,67.02,67.25,66.55,66.75,22003.0,-0.004028648164726888,0.003431811399582274,0.007012831990450595,2
6091,2021-02-12 09:00:00,66.75,67.945,66.65,67.15,682710.0,0.005992509363295965,0.01790262172284634,0.0014981273408238849,2
6092,2021-02-12 10:00:00,67.16,68.3,67.09,67.94,644726.0,0.011614055985705795,0.01697438951756999,0.0010422870756401606,2
6093,2021-02-12 11:00:00,67.93,68.165,67.53,67.925,253092.0,-7.360518180494131e-05,0.003459443544825547,0.005888414544384007,2
6094,2021-02-12 12:00:00,67.93,68.06,67.5148,67.645,275299.0,-0.004195495362873705,0.0019137347269247084,0.006112174297070703,2
6095,2021-02-12 13:00:00,67.63,67.8,67.48,67.69,222394.0,0.0008871802454532349,0.002513677362117429,0.0022179506136328774,2
6096,2021-02-12 14:00:00,67.67,67.68,67.42,67.54,188012.0,-0.0019210876311511076,0.00014777597162708903,0.003694399290675336,2
6097,2021-02-12 15:00:00,67.525,67.63,67.41,67.63,550085.0,0.0015549796371712664,0.0015549796371712664,0.0017030729359497829,2
6098,2021-02-12 16:00:00,67.63,67.77,67.6101,67.7,26682.0,0.0010350436196955109,0.0020700872393908114,0.0002942481147418705,2
6099,2021-02-12 17:00:00,67.75,67.75,67.63,67.64,2890.0,-0.0016236162361623532,0.0,0.0017712177121771888,2
6100,2021-02-12 18:00:00,67.73,67.73,67.7,67.7,1750.0,-0.00044293518381811805,0.0,0.00044293518381811805,2
6101,2021-02-12 19:00:00,67.65,67.79,67.6,67.6,3646.0,-0.0007390983000740778,0.0020694752402069558,0.0007390983000740778,2
6102,2021-02-16 04:00:00,68.63,70.0,68.63,70.0,5442.0,0.019962115692845762,0.019962115692845762,0.0,2
6103,2021-02-16 05:00:00,70.0,70.0,69.9,69.9,2318.0,-0.0014285714285713475,0.0,0.0014285714285713475,2
6104,2021-02-16 06:00:00,69.9,70.0,69.9,70.0,1589.0,0.0014306151645206624,0.0014306151645206624,0.0,2
6105,2021-02-16 07:00:00,69.9,69.9,69.0,69.12,13249.0,-0.011158798283261818,0.0,0.012875536480686775,2
6106,2021-02-16 08:00:00,69.48,69.5,68.57,68.6,26303.0,-0.01266551525618897,0.0002878526194587798,0.013097294185377242,2
6107,2021-02-16 09:00:00,68.76,71.48,68.38,71.4,1270099.0,0.03839441535776615,0.039557882489819646,0.005526468877254357,2
6108,2021-02-16 10:00:00,71.4,72.13,70.8,71.57,1388521.0,0.0023809523809522055,0.010224089635854198,0.008403361344537934,2
6109,2021-02-16 11:00:00,71.585,72.51,71.345,71.5324,1079396.0,-0.0007347908081301698,0.012921701473772598,0.0033526576796814264,2
6110,2021-02-16 12:00:00,71.55,73.3799,71.46,73.05,1404385.0,0.020964360587002098,0.025575122292103552,0.0012578616352201734,2
6111,2021-02-16 13:00:00,73.075,73.1696,72.73,73.13,639609.0,0.0007526513855626769,0.0012945603831679752,0.0047211768730755915,2
6112,2021-02-16 14:00:00,73.15,74.76,73.1305,73.83,1461357.0,0.00929596719070393,0.02200956937799042,0.0002665755297335317,2
6113,2021-02-16 15:00:00,73.83,74.64,73.48,74.19,1612188.0,0.0048760666395774,0.010971149939049197,0.0047406203440335136,2
6114,2021-02-16 16:00:00,74.2,74.52,73.9,74.35,250970.0,0.0020215633423179445,0.0043126684636117674,0.00404312668463608,2
6115,2021-02-16 17:00:00,74.21,74.35,73.94,74.2,3848.0,-0.0001347527287426345,0.0018865382023986064,0.0036383236760543867,2
6116,2021-02-16 18:00:00,74.2,74.25,74.0,74.1,2610.0,-0.001347708894878821,0.0006738544474393148,0.0026954177897574507,2
6117,2021-02-16 19:00:00,74.0,74.12,74.0,74.0,2216.0,0.0,0.0016216216216216831,0.0,2
6118,2021-02-17 04:00:00,73.77,74.0,73.77,74.0,1034.0,0.003117798563101586,0.003117798563101586,0.0,2
6119,2021-02-17 05:00:00,73.53,73.53,73.25,73.25,1123.0,-0.0038079695362437257,0.0,0.0038079695362437257,2
6120,2021-02-17 06:00:00,72.92,72.92,72.92,72.92,319.0,0.0,0.0,0.0,2
6121,2021-02-17 07:00:00,73.56,74.0,73.35,73.9,20859.0,0.004622077215878241,0.005981511691136456,0.0028548123980425225,2
6122,2021-02-17 08:00:00,73.36,73.9,73.2,73.37,23725.0,0.00013631406761184728,0.0073609596510360725,0.0021810250817883943,2
6123,2021-02-17 09:00:00,73.37,73.88,72.49,73.8784,687463.0,0.006929262641406496,0.006951069919585538,0.011994002998500881,2
6124,2021-02-17 10:00:00,73.9,76.65,73.8968,75.95,1515980.0,0.02774018944519617,0.03721244925575101,4.330175913405619e-05,2
6125,2021-02-17 11:00:00,75.97,76.2,74.75,75.54,926367.0,-0.005660128998288701,0.0030275108595498746,0.01605897064630774,2
6126,2021-02-17 12:00:00,75.54,75.95,74.96,75.37,461863.0,-0.0022504633306857516,0.005427588032830243,0.007678051363516183,2
6127,2021-02-17 13:00:00,75.3851,76.29,75.35,75.7831,496006.0,0.005279557896719782,0.012003698343572034,0.0004656092516956257,2
6128,2021-02-17 14:00:00,75.78,76.13,75.6,75.6,379859.0,-0.002375296912114104,0.004618632884666064,0.002375296912114104,2
6129,2021-02-17 15:00:00,75.55,75.93,74.895,75.08,961716.0,-0.00622104566512242,0.00502978160158848,0.008669755129053621,2
6130,2021-02-17 16:00:00,75.1,75.2,75.08,75.2,223780.0,0.0013315579227697542,0.0013315579227697542,0.0002663115845538751,2
6131,2021-02-17 17:00:00,75.15,75.44,75.14,75.35,1180.0,0.002661343978709097,0.0038589487691283036,0.00013306719893553046,2
6132,2021-02-17 18:00:00,75.23,75.23,75.23,75.23,255.0,0.0,0.0,0.0,2
6133,2021-02-17 19:00:00,75.23,75.4,75.14,75.14,594.0,-0.0011963312508308308,0.0022597368071248397,0.0011963312508308308,2
6134,2021-02-18 05:00:00,75.2,75.2,75.11,75.11,400.0,-0.0011968085106383432,0.0,0.0011968085106383432,2
6135,2021-02-18 06:00:00,75.11,75.11,74.7,74.7,1634.0,-0.005458660631074379,0.0,0.005458660631074379,2
6136,2021-02-18 07:00:00,74.89,74.89,74.32,74.56,1852.0,-0.004406462812124427,0.0,0.007611163039124147,2
6137,2021-02-18 08:00:00,74.5,74.7,74.29,74.5,7112.0,0.0,0.0026845637583892998,0.002818791946308641,2
6138,2021-02-18 09:00:00,74.5,75.08,72.9,75.08,486350.0,0.0077852348993288365,0.0077852348993288365,0.021476510067114016,2
6139,2021-02-18 10:00:00,75.04,75.125,73.55,73.96,824438.0,-0.014392324093816796,0.0011327292110873367,0.019856076759061952,2
6140,2021-02-18 11:00:00,74.0,75.06,73.945,74.83,424360.0,0.011216216216216194,0.014324324324324355,0.0007432432432433354,2
6141,2021-02-18 12:00:00,74.89,75.04,74.4,74.65,354600.0,-0.003204700226999531,0.0020029376418748256,0.006542929630124114,2
6142,2021-02-18 13:00:00,74.63,75.3699,74.46,75.16,307599.0,0.007101701728527417,0.009914243601768803,0.002277904328018246,2
6143,2021-02-18 14:00:00,75.16,75.98,74.98,75.62,409791.0,0.006120276742948483,0.01091005854177764,0.002394890899414484,2
6144,2021-02-18 15:00:00,75.58,75.72,75.08,75.16,544073.0,-0.005557025668166204,0.0018523418893887347,0.006615506747816883,2
6145,2021-02-18 16:00:00,75.12,75.14,75.0,75.14,76737.0,0.00026624068157609184,0.00026624068157609184,0.0015974440894569294,2
6146,2021-02-18 17:00:00,74.64,75.1,74.64,75.05,3485.0,0.005493033226152151,0.006162915326902382,0.0,2
6147,2021-02-18 18:00:00,75.05,75.22,74.9,75.18,1971.0,0.001732178547635039,0.002265156562291828,0.001998667554963244,2
6148,2021-02-18 19:00:00,75.09,75.09,74.78,74.78,1526.0,-0.004128379278199524,0.0,0.004128379278199524,2
6149,2021-02-19 04:00:00,75.36,75.39,75.36,75.39,797.0,0.0003980891719745374,0.0003980891719745374,0.0,2
6150,2021-02-19 06:00:00,75.76,75.76,75.75,75.75,400.0,-0.00013199577613523118,0.0,0.00013199577613523118,2
6151,2021-02-19 07:00:00,75.67,76.2,75.66,76.05,11771.0,0.005021805206819023,0.00700409673582663,0.0001321527686005698,2
6152,2021-02-19 08:00:00,75.9,76.26,75.77,76.26,7012.0,0.004743083003952562,0.004743083003952562,0.001712779973649666,2
6153,2021-02-19 09:00:00,76.25,79.3,76.25,78.97,1091031.0,0.03567213114754097,0.039999999999999966,0.0,2
6154,2021-02-19 10:00:00,78.9404,79.73,78.73,79.45,1092599.0,0.006455503139077153,0.010002482885822813,0.002665301923983066,2
6155,2021-02-19 11:00:00,79.43,79.57,78.56,78.61,713527.0,-0.01032355533173873,0.0017625582273698393,0.01095304041294227,2
6156,2021-02-19 12:00:00,78.59,79.08,78.12,78.39,474011.0,-0.00254485303473728,0.006234889935106182,0.005980404631632508,2
6157,2021-02-19 13:00:00,78.39,79.0,78.2901,78.9,294055.0,0.006505931879066272,0.007781604796530162,0.0012743972445465647,2
6158,2021-02-19 14:00:00,78.89,79.2,78.52,79.15,472842.0,0.0032957282291799354,0.003929522119406797,0.004690074787679104,2
6159,2021-02-19 15:00:00,79.135,79.32,78.51,78.84,1196742.0,-0.003727806912238601,0.002337777216149467,0.007897896000505465,2
6160,2021-02-19 16:00:00,79.29,79.29,78.5101,78.85,50330.0,-0.0055492495901123965,0.0,0.009836044898474108,2
6161,2021-02-19 17:00:00,78.85,78.85,78.85,78.85,1250.0,0.0,0.0,0.0,2
6162,2021-02-19 18:00:00,78.75,79.4499,78.75,79.25,5600.0,0.006349206349206349,0.008887619047619042,0.0,2
6163,2021-02-19 19:00:00,79.21,79.45,79.21,79.39,2953.0,0.00227244034844094,0.0030299204645879195,0.0,2
6164,2021-02-22 04:00:00,79.0,79.0,78.42,78.59,5612.0,-0.005189873417721476,0.0,0.007341772151898712,2
6165,2021-02-22 05:00:00,78.8,78.87,78.8,78.87,500.0,0.0008883248730965405,0.0008883248730965405,0.0,2
6166,2021-02-22 07:00:00,78.87,79.2,78.87,79.2,7410.0,0.00418410041841002,0.00418410041841002,0.0,2
6167,2021-02-22 08:00:00,79.0918,80.43,78.31,79.4,95082.0,0.0038967377149084904,0.016919579526575454,0.00988471624112745,2
6168,2021-02-22 09:00:00,79.36,82.3,79.01,82.1835,1438477.0,0.03557837701612898,0.03704637096774191,0.0044102822580644446,2
6169,2021-02-22 10:00:00,82.18,88.75,82.02,87.84,4872582.0,0.06887320515940613,0.07994645899245549,0.0019469457288879386,2
6170,2021-02-22 11:00:00,87.79,88.75,86.12,88.09,2548373.0,0.003417245699965795,0.010935186239890576,0.019022667729809793,2
6171,2021-02-22 12:00:00,88.13,88.41,86.7039,87.86,1322099.0,-0.0030636559627822083,0.0031771247021445724,0.016181776920458312,2
6172,2021-02-22 13:00:00,87.9,88.6294,87.23,87.43,1523711.0,-0.005346985210466426,0.00829806598407279,0.007622298065984092,2
6173,2021-02-22 14:00:00,87.41,88.7,87.22,87.51,1250434.0,0.0011440338634024544,0.014758036837890474,0.002173664340464452,2
6174,2021-02-22 15:00:00,87.51,87.75,85.52,86.23,1634773.0,-0.014626899782881968,0.0027425437092903084,0.022740258256199394,2
6175,2021-02-22 16:00:00,86.2289,86.3699,84.22,84.75,206845.0,-0.017150862413877435,0.0016351826359840534,0.023297293598781812,2
6176,2021-02-22 17:00:00,84.82,85.15,84.59,85.1,7919.0,0.003301108229191242,0.003890591841546953,0.0027116246168355316,2
6177,2021-02-22 18:00:00,85.4,85.98,85.13,85.9,20402.0,0.0058548009367681494,0.0067915690866510335,0.0031615925058549204,2
6178,2021-02-22 19:00:00,85.75,85.9,85.5,85.86,5289.0,0.0012827988338192354,0.0017492711370263054,0.0029154518950437317,2
6179,2021-02-23 04:00:00,86.24,87.38,86.0,86.5,7202.0,0.0030148423005566458,0.013218923933209654,0.0027829313543598667,2
6180,2021-02-23 05:00:00,86.89,86.89,82.18,83.68,11004.0,-0.036943261595120194,0.0,0.05420646794798013,2
6181,2021-02-23 06:00:00,83.99,85.9,83.68,85.02,9439.0,0.012263364686272189,0.022740802476485425,0.003690915585188571,2
6182,2021-02-23 07:00:00,85.8,86.0,85.47,86.0,14217.0,0.0023310023310023644,0.0023310023310023644,0.0038461538461538264,2
6183,2021-02-23 08:00:00,85.6,86.4894,85.4,86.08,49189.0,0.005607476635514066,0.010390186915887957,0.0023364485981307087,2
6184,2021-02-23 09:00:00,86.08,88.39,82.77,84.36,2100524.0,-0.019981412639405192,0.026835501858736087,0.0384526022304833,2
6185,2021-02-23 10:00:00,84.3482,88.1,84.1,87.03,1496885.0,0.0317943951382483,0.04447990591381901,0.0029425642752306663,2
6186,2021-02-23 11:00:00,87.05,87.59,85.59,86.94,1262714.0,-0.0012636415852958006,0.006203331418724943,0.016771970132107912,2
6187,2021-02-23 12:00:00,86.89,88.2,86.4,87.5801,1037280.0,0.007942225802739107,0.015076533548164371,0.005639314075267521,2
6188,2021-02-23 13:00:00,87.62,89.47,87.22,89.1799,926730.0,0.01780301301072813,0.021113900935859325,0.004565167769915609,2
6189,2021-02-23 14:00:00,89.12,90.47,89.08,89.95,1424038.0,0.009313285457809675,0.015148114901256667,0.00044883303411138076,2
6190,2021-02-23 15:00:00,89.96,90.24,89.5401,90.05,1499752.0,0.0010004446420631772,0.0031124944419742237,0.00466763005780345,2
6191,2021-02-23 16:00:00,90.03,90.43,89.71,89.98,54339.0,-0.0005553704320781646,0.0044429634566256326,0.0035543707653005376,2
6192,2021-02-23 17:00:00,89.97,89.97,89.5,89.9,8379.0,-0.0007780371234855305,0.0,0.005223963543403344,2
6193,2021-02-23 18:00:00,89.85,89.87,89.01,89.58,6908.0,-0.003005008347245365,0.00022259321090718122,0.009348914858096708,2
6194,2021-02-23 19:00:00,89.58,89.68,89.16,89.5,3759.0,-0.0008930564858227092,0.0011163206072785055,0.004688546550569343,2
6195,2021-02-24 04:00:00,91.0,92.2,90.0,91.5,9328.0,0.005494505494505495,0.013186813186813218,0.01098901098901099,2
6196,2021-02-24 05:00:00,91.36,91.99,90.91,91.68,7461.0,0.003502626970227752,0.006895796847635677,0.004925569176882693,2
6197,2021-02-24 06:00:00,91.68,92.12,91.23,91.24,3924.0,-0.004799301919720898,0.004799301919720743,0.004908376963350816,2
6198,2021-02-24 07:00:00,91.53,92.0,91.1,91.81,23262.0,0.0030591063039440746,0.0051349284387632345,0.004697913252485598,2
6199,2021-02-24 08:00:00,91.1001,92.0,91.03,91.1,70862.0,-1.0976936359380468e-06,0.00987814502947859,0.0007694832387669882,2
6200,2021-02-24 09:00:00,91.18,94.39,91.0101,94.308,1430990.0,0.03430576880894933,0.03520508883527082,0.0018633472252688372,2
6201,2021-02-24 10:00:00,94.26,96.5,93.0201,95.54,2302969.0,0.013579461065138989,0.023764056863993153,0.01315404201145773,2
6202,2021-02-24 11:00:00,95.555,96.77,95.2,95.8774,1359506.0,0.0033739731044946635,0.012715190204594098,0.0037151378787086387,2
6203,2021-02-24 12:00:00,95.91,96.31,94.43,94.43,1011646.0,-0.01543113335418611,0.00417057658221255,0.01543113335418611,2
6204,2021-02-24 13:00:00,94.41,95.48,93.5112,94.98,1099624.0,0.006037496027963218,0.011333545175299305,0.00952017794725129,2
6205,2021-02-24 14:00:00,95.07,96.36,94.17,96.15,837637.0,0.011360050489113416,0.013568949195329824,0.009466708740927648,2
6206,2021-02-24 15:00:00,96.145,97.08,96.09,96.69,1335271.0,0.005668521503978384,0.009724894690311533,0.0005720526288417766,2
6207,2021-02-24 16:00:00,96.5,96.66,96.0,96.1601,75829.0,-0.003522279792746115,0.0016580310880828662,0.0051813471502590676,2
6208,2021-02-24 17:00:00,96.16,96.66,96.16,96.55,23578.0,0.004055740432612319,0.0051996672212978375,0.0,2
6209,2021-02-24 18:00:00,96.55,97.18,96.55,97.18,7001.0,0.0065251165199379565,0.0065251165199379565,0.0,2
6210,2021-02-24 19:00:00,97.18,97.18,96.61,97.14,5243.0,-0.00041160732661047795,0.0,0.00586540440419847,2
6211,2021-02-25 04:00:00,97.5,98.0,97.49,97.84,1844.0,0.003487179487179522,0.005128205128205128,0.00010256410256415503,2
6212,2021-02-25 05:00:00,97.99,97.99,97.17,97.2,2593.0,-0.008062047147668049,0.0,0.008368200836820015,2
6213,2021-02-25 06:00:00,97.3,97.4,95.07,96.0,6742.0,-0.013360739979444987,0.0010277492291881657,0.022918807810894185,2
6214,2021-02-25 07:00:00,96.0,97.0,95.92,96.88,14084.0,0.00916666666666662,0.010416666666666666,0.0008333333333333156,2
6215,2021-02-25 08:00:00,96.6,98.1,96.27,97.7,67945.0,0.011387163561076694,0.015527950310559008,0.003416149068322964,2
6216,2021-02-25 09:00:00,97.7,99.24,92.9,94.1287,1967080.0,-0.03655373592630509,0.015762538382804423,0.049129989764585436,2
6217,2021-02-25 10:00:00,94.115,94.15,90.8,91.95,2330168.0,-0.023003771981086885,0.000371885459278657,0.035222865643096186,2
6218,2021-02-25 11:00:00,92.04,93.09,91.08,91.147,995149.0,-0.00970230334637115,0.011408083441981716,0.010430247718383398,2
6219,2021-02-25 12:00:00,91.14,91.54,88.61,88.93,1347475.0,-0.0242484090410357,0.004388852315119658,0.02775949089313146,2
6220,2021-02-25 13:00:00,88.78,91.418,88.51,91.3764,751940.0,0.029245325523766644,0.029713899526920537,0.003041225501238973,2
6221,2021-02-25 14:00:00,91.33,92.79,91.2,92.26,1048010.0,0.010182853388809886,0.015985984889959576,0.0014234096134894936,2
6222,2021-02-25 15:00:00,92.23,92.43,90.02,91.57,1398041.0,-0.0071560229860133445,0.002168491813943433,0.023961834544074682,2
6223,2021-02-25 16:00:00,91.63,91.63,91.16,91.26,49054.0,-0.004037978827894689,0.0,0.005129324457055538,2
6224,2021-02-25 17:00:00,91.26,91.49,91.25,91.25,3359.0,-0.00010957703265401179,0.0025202717510408694,0.00010957703265401179,2
6225,2021-02-25 18:00:00,91.25,91.5,91.1,91.1,4166.0,-0.0016438356164384185,0.0027397260273972603,0.0016438356164384185,2
6226,2021-02-25 19:00:00,91.1,91.1,89.55,90.6,12310.0,-0.005488474204171241,0.0,0.017014270032930816,2
6227,2021-02-26 04:00:00,90.73,90.83,90.1,90.8,6862.0,0.0007715198941914822,0.0011021712774164478,0.006943679047724123,2
6228,2021-02-26 05:00:00,90.8,91.48,90.8,90.8,1545.0,0.0,0.007488986784141044,0.0,2
6229,2021-02-26 06:00:00,90.82,91.45,90.1,90.3,3343.0,-0.005725611098876856,0.006936798062100966,0.00792776921382954,2
6230,2021-02-26 07:00:00,90.51,92.0,90.32,91.8,14571.0,0.014252568776930636,0.016462269362501322,0.002099215556292254,2
6231,2021-02-26 08:00:00,91.74,92.0,90.3,91.19,25275.0,-0.005995203836930425,0.0028340963592762714,0.01569653368214517,2
6232,2021-02-26 09:00:00,91.01,93.65,90.5,91.235,906736.0,0.0024722557960663036,0.029007801340512035,0.005603779804417153,2
6233,2021-02-26 10:00:00,91.258,92.4199,89.27,91.595,1047311.0,0.0036928269302417683,0.012732034451774123,0.021784391505402262,2
6234,2021-02-26 11:00:00,91.61,93.13,91.36,92.78,544199.0,0.012771531492195193,0.016592075100971465,0.0027289597205545245,2
6235,2021-02-26 12:00:00,92.82,93.72,92.02,92.155,510525.0,-0.007164404223227667,0.009696186166774465,0.008618832148243882,2
6236,2021-02-26 13:00:00,92.19,93.2,91.838,92.83,391360.0,0.00694218461872221,0.010955635101421035,0.0038182015402972542,2
6237,2021-02-26 14:00:00,92.79,93.23,91.7801,92.86,482996.0,0.0007543916370297788,0.004741890289901904,0.01088371591766356,2
6238,2021-02-26 15:00:00,92.9,94.23,92.77,93.28,904251.0,0.004090419806243223,0.014316469321851434,0.0013993541442412234,2
6239,2021-02-26 16:00:00,93.61,93.61,92.8,92.88,90922.0,-0.007798312146138276,0.0,0.008652921696399982,2
6240,2021-02-26 17:00:00,93.3,93.5,92.93,92.93,3711.0,-0.003965702036441482,0.0021436227224008878,0.003965702036441482,2
6241,2021-02-26 18:00:00,93.21,93.5,93.21,93.49,866.0,0.003003969531166196,0.0031112541572793292,0.0,2
6242,2021-02-26 19:00:00,93.48,93.56,93.2201,93.28,4355.0,-0.0021394950791613484,0.0008557980316645089,0.0027802738553701517,2
6243,2021-03-01 04:00:00,96.37,97.0,96.11,96.55,4267.0,0.0018678011829406725,0.006537304140292574,0.0026979350420255795,3
6244,2021-03-01 05:00:00,96.96,97.0,96.5,96.9,3955.0,-0.0006188118811879958,0.00041254125412547706,0.00474422442244218,3
6245,2021-03-01 06:00:00,96.96,96.98,96.55,96.55,4787.0,-0.004228547854785444,0.00020627062706281182,0.004228547854785444,3
6246,2021-03-01 07:00:00,96.85,96.85,91.09,93.0,147038.0,-0.039752194114610166,0.0,0.05947341249354663,3
6247,2021-03-01 08:00:00,96.56,96.67,90.84,91.4,212109.0,-0.053438276719138325,0.0011391880695940289,0.0592377796188898,3
6248,2021-03-01 09:00:00,91.45,93.08,90.1019,91.77,3517295.0,0.003499179879715617,0.017823947512301753,0.014741388737014787,3
6249,2021-03-01 10:00:00,91.775,93.119,91.67,92.24,2703488.0,0.00506673930809032,0.01464451103241617,0.0011441024244075618,3
6250,2021-03-01 11:00:00,92.27,92.38,91.23,91.41,1007269.0,-0.00932047252628156,0.001192153462663915,0.011271269101549714,3
6251,2021-03-01 12:00:00,91.41,91.63,90.08,90.18,1257804.0,-0.01345585822120107,0.002406738868832719,0.014549830434306951,3
6252,2021-03-01 13:00:00,90.18,91.07,89.71,90.5284,1381587.0,0.0038633843424262368,0.00986915058771331,0.005211798624972422,3
6253,2021-03-01 14:00:00,90.56,91.75,90.37,91.595,836528.0,0.011428886925795015,0.013140459363957573,0.0020980565371024485,3
6254,2021-03-01 15:00:00,91.615,92.02,91.3,91.37,2170991.0,-0.0026742345685749095,0.004420673470501568,0.0034383015881678516,3
6255,2021-03-01 16:00:00,91.35,91.54,91.34,91.35,34052.0,0.0,0.0020799124247401417,0.00010946907498621681,3
6256,2021-03-01 17:00:00,91.5,91.6,91.4,91.6,4416.0,0.001092896174863326,0.001092896174863326,0.001092896174863326,3
6257,2021-03-01 18:00:00,91.63,91.79,91.6,91.6,5284.0,-0.000327403688748239,0.0017461530066573262,0.000327403688748239,3
6258,2021-03-01 19:00:00,91.54,91.77,91.27,91.28,4000.0,-0.0028402883985143663,0.00251256281407024,0.002949530259995742,3
6259,2021-03-02 04:00:00,91.0,91.4,91.0,91.4,406.0,0.004395604395604458,0.004395604395604458,0.0,3
6260,2021-03-02 05:00:00,91.89,91.91,91.89,91.89,955.0,0.0,0.00021765153988460137,0.0,3
6261,2021-03-02 06:00:00,91.89,92.0,91.89,91.98,2959.0,0.0009794319294809382,0.0011970834693655395,0.0,3
6262,2021-03-02 07:00:00,92.0,92.0,91.9,91.9,12469.0,-0.0010869565217390686,0.0,0.0010869565217390686,3
6263,2021-03-02 08:00:00,91.9999,92.0,91.6,91.77,22233.0,-0.0024989157596910505,1.086957703250978e-06,0.00434674385515639,3
6264,2021-03-02 09:00:00,91.77,94.5399,91.73,94.38,2725244.0,0.028440666884602808,0.03018306636155614,0.0004358722894191135,3
6265,2021-03-02 10:00:00,94.38,95.5,93.51,94.86,3352438.0,0.005085823267641492,0.011866920957830098,0.009218054672600026,3
6266,2021-03-02 11:00:00,94.87,95.0,92.74,93.41,1844258.0,-0.015389480341520058,0.0013702961947928264,0.022451776114683353,3
6267,2021-03-02 12:00:00,93.41,94.825,93.1619,94.49,1284653.0,0.011561931270741873,0.015148271063055415,0.002656032544695362,3
6268,2021-03-02 13:00:00,94.5,94.75,93.85,94.41,1119369.0,-0.0009523809523809885,0.0026455026455026454,0.006878306878306938,3
6269,2021-03-02 14:00:00,94.42,95.0,93.92,94.54,1363507.0,0.0012709171785639118,0.006142766363058656,0.005295488244016098,3
6270,2021-03-02 15:00:00,94.545,94.64,93.14,93.58,2322826.0,-0.01020677984028773,0.0010048125231371184,0.014860648368501784,3
6271,2021-03-02 16:00:00,93.57,93.75,93.37,93.69,2093663.0,0.0012824623276691733,0.0019236934915037602,0.002137437212781753,3
6272,2021-03-02 17:00:00,93.7,93.7,93.36,93.5,3190.0,-0.0021344717182497632,0.0,0.0036286019210245825,3
6273,2021-03-02 18:00:00,93.7,93.89,93.6,93.67,12560.0,-0.0003201707577374721,0.002027748132337222,0.0010672358591249575,3
6274,2021-03-02 19:00:00,93.61,94.42,93.6,94.28,4476.0,0.007157354983441958,0.008652921696399982,0.00010682619378277017,3
6275,2021-03-03 04:00:00,94.65,95.15,94.65,95.15,3184.0,0.0052826201796090854,0.0052826201796090854,0.0,3
6276,2021-03-03 05:00:00,94.85,94.85,94.79,94.85,1745.0,0.0,0.0,0.0006325777543488462,3
6277,2021-03-03 06:00:00,93.93,94.71,93.93,94.5,3181.0,0.006068348770360834,0.008304056212072681,0.0,3
6278,2021-03-03 07:00:00,94.25,95.11,94.22,95.1,19025.0,0.009018567639257234,0.009124668435013257,0.0003183023872679166,3
6279,2021-03-03 08:00:00,94.3999,95.31,94.1,94.5,34021.0,0.0010603824792187028,0.009640900043326316,0.0031769101450320183,3
6280,2021-03-03 09:00:00,94.5,96.2,93.92,94.97,1327707.0,0.0049735449735449615,0.01798941798941802,0.00613756613756612,3
6281,2021-03-03 10:00:00,94.96,96.14,93.94,95.59,1186932.0,0.006634372367312655,0.012426284751474377,0.010741364785172663,3
6282,2021-03-03 11:00:00,95.56,97.22,95.49,96.64,915770.0,0.011301799916282945,0.017371285056508964,0.0007325240686480471,3
6283,2021-03-03 12:00:00,96.61,97.28,96.46,96.67,784508.0,0.0006210537211469027,0.006935099886140169,0.0015526343028672569,3
6284,2021-03-03 13:00:00,96.68,97.3591,95.9268,96.18,725761.0,-0.00517170045510964,0.007024203558129821,0.007790649565577231,3
6285,2021-03-03 14:00:00,96.201,96.472,94.94,96.1664,815824.0,-0.00035966362096025536,0.0028170185341108806,0.01310797185060442,3
6286,2021-03-03 15:00:00,96.21,96.26,94.35,94.41,1115115.0,-0.01870907390084188,0.0005196964972457267,0.019332709697536633,3
6287,2021-03-03 16:00:00,94.62,95.5095,94.33,94.55,382822.0,-0.0007398013105052567,0.009400760938490786,0.0030648911435215203,3
6288,2021-03-03 17:00:00,94.98,95.39,94.56,95.39,4792.0,0.004316698252263599,0.004316698252263599,0.004421983575489594,3
6289,2021-03-03 18:00:00,95.19,95.29,94.49,94.49,5771.0,-0.007353713625380847,0.0010505305179116348,0.007353713625380847,3
6290,2021-03-03 19:00:00,94.45,94.84,94.45,94.79,3074.0,0.0035997882477501685,0.004129168872419276,0.0,3
6291,2021-03-04 04:00:00,94.5,94.6,94.48,94.6,10400.0,0.001058201058200998,0.001058201058200998,0.00021164021164016953,3
6292,2021-03-04 05:00:00,94.6,94.6,94.55,94.55,4125.0,-0.0005285412262156148,0.0,0.0005285412262156148,3
6293,2021-03-04 06:00:00,93.98,94.2,93.98,94.2,1100.0,0.0023409236007661083,0.0023409236007661083,0.0,3
6294,2021-03-04 07:00:00,94.27,94.75,94.15,94.75,8134.0,0.005091757717195332,0.005091757717195332,0.0012729394292987201,3
6295,2021-03-04 08:00:00,94.7,96.3,94.02,96.0,28936.0,0.013727560718056992,0.01689545934530089,0.007180570221752976,3
6296,2021-03-04 09:00:00,96.0,96.43,92.75,93.38,861246.0,-0.027291666666666714,0.004479166666666738,0.033854166666666664,3
6297,2021-03-04 10:00:00,93.5,93.9,90.72,93.45,1092091.0,-0.0005347593582887397,0.004278074866310221,0.029732620320855628,3
6298,2021-03-04 11:00:00,93.485,94.1,92.93,93.12,493196.0,-0.003904369684976145,0.006578595496603679,0.005936781301813046,3
6299,2021-03-04 12:00:00,93.11,94.36,91.527,91.81,481919.0,-0.013961980453227335,0.013424981205026313,0.017001396198045304,3
6300,2021-03-04 13:00:00,91.8126,92.0,88.37,88.409,1129794.0,-0.03707116452425917,0.0020411141825849247,0.03749594282266267,3
6301,2021-03-04 14:00:00,88.41,91.665,87.89,91.4,815121.0,0.033819703653432974,0.03681710213776733,0.005881687591901324,3
6302,2021-03-04 15:00:00,91.41,91.7551,90.52,91.59,1176808.0,0.0019691499835904915,0.0037752981074280953,0.009736352696641512,3
6303,2021-03-04 16:00:00,91.8,91.8,91.51,91.66,81667.0,-0.001525054466230943,0.0,0.0031590413943354254,3
6304,2021-03-04 17:00:00,91.12,91.5,91.12,91.5,550.0,0.004170324846356403,0.004170324846356403,0.0,3
6305,2021-03-04 18:00:00,91.11,91.37,91.11,91.2,4166.0,0.0009878169245966788,0.002853693337723687,0.0,3
6306,2021-03-04 19:00:00,91.06,91.06,89.51,90.0,7049.0,-0.011640676477048124,0.0,0.017021743905117473,3
6307,2021-03-05 07:00:00,89.82,90.25,89.81,90.25,2288.0,0.004787352482743341,0.004787352482743341,0.00011133377866834676,3
6308,2021-03-05 08:00:00,89.91,91.82,89.4115,91.15,22907.0,0.013791569347125004,0.021243465687910097,0.0055444333222110205,3
6309,2021-03-05 09:00:00,91.8,92.64,85.88,87.2101,1440396.0,-0.049998910675381265,0.009150326797385658,0.06448801742919393,3
6310,2021-03-05 10:00:00,87.29,87.45,83.03,84.7732,2013624.0,-0.028832626875930842,0.0018329705579103743,0.048802841104364815,3
6311,2021-03-05 11:00:00,84.8099,84.94,80.55,83.965,1751996.0,-0.009962280346987741,0.001534019023722452,0.05022880583516785,3
6312,2021-03-05 12:00:00,83.95,87.415,83.8,85.81,1346267.0,0.022156045265038705,0.04127456819535442,0.0017867778439548026,3
6313,2021-03-05 13:00:00,85.84,86.37,84.725,85.3,692291.0,-0.006290773532152915,0.006174277726001877,0.012989282385834215,3
6314,2021-03-05 14:00:00,85.31,85.82,84.33,85.38,598131.0,0.0008205368655490936,0.00597819716328673,0.011487516117688477,3
6315,2021-03-05 15:00:00,85.3923,87.04,85.33,86.51,1413870.0,0.013089002169984872,0.019295650778817296,0.0007295739779817099,3
6316,2021-03-05 16:00:00,86.66,87.04,86.02,87.04,15198.0,0.0043849526886684705,0.0043849526886684705,0.0073851834756519805,3
6317,2021-03-05 17:00:00,87.0,87.1,86.88,87.08,6854.0,0.0009195402298850379,0.0011494252873562566,0.0013793103448276386,3
6318,2021-03-05 18:00:00,87.2,87.21,87.2,87.2,2402.0,0.0,0.0001146788990824645,0.0,3
6319,2021-03-05 19:00:00,87.0,87.2,87.0,87.2,527.0,0.002298850574712676,0.002298850574712676,0.0,3
6320,2021-03-08 04:00:00,86.61,86.61,85.44,85.92,3728.0,-0.007966747488742614,0.0,0.013508832698302756,3
6321,2021-03-08 06:00:00,86.11,87.16,86.11,87.16,1210.0,0.012193705725235131,0.012193705725235131,0.0,3
6322,2021-03-08 07:00:00,87.41,87.9,86.91,87.2,9703.0,-0.002402471113144878,0.005605765930671652,0.005720169317011784,3
6323,2021-03-08 08:00:00,87.49,87.96,87.0,87.96,17368.0,0.005372042519145032,0.005372042519145032,0.005600640073151159,3
6324,2021-03-08 09:00:00,87.76,89.02,85.24,85.96,1046665.0,-0.020510483135825104,0.01435733819507738,0.028714676390155083,3
6325,2021-03-08 10:00:00,86.05,88.56,85.57,87.78,947267.0,0.02010459035444514,0.029169087739686288,0.005578152237071516,3
6326,2021-03-08 11:00:00,87.865,88.37,87.14,87.53,490180.0,-0.0038126671598474222,0.005747453479770212,0.008251294599669884,3
6327,2021-03-08 12:00:00,87.54,89.31,87.42,88.68,509826.0,0.01302261823166553,0.020219328307059584,0.0013708019191227387,3
6328,2021-03-08 13:00:00,88.67,89.61,88.29,88.35,414020.0,-0.0036088868839518145,0.010601105221608184,0.004285553174692629,3
6329,2021-03-08 14:00:00,88.325,89.48,88.135,88.68,407348.0,0.004019247098782949,0.013076705349561292,0.002151146334559838,3
6330,2021-03-08 15:00:00,88.7,89.16,87.87,87.89,788129.0,-0.00913190529875989,0.0051860202931228155,0.009357384441939101,3
6331,2021-03-08 16:00:00,87.91,88.6,87.91,88.57,3000.0,0.007507678307359761,0.007848936412239766,0.0,3
6332,2021-03-08 17:00:00,88.69,88.69,87.98,87.98,7301.0,-0.008005412109595149,0.0,0.008005412109595149,3
6333,2021-03-08 18:00:00,88.23,88.8,88.23,88.8,513.0,0.006460387623257318,0.006460387623257318,0.0,3
6334,2021-03-08 19:00:00,88.78,88.8,88.23,88.8,2079.0,0.00022527596305469723,0.00022527596305469723,0.006195088984005374,3
6335,2021-03-09 04:00:00,90.11,90.9,89.02,89.79,3457.0,-0.003551215181444825,0.008767062479192168,0.01209632671179673,3
6336,2021-03-09 05:00:00,89.8,89.8,89.8,89.8,200.0,0.0,0.0,0.0,3
6337,2021-03-09 07:00:00,89.8,90.0,88.82,89.0,10734.0,-0.008908685968819567,0.0022271714922049313,0.010913140311804053,3
6338,2021-03-09 08:00:00,89.4999,90.23,88.5,89.0,14493.0,-0.005585481101096165,0.00815755101402356,0.011172079521876524,3
6339,2021-03-09 09:00:00,89.4,89.8,85.7155,86.05,628095.0,-0.03747203579418354,0.004474272930648674,0.041213646532438475,3
6340,2021-03-09 10:00:00,86.14,88.77,85.4,88.72,692977.0,0.02995124216391918,0.030531692593452467,0.008590666357093045,3
6341,2021-03-09 11:00:00,88.76,88.8692,87.67,88.635,429822.0,-0.0014082920234339792,0.0012302839116719389,0.012280306444344337,3
6342,2021-03-09 12:00:00,88.72,89.2795,88.61,89.035,337436.0,0.003550495942290326,0.006306357078449052,0.001239855725879164,3
6343,2021-03-09 13:00:00,89.05,89.67,88.88,89.27,360544.0,0.002470522178551363,0.006962380685008473,0.001909039865244264,3
6344,2021-03-09 14:00:00,89.27,89.8799,89.08,89.81,324721.0,0.006049064635375897,0.006832082446510701,0.002128374593928506,3
6345,2021-03-09 15:00:00,89.83,90.25,88.97,89.521,737780.0,-0.0034398307914950185,0.0046754981631971695,0.00957363909607035,3
6346,2021-03-09 16:00:00,89.56,89.7,89.13,89.7,25955.0,0.0015631978561858036,0.0015631978561858036,0.004801250558285025,3
6347,2021-03-09 17:00:00,89.19,89.68,89.19,89.68,4613.0,0.005493889449489955,0.005493889449489955,0.0,3
6348,2021-03-09 18:00:00,89.8,89.8,89.56,89.56,1274.0,-0.002672605790645823,0.0,0.002672605790645823,3
6349,2021-03-09 19:00:00,89.56,89.8,89.56,89.8,3061.0,0.0026797677534613094,0.0026797677534613094,0.0,3
6350,2021-03-10 04:00:00,89.17,89.17,88.1,88.1,1148.0,-0.011999551418638638,0.0,0.011999551418638638,3
6351,2021-03-10 05:00:00,88.57,88.57,88.39,88.39,545.0,-0.0020322908434006167,0.0,0.0020322908434006167,3
6352,2021-03-10 06:00:00,88.23,88.24,88.0,88.05,838.0,-0.002040122407344518,0.00011334013374125473,0.0026068230760512745,3
6353,2021-03-10 07:00:00,88.93,88.93,88.84,88.84,929.0,-0.0010120319352299944,0.0,0.0010120319352299944,3
6354,2021-03-10 08:00:00,88.8,89.7899,88.7,89.5,53571.0,0.007882882882882915,0.011147522522522588,0.0011261261261260621,3
6355,2021-03-10 09:00:00,89.3517,92.0944,89.17,89.64,684856.0,0.0032265754316930365,0.030695554757212223,0.0020335371347158723,3
6356,2021-03-10 10:00:00,89.7,90.45,87.705,88.48,834355.0,-0.013600891861761414,0.008361204013377926,0.022240802675585335,3
6357,2021-03-10 11:00:00,88.49,89.0239,87.36,87.9,755183.0,-0.006667420047462868,0.0060334501073567946,0.012769804497683303,3
6358,2021-03-10 12:00:00,87.98,88.42,86.46,87.27,570973.0,-0.008070015912707524,0.005001136621959511,0.017276653784951242,3
6359,2021-03-10 13:00:00,87.25,87.76,86.8,87.3,453654.0,0.000573065902578764,0.005845272206303783,0.005157593123209202,3
6360,2021-03-10 14:00:00,87.28,88.43,87.17,88.25,796330.0,0.011113657195233717,0.013175985334555518,0.0012603116406966022,3
6361,2021-03-10 15:00:00,88.29,88.38,87.03,87.3,1166436.0,-0.01121304791029572,0.0010193679918449336,0.014271151885830842,3
6362,2021-03-10 16:00:00,87.32,87.45,87.3,87.45,31398.0,0.0014887769125058368,0.0014887769125058368,0.00022904260192391232,3
6363,2021-03-10 17:00:00,87.5,87.85,87.44,87.5,2004.0,0.0,0.003999999999999935,0.0006857142857143117,3
6364,2021-03-10 18:00:00,87.5,87.68,87.5,87.68,1304.0,0.0020571428571429353,0.0020571428571429353,0.0,3
6365,2021-03-10 19:00:00,87.69,87.77,87.6,87.77,1166.0,0.0009123047097730448,0.0009123047097730448,0.0010263427984947362,3
6366,2021-03-11 05:00:00,87.74,88.87,87.74,88.87,451.0,0.012878960565306699,0.012878960565306699,0.0,3
6367,2021-03-11 06:00:00,88.49,88.49,88.49,88.49,100.0,0.0,0.0,0.0,3
6368,2021-03-11 07:00:00,88.3,88.44,88.3,88.38,2273.0,0.0009060022650056432,0.0015855039637599159,0.0,3
6369,2021-03-11 08:00:00,88.44,88.44,88.25,88.43,6732.0,-0.00011307100859329382,0.0,0.0021483491632745106,3
6370,2021-03-11 09:00:00,88.43,89.12,86.3,88.73,583824.0,0.0033925138527648663,0.007802781861359241,0.024086848354630888,3
6371,2021-03-11 10:00:00,88.7299,89.11,88.07,88.34,723367.0,-0.004394234637929235,0.004283787088681479,0.00743717732128637,3
6372,2021-03-11 11:00:00,88.36,89.4625,88.32,88.5,454354.0,0.001584427342689006,0.012477365323675943,0.0004526935264826421,3
6373,2021-03-11 12:00:00,88.52,89.67,88.5,89.04,378781.0,0.005874378671486786,0.012991414369634045,0.00022593764121098083,3
6374,2021-03-11 13:00:00,89.025,89.14,87.91,88.045,433593.0,-0.011008143779837169,0.001291771974164503,0.012524571749508667,3
6375,2021-03-11 14:00:00,88.076,88.59,87.93,88.0435,690289.0,-0.0003689995004314327,0.005835869022208207,0.0016576592942457264,3
6376,2021-03-11 15:00:00,88.03,88.57,87.89,87.99,1064157.0,-0.00045439054867665857,0.006134272407133841,0.0015903669203680628,3
6377,2021-03-11 16:00:00,87.99,88.49,87.9,88.4,148098.0,0.00465962041141051,0.005682463916354132,0.0010228435049436208,3
6378,2021-03-11 17:00:00,88.1,88.11,88.01,88.01,1946.0,-0.0010215664018159954,0.00011350737797962675,0.0010215664018159954,3
6379,2021-03-11 18:00:00,88.35,88.8,88.15,88.7999,3259.0,0.005092246745896995,0.00509337860780988,0.0022637238256931367,3
6380,2021-03-11 19:00:00,88.6499,88.99,88.41,88.5,3620.0,-0.0016909212531542885,0.00383643974781689,0.002706150824761289,3
6381,2021-03-12 04:00:00,87.51,87.51,87.51,87.51,252.0,0.0,0.0,0.0,3
6382,2021-03-12 06:00:00,87.53,87.53,87.53,87.53,338.0,0.0,0.0,0.0,3
6383,2021-03-12 07:00:00,88.29,88.29,87.68,88.04,2205.0,-0.0028315777551251556,0.0,0.006909049722505373,3
6384,2021-03-12 08:00:00,88.05,88.69,87.68,88.15,9748.0,0.0011357183418513178,0.007268597387847821,0.004202157864849408,3
6385,2021-03-12 09:00:00,88.05,89.94,87.65,89.2901,776911.0,0.01408404315729697,0.021465076660988083,0.0045428733674047865,3
6386,2021-03-12 10:00:00,89.31,89.46,88.05,88.53,903588.0,-0.008733624454148483,0.001679543164259226,0.014108162579778358,3
6387,2021-03-12 11:00:00,88.525,89.2848,88.41,88.985,394926.0,0.005196272239480302,0.008582886190341693,0.0012990680598701958,3
6388,2021-03-12 12:00:00,88.96,89.2699,88.61,88.8173,283493.0,-0.0016040917266186008,0.003483588129496551,0.003934352517985548,3
6389,2021-03-12 13:00:00,88.83,89.16,88.42,88.5045,229002.0,-0.0036643026004728723,0.0037149611617696534,0.004615557807047131,3
6390,2021-03-12 14:00:00,88.5225,89.79,88.48,89.3421,332547.0,0.009258663051766595,0.014318393628738598,0.0004801039283796749,3
6391,2021-03-12 15:00:00,89.35,90.32,89.09,90.22,775802.0,0.00973698936765534,0.01085618354784554,0.0029099048684945823,3
6392,2021-03-12 16:00:00,90.34,90.35,90.01,90.29,51802.0,-0.0005534646889528133,0.00011069293779046828,0.0036528669470887567,3
6393,2021-03-12 17:00:00,90.227,90.227,90.08,90.08,786.0,-0.001629224068183643,0.0,0.001629224068183643,3
6394,2021-03-12 18:00:00,90.19,90.22,90.07,90.07,2193.0,-0.0013305244483867895,0.0003326311120966974,0.0013305244483867895,3
6395,2021-03-12 19:00:00,90.22,90.22,90.08,90.15,1913.0,-0.000775881179339317,0.0,0.0015517623586787915,3
6396,2021-03-15 04:00:00,90.31,90.88,90.31,90.88,993.0,0.006311593400509281,0.006311593400509281,0.0,3
6397,2021-03-15 05:00:00,90.89,90.9,90.88,90.9,439.0,0.00011002310485207521,0.00011002310485207521,0.00011002310485207521,3
6398,2021-03-15 06:00:00,91.19,91.19,91.19,91.19,408.0,0.0,0.0,0.0,3
6399,2021-03-15 07:00:00,91.0,91.14,90.9,91.14,4223.0,0.0015384615384615447,0.0015384615384615447,0.0010989010989010365,3
6400,2021-03-15 08:00:00,90.8549,91.51,90.85,91.2125,10757.0,0.003935946217540331,0.007210398118318378,5.3932148954061296e-05,3
6401,2021-03-15 09:00:00,91.5,94.5,91.49,94.175,1152566.0,0.029234972677595596,0.03278688524590164,0.00010928961748639472,3
6402,2021-03-15 10:00:00,94.2,96.9,93.55,95.32,2339922.0,0.011889596602972296,0.028662420382165633,0.006900212314225113,3
6403,2021-03-15 11:00:00,95.28,95.47,92.88,93.59,949408.0,-0.017737195633921052,0.0019941225860621086,0.025188916876574367,3
6404,2021-03-15 12:00:00,93.555,94.3,92.8426,93.86,642769.0,0.003260114371225403,0.007963230185452305,0.007614772059216528,3
6405,2021-03-15 13:00:00,93.875,94.83,93.83,94.83,541119.0,0.010173102529960036,0.010173102529960036,0.00047936085219708874,3
6406,2021-03-15 14:00:00,94.85,95.12,93.385,94.73,635520.0,-0.0012651555086978423,0.0028465998945704824,0.015445440168687288,3
6407,2021-03-15 15:00:00,94.71,94.745,93.93,94.53,1144146.0,-0.0019005384859042617,0.00036954915003706897,0.008235666772252001,3
6408,2021-03-15 16:00:00,94.53,94.55,94.09,94.5,161303.0,-0.000317359568390999,0.00021157304559394922,0.0046546070030677855,3
6409,2021-03-15 17:00:00,94.17,94.5,94.17,94.4,2403.0,0.0024423914197727937,0.0035043007327174077,0.0,3
6410,2021-03-15 18:00:00,94.5,94.53,94.25,94.53,3854.0,0.0003174603174603295,0.0003174603174603295,0.0026455026455026454,3
6411,2021-03-15 19:00:00,94.32,94.32,94.14,94.2,5893.0,-0.0012722646310431547,0.0,0.0019083969465648074,3
6412,2021-03-16 04:00:00,94.4,94.4,94.02,94.02,800.0,-0.0040254237288136615,0.0,0.0040254237288136615,3
6413,2021-03-16 05:00:00,94.01,94.01,94.01,94.01,500.0,0.0,0.0,0.0,3
6414,2021-03-16 06:00:00,94.5,94.5,94.5,94.5,955.0,0.0,0.0,0.0,3
6415,2021-03-16 07:00:00,94.57,95.15,94.14,95.07,4507.0,0.005287088928835783,0.006133023157449641,0.004546896478798696,3
6416,2021-03-16 08:00:00,94.6982,95.35,94.5,95.0,18448.0,0.003186966594929999,0.006882918577121787,0.002092964808201211,3
6417,2021-03-16 09:00:00,94.88,94.934,90.16,91.3,1133623.0,-0.03773187183811128,0.0005691399662732088,0.04974704890387857,3
6418,2021-03-16 10:00:00,91.286,91.65,89.96,90.64,747275.0,-0.007076660166947843,0.003987467957846815,0.014525776132156163,3
6419,2021-03-16 11:00:00,90.62,91.13,89.95,90.89,619594.0,0.002979474729640212,0.0056278967115426055,0.007393511366144357,3
6420,2021-03-16 12:00:00,90.88,91.0465,89.51,90.23,462012.0,-0.0071522887323942725,0.001832086267605625,0.015074823943661867,3
6421,2021-03-16 13:00:00,90.2,90.75,88.81,88.81,624844.0,-0.015410199556541026,0.006097560975609724,0.015410199556541026,3
6422,2021-03-16 14:00:00,88.83,89.53,88.34,89.32,725264.0,0.005516154452324608,0.007880220646178125,0.005516154452324608,3
6423,2021-03-16 15:00:00,89.35,90.36,89.01,89.52,887664.0,0.0019026301063234663,0.011303861219921715,0.0038052602126467734,3
6424,2021-03-16 16:00:00,89.52,89.94,89.52,89.85,36228.0,0.0036863270777479705,0.004691689008042915,0.0,3
6425,2021-03-16 17:00:00,89.63,89.98,89.63,89.6601,2145.0,0.00033582505857418786,0.003904942541559841,0.0,3
6426,2021-03-16 18:00:00,89.97,89.98,89.67,89.98,2505.0,0.00011114816049800062,0.00011114816049800062,0.003334444814938281,3
6427,2021-03-16 19:00:00,89.8,89.98,89.67,89.9799,6739.0,0.0020033407572383464,0.002004454342984486,0.0014476614699331343,3
6428,2021-03-17 05:00:00,90.37,90.49,90.37,90.49,2097.0,0.001327874294566674,0.001327874294566674,0.0,3
6429,2021-03-17 06:00:00,90.02,90.45,90.0,90.45,472.0,0.004776716285270016,0.004776716285270016,0.00022217285047762742,3
6430,2021-03-17 07:00:00,90.37,90.5,88.9,89.29,10934.0,-0.01195086865110101,0.001438530485780629,0.016266460108443053,3
6431,2021-03-17 08:00:00,90.2882,90.6,88.79,89.0,16962.0,-0.014267645162933842,0.003453385935260543,0.016593530494571795,3
6432,2021-03-17 09:00:00,89.12,91.02,89.0,90.155,565517.0,0.011613554757630123,0.021319569120287155,0.0013464991023339828,3
6433,2021-03-17 10:00:00,90.09,90.25,87.92,88.37,694393.0,-0.019092019092019078,0.001776001776001738,0.024087024087024105,3
6434,2021-03-17 11:00:00,88.34,89.5,87.94,89.1468,323441.0,0.0091328956305184,0.013131084446456833,0.004527960153950709,3
6435,2021-03-17 12:00:00,89.13,89.49,88.85,89.01,309190.0,-0.0013463480309658963,0.004039044092898008,0.0031414787389206908,3
6436,2021-03-17 13:00:00,88.97,89.57,88.95,89.4099,304404.0,0.004944363268517415,0.006743846240305657,0.00022479487467681264,3
6437,2021-03-17 14:00:00,89.41,90.8985,89.41,90.4847,475074.0,0.012019908287663653,0.016648025947880573,0.0,3
6438,2021-03-17 15:00:00,90.5,91.45,90.25,91.42,763485.0,0.01016574585635361,0.010497237569060805,0.0027624309392265192,3
6439,2021-03-17 16:00:00,91.5,91.5,91.05,91.48,132310.0,-0.00021857923497263412,0.0,0.004918032786885277,3
6440,2021-03-17 17:00:00,91.45,91.45,91.4,91.4,12138.0,-0.0005467468562055457,0.0,0.0005467468562055457,3
6441,2021-03-17 18:00:00,91.38,91.5,91.28,91.29,4321.0,-0.000984898227183073,0.0013131976362443045,0.0010943313635368168,3
6442,2021-03-17 19:00:00,91.5,91.65,91.5,91.65,1717.0,0.0016393442622951442,0.0016393442622951442,0.0,3
6443,2021-03-18 04:00:00,92.25,92.62,92.25,92.56,2377.0,0.003360433604336068,0.0040108401084011334,0.0,3
6444,2021-03-18 05:00:00,92.12,92.12,91.64,91.64,601.0,-0.005210594876248415,0.0,0.005210594876248415,3
6445,2021-03-18 06:00:00,91.98,92.48,91.98,92.48,2677.0,0.005435964340073929,0.005435964340073929,0.0,3
6446,2021-03-18 07:00:00,92.22,92.29,92.03,92.03,5819.0,-0.0020602906094122505,0.0007590544350467078,0.0020602906094122505,3
6447,2021-03-18 08:00:00,92.3,92.5,91.52,91.87,24331.0,-0.0046587215601299305,0.002166847237269803,0.008450704225352126,3
6448,2021-03-18 09:00:00,91.75,92.12,89.1217,89.77,583211.0,-0.02158038147138969,0.004032697547683973,0.028646321525885515,3
6449,2021-03-18 10:00:00,89.845,90.9399,88.9,90.9,583273.0,0.011742445322499937,0.012186543491568764,0.010518114530580368,3
6450,2021-03-18 11:00:00,90.9,91.8976,90.83,91.3,413355.0,0.0044004400440043065,0.010974697469746879,0.0007700770077008513,3
6451,2021-03-18 12:00:00,91.33,92.1584,90.88,91.325,466296.0,-5.474652359570188e-05,0.00907040402934416,0.004927187123617682,3
6452,2021-03-18 13:00:00,91.33,91.65,90.97,91.09,252742.0,-0.002627833132596024,0.003503777510128188,0.003941749698894114,3
6453,2021-03-18 14:00:00,91.07,91.07,89.6601,90.27,413349.0,-0.008784451520808138,0.0,0.015481497748984226,3
6454,2021-03-18 15:00:00,90.25,90.26,88.22,88.43,968911.0,-0.02016620498614951,0.00011080332409977968,0.02249307479224378,3
6455,2021-03-18 16:00:00,88.41,88.8499,88.41,88.67,32821.0,0.0029408437959507422,0.004975681483995121,0.0,3
6456,2021-03-18 17:00:00,88.7,89.0199,88.7,89.0199,1256.0,0.0036065388951522443,0.0036065388951522443,0.0,3
6457,2021-03-18 18:00:00,89.05,89.05,88.91,88.92,2861.0,-0.001459854014598489,0.0,0.0015721504772599727,3
6458,2021-03-18 19:00:00,88.88,88.99,88.88,88.99,1661.0,0.0012376237623762314,0.0012376237623762314,0.0,3
6459,2021-03-19 05:00:00,89.5,89.5,89.5,89.5,300.0,0.0,0.0,0.0,3
6460,2021-03-19 07:00:00,89.5,89.7,89.3,89.3,2225.0,-0.002234636871508412,0.002234636871508412,0.002234636871508412,3
6461,2021-03-19 08:00:00,89.606,89.75,89.4,89.7475,6694.0,0.0015791353257595222,0.0016070352431757412,0.002298953195098418,3
6462,2021-03-19 09:00:00,89.5,89.5,86.53,88.22,963239.0,-0.014301675977653644,0.0,0.033184357541899426,3
6463,2021-03-19 10:00:00,88.04,88.5565,87.05,88.1,601852.0,0.000681508405270196,0.005866651522035364,0.011244888686960575,3
6464,2021-03-19 11:00:00,88.21,89.28,87.91,89.03,344999.0,0.00929599818614678,0.012130143974606138,0.003400974946151198,3
6465,2021-03-19 12:00:00,89.04,90.62,88.97,90.0599,977138.0,0.011454402515723187,0.01774483378256961,0.0007861635220126616,3
6466,2021-03-19 13:00:00,90.0,90.41,89.45,90.1899,370882.0,0.002109999999999938,0.004555555555555518,0.006111111111111079,3
6467,2021-03-19 14:00:00,90.2,90.41,89.93,90.28,421505.0,0.0008869179600886728,0.0023281596452327464,0.002993348115299291,3
6468,2021-03-19 15:00:00,90.29,91.04,90.14,90.68,1111871.0,0.004319415217632081,0.008306567726215528,0.0016613135452431683,3
6469,2021-03-19 16:00:00,90.72,90.99,90.28,90.31,128024.0,-0.0045194003527336485,0.0029761904761904322,0.004850088183421491,3
6470,2021-03-19 17:00:00,90.27,90.65,90.27,90.6,3570.0,0.0036556995679627594,0.00420959344189664,0.0,3
6471,2021-03-19 18:00:00,90.68,90.68,90.33,90.33,3086.0,-0.003859726510807328,0.0,0.003859726510807328,3
6472,2021-03-19 19:00:00,90.65,90.72,90.65,90.72,3195.0,0.000772200772200697,0.000772200772200697,0.0,3
6473,2021-03-22 04:00:00,89.5,89.5,88.01,88.14,4050.0,-0.015195530726256977,0.0,0.01664804469273737,3
6474,2021-03-22 05:00:00,88.15,88.93,88.15,88.92,1788.0,0.008735110606919977,0.0088485536018151,0.0,3
6475,2021-03-22 06:00:00,88.9,88.9,88.9,88.9,100.0,0.0,0.0,0.0,3
6476,2021-03-22 07:00:00,88.92,90.55,88.5,89.91,6901.0,0.011133603238866339,0.018331084120557752,0.004723346828610006,3
6477,2021-03-22 08:00:00,89.44,90.72,89.4172,89.6,25011.0,0.0017889087656529135,0.014311270125223626,0.00025491949910558704,3
6478,2021-03-22 09:00:00,89.63,90.26,88.92,89.2,550596.0,-0.00479750083677332,0.00702889657480765,0.00792145487002113,3
6479,2021-03-22 10:00:00,89.225,89.64,87.85,89.01,938101.0,-0.0024096385542167467,0.004651162790697745,0.01541047912580555,3
6480,2021-03-22 11:00:00,89.03,90.1,88.8,89.72,373524.0,0.007750196562956281,0.012018420757048108,0.002583398854318814,3
6481,2021-03-22 12:00:00,89.78,90.15,89.3085,89.77,354617.0,-0.00011138338159952234,0.004121185119180269,0.005251726442414859,3
6482,2021-03-22 13:00:00,89.8,89.97,89.35,89.89,217726.0,0.001002227171492243,0.001893095768374184,0.005011135857461056,3
6483,2021-03-22 14:00:00,89.8993,90.07,89.45,89.84,341177.0,-0.0006596269381407113,0.0018987912030460363,0.004997814221022787,3
6484,2021-03-22 15:00:00,89.849,90.01,88.77,88.97,673589.0,-0.009783080501730735,0.0017918952909882287,0.01200903738494594,3
6485,2021-03-22 16:00:00,88.9,88.98,88.56,88.98,68541.0,0.0008998875140607232,0.0008998875140607232,0.003824521934758193,3
6486,2021-03-22 17:00:00,88.9,88.97,88.9,88.97,1647.0,0.0007874015748030728,0.0007874015748030728,0.0,3
6487,2021-03-22 18:00:00,88.9,88.97,88.72,88.9699,14642.0,0.0007862767154104595,0.0007874015748030728,0.002024746906636747,3
6488,2021-03-23 04:00:00,88.0,88.02,88.0,88.02,500.0,0.00022727272727268206,0.00022727272727268206,0.0,3
6489,2021-03-23 05:00:00,88.02,88.02,87.43,87.5,1211.0,-0.005907748239036538,0.0,0.006703022040445231,3
6490,2021-03-23 06:00:00,87.52,87.7,87.0,87.0,1557.0,-0.0059414990859231725,0.002056672760511961,0.0059414990859231725,3
6491,2021-03-23 07:00:00,87.95,87.95,87.51,87.56,6613.0,-0.004434337691870387,0.0,0.005002842524161429,3
6492,2021-03-23 08:00:00,87.5001,88.29,87.5,88.16,16934.0,0.007541705666622018,0.009027418254379171,1.1428558367741254e-06,3
6493,2021-03-23 09:00:00,88.19,88.3,86.2409,86.89,463390.0,-0.014740900328835438,0.0012473069509014564,0.022101145254564025,3
6494,2021-03-23 10:00:00,86.9199,87.24,84.23,84.49,1233677.0,-0.027955623510841632,0.00368270096951327,0.030946883279893263,3
6495,2021-03-23 11:00:00,84.53,84.93,83.685,83.986,922244.0,-0.006435584999408457,0.004732047793682783,0.009996450964154724,3
6496,2021-03-23 12:00:00,84.02,84.55,83.48,83.96,459511.0,-0.0007141156867412792,0.006308021899547741,0.006427041180671175,3
6497,2021-03-23 13:00:00,83.95,84.03,83.04,83.57,505577.0,-0.0045265038713521106,0.000952948183442505,0.010839785586658685,3
6498,2021-03-23 14:00:00,83.56,83.87,83.22,83.24,654529.0,-0.0038295835327908975,0.0037099090473911235,0.004068932503590275,3
6499,2021-03-23 15:00:00,83.24,84.07,83.2,83.89,1551995.0,0.007808745795290795,0.009971167707832752,0.000480538202787026,3
6500,2021-03-23 16:00:00,84.02,84.29,83.9,84.11,30365.0,0.0010711735301119187,0.0032135205903357565,0.0014282313734823892,3
6501,2021-03-23 17:00:00,84.1,84.23,83.9,84.0,15778.0,-0.0011890606420926792,0.0015457788347206858,0.0023781212841853584,3
6502,2021-03-23 18:00:00,83.93,84.01,83.8,83.99,5540.0,0.0007148814488262607,0.0009531752651018502,0.0015489098057906547,3
6503,2021-03-23 19:00:00,83.7,83.95,83.5,83.5,4689.0,-0.002389486260454036,0.0029868578255675027,0.002389486260454036,3
6504,2021-03-24 05:00:00,85.74,85.74,85.0,85.5,1358.0,-0.002799160251924363,0.0,0.008630744110100244,3
6505,2021-03-24 06:00:00,85.57,85.74,85.08,85.08,3511.0,-0.0057263059483463235,0.001986677573916112,0.0057263059483463235,3
6506,2021-03-24 07:00:00,85.07,85.3,85.07,85.2,2183.0,0.0015281532855296776,0.0027036558128600446,0.0,3
6507,2021-03-24 08:00:00,85.309,85.5,85.0,85.2,18658.0,-0.0012777080964493156,0.002238919691943435,0.003622126622044538,3
6508,2021-03-24 09:00:00,85.2,87.4175,85.0,86.69,805452.0,0.017488262910798063,0.026026995305164332,0.0023474178403756203,3
6509,2021-03-24 10:00:00,86.73,87.98,86.06,87.8,598798.0,0.012337138245128481,0.014412544678888504,0.007725123947884258,3
6510,2021-03-24 11:00:00,87.85,89.1,86.54,86.955,1053700.0,-0.010187820147979466,0.014228799089356859,0.014911781445645853,3
6511,2021-03-24 12:00:00,86.95,88.08,86.79,87.89,301793.0,0.010810810810810784,0.012995974698102306,0.001840138010350737,3
6512,2021-03-24 13:00:00,87.84,87.93,86.87,87.4,299869.0,-0.005009107468123835,0.001024590163934465,0.011042805100182136,3
6513,2021-03-24 14:00:00,87.4,87.45,80.56,81.94,3985723.0,-0.062471395881006954,0.0005720823798626677,0.07826086956521743,3
6514,2021-03-24 15:00:00,81.91,82.47,81.54,81.58,1393551.0,-0.004028812110853355,0.006836772066902726,0.004517152972774879,3
6515,2021-03-24 16:00:00,81.58,82.31,81.51,81.83,31643.0,0.003064476587398872,0.008948271635204756,0.0008580534444716006,3
6516,2021-03-24 17:00:00,81.8288,81.8288,81.58,81.64,6513.0,-0.0023072561249828974,0.0,0.0030404943002952847,3
6517,2021-03-24 18:00:00,81.78,82.61,81.75,82.11,5718.0,0.004035216434336002,0.010149180728784523,0.0003668378576669251,3
6518,2021-03-24 19:00:00,82.12,82.4699,82.02,82.39,8474.0,0.003287871407696006,0.004260837798343777,0.0012177301509986424,3
6519,2021-03-25 04:00:00,82.59,82.59,82.59,82.59,200.0,0.0,0.0,0.0,3
6520,2021-03-25 06:00:00,82.5,82.98,82.5,82.98,1879.0,0.005818181818181866,0.005818181818181866,0.0,3
6521,2021-03-25 07:00:00,82.78,82.98,81.0,81.05,13976.0,-0.02089876781831365,0.0024160425223484277,0.021502778448900715,3
6522,2021-03-25 08:00:00,82.99,82.9999,80.1,80.4,33641.0,-0.031208579346909137,0.00011929148090133506,0.034823472707555134,3
6523,2021-03-25 09:00:00,80.11,81.27,78.86,80.11,956907.0,0.0,0.014480089876419881,0.015603545125452502,3
6524,2021-03-25 10:00:00,80.05,81.53,79.15,80.02,1059819.0,-0.0003747657713928937,0.01848844472204877,0.011242973141786277,3
6525,2021-03-25 11:00:00,79.95,81.83,79.4,81.82,756281.0,0.02338961851156961,0.023514696685428334,0.006879299562226356,3
6526,2021-03-25 12:00:00,81.8,84.25,81.7225,83.11,749867.0,0.016014669926650394,0.029951100244498815,0.0009474327628361928,3
6527,2021-03-25 13:00:00,83.21,83.24,82.33,82.35,314465.0,-0.010335296238432875,0.0003605335897127886,0.01057565196490801,3
6528,2021-03-25 14:00:00,82.34,83.27,82.0,83.12,306384.0,0.00947291717269858,0.011294632013602047,0.004129220306048134,3
6529,2021-03-25 15:00:00,83.11,83.855,82.71,83.4,494003.0,0.0034893514619180155,0.00896402358320304,0.004812898568162745,3
6530,2021-03-25 16:00:00,83.35,83.79,83.35,83.71,28231.0,0.00431913617276544,0.005278944211157912,0.0,3
6531,2021-03-25 17:00:00,83.84,84.0,83.45,84.0,4182.0,0.0019083969465648447,0.0019083969465648447,0.004651717557251915,3
6532,2021-03-25 18:00:00,83.85,83.87,83.8,83.8,1586.0,-0.0005963029218842834,0.00023852116875384892,0.0005963029218842834,3
6533,2021-03-25 19:00:00,83.84,84.0,83.84,84.0,2197.0,0.0019083969465648447,0.0019083969465648447,0.0,3
6534,2021-03-26 06:00:00,85.95,86.5,85.95,86.0,4597.0,0.0005817335660267267,0.006399069226294324,0.0,3
6535,2021-03-26 07:00:00,85.68,86.13,84.92,85.18,11192.0,-0.005835667600373482,0.005252100840336001,0.008870214752567752,3
6536,2021-03-26 08:00:00,86.3456,86.39,84.3222,85.31,15996.0,-0.011993662676500044,0.0005142126524107308,0.02343373605603539,3
6537,2021-03-26 09:00:00,85.42,86.3299,83.1,83.49,632526.0,-0.022594240224771796,0.010652072114258877,0.0271599157106065,3
6538,2021-03-26 10:00:00,83.39,84.64,82.87,83.23,441240.0,-0.0019186952872046598,0.014989806931286724,0.00623575968341523,3
6539,2021-03-26 11:00:00,83.29,83.76,82.94,83.21,241044.0,-0.000960499459719204,0.005642934325849428,0.004202185136270963,3
6540,2021-03-26 12:00:00,83.23,84.08,83.09,83.48,361772.0,0.0030037246185269733,0.010212663702991641,0.0016820857863751118,3
6541,2021-03-26 13:00:00,83.47,83.86,82.71,82.8,219797.0,-0.008026835988978097,0.004672337366718588,0.009105067688990118,3
6542,2021-03-26 14:00:00,82.79,83.06,81.68,83.02,386469.0,0.0027781132987074494,0.00326126343761319,0.013407416354632194,3
6543,2021-03-26 15:00:00,83.01,84.66,82.83,84.56,810123.0,0.018672449102517735,0.01987712323816397,0.0021684134441634357,3
6544,2021-03-26 16:00:00,84.55,84.92,83.84,84.38,22857.0,-0.0020106445890006115,0.0043761088113542825,0.008397397989355338,3
6545,2021-03-26 17:00:00,84.37,84.5,84.37,84.38,2933.0,0.00011852554225424801,0.0015408320493065716,0.0,3
6546,2021-03-26 18:00:00,84.31,84.5,84.3,84.33,1691.0,0.00023721978412994925,0.002253587949234939,0.0001186098920650589,3
6547,2021-03-26 19:00:00,84.25,84.3,83.9,84.3,5757.0,0.000593471810088987,0.000593471810088987,0.004154302670623078,3
6548,2021-03-29 04:00:00,82.75,82.75,82.0,82.0,1300.0,-0.00906344410876133,0.0,0.00906344410876133,3
6549,2021-03-29 05:00:00,82.37,82.37,82.37,82.37,100.0,0.0,0.0,0.0,3
6550,2021-03-29 07:00:00,83.78,84.35,83.75,84.35,3003.0,0.006803533062783399,0.006803533062783399,0.0003580806875149336,3
6551,2021-03-29 08:00:00,83.04,84.57,83.04,83.8,9955.0,0.009152215799614533,0.01842485549132932,0.0,3
6552,2021-03-29 09:00:00,83.5,85.2,83.4,84.23,393876.0,0.008742514970059928,0.020359281437125783,0.0011976047904190936,3
6553,2021-03-29 10:00:00,84.16,84.5,82.6,82.66,428273.0,-0.01782319391634981,0.004039923954372664,0.01853612167300383,3
6554,2021-03-29 11:00:00,82.64,82.88,81.6,82.35,500056.0,-0.003509196515004916,0.002904162633107392,0.01258470474346571,3
6555,2021-03-29 12:00:00,82.36,82.95,81.8299,82.92,211754.0,0.006799417192812072,0.00716367168528416,0.006436376881981599,3
6556,2021-03-29 13:00:00,82.92,83.34,82.26,82.35,150647.0,-0.00687409551374828,0.005065123010130267,0.007959479015918917,3
6557,2021-03-29 14:00:00,82.33,82.84,82.0,82.56,210318.0,0.0027936353698530788,0.006194582776630695,0.004008259443702153,3
6558,2021-03-29 15:00:00,82.62,83.468,82.62,82.93,427088.0,0.0037521181312031257,0.010263858629871688,0.0,3
6559,2021-03-29 16:00:00,82.87,82.87,82.85,82.87,42169.0,0.0,0.0,0.0002413418607458698,3
6560,2021-03-29 17:00:00,82.95,82.95,82.9,82.9,1117.0,-0.0006027727546714546,0.0,0.0006027727546714546,3
6561,2021-03-29 19:00:00,83.0,83.0,82.81,83.0,1365.0,0.0,0.0,0.002289156626505997,3
6562,2021-03-30 07:00:00,82.9,82.9,82.8,82.8,1678.0,-0.001206272617611683,0.0,0.001206272617611683,3
6563,2021-03-30 08:00:00,83.34,83.5099,82.52,82.7,4257.0,-0.007679385649148075,0.0020386369090472567,0.00983921286297105,3
6564,2021-03-30 09:00:00,82.65,84.675,82.65,84.46,426845.0,0.021899576527525565,0.02450090744101623,0.0,3
6565,2021-03-30 10:00:00,84.44,85.14,83.64,85.0301,520792.0,0.006988394126006712,0.008289909995262943,0.009474182851729004,3
6566,2021-03-30 11:00:00,85.07,85.57,84.56,84.64,318640.0,-0.005054660867520779,0.005877512636652169,0.005995062889385106,3
6567,2021-03-30 12:00:00,84.58,84.92,84.33,84.85,183468.0,0.0031922440293213057,0.00401986285173804,0.002955781508630882,3
6568,2021-03-30 13:00:00,84.81,85.29,84.53,84.991,222841.0,0.0021341822898242823,0.005659709939865629,0.0033014974649216025,3
6569,2021-03-30 14:00:00,84.97,85.8,84.84,85.77,262761.0,0.009415087678003968,0.009768153465929132,0.0015299517476755967,3
6570,2021-03-30 15:00:00,85.74,85.97,85.08,85.37,528811.0,-0.004315372055050039,0.0026825285747609515,0.007697690692792123,3
6571,2021-03-30 16:00:00,85.01,85.5,85.01,85.5,22710.0,0.00576402776143977,0.00576402776143977,0.0,3
6572,2021-03-30 17:00:00,85.5,85.5,85.35,85.35,765.0,-0.001754385964912347,0.0,0.001754385964912347,3
6573,2021-03-30 18:00:00,85.35,85.35,85.35,85.35,502.0,0.0,0.0,0.0,3
6574,2021-03-30 19:00:00,85.3,85.35,85.03,85.3,1892.0,0.0,0.0005861664712778096,0.003165298944900305,3
6575,2021-03-31 07:00:00,85.51,85.8,85.25,85.74,3619.0,0.0026897438896034353,0.003391416208630476,0.003040580049117122,3
6576,2021-03-31 08:00:00,85.0121,86.01,85.0121,85.78,6136.0,0.009032831796885353,0.011738329014340326,0.0,3
6577,2021-03-31 09:00:00,85.85,86.06,84.96,85.77,311506.0,-0.0009318578916715003,0.002446126965637833,0.010366919044845668,3
6578,2021-03-31 10:00:00,85.82,86.09,84.44,85.67,443404.0,-0.0017478443253319913,0.003146119785597882,0.01608016779305518,3
6579,2021-03-31 11:00:00,85.7,86.0,84.8901,85.0501,250766.0,-0.007583430571761988,0.0035005834305717287,0.00945040840140022,3
6580,2021-03-31 12:00:00,85.09,85.98,84.86,85.95,243111.0,0.010106945587025495,0.010459513456340351,0.002703020331413844,3
6581,2021-03-31 13:00:00,85.955,86.6,85.95,86.51,278085.0,0.006456866965272606,0.007503926473154511,5.816997266005995e-05,3
6582,2021-03-31 14:00:00,86.55,86.84,85.7,86.28,297081.0,-0.003119584055459226,0.003350664355863735,0.009820912767186532,3
6583,2021-03-31 15:00:00,86.23,86.8,85.59,85.65,690337.0,-0.00672619737910238,0.006610228458772969,0.007422010901078517,3
6584,2021-03-31 16:00:00,85.61,85.83,85.61,85.61,73107.0,0.0,0.0025697932484522704,0.0,3
6585,2021-03-31 17:00:00,85.63,85.63,85.63,85.63,100.0,0.0,0.0,0.0,3
6586,2021-03-31 18:00:00,85.63,85.63,85.63,85.63,100.0,0.0,0.0,0.0,3
6587,2021-03-31 19:00:00,85.98,85.98,85.63,85.63,1153.0,-0.004070714119562788,0.0,0.004070714119562788,3
6588,2021-04-01 04:00:00,85.37,85.37,85.33,85.37,1473.0,0.0,0.0,0.0004685486704932207,4
6589,2021-04-01 08:00:00,86.0001,86.29,86.0001,86.1,2801.0,0.0011616265562480856,0.0033709263128764142,0.0,4
6590,2021-04-01 09:00:00,86.0,87.1,85.7097,86.69,375461.0,0.008023255813953462,0.012790697674418539,0.0033755813953488603,4
6591,2021-04-01 10:00:00,86.78,87.82,85.88,86.06,391399.0,-0.008296842590458618,0.01198432818621793,0.010371053238073354,4
6592,2021-04-01 11:00:00,86.07,86.65,85.48,86.52,393664.0,0.005228302544440605,0.006738701057279105,0.0068548855582664025,4
6593,2021-04-01 12:00:00,86.51,86.92,86.26,86.57,218157.0,0.0006935614379839101,0.004739336492890956,0.0028898393249335336,4
6594,2021-04-01 13:00:00,86.56,86.76,86.17,86.51,165912.0,-0.0005776340110905402,0.0023105360443623248,0.004505545286506476,4
6595,2021-04-01 14:00:00,86.48,86.7,86.03,86.28,183429.0,-0.002312673450508821,0.002543940795559654,0.005203515263644806,4
6596,2021-04-01 15:00:00,86.3,86.74,86.01,86.66,477490.0,0.004171494785631512,0.0050984936268829405,0.0033603707995364085,4
6597,2021-04-01 16:00:00,86.67,86.75,86.51,86.75,22520.0,0.0009230414214837694,0.0009230414214837694,0.0018460828429675388,4
6598,2021-04-01 17:00:00,86.74,86.75,86.74,86.74,423.0,0.0,0.0001152870647913894,0.0,4
6599,2021-04-01 18:00:00,86.76,86.76,86.56,86.56,980.0,-0.0023052097740894747,0.0,0.0023052097740894747,4
6600,2021-04-01 19:00:00,86.67,86.9,86.67,86.9,1060.0,0.0026537440867659395,0.0026537440867659395,0.0,4
6601,2021-04-05 04:00:00,87.5,87.5,87.48,87.48,1000.0,-0.00022857142857138308,0.0,0.00022857142857138308,4
6602,2021-04-05 05:00:00,87.48,87.48,87.45,87.45,553.0,-0.0003429355281207263,0.0,0.0003429355281207263,4
6603,2021-04-05 06:00:00,88.0,88.0,87.99,87.99,355.0,-0.00011363636363642178,0.0,0.00011363636363642178,4
6604,2021-04-05 07:00:00,87.75,88.5,87.65,88.2,8957.0,0.00512820512820516,0.008547008547008548,0.001139601139601075,4
6605,2021-04-05 08:00:00,87.9899,88.8791,87.7,88.6,29894.0,0.006933750350892415,0.010105705313905212,0.0032946963231007525,4
6606,2021-04-05 09:00:00,88.8,91.3,88.72,90.73,1122734.0,0.02173423423423431,0.028153153153153154,0.0009009009009008817,4
6607,2021-04-05 10:00:00,90.77,90.81,89.07,90.04,708965.0,-0.008042304726231022,0.0004406742315743776,0.01872865484190815,4
6608,2021-04-05 11:00:00,90.1,90.84,89.07,89.33,693351.0,-0.008546059933407282,0.008213096559378569,0.011431742508324098,4
6609,2021-04-05 12:00:00,89.37,90.02,89.25,89.84,304961.0,0.00525903547051582,0.007273134161351588,0.0013427324605572847,4
6610,2021-04-05 13:00:00,89.77,90.18,89.64,90.1,262445.0,0.0036760610448924843,0.004567227358805957,0.0014481452601091173,4
6611,2021-04-05 14:00:00,90.14,90.65,89.99,90.072,365596.0,-0.0007543820723319042,0.0056578655424895175,0.0016640781007322574,4
6612,2021-04-05 15:00:00,90.055,90.31,89.11,89.12,1079899.0,-0.01038254400088837,0.0028316029093331347,0.010493587252234827,4
6613,2021-04-05 16:00:00,89.16,89.29,89.15,89.27,48606.0,0.0012337371018393834,0.001458052938537569,0.00011215791834893344,4
6614,2021-04-05 17:00:00,89.27,89.27,89.27,89.27,800.0,0.0,0.0,0.0,4
6615,2021-04-05 18:00:00,89.27,89.27,89.2,89.27,2352.0,0.0,0.0,0.0007841380082893826,4
6616,2021-04-05 19:00:00,89.48,89.48,89.3,89.3,1710.0,-0.0020116227089853242,0.0,0.0020116227089853242,4
6617,2021-04-06 04:00:00,89.49,89.49,89.49,89.49,181.0,0.0,0.0,0.0,4
6618,2021-04-06 05:00:00,88.77,89.27,88.77,89.27,1242.0,0.005632533513574406,0.005632533513574406,0.0,4
6619,2021-04-06 07:00:00,89.0,89.0,88.85,88.85,2018.0,-0.00168539325842703,0.0,0.00168539325842703,4
6620,2021-04-06 08:00:00,89.0782,89.73,89.0782,89.5,10696.0,0.0047351652817412635,0.0073171662651469,0.0,4
6621,2021-04-06 09:00:00,89.5,90.68,88.576,90.51,434019.0,0.011284916201117375,0.013184357541899517,0.010324022346368788,4
6622,2021-04-06 10:00:00,90.51,91.32,90.161,91.08,616511.0,0.006297646668876292,0.008949287371561022,0.0038559275218208347,4
6623,2021-04-06 11:00:00,91.0991,91.13,89.96,90.695,361362.0,-0.004435828674487606,0.00033919105677211275,0.012503965461788462,4
6624,2021-04-06 12:00:00,90.68,91.05,90.22,90.91,310882.0,0.0025363917071017836,0.004080282311424684,0.005072783414203881,4
6625,2021-04-06 13:00:00,90.93,91.7,90.64,91.57,392611.0,0.007038381172330213,0.008468052347959925,0.003189266468712265,4
6626,2021-04-06 14:00:00,91.6,92.3,90.92,91.08,634628.0,-0.005676855895196464,0.007641921397379944,0.007423580786026121,4
6627,2021-04-06 15:00:00,91.06,91.17,90.61,90.72,522362.0,-0.0037338018888645225,0.0012079947287502682,0.004941796617614791,4
6628,2021-04-06 16:00:00,90.67,94.33,90.52,92.9,99000.0,0.024594684018969935,0.040366163008712874,0.0016543509429801002,4
6629,2021-04-06 17:00:00,92.81,92.96,92.7,92.75,7956.0,-0.0006464820601228561,0.001616205150306987,0.001185217110225185,4
6630,2021-04-06 18:00:00,92.55,92.84,92.54,92.7,4328.0,0.0016207455429498184,0.0031334413830362644,0.00010804970286321886,4
6631,2021-04-06 19:00:00,92.77,92.77,92.62,92.72,6580.0,-0.0005389673385792514,0.0,0.0016169020157377543,4
6632,2021-04-07 04:00:00,92.17,92.18,92.17,92.18,401.0,0.00010849517196490306,0.00010849517196490306,0.0,4
6633,2021-04-07 06:00:00,92.52,92.52,92.5,92.5,1038.0,-0.00021616947686982298,0.0,0.00021616947686982298,4
6634,2021-04-07 07:00:00,92.67,93.01,92.67,92.99,4764.0,0.0034531131973669273,0.0036689327722024753,0.0,4
6635,2021-04-07 08:00:00,92.7899,93.19,92.0,92.2394,29194.0,-0.005932757767817398,0.00431189170373063,0.008512779946955465,4
6636,2021-04-07 09:00:00,92.1,95.08,92.0,94.75,1186663.0,0.02877307274701418,0.03235613463626497,0.0010857763300759426,4
6637,2021-04-07 10:00:00,94.81,95.3,93.64,93.64,1165065.0,-0.012340470414513255,0.005168231199240533,0.012340470414513255,4
6638,2021-04-07 11:00:00,93.66,93.83,91.46,91.91,964848.0,-0.01868460388639761,0.0018150758061072146,0.023489216314328452,4
6639,2021-04-07 12:00:00,91.88,92.23,91.0,92.1,478410.0,0.0023944275141488777,0.003809316499782418,0.009577710056595511,4
6640,2021-04-07 13:00:00,92.0801,92.47,91.53,91.8,292323.0,-0.003041916765946219,0.004234356826284911,0.005974146422516922,4
6641,2021-04-07 14:00:00,91.79,92.42,91.69,91.72,290515.0,-0.0007626103061336461,0.006863492755202042,0.0010894432944766152,4
6642,2021-04-07 15:00:00,91.75,91.88,90.9,91.05,841951.0,-0.0076294277929155625,0.0014168937329699777,0.009264305177111654,4
6643,2021-04-07 16:00:00,90.8,91.37,90.8,91.1,19307.0,0.00330396475770922,0.0062775330396476585,0.0,4
6644,2021-04-07 17:00:00,91.15,91.3,91.15,91.3,1840.0,0.0016456390565001806,0.0016456390565001806,0.0,4
6645,2021-04-07 18:00:00,91.28,91.35,91.28,91.33,669.0,0.0005477651183172345,0.000766871165644097,0.0,4
6646,2021-04-07 19:00:00,91.33,91.33,91.1,91.33,5415.0,0.0,0.0,0.0025183400854046204,4
6647,2021-04-08 04:00:00,91.45,91.45,91.45,91.45,100.0,0.0,0.0,0.0,4
6648,2021-04-08 05:00:00,91.53,91.53,91.4,91.4,851.0,-0.0014202993554025506,0.0,0.0014202993554025506,4
6649,2021-04-08 07:00:00,91.35,91.86,91.32,91.78,1166.0,0.004707170224411679,0.005582922824302191,0.0003284072249589616,4
6650,2021-04-08 08:00:00,91.32,91.8,91.32,91.75,3313.0,0.00470871660096372,0.005256241787122252,0.0,4
6651,2021-04-08 09:00:00,91.5,91.6,87.52,88.21,1087058.0,-0.03595628415300553,0.001092896174863326,0.043497267759562884,4
6652,2021-04-08 10:00:00,88.215,89.17,87.43,88.88,876040.0,0.007538400498781296,0.010825823272686032,0.008898713370741898,4
6653,2021-04-08 11:00:00,88.9,89.8619,88.87,89.85,487673.0,0.010686164229471188,0.01082002249718785,0.00033745781777279115,4
6654,2021-04-08 12:00:00,89.835,90.07,89.56,89.785,296860.0,-0.0005565759447876346,0.0026159069405020255,0.0030611676963320698,4
6655,2021-04-08 13:00:00,89.81,90.19,89.44,89.73,178087.0,-0.0008907694020710198,0.0042311546598373835,0.0041198084845786055,4
6656,2021-04-08 14:00:00,89.77,90.14,89.58,89.9246,177702.0,0.0017221789016375413,0.004121644201849221,0.002116519995544143,4
6657,2021-04-08 15:00:00,89.94,90.15,89.66,89.82,500877.0,-0.0013342228152101907,0.002334889926617834,0.003113186568823673,4
6658,2021-04-08 16:00:00,89.82,89.82,89.7,89.81,644415.0,-0.00011133377866834676,0.0,0.0013360053440212686,4
6659,2021-04-08 17:00:00,89.8582,89.99,89.71,89.99,2047.0,0.0014667553990620596,0.0014667553990620596,0.0016492651755766617,4
6660,2021-04-08 18:00:00,89.83,89.9,89.83,89.9,272.0,0.000779249693866274,0.000779249693866274,0.0,4
6661,2021-04-08 19:00:00,89.87,90.1,89.81,89.81,3170.0,-0.0006676310225882082,0.002559252253254587,0.0006676310225882082,4
6662,2021-04-09 04:00:00,89.9,89.9,89.9,89.9,100.0,0.0,0.0,0.0,4
6663,2021-04-09 06:00:00,90.2,90.2,90.2,90.2,254.0,0.0,0.0,0.0,4
6664,2021-04-09 07:00:00,90.2,90.57,90.01,90.57,14960.0,0.004101995565410093,0.004101995565410093,0.0021064301552106176,4
6665,2021-04-09 08:00:00,90.48,90.81,89.9,90.03,20206.0,-0.004973474801061039,0.003647214854111387,0.006410256410256391,4
6666,2021-04-09 09:00:00,90.22,90.22,88.67,89.8007,440005.0,-0.004647528264242881,0.0,0.017180226113943663,4
6667,2021-04-09 10:00:00,89.85,90.47,88.821,89.6814,351985.0,-0.001876460767946554,0.0069003895381191385,0.011452420701168574,4
6668,2021-04-09 11:00:00,89.71,89.83,89.12,89.39,206618.0,-0.003567049381339797,0.0013376435180025032,0.0065767472968452706,4
6669,2021-04-09 12:00:00,89.4,90.1,89.26,89.8292,187852.0,0.004800894854586068,0.007829977628635219,0.0015659955257270755,4
6670,2021-04-09 13:00:00,89.82,90.0,89.53,89.77,151191.0,-0.0005566688933422084,0.0020040080160321403,0.0032286795813849037,4
6671,2021-04-09 14:00:00,89.76,89.97,89.58,89.81,161088.0,0.0005570409982174371,0.0023395721925132994,0.0020053475935829634,4
6672,2021-04-09 15:00:00,89.82,90.16,89.52,89.85,632686.0,0.0003340013360053567,0.0037853484747272705,0.0033400133600534087,4
6673,2021-04-09 16:00:00,89.88,89.9,89.65,89.9,32055.0,0.00022251891410781302,0.00022251891410781302,0.0025589675122384267,4
6674,2021-04-09 17:00:00,89.86,89.86,89.69,89.69,696.0,-0.0018918317382595339,0.0,0.0018918317382595339,4
6675,2021-04-09 18:00:00,89.69,89.75,89.69,89.75,254.0,0.0006689708997658856,0.0006689708997658856,0.0,4
6676,2021-04-09 19:00:00,89.46,89.46,89.46,89.46,100.0,0.0,0.0,0.0,4
6677,2021-04-12 07:00:00,89.56,89.6,89.0,89.0,2898.0,-0.006252791424743214,0.0004466279589101389,0.006252791424743214,4
6678,2021-04-12 08:00:00,89.1,89.58,88.69,88.9,10914.0,-0.0022446689113354507,0.005387205387205433,0.004601571268237897,4
6679,2021-04-12 09:00:00,88.96,89.3671,85.92,86.45,743542.0,-0.028214928057553858,0.004576214028776977,0.03417266187050351,4
6680,2021-04-12 10:00:00,86.42,86.89,85.73,86.79,717470.0,0.004281416338810513,0.005438555889840302,0.007984262902105967,4
6681,2021-04-12 11:00:00,86.79,87.15,86.28,87.05,320990.0,0.0029957368360409137,0.004147943311441403,0.0058762530245420564,4
6682,2021-04-12 12:00:00,87.03,87.13,86.61,87.0,228135.0,-0.0003447087211306577,0.0011490290704354166,0.004825922095829044,4
6683,2021-04-12 13:00:00,86.99,87.07,86.145,86.24,319106.0,-0.008621680652948615,0.0009196459363144993,0.009713760202322093,4
6684,2021-04-12 14:00:00,86.24,86.84,86.0,86.77,291605.0,0.006145640074211516,0.006957328385899914,0.0027829313543598667,4
6685,2021-04-12 15:00:00,86.77,87.3,86.64,87.07,724549.0,0.0034574161576581444,0.006108101878529459,0.001498213668318491,4
6686,2021-04-12 16:00:00,86.56,87.07,86.29,87.06,39092.0,0.00577634011090573,0.00589186691312374,0.0031192236598890483,4
6687,2021-04-12 17:00:00,86.81,87.01,86.81,86.81,605.0,0.0,0.002303882041239521,0.0,4
6688,2021-04-12 18:00:00,87.05,87.05,87.05,87.05,100.0,0.0,0.0,0.0,4
6689,2021-04-12 19:00:00,87.0,87.0,87.0,87.0,2326.0,0.0,0.0,0.0,4
6690,2021-04-13 04:00:00,87.02,87.02,87.02,87.02,106.0,0.0,0.0,0.0,4
6691,2021-04-13 05:00:00,87.5,87.5,87.5,87.5,200.0,0.0,0.0,0.0,4
6692,2021-04-13 06:00:00,87.36,87.36,87.36,87.36,100.0,0.0,0.0,0.0,4
6693,2021-04-13 07:00:00,87.11,87.11,84.56,84.85,47696.0,-0.025944208472046898,0.0,0.029273332568017417,4
6694,2021-04-13 08:00:00,85.6778,86.3378,84.56,85.1,46542.0,-0.006743870640936281,0.007703279029106683,0.013046553482932597,4
6695,2021-04-13 09:00:00,85.23,85.91,83.6,84.48,952261.0,-0.008799718409010912,0.00797841135750314,0.019124721342250493,4
6696,2021-04-13 10:00:00,84.53,86.23,84.27,86.09,627686.0,0.01845498639536262,0.020111203123151577,0.003075831065893826,4
6697,2021-04-13 11:00:00,86.1,86.68,85.83,86.23,369074.0,0.001509872241579671,0.006736353077816638,0.0031358885017421143,4
6698,2021-04-13 12:00:00,86.17,86.555,85.7,85.82,268680.0,-0.00406173842404559,0.0044679122664501,0.005454334455146789,4
6699,2021-04-13 13:00:00,85.9,86.57,85.86,86.5097,189703.0,0.007097788125727467,0.007799767171129074,0.0004656577415600262,4
6700,2021-04-13 14:00:00,86.5,86.79,86.25,86.4279,185371.0,-0.0008335260115607635,0.0033526011560694366,0.002890173410404624,4
6701,2021-04-13 15:00:00,86.405,86.85,86.27,86.52,452691.0,0.0013309414964411189,0.005150164921011437,0.0015624095827788335,4
6702,2021-04-13 16:00:00,86.53,86.8,86.53,86.61,691664.0,0.0009245348434068912,0.0031203050964982784,0.0,4
6703,2021-04-13 17:00:00,86.61,86.7499,86.6,86.7499,721.0,0.0016152869183696716,0.0016152869183696716,0.0001154601085325611,4
6704,2021-04-13 18:00:00,86.62,86.62,86.41,86.41,1923.0,-0.0024243823597322554,0.0,0.0024243823597322554,4
6705,2021-04-13 19:00:00,86.41,86.75,86.39,86.75,2214.0,0.003934729776646261,0.003934729776646261,0.00023145469274384934,4
6706,2021-04-14 06:00:00,86.0,86.2,85.99,86.2,1460.0,0.00232558139534887,0.00232558139534887,0.00011627906976750135,4
6707,2021-04-14 07:00:00,86.53,86.9,86.53,86.9,700.0,0.004275973650757016,0.004275973650757016,0.0,4
6708,2021-04-14 08:00:00,86.92,86.92,86.21,86.56,7881.0,-0.004141739530602847,0.0,0.008168430740911274,4
6709,2021-04-14 09:00:00,86.65,88.17,86.3,88.08,370049.0,0.01650317368724746,0.01754183496826308,0.004039238315060686,4
6710,2021-04-14 10:00:00,88.02,88.73,87.75,88.35,485932.0,0.003749147920927043,0.008066348557146195,0.003067484662576642,4
6711,2021-04-14 11:00:00,88.36,88.41,87.91,88.225,230596.0,-0.001527840651878736,0.000565866908103182,0.005092802172928959,4
6712,2021-04-14 12:00:00,88.175,88.34,87.66,88.005,147469.0,-0.0019279841224837165,0.0018712787071166006,0.005840657782818266,4
6713,2021-04-14 13:00:00,88.0,88.03,87.08,87.13,192575.0,-0.009886363636363688,0.00034090909090910384,0.010454545454545473,4
6714,2021-04-14 14:00:00,87.13,87.44,86.7801,86.94,229975.0,-0.0021806496040399142,0.0035579019855388762,0.004015838402387134,4
6715,2021-04-14 15:00:00,86.89,86.89,86.36,86.57,448226.0,-0.003682817355276872,0.0,0.006099666244677191,4
6716,2021-04-14 16:00:00,86.63,86.63,86.36,86.57,42959.0,-0.0006926007156874325,0.0,0.003116703220593282,4
6717,2021-04-14 18:00:00,86.91,86.91,86.91,86.91,102.0,0.0,0.0,0.0,4
6718,2021-04-14 19:00:00,86.7,86.89,86.7,86.89,1011.0,0.0021914648212225806,0.0021914648212225806,0.0,4
6719,2021-04-15 07:00:00,86.75,86.75,86.75,86.75,500.0,0.0,0.0,0.0,4
6720,2021-04-15 08:00:00,87.4,87.47,87.02,87.35,4203.0,-0.0005720823798628302,0.0008009153318077022,0.004347826086956632,4
6721,2021-04-15 09:00:00,87.34,87.34,83.85,84.84,766249.0,-0.02862376917792535,0.0,0.03995878177238389,4
6722,2021-04-15 10:00:00,84.86,85.4999,84.3,85.24,494544.0,0.004477963704925706,0.0075406551967946885,0.006599104407259041,4
6723,2021-04-15 11:00:00,85.2799,85.95,85.01,85.91,312871.0,0.007388610915350496,0.007857654617324891,0.0031648723790716534,4
6724,2021-04-15 12:00:00,85.93,85.93,85.04,85.13,202863.0,-0.009309903409752256,0.0,0.010357267543349244,4
6725,2021-04-15 13:00:00,85.17,85.28,84.61,85.28,212637.0,0.0012915345779030108,0.0012915345779030108,0.006575085123869934,4
6726,2021-04-15 14:00:00,85.3,85.37,84.82,84.93,268277.0,-0.0043376318874559245,0.0008206330597890667,0.0056271981242673385,4
6727,2021-04-15 15:00:00,84.93,85.23,84.16,84.49,936566.0,-0.005180737077593452,0.003532320734722679,0.009066289885788417,4
6728,2021-04-15 16:00:00,84.51,84.51,84.45,84.5,26851.0,-0.00011832919181168046,0.0,0.0007099751508697464,4
6729,2021-04-15 17:00:00,84.5,84.6,84.5,84.6,1008.0,0.0011834319526626547,0.0011834319526626547,0.0,4
6730,2021-04-15 18:00:00,84.5,84.5,84.5,84.5,615.0,0.0,0.0,0.0,4
6731,2021-04-15 19:00:00,84.73,84.73,84.63,84.63,925.0,-0.001180219520830975,0.0,0.001180219520830975,4
6732,2021-04-16 06:00:00,85.29,85.29,85.28,85.28,450.0,-0.00011724703951231228,0.0,0.00011724703951231228,4
6733,2021-04-16 07:00:00,84.58,84.7,84.58,84.7,970.0,0.0014187751241428771,0.0014187751241428771,0.0,4
6734,2021-04-16 08:00:00,85.0,85.0,84.69,84.7,2240.0,-0.003529411764705849,0.0,0.0036470588235294386,4
6735,2021-04-16 09:00:00,84.7,86.82,84.65,85.48,620954.0,0.009208972845336495,0.025029515938606733,0.0005903187721369204,4
6736,2021-04-16 10:00:00,85.5,85.8385,84.8,85.17,387034.0,-0.003859649122806998,0.003959064327485337,0.00818713450292401,4
6737,2021-04-16 11:00:00,85.18,85.48,84.8,85.07,213382.0,-0.0012913829537451707,0.0035219535102136317,0.0044611411129374225,4
6738,2021-04-16 12:00:00,85.03,85.17,84.85,84.9095,141799.0,-0.001417146889333258,0.0016464777137480955,0.0021168999176761944,4
6739,2021-04-16 13:00:00,84.87,84.9677,84.7,84.73,118364.0,-0.001649581713208443,0.0011511723812889008,0.0020030635088959785,4
6740,2021-04-16 14:00:00,84.71,85.52,84.7003,85.44,176806.0,0.008617636642663252,0.009562035178845501,0.00011450832251204295,4
6741,2021-04-16 15:00:00,85.41,85.75,85.33,85.42,567205.0,0.00011708230886319068,0.003980798501346487,0.0009366584709050263,4
6742,2021-04-16 16:00:00,85.42,85.42,85.3,85.34,38163.0,-0.0009365488176070977,0.0,0.00140482322641073,4
6743,2021-04-16 17:00:00,85.3,85.37,85.3,85.37,1203.0,0.0008206330597890667,0.0008206330597890667,0.0,4
6744,2021-04-16 18:00:00,85.37,85.37,85.37,85.37,100.0,0.0,0.0,0.0,4
6745,2021-04-16 19:00:00,85.37,85.37,85.22,85.22,487.0,-0.0017570575143493695,0.0,0.0017570575143493695,4
6746,2021-04-19 07:00:00,85.01,85.22,84.99,85.12,1316.0,0.0012939654158334246,0.002470297612045568,0.00023526643924256241,4
6747,2021-04-19 08:00:00,85.0001,85.1999,84.7701,85.1999,3145.0,0.0023505854698994025,0.0023505854698994025,0.002705879169553965,4
6748,2021-04-19 09:00:00,85.09,85.55,83.91,85.3,310944.0,0.0024679750852038282,0.00540604066282752,0.013867669526383908,4
6749,2021-04-19 10:00:00,85.39,85.74,84.42,84.65,330817.0,-0.008666120154584785,0.004098840613654928,0.011359643986415258,4
6750,2021-04-19 11:00:00,84.62,85.39,84.57,84.73,178504.0,0.0012999290947766418,0.009099503663436492,0.0005908768612622473,4
6751,2021-04-19 12:00:00,84.79,85.01,84.39,84.66,127920.0,-0.0015331996697724927,0.0025946455949993966,0.00471753744545354,4
6752,2021-04-19 13:00:00,84.63,84.96,84.53,84.88,102591.0,0.0029540352120997282,0.0038993264799716213,0.0011816140848398243,4
6753,2021-04-19 14:00:00,84.8401,85.19,84.05,84.0997,635636.0,-0.00872700527227111,0.004124228990771946,0.009312813162643721,4
6754,2021-04-19 15:00:00,84.085,84.35,83.41,83.82,633967.0,-0.0031515728132247203,0.0031515728132247203,0.00802759112802518,4
6755,2021-04-19 16:00:00,83.78,83.9,83.78,83.9,22754.0,0.0014323227500597344,0.0014323227500597344,0.0,4
6756,2021-04-19 17:00:00,83.9,84.0,83.78,84.0,26529.0,0.0011918951132299678,0.0011918951132299678,0.001430274135876097,4
6757,2021-04-19 18:00:00,83.86,83.86,83.79,83.85,2524.0,-0.00011924636298598993,0.0,0.0008347245409014212,4
6758,2021-04-19 19:00:00,83.9,83.9,83.85,83.85,786.0,-0.0005959475566151534,0.0,0.0005959475566151534,4
6759,2021-04-20 06:00:00,83.01,83.01,82.98,82.98,1697.0,-0.000361402240693906,0.0,0.000361402240693906,4
6760,2021-04-20 07:00:00,83.16,83.41,82.82,82.82,7380.0,-0.00408850408850413,0.0030062530062530063,0.00408850408850413,4
6761,2021-04-20 08:00:00,82.5638,83.49,82.5,83.26,8730.0,0.008432266925698727,0.011217991419968489,0.0007727357510192181,4
6762,2021-04-20 09:00:00,83.26,83.26,80.56,80.88,721660.0,-0.028585154936344098,0.0,0.032428537112659174,4
6763,2021-04-20 10:00:00,80.872,81.14,79.78,80.14,859420.0,-0.009051340389751698,0.003313878721930961,0.013502819269957448,4
6764,2021-04-20 11:00:00,80.19,80.25,79.0265,80.1399,631025.0,-0.0006247661803217418,0.000748222970445221,0.01450929043521635,4
6765,2021-04-20 12:00:00,80.14,80.55,80.02,80.37,282513.0,0.002869977539306264,0.005116046917893644,0.001497379585725038,4
6766,2021-04-20 13:00:00,80.395,80.67,80.19,80.58,255654.0,0.0023011381304807797,0.0034206107344984847,0.002549909820262433,4
6767,2021-04-20 14:00:00,80.57,80.85,80.21,80.23,297358.0,-0.004219932977534929,0.0034752389226759485,0.004468164329154765,4
6768,2021-04-20 15:00:00,80.25,81.08,80.145,81.06,732690.0,0.010093457943925263,0.010342679127725836,0.0013084112149533205,4
6769,2021-04-20 16:00:00,81.0,81.07,80.61,80.75,690815.0,-0.0030864197530864196,0.0008641975308641133,0.004814814814814822,4
6770,2021-04-20 17:00:00,80.75,81.5,80.75,81.06,9175.0,0.003839009287925725,0.009287925696594427,0.0,4
6771,2021-04-20 18:00:00,81.1,81.3,80.85,80.85,2434.0,-0.0030826140567200987,0.002466091245376114,0.0030826140567200987,4
6772,2021-04-20 19:00:00,80.88,80.88,80.88,80.88,240.0,0.0,0.0,0.0,4
6773,2021-04-21 05:00:00,81.87,81.88,81.87,81.88,1100.0,0.00012214486380836577,0.00012214486380836577,0.0,4
6774,2021-04-21 06:00:00,81.79,82.0,81.79,82.0,836.0,0.0025675510453599918,0.0025675510453599918,0.0,4
6775,2021-04-21 07:00:00,82.02,82.02,81.5,81.64,10574.0,-0.004633016337478609,0.0,0.006339917093391808,4
6776,2021-04-21 08:00:00,81.7999,81.8,81.0,81.0,14941.0,-0.009778740560807457,1.2224953820642772e-06,0.009778740560807457,4
6777,2021-04-21 09:00:00,81.3,83.28,80.05,82.9677,567605.0,0.02051291512915125,0.024354243542435473,0.015375153751537515,4
6778,2021-04-21 10:00:00,82.93,84.15,82.93,84.01,911968.0,0.013023031472326037,0.01471120221873868,0.0,4
6779,2021-04-21 11:00:00,83.96,84.0,82.78,83.35,385347.0,-0.0072653644592663115,0.00047641734159130844,0.014054311576941314,4
6780,2021-04-21 12:00:00,83.4,83.73,83.2,83.2,198232.0,-0.0023980815347722164,0.00395683453237408,0.0023980815347722164,4
6781,2021-04-21 13:00:00,83.23,83.85,83.02,83.8,153219.0,0.006848492130241417,0.007449237053946778,0.002523128679562753,4
6782,2021-04-21 14:00:00,83.85,84.33,83.83,84.26,241035.0,0.00488968395945153,0.005724508050089493,0.00023852116875367946,4
6783,2021-04-21 15:00:00,84.27,84.72,83.87,84.67,575314.0,0.004746647680076014,0.005339978640085474,0.004746647680075845,4
6784,2021-04-21 16:00:00,84.69,84.71,84.57,84.62,21310.0,-0.0008265438658636578,0.00023615539024673542,0.001416932341480748,4
6785,2021-04-21 17:00:00,84.56,84.56,84.56,84.56,101.0,0.0,0.0,0.0,4
6786,2021-04-21 18:00:00,84.64,84.64,84.64,84.64,460.0,0.0,0.0,0.0,4
6787,2021-04-21 19:00:00,84.56,84.56,84.52,84.52,536.0,-0.0004730368968780304,0.0,0.0004730368968780304,4
6788,2021-04-22 08:00:00,84.5077,84.9,84.25,84.67,26774.0,0.0019205350518355356,0.004642180535028239,0.0030494262652988996,4
6789,2021-04-22 09:00:00,84.63,84.9,83.611,84.87,328522.0,0.0028358738036158467,0.0031903580290678275,0.01204064752451839,4
6790,2021-04-22 10:00:00,84.85,85.9,84.6,85.279,381131.0,0.005055981143193896,0.012374779021803317,0.0029463759575721863,4
6791,2021-04-22 11:00:00,85.32,86.55,85.32,86.09,433873.0,0.00902484763244269,0.01441631504922649,0.0,4
6792,2021-04-22 12:00:00,86.07,86.465,85.68,86.37,291176.0,0.00348553502962718,0.004589287789009066,0.004531195538515004,4
6793,2021-04-22 13:00:00,86.38,86.42,84.83,84.88,563009.0,-0.017365130817318823,0.00046307015512857437,0.01794396851122942,4
6794,2021-04-22 14:00:00,84.84,85.06,84.36,84.7,338943.0,-0.001650165016501657,0.0025931164545025796,0.005657708628005705,4
6795,2021-04-22 15:00:00,84.73,84.97,84.1,84.1785,430259.0,-0.006508910657382324,0.0028325268499940384,0.007435382981234623,4
6796,2021-04-22 16:00:00,84.18,84.37,84.01,84.37,28674.0,0.0022570681872178394,0.0022570681872178394,0.0020194820622475847,4
6797,2021-04-22 17:00:00,84.48,84.49,84.2001,84.49,1922.0,0.00011837121212110446,0.00011837121212110446,0.003313210227272701,4
6798,2021-04-22 18:00:00,84.25,84.25,84.23,84.23,1050.0,-0.00023738872403556108,0.0,0.00023738872403556108,4
6799,2021-04-22 19:00:00,84.23,84.34,84.02,84.18,1972.0,-0.0005936127270568343,0.001305947999525103,0.0024931734536389402,4
6800,2021-04-23 07:00:00,84.5,84.5,84.5,84.5,1060.0,0.0,0.0,0.0,4
6801,2021-04-23 08:00:00,84.85,85.1105,84.5,84.5,9765.0,-0.004124926340600994,0.003070123747790307,0.004124926340600994,4
6802,2021-04-23 09:00:00,84.25,84.88,83.28,84.21,344466.0,-0.00047477744807129086,0.007477744807121608,0.01151335311572699,4
6803,2021-04-23 10:00:00,84.08,85.04,84.08,84.46,340304.0,0.004519505233111268,0.011417697431018173,0.0,4
6804,2021-04-23 11:00:00,84.46,85.26,84.44,85.01,270377.0,0.006511958323466865,0.009471939379588106,0.00023679848448965218,4
6805,2021-04-23 12:00:00,84.98,85.7026,84.83,85.66,285340.0,0.008001882795951902,0.00850317721816898,0.001765121204989476,4
6806,2021-04-23 13:00:00,85.63,85.7,85.34,85.65,191526.0,0.00023356300362034605,0.0008174705126708793,0.0033866635524931925,4
6807,2021-04-23 14:00:00,85.7,85.85,85.51,85.705,267698.0,5.834305717614297e-05,0.0017502917152857815,0.0022170361726954226,4
6808,2021-04-23 15:00:00,85.715,85.96,85.6,85.79,561059.0,0.0008749927083941298,0.0028583095140872696,0.0013416554862043877,4
6809,2021-04-23 16:00:00,85.81,85.81,85.52,85.62,17003.0,-0.0022141941498659565,0.0,0.003379559491900784,4
6810,2021-04-23 17:00:00,85.65,85.65,85.65,85.65,325.0,0.0,0.0,0.0,4
6811,2021-04-23 19:00:00,85.7,85.85,85.7,85.85,904.0,0.0017502917152857815,0.0017502917152857815,0.0,4
6812,2021-04-26 04:00:00,86.31,86.31,86.3,86.3,200.0,-0.00011586142973010214,0.0,0.00011586142973010214,4
6813,2021-04-26 07:00:00,86.47,87.0,86.46,87.0,4510.0,0.006129293396553731,0.006129293396553731,0.00011564704521805384,4
6814,2021-04-26 08:00:00,86.91,87.59,86.25,87.15,24210.0,0.002761477390403971,0.0078241859394777,0.0075940628236105924,4
6815,2021-04-26 09:00:00,87.07,88.84,86.5,87.41,535120.0,0.003904904100149345,0.02032847134489503,0.00654645687377964,4
6816,2021-04-26 10:00:00,87.42,88.09,86.94,87.17,382335.0,-0.0028597574925646307,0.007664150080073229,0.005490734385724136,4
6817,2021-04-26 11:00:00,87.1724,87.39,86.8721,87.28,209625.0,0.0012343356383443043,0.0024962029266144383,0.0034448976969774026,4
6818,2021-04-26 12:00:00,87.27,87.32,86.86,87.23,185193.0,-0.000458347656697514,0.0005729345708719739,0.0046980634811504135,4
6819,2021-04-26 13:00:00,87.28,87.39,86.7601,86.85,168010.0,-0.004926672777268639,0.0012603116406966022,0.0059566911090743226,4
6820,2021-04-26 14:00:00,86.83,86.95,86.665,86.92,155904.0,0.0010365081193136406,0.0013820108257515207,0.0019002648854081774,4
6821,2021-04-26 15:00:00,86.95,87.19,86.69,86.92,388694.0,-0.0003450258769407836,0.0027602070155261053,0.00299022426682007,4
6822,2021-04-26 16:00:00,86.92,86.94,86.89,86.92,21454.0,0.0,0.00023009664058900163,0.00034514496088358415,4
6823,2021-04-26 17:00:00,86.94,86.94,86.9,86.9,1000.0,-0.0004600874166090642,0.0,0.0004600874166090642,4
6824,2021-04-26 18:00:00,86.95,86.95,86.9,86.9,2114.0,-0.0005750431282345849,0.0,0.0005750431282345849,4
6825,2021-04-26 19:00:00,86.9,86.9,86.85,86.85,391.0,-0.0005753739930956428,0.0,0.0005753739930956428,4
6826,2021-04-27 05:00:00,86.95,86.95,86.95,86.95,156.0,0.0,0.0,0.0,4
6827,2021-04-27 06:00:00,86.9,87.29,86.9,87.29,1256.0,0.004487917146145001,0.004487917146145001,0.0,4
6828,2021-04-27 07:00:00,87.2,87.3,87.15,87.15,1357.0,-0.0005733944954128114,0.0011467889908256229,0.0005733944954128114,4
6829,2021-04-27 08:00:00,87.2994,87.4,87.14,87.36,3161.0,0.0006941628464799732,0.0011523561444866748,0.001825900292556479,4
6830,2021-04-27 09:00:00,87.1,87.44,85.823,87.145,335137.0,0.0005166475315729243,0.003903559127439764,0.01466130884041333,4
6831,2021-04-27 10:00:00,87.18,88.07,87.05,88.03,357262.0,0.009749942647396126,0.010208763477861737,0.0014911676990136459,4
6832,2021-04-27 11:00:00,88.01,88.1,87.47,87.61,199986.0,-0.00454493807521879,0.0010226110669240903,0.00613566640154535,4
6833,2021-04-27 12:00:00,87.61,88.22,87.29,87.38,272555.0,-0.0026252710877754134,0.0069626754936651,0.0036525510786439125,4
6834,2021-04-27 13:00:00,87.3701,87.575,87.08,87.3,183619.0,-0.0008023339792445757,0.0023451958965367923,0.003320357879869605,4
6835,2021-04-27 14:00:00,87.33,87.78,87.1,87.55,212002.0,0.0025191801213786656,0.005152868430092784,0.002633688308714119,4
6836,2021-04-27 15:00:00,87.52,87.8318,87.46,87.63,368547.0,0.0012568555758683665,0.0035626142595978657,0.0006855575868373203,4
6837,2021-04-27 16:00:00,87.63,87.95,87.5,87.5,17259.0,-0.0014835102133971866,0.0036517174483625173,0.0014835102133971866,4
6838,2021-04-27 17:00:00,87.63,87.65,87.5,87.5,4645.0,-0.0014835102133971866,0.00022823234052276884,0.0014835102133971866,4
6839,2021-04-27 18:00:00,87.02,87.75,87.02,87.33,3577.0,0.0035623994484026925,0.008388876120432131,0.0,4
6840,2021-04-27 19:00:00,87.74,87.74,87.74,87.74,395.0,0.0,0.0,0.0,4
6841,2021-04-28 07:00:00,87.05,87.05,87.05,87.05,500.0,0.0,0.0,0.0,4
6842,2021-04-28 08:00:00,87.05,87.75,87.01,87.2,7862.0,0.0017231476163125294,0.008041355542791532,0.0004595060310165657,4
6843,2021-04-28 09:00:00,87.15,88.43,86.59,86.61,370719.0,-0.006196213425129159,0.01468732071141711,0.006425702811245005,4
6844,2021-04-28 10:00:00,86.64,87.96,86.64,87.82,239591.0,0.0136195752539242,0.015235457063711832,0.0,4
6845,2021-04-28 11:00:00,87.76,87.76,87.1005,87.55,262589.0,-0.0023928896991796712,0.0,0.007514813126709302,4
6846,2021-04-28 12:00:00,87.5434,87.93,87.41,87.9,167017.0,0.004073408160980728,0.0044160953310015535,0.0015238156160259806,4
6847,2021-04-28 13:00:00,87.89,87.99,87.05,87.07,150454.0,-0.009329844123336073,0.001137785868699446,0.00955740129707593,4
6848,2021-04-28 14:00:00,87.16,87.4289,86.95,87.29,191090.0,0.0014915098669115382,0.0030851307939422,0.0024093620927030032,4
6849,2021-04-28 15:00:00,87.25,87.7,86.83,87.4,438726.0,0.0017191977077364547,0.005157593123209202,0.004813753581661911,4
6850,2021-04-28 16:00:00,87.47,87.4999,87.36,87.4999,9473.0,0.00034183148508057414,0.00034183148508057414,0.0012575740253801238,4
6851,2021-04-28 17:00:00,87.5,87.5,87.22,87.22,1003.0,-0.003200000000000013,0.0,0.003200000000000013,4
6852,2021-04-28 18:00:00,87.1899,87.1899,87.06,87.06,975.0,-0.0014898514621532097,0.0,0.0014898514621532097,4
6853,2021-04-28 19:00:00,87.19,87.19,87.0,87.0,1995.0,-0.0021791489849753154,0.0,0.0021791489849753154,4
6854,2021-04-29 04:00:00,87.8,88.88,87.0,88.88,1799.0,0.012300683371298386,0.012300683371298386,0.009111617312072861,4
6855,2021-04-29 06:00:00,88.77,90.0,88.77,89.75,11172.0,0.01103976568660588,0.013856032443393083,0.0,4
6856,2021-04-29 07:00:00,89.75,89.9,88.75,89.65,25840.0,-0.0011142061281336415,0.0016713091922006204,0.011142061281337047,4
6857,2021-04-29 08:00:00,89.6493,91.2,88.76,90.7,124800.0,0.011720113821301519,0.017297402210614096,0.009919765129231255,4
6858,2021-04-29 09:00:00,90.51,92.45,87.6,88.04,1852886.0,-0.027289802231797576,0.02143409568003533,0.03215114352005315,4
6859,2021-04-29 10:00:00,88.0561,88.98,86.38,86.405,1669069.0,-0.018750546526589293,0.010492174874880937,0.019034456443108486,4
6860,2021-04-29 11:00:00,86.41,87.72,86.03,86.12,580083.0,-0.0033560930447863913,0.015160282374725175,0.00439763916213396,4
6861,2021-04-29 12:00:00,86.11,86.115,85.1101,85.93,455208.0,-0.002090349552897371,5.806526535820988e-05,0.011611891766345334,4
6862,2021-04-29 13:00:00,85.91,85.94,84.7775,84.98,508077.0,-0.010825282272145183,0.0003492026539401832,0.013182400186241337,4
6863,2021-04-29 14:00:00,84.97,85.655,84.715,85.1,532277.0,0.0015299517476755967,0.008061668824290952,0.003001059197363722,4
6864,2021-04-29 15:00:00,85.1,85.49,84.78,84.8301,646744.0,-0.0031715628672149554,0.004582843713278503,0.0037602820211515065,4
6865,2021-04-29 16:00:00,85.01,85.01,84.61,84.95,27716.0,-0.0007057993177273529,0.0,0.004705328784848908,4
6866,2021-04-29 17:00:00,84.94,85.0,84.9,84.9,2410.0,-0.00047092064987040315,0.0007063809748057721,0.00047092064987040315,4
6867,2021-04-29 18:00:00,85.0,85.0,84.87,84.87,2848.0,-0.0015294117647058289,0.0,0.0015294117647058289,4
6868,2021-04-29 19:00:00,84.9,85.15,84.9,85.07,3862.0,0.002002355712602915,0.0029446407538280327,0.0,4
6869,2021-04-30 06:00:00,85.1,85.3,84.61,84.61,1200.0,-0.005757931844888307,0.0023501762632197752,0.005757931844888307,4
6870,2021-04-30 07:00:00,84.6,84.84,84.53,84.72,4559.0,0.0014184397163121106,0.0028368794326242212,0.0008274231678486192,4
6871,2021-04-30 08:00:00,84.5594,84.85,84.0251,84.4,11248.0,-0.0018850654096409256,0.0034366374406629868,0.006318635184261026,4
6872,2021-04-30 09:00:00,84.09,86.34,83.81,86.24,651085.0,0.025567843976691536,0.026757046022119157,0.003329765727197064,4
6873,2021-04-30 10:00:00,86.26,86.58,84.95,85.03,459694.0,-0.014259216322745235,0.0037097148156734656,0.0151866450266636,4
6874,2021-04-30 11:00:00,85.03,85.66,84.8,85.6,401686.0,0.006703516405974282,0.0074091497118663465,0.0027049276725861927,4
6875,2021-04-30 12:00:00,85.615,86.26,85.54,86.09,413602.0,0.005548093207965994,0.007533726566606439,0.0008760147170471137,4
6876,2021-04-30 13:00:00,86.1,86.98,86.0,86.67,367381.0,0.006620209059233536,0.010220673635307894,0.0011614401858303638,4
6877,2021-04-30 14:00:00,86.65,87.47,86.49,86.95,417401.0,0.0034622042700519,0.00946335833814187,0.0018465089440278222,4
6878,2021-04-30 15:00:00,86.94,87.205,86.48,87.02,673676.0,0.0009201748332182918,0.003048079135035663,0.00529100529100522,4
6879,2021-04-30 16:00:00,87.01,87.14,86.76,87.05,71698.0,0.0004597172738764744,0.001494081140098787,0.002873232961728537,4
6880,2021-04-30 17:00:00,87.01,87.13,87.0,87.1,1458.0,0.001034363866222149,0.0013791518216295865,0.00011492931846920027,4
6881,2021-04-30 18:00:00,87.1,87.1,86.98,86.98,690.0,-0.0013777267508609684,0.0,0.0013777267508609684,4
6882,2021-04-30 19:00:00,87.0,87.14,86.95,86.95,2888.0,-0.0005747126436781283,0.001609195402298857,0.0005747126436781283,4
6883,2021-05-03 05:00:00,87.51,87.81,87.51,87.81,467.0,0.003428179636612926,0.003428179636612926,0.0,5
6884,2021-05-03 06:00:00,87.94,87.99,87.94,87.99,1308.0,0.0005685694791903248,0.0005685694791903248,0.0,5
6885,2021-05-03 07:00:00,87.92,87.92,87.66,87.82,2251.0,-0.0011373976342130179,0.0,0.0029572338489536523,5
6886,2021-05-03 08:00:00,87.85,88.12,87.55,87.68,12406.0,-0.0019351166761523906,0.003073420603301198,0.003414911781445614,5
6887,2021-05-03 09:00:00,87.65,88.6922,86.8,87.9961,475407.0,0.003948659440958274,0.011890473474044426,0.009697661152310421,5
6888,2021-05-03 10:00:00,87.97,88.48,87.64,87.99,359164.0,0.00022735023303394362,0.005797430942366774,0.0037512788450607968,5
6889,2021-05-03 11:00:00,87.8935,88.02,86.88,87.06,319896.0,-0.00948306757610063,0.001439241809690056,0.011531000585936476,5
6890,2021-05-03 12:00:00,87.04,87.14,86.73,87.02,218773.0,-0.0002297794117648234,0.001148897058823464,0.003561580882352967,5
6891,2021-05-03 13:00:00,87.03,87.33,86.6901,87.32,197709.0,0.0033321843042628065,0.0034470872113064135,0.0039055498104102046,5
6892,2021-05-03 14:00:00,87.36,87.9854,87.14,87.76,377986.0,0.004578754578754644,0.007158882783882773,0.0025183150183150055,5
6893,2021-05-03 15:00:00,87.75,87.97,87.25,87.85,533227.0,0.001139601139601075,0.0025071225071224943,0.005698005698005698,5
6894,2021-05-03 16:00:00,87.91,87.91,87.6,87.6,23747.0,-0.0035263337504265985,0.0,0.0035263337504265985,5
6895,2021-05-03 17:00:00,87.87,87.87,87.87,87.87,175.0,0.0,0.0,0.0,5
6896,2021-05-03 18:00:00,87.38,87.64,87.38,87.64,400.0,0.002975509269855861,0.002975509269855861,0.0,5
6897,2021-05-04 06:00:00,87.67,87.67,86.86,86.87,902.0,-0.009125128322116998,0.0,0.009239192426143518,5
6898,2021-05-04 07:00:00,87.02,87.02,87.01,87.01,500.0,-0.00011491611123869117,0.0,0.00011491611123869117,5
6899,2021-05-04 08:00:00,87.0101,87.03,86.8,86.81,4208.0,-0.002299733019499943,0.00022870908089988305,0.002414662205881812,5
6900,2021-05-04 09:00:00,86.7,87.1,84.35,84.38,962417.0,-0.026758938869665596,0.004613610149942231,0.027104959630911286,5
6901,2021-05-04 10:00:00,84.35,84.46,82.9305,83.75,889974.0,-0.007113218731475926,0.0013040901007705921,0.016828689982216948,5
6902,2021-05-04 11:00:00,83.755,83.81,82.96,83.44,514659.0,-0.003760969494358519,0.00065667721330078,0.009491970628619208,5
6903,2021-05-04 12:00:00,83.41,84.29,83.4,84.0196,349891.0,0.007308476201894262,0.010550293729768729,0.00011988970147453429,5
6904,2021-05-04 13:00:00,84.0,84.71,83.92,84.245,737575.0,0.002916666666666721,0.008452380952380878,0.0009523809523809321,5
6905,2021-05-04 14:00:00,84.26,84.47,83.97,84.26,264056.0,0.0,0.00249228578210294,0.0034417279848089986,5
6906,2021-05-04 15:00:00,84.2175,84.4,83.82,84.0,749098.0,-0.0025825986285510864,0.0021670080446463567,0.004719921631489986,5
6907,2021-05-04 16:00:00,84.04,84.2,83.99,84.14,36583.0,0.00118990956687285,0.0019038553069966274,0.0005949547834365941,5
6908,2021-05-04 17:00:00,84.04,84.38,84.04,84.38,1570.0,0.004045692527367791,0.004045692527367791,0.0,5
6909,2021-05-04 18:00:00,84.25,84.44,84.25,84.44,205.0,0.002255192878338252,0.002255192878338252,0.0,5
6910,2021-05-04 19:00:00,84.45,84.57,84.24,84.57,1426.0,0.001420959147424397,0.001420959147424397,0.0024866785079929892,5
6911,2021-05-05 04:00:00,84.43,84.43,84.43,84.43,151.0,0.0,0.0,0.0,5
6912,2021-05-05 05:00:00,84.45,84.45,84.43,84.43,1000.0,-0.0002368265245707048,0.0,0.0002368265245707048,5
6913,2021-05-05 06:00:00,84.43,84.43,84.42,84.42,718.0,-0.0001184413123298012,0.0,0.0001184413123298012,5
6914,2021-05-05 07:00:00,84.3,84.4,84.23,84.3,2097.0,0.0,0.0011862396204034226,0.0008303677342822441,5
6915,2021-05-05 08:00:00,84.3,84.51,84.25,84.45,2920.0,0.0017793594306050498,0.0024911032028470696,0.0005931198102016271,5
6916,2021-05-05 09:00:00,84.5,84.55,83.69,83.9,371315.0,-0.007100591715976264,0.0005917159763313273,0.009585798816568075,5
6917,2021-05-05 10:00:00,83.88,84.125,83.48,84.01,331376.0,0.0015498330948975879,0.0029208392942299067,0.004768717215069045,5
6918,2021-05-05 11:00:00,83.97,84.23,83.7766,84.02,243507.0,0.0005954507562224266,0.003096343932356855,0.00230320352506844,5
6919,2021-05-05 12:00:00,84.02,84.21,83.32,83.38,272381.0,-0.007617233991906696,0.002261366341347271,0.008331349678647975,5
6920,2021-05-05 13:00:00,83.34,83.42,82.91,83.02,322915.0,-0.0038396928245741225,0.000959923206143488,0.00515958723302144,5
6921,2021-05-05 14:00:00,83.04,83.63,82.94,83.291,332447.0,0.0030226396917147225,0.0071050096339112375,0.0012042389210020295,5
6922,2021-05-05 15:00:00,83.24,84.8,82.4,82.99,1018782.0,-0.00300336376741951,0.01874098990869777,0.010091302258529423,5
6923,2021-05-05 16:00:00,82.58,83.22,82.55,83.06,51337.0,0.0058125454105110675,0.007750060547348033,0.0003632840881569525,5
6924,2021-05-05 17:00:00,83.05,83.15,83.0,83.0,2632.0,-0.0006020469596628195,0.0012040939193258102,0.0006020469596628195,5
6925,2021-05-05 18:00:00,83.0,83.11,82.76,83.0,850.0,0.0,0.0013253012048192704,0.0028915662650601795,5
6926,2021-05-05 19:00:00,82.96,83.0,82.83,83.0,1625.0,0.00048216007714568777,0.00048216007714568777,0.0015670202507231854,5
6927,2021-05-06 06:00:00,83.0,83.0,83.0,83.0,100.0,0.0,0.0,0.0,5
6928,2021-05-06 07:00:00,83.02,83.02,81.6,82.4,12510.0,-0.007468079980727419,0.0,0.017104312213924378,5
6929,2021-05-06 08:00:00,82.7994,82.8899,81.4146,82.7499,3188.0,-0.0005978304190611161,0.0010930030893942658,0.016724758875064465,5
6930,2021-05-06 09:00:00,82.75,83.87,80.97,81.49,623424.0,-0.015226586102719096,0.013534743202416974,0.0215105740181269,5
6931,2021-05-06 10:00:00,81.49,81.6,79.74,80.16,1013595.0,-0.016321020984169817,0.0013498588783899797,0.021475027610749788,5
6932,2021-05-06 11:00:00,80.16,80.4,79.02,80.28,680654.0,0.0014970059880240088,0.0029940119760480176,0.014221556886227553,5
6933,2021-05-06 12:00:00,80.3,80.6,80.09,80.29,391648.0,-0.00012453300124521676,0.003735990037359865,0.0026151930261518524,5
6934,2021-05-06 13:00:00,80.283,80.33,79.53,79.74,920241.0,-0.006763573857479247,0.0005854290447541452,0.009379320653189345,5
6935,2021-05-06 14:00:00,79.73,80.02,79.5,79.79,630182.0,0.0007525398218989373,0.003637275805844626,0.002884735983945867,5
6936,2021-05-06 15:00:00,79.8,80.74,79.7,80.7,960130.0,0.011278195488721877,0.011779448621553857,0.0012531328320801293,5
6937,2021-05-06 16:00:00,80.62,80.87,80.6,80.87,77615.0,0.0031009675018605805,0.0031009675018605805,0.00024807740014897334,5
6938,2021-05-06 17:00:00,80.87,80.87,80.78,80.8,2132.0,-0.0008655867441573808,0.0,0.0011128972424879857,5
6939,2021-05-06 18:00:00,80.78,80.8,80.78,80.8,450.0,0.000247586036147512,0.000247586036147512,0.0,5
6940,2021-05-06 19:00:00,80.85,80.86,80.78,80.86,1982.0,0.00012368583797161555,0.00012368583797161555,0.0008658008658007814,5
6941,2021-05-07 05:00:00,81.96,81.99,81.9,81.9,700.0,-0.0007320644216689613,0.00036603221083456733,0.0007320644216689613,5
6942,2021-05-07 06:00:00,81.81,81.81,81.52,81.52,635.0,-0.0035447989243369547,0.0,0.0035447989243369547,5
6943,2021-05-07 07:00:00,81.59,81.65,81.03,81.03,1946.0,-0.0068635862238019645,0.000735384238264521,0.0068635862238019645,5
6944,2021-05-07 08:00:00,81.5,81.75,80.61,80.97,12825.0,-0.006503067484662591,0.003067484662576687,0.010920245398773013,5
6945,2021-05-07 09:00:00,80.93,83.42,80.38,83.21,630153.0,0.028172494748547963,0.030767329791177495,0.006795996540220083,5
6946,2021-05-07 10:00:00,83.235,84.35,83.2,84.19,636228.0,0.011473538775755372,0.01339580705232168,0.0004204961854988477,5
6947,2021-05-07 11:00:00,84.21,84.31,83.44,83.74,323543.0,-0.005581284883030506,0.0011875074219214884,0.009143807148794633,5
6948,2021-05-07 12:00:00,83.76,84.415,83.53,84.31,292025.0,0.006566380133715343,0.007819961795606508,0.002745940783190114,5
6949,2021-05-07 13:00:00,84.28,84.53,83.57,83.63,417081.0,-0.00771238728049366,0.0029663028001898433,0.00842429995253925,5
6950,2021-05-07 14:00:00,83.6,83.98,83.28,83.965,304760.0,0.00436602870813408,0.0045454545454546615,0.0038277511961721674,5
6951,2021-05-07 15:00:00,83.98,84.5599,83.88,84.27,798424.0,0.0034532031436055256,0.006905215527506489,0.0011907597046916948,5
6952,2021-05-07 16:00:00,84.02,84.38,84.02,84.2999,41330.0,0.003331349678647915,0.004284694120447506,0.0,5
6953,2021-05-07 17:00:00,84.29,84.29,84.29,84.29,602.0,0.0,0.0,0.0,5
6954,2021-05-07 18:00:00,84.32,84.32,84.26,84.26,2598.0,-0.0007115749525615283,0.0,0.0007115749525615283,5
6955,2021-05-07 19:00:00,84.2,84.33,84.2,84.33,1504.0,0.0015439429928740553,0.0015439429928740553,0.0,5
6956,2021-05-10 06:00:00,84.3,84.3,84.3,84.3,431.0,0.0,0.0,0.0,5
6957,2021-05-10 07:00:00,84.5,84.5,84.5,84.5,100.0,0.0,0.0,0.0,5
6958,2021-05-10 08:00:00,84.8944,84.99,84.25,84.4157,11127.0,-0.0056387700484366865,0.0011261049020900124,0.007590606683126384,5
6959,2021-05-10 09:00:00,84.48,84.5,83.03,83.9305,459507.0,-0.006504498106060712,0.00023674242424237714,0.01716382575757579,5
6960,2021-05-10 10:00:00,83.9,84.86,83.76,84.12,559610.0,0.002622169249106065,0.011442193087008268,0.0016686531585220568,5
6961,2021-05-10 11:00:00,84.13,84.54,83.88,84.4533,250860.0,0.0038428622370141837,0.004873410198502446,0.002971591584452633,5
6962,2021-05-10 12:00:00,84.44,84.71,84.276,84.305,175035.0,-0.0015987683562291675,0.0031975367124585036,0.0019422074846044703,5
6963,2021-05-10 13:00:00,84.33,84.7,83.97,84.2,296863.0,-0.0015415629076247534,0.0043875251986245055,0.00426894343649946,5
6964,2021-05-10 14:00:00,84.2,84.54,83.93,84.1,456667.0,-0.0011876484560571084,0.004038004750593864,0.0032066508313538717,5
6965,2021-05-10 15:00:00,84.09,84.38,83.51,83.9695,1162190.0,-0.0014329884647402418,0.003448685931739708,0.006897371863479585,5
6966,2021-05-10 16:00:00,83.93,83.93,83.08,83.5,42363.0,-0.005123317049922635,0.0,0.010127487191707476,5
6967,2021-05-10 17:00:00,83.8,83.93,83.65,83.78,13983.0,-0.00023866348448682603,0.001551312649164793,0.0017899761336514497,5
6968,2021-05-10 18:00:00,84.17,84.17,84.17,84.17,150.0,0.0,0.0,0.0,5
6969,2021-05-11 07:00:00,82.71,82.71,81.77,81.77,5161.0,-0.011365010276870969,0.0,0.011365010276870969,5
6970,2021-05-11 08:00:00,82.5108,83.0009,80.88,81.34,31125.0,-0.014189657596338901,0.005939828483059165,0.019764685350281513,5
6971,2021-05-11 09:00:00,81.44,82.97,80.72,82.86,445603.0,0.017436149312377233,0.018786836935167008,0.008840864440078571,5
6972,2021-05-11 10:00:00,82.84,82.96,79.825,80.59,882884.0,-0.02716079188797682,0.0014485755673586472,0.03639546112988895,5
6973,2021-05-11 11:00:00,80.57,81.5003,80.1,80.81,495590.0,0.002978776219436628,0.011546481320590824,0.005833436763063161,5
6974,2021-05-11 12:00:00,80.82,81.415,80.73,80.97,336738.0,0.0018559762435041535,0.007362039099233025,0.0011135857461023163,5
6975,2021-05-11 13:00:00,80.96,81.5,80.94,81.205,299858.0,0.0030261857707510444,0.006669960474308378,0.0002470355731224805,5
6976,2021-05-11 14:00:00,81.23,81.61,80.985,81.27,253245.0,0.0004924289055766594,0.004678074602979139,0.0030161270466576946,5
6977,2021-05-11 15:00:00,81.22,81.64,80.88,81.26,734817.0,0.0004924895345974668,0.005171140113272614,0.004186161044077856,5
6978,2021-05-11 16:00:00,81.28,81.28,81.05,81.05,19465.0,-0.0028297244094488676,0.0,0.0028297244094488676,5
6979,2021-05-11 17:00:00,81.25,81.64,81.05,81.2,1803.0,-0.0006153846153845804,0.004800000000000007,0.0024615384615384963,5
6980,2021-05-11 18:00:00,81.06,81.06,81.06,81.06,150.0,0.0,0.0,0.0,5
6981,2021-05-11 19:00:00,81.25,81.35,81.13,81.28,1125.0,0.0003692307692307832,0.0012307692307691608,0.0014769230769231328,5
6982,2021-05-12 07:00:00,81.19,81.19,80.88,80.88,691.0,-0.0038182042123414495,0.0,0.0038182042123414495,5
6983,2021-05-12 08:00:00,80.55,81.0,80.5,80.5,2938.0,-0.0006207324643078481,0.0055865921787709855,0.0006207324643078481,5
6984,2021-05-12 09:00:00,80.53,81.0,79.66,80.24,475444.0,-0.0036011424313921055,0.005836334285359479,0.01080342729417614,5
6985,2021-05-12 10:00:00,80.21,80.9,79.92,80.18,450479.0,-0.0003740182022190117,0.008602418651041166,0.0036155092881185896,5
6986,2021-05-12 11:00:00,80.15,80.46,79.38,79.41,378972.0,-0.009232688708671354,0.0038677479725513168,0.009606986899563446,5
6987,2021-05-12 12:00:00,79.4,79.66,79.02,79.545,476778.0,0.001826196473551587,0.0032745591939545454,0.00478589420654924,5
6988,2021-05-12 13:00:00,79.52,79.84,79.25,79.39,237656.0,-0.0016348088531186551,0.004024144869215385,0.0033953722334003527,5
6989,2021-05-12 14:00:00,79.37,79.54,78.41,78.5,578410.0,-0.010961320398135372,0.002141867204233359,0.01209525009449424,5
6990,2021-05-12 15:00:00,78.48,78.555,77.8,78.02,786397.0,-0.0058613659531091735,0.0009556574923547763,0.008664627930683063,5
6991,2021-05-12 16:00:00,78.05,78.28,78.0,78.05,76951.0,0.0,0.0029468289557976167,0.0006406149903907388,5
6992,2021-05-12 17:00:00,77.95,78.18,77.95,77.95,904.0,0.0,0.0029506093649776005,0.0,5
6993,2021-05-12 18:00:00,78.2,79.19,78.06,79.01,7006.0,0.010358056265984683,0.012659846547314512,0.0017902813299232809,5
6994,2021-05-12 19:00:00,78.93,78.99,78.17,78.21,11130.0,-0.009122006841505296,0.000760167236791943,0.00962878499936659,5
6995,2021-05-13 04:00:00,77.0,77.02,77.0,77.0,756.0,0.0,0.0002597402597402081,0.0,5
6996,2021-05-13 05:00:00,77.0,77.0,76.99,76.99,630.0,-0.0001298701298701963,0.0,0.0001298701298701963,5
6997,2021-05-13 06:00:00,77.03,77.25,77.0,77.0,1471.0,-0.0003894586524730772,0.0028560301181357766,0.0003894586524730772,5
6998,2021-05-13 07:00:00,77.42,78.66,77.24,78.1,9774.0,0.008783260139498742,0.016016533195556636,0.002324980625161545,5
6999,2021-05-13 08:00:00,77.5,79.0,77.0101,78.7,14205.0,0.015483870967741972,0.01935483870967742,0.006321290322580719,5
7000,2021-05-13 09:00:00,78.9496,79.8,78.51,79.63,371738.0,0.00861815639344584,0.010771428860944112,0.005568109274777816,5
7001,2021-05-13 10:00:00,79.63,79.99,78.65,78.92,353072.0,-0.008916237598894811,0.004520909205073458,0.01230691950269986,5
7002,2021-05-13 11:00:00,78.92,78.9799,77.39,77.47,432285.0,-0.018373035985808448,0.0007589964521033826,0.01938672072985303,5
7003,2021-05-13 12:00:00,77.49,78.16,77.24,77.32,384938.0,-0.0021938314621241673,0.008646276938959889,0.0032262227384178607,5
7004,2021-05-13 13:00:00,77.29,77.71,76.1339,76.7965,528976.0,-0.006385043343252834,0.0054340794410659525,0.014957950575753774,5
7005,2021-05-13 14:00:00,76.76,78.83,76.76,78.301,739435.0,0.020075560187597666,0.02696717040125056,0.0,5
7006,2021-05-13 15:00:00,78.33,79.28,78.33,78.46,673999.0,0.001659645091280422,0.012128175667049698,0.0,5
7007,2021-05-13 16:00:00,78.85,78.85,78.02,78.5,29273.0,-0.004438807863031,0.0,0.010526315789473663,5
7008,2021-05-13 17:00:00,78.58,78.65,78.55,78.55,3406.0,-0.0003817765334690906,0.0008908119114279383,0.0003817765334690906,5
7009,2021-05-13 18:00:00,78.59,78.7,78.59,78.69,3513.0,0.0012724265173685496,0.0013996691691054769,0.0,5
7010,2021-05-13 19:00:00,78.57,78.6,78.55,78.6,4165.0,0.0003818251240931798,0.0003818251240931798,0.00025455008272872625,5
7011,2021-05-14 05:00:00,79.87,79.87,79.87,79.87,110.0,0.0,0.0,0.0,5
7012,2021-05-14 07:00:00,78.91,79.76,78.91,79.25,6479.0,0.004308706120897268,0.01077176530224317,0.0,5
7013,2021-05-14 08:00:00,79.4399,79.6,79.0,79.28,20602.0,-0.002012842412943537,0.002015360039476383,0.005537519558811057,5
7014,2021-05-14 09:00:00,79.48,82.4,79.1,82.11,756067.0,0.03309008555611469,0.03673880221439358,0.004781077000503392,5
7015,2021-05-14 10:00:00,81.98,83.85,81.6101,83.65,1035497.0,0.020370822151744346,0.022810441571114788,0.004512076116125899,5
7016,2021-05-14 11:00:00,83.665,83.71,82.73,83.51,496127.0,-0.0018526265463455582,0.0005378593199066215,0.011175521424729603,5
7017,2021-05-14 12:00:00,83.54,83.92,83.357,83.62,383301.0,0.0009576250897773317,0.004548719176442368,0.002190567392865776,5
7018,2021-05-14 13:00:00,83.6045,84.15,83.57,83.8659,333131.0,0.0031266259591289313,0.006524768403614687,0.0004126572134276075,5
7019,2021-05-14 14:00:00,83.87,84.48,83.745,84.1,334855.0,0.0027423393346845087,0.007273160844163579,0.0014904018123286036,5
7020,2021-05-14 15:00:00,84.084,84.49,83.64,84.27,784477.0,0.002212073640644984,0.00482850482850473,0.005280433851862454,5
7021,2021-05-14 16:00:00,83.56,84.27,83.5,84.05,40097.0,0.005864049784585865,0.008496888463379532,0.0007180469123983039,5
7022,2021-05-14 17:00:00,84.25,84.33,84.06,84.2,3096.0,-0.000593471810088987,0.000949554896142413,0.002255192878338252,5
7023,2021-05-14 18:00:00,84.34,84.35,84.34,84.35,735.0,0.00011856770215782433,0.00011856770215782433,0.0,5
7024,2021-05-14 19:00:00,84.43,84.6,84.31,84.31,2288.0,-0.0014212957479569411,0.0020135023096054423,0.0014212957479569411,5
7025,2021-05-17 05:00:00,84.28,84.28,84.27,84.27,280.0,-0.00011865211200765444,0.0,0.00011865211200765444,5
7026,2021-05-17 06:00:00,84.24,84.24,83.82,83.82,378.0,-0.0049857549857550065,0.0,0.0049857549857550065,5
7027,2021-05-17 07:00:00,83.99,83.99,83.61,83.61,3084.0,-0.004524348136682885,0.0,0.004524348136682885,5
7028,2021-05-17 08:00:00,83.78,83.98,83.5,83.61,7704.0,-0.0020291238959179005,0.002387204583432834,0.0033420864168059337,5
7029,2021-05-17 09:00:00,83.55,84.96,82.8,83.115,507684.0,-0.00520646319569123,0.016876122082585238,0.008976660682226212,5
7030,2021-05-17 10:00:00,82.95,84.42,82.71,83.83,432416.0,0.010608800482218149,0.01772151898734176,0.002893309222423256,5
7031,2021-05-17 11:00:00,83.785,84.225,83.02,83.605,250840.0,-0.002148355910962495,0.005251536671241842,0.009130512621590984,5
7032,2021-05-17 12:00:00,83.55,84.215,83.37,83.95,174315.0,0.004787552363854048,0.007959305804907316,0.0021543985637342026,5
7033,2021-05-17 13:00:00,83.92,84.13,83.4754,83.57,167244.0,-0.00417063870352727,0.002502383222116227,0.005297902764537754,5
7034,2021-05-17 14:00:00,83.54,83.97,83.47,83.88,128513.0,0.004069906631553617,0.005147234857553179,0.0008379219535552716,5
7035,2021-05-17 15:00:00,83.85,84.76,83.84,84.54,528111.0,0.008228980322003721,0.010852713178294704,0.00011926058437675499,5
7036,2021-05-17 16:00:00,84.54,84.54,84.3,84.5,25975.0,-0.00047314880529934056,0.0,0.002838892831795707,5
7037,2021-05-17 18:00:00,84.55,84.57,84.54,84.57,954.0,0.00023654642223531664,0.00023654642223531664,0.00011827321111757428,5
7038,2021-05-17 19:00:00,84.75,84.75,84.75,84.75,905.0,0.0,0.0,0.0,5
7039,2021-05-18 06:00:00,85.0,85.0,85.0,85.0,398.0,0.0,0.0,0.0,5
7040,2021-05-18 07:00:00,84.71,85.1,84.7,85.1,1733.0,0.004603942863888568,0.004603942863888568,0.00011804981702267626,5
7041,2021-05-18 08:00:00,84.9926,85.1,84.63,85.0,4838.0,8.706640342811104e-05,0.001263639422726195,0.0042662537679751,5
7042,2021-05-18 09:00:00,84.9999,86.91,83.95,86.58,458463.0,0.018589433634627825,0.0224717911432837,0.012351779237387266,5
7043,2021-05-18 10:00:00,86.645,87.27,86.0202,86.4099,714103.0,-0.0027133706503549284,0.007213341796987709,0.007211033527612596,5
7044,2021-05-18 11:00:00,86.3569,86.67,85.72,85.92,379931.0,-0.005059236725727699,0.003625651221848002,0.007375206845081252,5
7045,2021-05-18 12:00:00,85.9115,86.4,85.55,86.15,312074.0,0.0027761126275295147,0.005686083935212421,0.004207818510909559,5
7046,2021-05-18 13:00:00,86.16,86.56,86.04,86.07,242440.0,-0.0010445682451253877,0.004642525533890503,0.0013927576601670188,5
7047,2021-05-18 14:00:00,86.07,86.34,85.38,85.72,451132.0,-0.004066457534564824,0.003136981526664462,0.008016730568142184,5
7048,2021-05-18 15:00:00,85.72,85.79,84.94,84.98,750999.0,-0.008632757816145531,0.0008166122258516962,0.009099393373775095,5
7049,2021-05-18 16:00:00,84.98,85.0,84.92,85.0,20810.0,0.00023534949399854106,0.00023534949399854106,0.0007060484819957904,5
7050,2021-05-18 17:00:00,84.8,84.95,84.8,84.95,685.0,0.001768867924528369,0.001768867924528369,0.0,5
7051,2021-05-18 18:00:00,85.04,85.04,84.92,84.92,634.0,-0.001411100658513694,0.0,0.001411100658513694,5
7052,2021-05-18 19:00:00,84.87,84.87,84.81,84.82,1328.0,-0.0005891363261460041,0.0,0.0007069635913750709,5
7053,2021-05-19 04:00:00,84.06,84.06,84.0,84.0,1271.0,-0.0007137758743754731,0.0,0.0007137758743754731,5
7054,2021-05-19 07:00:00,83.95,83.95,83.04,83.04,11595.0,-0.010839785586658685,0.0,0.010839785586658685,5
7055,2021-05-19 08:00:00,83.5,83.95,82.99,82.99,20080.0,-0.006107784431137786,0.0053892215568862615,0.006107784431137786,5
7056,2021-05-19 09:00:00,82.77,82.99,81.56,82.83,458337.0,0.0007249003262051743,0.002657967862752191,0.014618823245137053,5
7057,2021-05-19 10:00:00,82.78,83.59,82.18,83.18,459839.0,0.0048320850446968554,0.00978497221551102,0.007248127567045111,5
7058,2021-05-19 11:00:00,83.14,83.37,82.47,82.915,248336.0,-0.0027062785662736867,0.002766418089968775,0.008058696175126313,5
7059,2021-05-19 12:00:00,82.91,83.9714,82.79,83.83,241792.0,0.011096369557351366,0.012801833313231288,0.0014473525509587546,5
7060,2021-05-19 13:00:00,83.86,84.05,83.32,83.61,218824.0,-0.002981159074648223,0.0022656808967326226,0.006439303601240237,5
7061,2021-05-19 14:00:00,83.605,83.86,82.55,82.93,342943.0,-0.008073679803839448,0.0030500568147837502,0.012618862508223274,5
7062,2021-05-19 15:00:00,82.95,84.025,82.835,83.99,527521.0,0.012537673297166872,0.012959614225437044,0.001386377335744534,5
7063,2021-05-19 16:00:00,83.99,84.01,83.99,84.0,40064.0,0.00011906179307066456,0.00023812358614132913,0.0,5
7064,2021-05-19 17:00:00,83.93,83.93,83.93,83.93,410.0,0.0,0.0,0.0,5
7065,2021-05-19 18:00:00,84.0,84.0,83.82,83.82,300.0,-0.002142857142857224,0.0,0.002142857142857224,5
7066,2021-05-19 19:00:00,83.82,83.99,83.75,83.99,1611.0,0.0020281555714626786,0.0020281555714626786,0.0008351228823668956,5
7067,2021-05-20 04:00:00,83.39,83.39,83.39,83.39,200.0,0.0,0.0,0.0,5
7068,2021-05-20 05:00:00,83.0,83.02,82.9,82.9,1100.0,-0.0012048192771083653,0.00024096385542163881,0.0012048192771083653,5
7069,2021-05-20 07:00:00,83.38,84.0,83.38,83.91,676.0,0.006356440393379722,0.007435835931878203,0.0,5
7070,2021-05-20 08:00:00,84.13,84.13,84.12,84.1299,2784.0,-1.1886366336515963e-06,0.0,0.00011886366337799722,5
7071,2021-05-20 09:00:00,84.13,84.91,83.26,83.54,543831.0,-0.007012956139308086,0.009271365743492228,0.010341138713895049,5
7072,2021-05-20 10:00:00,83.5,83.69,82.93,83.64,354170.0,0.001676646706586833,0.00227544910179638,0.00682634730538914,5
7073,2021-05-20 11:00:00,83.64,84.1,83.6325,83.95,317613.0,0.003706360593017722,0.005499760879961666,8.967001434729065e-05,5
7074,2021-05-20 12:00:00,83.97,84.015,83.34,83.635,300849.0,-0.00398952006669041,0.0005359056806002346,0.007502679528402947,5
7075,2021-05-20 13:00:00,83.62,83.87,83.24,83.5501,313259.0,-0.0008359244199952651,0.00298971537909591,0.004544367376225898,5
7076,2021-05-20 14:00:00,83.58,84.02,83.32,84.0,245734.0,0.005025125628140724,0.005264417324718805,0.003110792055515735,5
7077,2021-05-20 15:00:00,83.99,84.97,83.92,84.65,859628.0,0.007858078342659969,0.011668055720919205,0.0008334325514941444,5
7078,2021-05-20 16:00:00,84.98,85.84,84.5,85.4,40104.0,0.0049423393739703655,0.010120028241939272,0.005648387855966156,5
7079,2021-05-20 17:00:00,85.25,85.49,85.11,85.11,4290.0,-0.0016422287390029393,0.0028152492668621102,0.0016422287390029393,5
7080,2021-05-20 18:00:00,85.29,85.4199,85.12,85.18,2669.0,-0.0012897174346347686,0.0015230390432640652,0.0019931996717083094,5
7081,2021-05-20 19:00:00,85.15,85.15,85.0,85.0,1972.0,-0.0017615971814445763,0.0,0.0017615971814445763,5
7082,2021-05-21 05:00:00,84.7,84.7,84.7,84.7,100.0,0.0,0.0,0.0,5
7083,2021-05-21 06:00:00,85.98,85.99,85.98,85.99,500.0,0.00011630611770168533,0.00011630611770168533,0.0,5
7084,2021-05-21 07:00:00,85.36,85.84,85.36,85.84,1296.0,0.0056232427366448455,0.0056232427366448455,0.0,5
7085,2021-05-21 08:00:00,85.5499,85.87,85.29,85.6299,8758.0,0.0009351267505866461,0.003741675910784358,0.0030379930309677463,5
7086,2021-05-21 09:00:00,85.63,85.88,84.22,84.8823,568785.0,-0.008731752890342108,0.0029195375452528323,0.016466191755225932,5
7087,2021-05-21 10:00:00,84.89,84.89,83.4101,83.85,611359.0,-0.012251148545176184,0.0,0.017433148780775128,5
7088,2021-05-21 11:00:00,83.86,84.2,83.46,83.56,385926.0,-0.003577390889577834,0.0040543763415216245,0.004769854519437225,5
7089,2021-05-21 12:00:00,83.57,84.15,83.38,83.82,313986.0,0.0029915041282756972,0.006940289577599767,0.0022735431374895027,5
7090,2021-05-21 13:00:00,83.81,83.84,83.375,83.44,261524.0,-0.004414747643479352,0.00035795251163347016,0.005190311418685148,5
7091,2021-05-21 14:00:00,83.45,83.63,83.124,83.58,324360.0,0.00155781905332529,0.0021569802276811575,0.003906530856800571,5
7092,2021-05-21 15:00:00,83.61,83.65,82.68,82.81,932419.0,-0.009568233464896509,0.000478411673244902,0.011123071402942143,5
7093,2021-05-21 16:00:00,83.0,83.0,82.65,82.93,47077.0,-0.0008433734939758214,0.0,0.00421686746987945,5
7094,2021-05-21 17:00:00,82.77,82.96,82.77,82.82,2705.0,0.0006040836051709213,0.0022955176996496043,0.0,5
7095,2021-05-21 18:00:00,82.8,82.82,82.8,82.82,861.0,0.00024154589371975873,0.00024154589371975873,0.0,5
7096,2021-05-21 19:00:00,82.75,82.76,82.75,82.76,677.0,0.00012084592145021288,0.00012084592145021288,0.0,5
7097,2021-05-24 07:00:00,83.44,83.44,83.44,83.44,209.0,0.0,0.0,0.0,5
7098,2021-05-24 08:00:00,83.45,83.84,83.26,83.5,10837.0,0.0005991611743558677,0.00467345715997604,0.002276812462552399,5
7099,2021-05-24 09:00:00,83.7146,84.5734,82.25,84.32,344650.0,0.007231713464556825,0.010258664557914654,0.01749515616152982,5
7100,2021-05-24 10:00:00,84.38,84.86,84.07,84.42,372848.0,0.0004740459824603728,0.005688551789523631,0.0036738563640673415,5
7101,2021-05-24 11:00:00,84.45,84.98,84.41,84.86,280148.0,0.004854943753700374,0.006275902901124939,0.0004736530491415779,5
7102,2021-05-24 12:00:00,84.88,85.946,84.85,85.52,831973.0,0.007540056550424135,0.01255890669180022,0.0003534401508011444,5
7103,2021-05-24 13:00:00,85.54,85.99,85.45,85.58,409460.0,0.00046761748889399157,0.005260696750058319,0.0010521393500117302,5
7104,2021-05-24 14:00:00,85.57,86.02,85.55,85.875,358117.0,0.003564333294378951,0.00525885240154263,0.0002337267734018467,5
7105,2021-05-24 15:00:00,85.88,86.11,85.82,85.88,1175680.0,0.0,0.0026781555659059616,0.0006986492780624391,5
7106,2021-05-24 16:00:00,85.72,86.01,85.7,86.01,30170.0,0.0033831077928138855,0.0033831077928138855,0.00023331777881469926,5
7107,2021-05-24 17:00:00,85.88,85.9,85.88,85.9,620.0,0.00023288309268759005,0.00023288309268759005,0.0,5
7108,2021-05-24 18:00:00,86.01,86.01,85.98,86.0,2365.0,-0.00011626555051744118,0.0,0.0003487966515521583,5
7109,2021-05-24 19:00:00,86.0,86.02,85.9,86.02,2323.0,0.00023255813953483747,0.00023255813953483747,0.0011627906976743525,5
7110,2021-05-25 05:00:00,86.97,86.98,86.86,86.97,1110.0,0.0,0.00011498217776250565,0.0012648039553869086,5
7111,2021-05-25 06:00:00,86.89,86.89,86.89,86.89,200.0,0.0,0.0,0.0,5
7112,2021-05-25 07:00:00,86.5,86.5,86.24,86.3,4108.0,-0.002312138728323732,0.0,0.0030057803468208685,5
7113,2021-05-25 08:00:00,86.3975,86.75,86.38,86.67,10407.0,0.0031540264475246158,0.004079979166063906,0.00020255215718045425,5
7114,2021-05-25 09:00:00,86.68,89.39,86.68,89.085,1096270.0,0.027745731425934318,0.031264420858329416,0.0,5
7115,2021-05-25 10:00:00,89.11,90.64,88.79,89.25,1854838.0,0.0015710919088766757,0.017169790147009326,0.003591067220289453,5
7116,2021-05-25 11:00:00,89.25,89.345,87.88,88.52,1530314.0,-0.008179271708683518,0.0010644257703081104,0.01535014005602246,5
7117,2021-05-25 12:00:00,88.54,89.34,88.43,88.89,654975.0,0.0039530155861756755,0.009035464196973087,0.0012423763270837974,5
7118,2021-05-25 13:00:00,88.88,89.62,88.86,89.34,385007.0,0.005175517551755266,0.00832583258325843,0.00022502250225018026,5
7119,2021-05-25 14:00:00,89.32,89.32,88.51,88.91,418393.0,-0.004590237348858,0.0,0.009068517689207212,5
7120,2021-05-25 15:00:00,88.9,89.35,88.62,89.0,926063.0,0.001124859392575864,0.005061867266591548,0.003149606299212611,5
7121,2021-05-25 16:00:00,89.18,89.18,88.9,89.0,19512.0,-0.0020183897734918905,0.0,0.0031397174254317235,5
7122,2021-05-25 17:00:00,89.0,89.8,89.0,89.38,56676.0,0.004269662921348264,0.008988764044943788,0.0,5
7123,2021-05-25 18:00:00,89.5,90.25,89.48,90.0,14047.0,0.00558659217877095,0.008379888268156424,0.00022346368715079354,5
7124,2021-05-25 19:00:00,90.15,90.25,89.65,90.0,14564.0,-0.0016638935108153707,0.0011092623405434753,0.005546311702717692,5
7125,2021-05-26 04:00:00,90.97,90.97,90.65,90.65,399.0,-0.003517643179069948,0.0,0.003517643179069948,5
7126,2021-05-26 07:00:00,90.4,90.78,90.39,90.77,9743.0,0.004092920353982194,0.004203539823008799,0.00011061946902660525,5
7127,2021-05-26 08:00:00,90.42,91.14,90.0,90.45,36381.0,0.0003317850033178626,0.007962840079628388,0.004644990046449919,5
7128,2021-05-26 09:00:00,90.45,91.84,89.56,91.01,885737.0,0.006191265892758455,0.015367606412382537,0.009839690436705368,5
7129,2021-05-26 10:00:00,91.0301,91.87,90.88,91.69,915855.0,0.007249250522629254,0.009226618448183623,0.0016489051423650967,5
7130,2021-05-26 11:00:00,91.71,91.918,91.28,91.3,563505.0,-0.004470613891614836,0.00226801875477061,0.004688692618035031,5
7131,2021-05-26 12:00:00,91.33,91.67,91.24,91.57,401998.0,0.002627833132596024,0.003722763604511151,0.0009854374247235673,5
7132,2021-05-26 13:00:00,91.5918,91.83,91.39,91.79,615463.0,0.0021639491744894187,0.0026006694922470347,0.0022032540030876755,5
7133,2021-05-26 14:00:00,91.81,92.5,91.81,92.01,815280.0,0.0021784119376974495,0.007515521185056069,0.0,5
7134,2021-05-26 15:00:00,92.0,92.56,91.74,92.5,1343007.0,0.005434782608695652,0.0060869565217391555,0.0028260869565217947,5
7135,2021-05-26 16:00:00,92.38,92.5,92.3,92.3,68985.0,-0.0008659883091578079,0.001298982463736789,0.0008659883091578079,5
7136,2021-05-26 17:00:00,92.45,92.5,92.2,92.32,12550.0,-0.001406165494862192,0.0005408328826392337,0.0027041644131963224,5
7137,2021-05-26 18:00:00,92.4899,92.69,92.35,92.49,7174.0,1.0811991362203742e-06,0.0021634794718125108,0.0015125975917371676,5
7138,2021-05-26 19:00:00,92.2,92.68,92.2,92.68,2242.0,0.00520607375271154,0.00520607375271154,0.0,5
7139,2021-05-27 04:00:00,92.01,92.48,92.01,92.48,770.0,0.0051081404195196045,0.0051081404195196045,0.0,5
7140,2021-05-27 05:00:00,92.39,92.39,92.39,92.39,110.0,0.0,0.0,0.0,5
7141,2021-05-27 06:00:00,92.3,92.4,92.3,92.4,601.0,0.0010834236186349786,0.0010834236186349786,0.0,5
7142,2021-05-27 07:00:00,92.65,95.0,92.47,93.6,41536.0,0.010253642741500146,0.02536427415002692,0.0019427954668106509,5
7143,2021-05-27 08:00:00,93.5999,94.69,92.49,93.93,44078.0,0.003526713169565369,0.011646379964081077,0.0118579186516226,5
7144,2021-05-27 09:00:00,93.8,94.26,92.71,93.8511,988744.0,0.0005447761194030411,0.004904051172707974,0.011620469083155687,5
7145,2021-05-27 10:00:00,93.855,94.3724,93.37,93.975,683727.0,0.001278568003835601,0.00551275904320489,0.0051675456821692976,5
7146,2021-05-27 11:00:00,94.0,94.57,93.82,94.37,580909.0,0.0039361702127660055,0.00606382978723397,0.0019148936170213491,5
7147,2021-05-27 12:00:00,94.35,94.7741,94.14,94.415,329107.0,0.0006889242183361097,0.004494965553789188,0.0022257551669315713,5
7148,2021-05-27 13:00:00,94.43,94.66,94.02,94.52,305384.0,0.0009530869427087704,0.002435666631367042,0.0043418405167850345,5
7149,2021-05-27 14:00:00,94.53,94.57,94.035,94.424,311252.0,-0.0011213371416480963,0.00042314609118789844,0.0052364328784513334,5
7150,2021-05-27 15:00:00,94.425,95.13,94.35,94.76,1090849.0,0.0035477892507281756,0.007466243050039696,0.0007942811755361699,5
7151,2021-05-27 16:00:00,94.7,95.0,94.7,94.97,368995.0,0.0028511087645194935,0.003167898627243898,0.0,5
7152,2021-05-27 17:00:00,95.0,95.0,94.8,94.8,1641.0,-0.0021052631578947667,0.0,0.0021052631578947667,5
7153,2021-05-27 18:00:00,94.88,94.88,94.78,94.82,719.0,-0.0006323777403035654,0.0,0.0010539629005058423,5
7154,2021-05-27 19:00:00,94.9,95.0,94.8,95.0,2695.0,0.001053740779768117,0.001053740779768117,0.0010537407797682667,5
7155,2021-05-28 06:00:00,94.78,94.78,94.77,94.77,697.0,-0.00010550749103191724,0.0,0.00010550749103191724,5
7156,2021-05-28 07:00:00,94.86,94.97,94.77,94.77,2733.0,-0.0009487666034155958,0.0011596036263967892,0.0009487666034155958,5
7157,2021-05-28 08:00:00,94.92,95.1,94.75,95.1,8795.0,0.0018963337547407565,0.0018963337547407565,0.0017909818794774727,5
7158,2021-05-28 09:00:00,94.94,94.94,92.71,94.055,825613.0,-0.009321676848535822,0.0,0.023488519064672468,5
7159,2021-05-28 10:00:00,94.021,94.09,92.13,93.24,687645.0,-0.008306654896246646,0.0007338786015890345,0.020112528052243703,5
7160,2021-05-28 11:00:00,93.26,94.18,93.26,93.68,424486.0,0.004503538494531435,0.009864893845164075,0.0,5
7161,2021-05-28 12:00:00,93.69,94.04,93.47,93.64,249353.0,-0.0005336748852598694,0.0037357241968193886,0.0023481694951435466,5
7162,2021-05-28 13:00:00,93.6466,94.26,93.61,94.055,254541.0,0.00436107664346597,0.006550157720621983,0.00039083106060451816,5
7163,2021-05-28 14:00:00,94.07,94.2,93.3979,93.45,216751.0,-0.006590836611034234,0.0013819496119911734,0.007144679493993688,5
7164,2021-05-28 15:00:00,93.4429,93.66,93.16,93.29,808924.0,-0.0016362933941475304,0.0023233439886818806,0.003027517339466112,5
7165,2021-05-28 16:00:00,93.27,93.32,93.27,93.32,62704.0,0.0005360780529644812,0.0005360780529644812,0.0,5
7166,2021-05-28 18:00:00,93.4,93.4,93.4,93.4,100.0,0.0,0.0,0.0,5
7167,2021-05-28 19:00:00,93.3,93.51,93.3,93.5,5845.0,0.0021436227224008878,0.0022508038585209856,0.0,5
7168,2021-06-01 04:00:00,95.37,95.37,94.87,94.87,2732.0,-0.005242738806752648,0.0,0.005242738806752648,6
7169,2021-06-01 05:00:00,94.87,94.91,94.79,94.91,2066.0,0.0004216295983977236,0.0004216295983977236,0.000843259196795597,6
7170,2021-06-01 07:00:00,94.82,95.0,94.5,94.75,5923.0,-0.0007382408774519424,0.0018983336848766804,0.0033748154397805655,6
7171,2021-06-01 08:00:00,94.81,94.92,94.362,94.41,6697.0,-0.0042189642442780895,0.0011602151671764522,0.004725239953591472,6
7172,2021-06-01 09:00:00,94.41,96.905,94.41,96.4294,927119.0,0.02138968329626104,0.026427285245207124,0.0,6
7173,2021-06-01 10:00:00,96.39,97.535,96.075,96.41,891269.0,0.00020749040356879365,0.01187882560431576,0.0032679738562091266,6
7174,2021-06-01 11:00:00,96.3565,96.78,95.98,96.187,393146.0,-0.0017590925365699181,0.004395136809660005,0.003907364837867637,6
7175,2021-06-01 12:00:00,96.15,96.43,95.71,96.37,259899.0,0.0022880915236609344,0.002912116484659398,0.004576183047322017,6
7176,2021-06-01 13:00:00,96.3591,96.4,95.89,96.1,263074.0,-0.002688900166149369,0.0004244539436338416,0.004868248042997469,6
7177,2021-06-01 14:00:00,96.09,96.29,95.86,96.15,187755.0,0.0006244146113019281,0.0020813820376730445,0.0023935893433240083,6
7178,2021-06-01 15:00:00,96.155,96.33,95.58,96.3,711058.0,0.001507981904217108,0.0018199781602620472,0.005979928240861139,6
7179,2021-06-01 16:00:00,96.17,96.42,96.0,96.1,34629.0,-0.0007278777165436975,0.0025995632733700736,0.001767703025891668,6
7180,2021-06-01 17:00:00,96.1,96.1,96.08,96.08,3000.0,-0.00020811654526530721,0.0,0.00020811654526530721,6
7181,2021-06-01 18:00:00,96.0,96.0,96.0,96.0,205.0,0.0,0.0,0.0,6
7182,2021-06-01 19:00:00,96.1,96.25,96.1,96.25,2000.0,0.0015608740894901738,0.0015608740894901738,0.0,6
7183,2021-06-02 07:00:00,96.42,97.31,96.41,97.1,1847.0,0.007052478738850784,0.00923045011408422,0.00010371292263021278,6
7184,2021-06-02 08:00:00,97.0,97.0,96.5,96.98,3217.0,-0.00020618556701026825,0.0,0.005154639175257732,6
7185,2021-06-02 09:00:00,96.35,97.66,95.35,96.7,645368.0,0.003632589517384624,0.013596263622210714,0.010378827192527244,6
7186,2021-06-02 10:00:00,96.6893,97.72,96.411,97.65,523456.0,0.009935949479415021,0.010659917901980839,0.002878291600001257,6
7187,2021-06-02 11:00:00,97.64,97.7199,97.14,97.47,400296.0,-0.001741089717328981,0.0008183121671445614,0.005120852109791069,6
7188,2021-06-02 12:00:00,97.5,97.52,96.5009,97.4,381280.0,-0.0010256410256409673,0.00020512820512816432,0.010247179487179472,6
7189,2021-06-02 13:00:00,97.44,97.54,96.36,96.62,368349.0,-0.008415435139573001,0.0010262725779968034,0.011083743842364515,6
7190,2021-06-02 14:00:00,96.62,97.44,96.61,97.2001,337050.0,0.006003932933140153,0.008486855723452631,0.00010349824052996394,6
7191,2021-06-02 15:00:00,97.21,97.48,96.985,97.01,726275.0,-0.0020574015019029796,0.0027774920275692857,0.002314576689640925,6
7192,2021-06-02 16:00:00,96.98,97.33,96.98,97.1,27791.0,0.001237368529593631,0.0036089915446483223,0.0,6
7193,2021-06-02 17:00:00,97.1,97.17,96.98,96.99,1528.0,-0.0011328527291452053,0.0007209062821833923,0.0012358393408855855,6
7194,2021-06-02 18:00:00,97.17,97.17,97.17,97.17,100.0,0.0,0.0,0.0,6
7195,2021-06-02 19:00:00,96.98,97.17,96.98,97.17,3566.0,0.0019591668385233836,0.0019591668385233836,0.0,6
7196,2021-06-03 04:00:00,96.99,96.99,96.99,96.99,431.0,0.0,0.0,0.0,6
7197,2021-06-03 06:00:00,96.69,96.69,96.62,96.63,1100.0,-0.0006205398696866508,0.0,0.0007239631813009947,6
7198,2021-06-03 07:00:00,96.62,96.62,95.41,95.47,5399.0,-0.011902297660939823,0.0,0.012523287104119311,6
7199,2021-06-03 08:00:00,96.18,96.6,95.4,96.32,24992.0,0.00145560407569127,0.0043668122270741055,0.00810979413599502,6
7200,2021-06-03 09:00:00,96.13,96.37,93.92,94.63,623628.0,-0.015603869759700406,0.0024966191615521595,0.022989701445958535,6
7201,2021-06-03 10:00:00,94.65,95.2804,94.45,94.89,574515.0,0.0025356576862123072,0.006660327522451078,0.0021130480718436644,6
7202,2021-06-03 11:00:00,94.88,95.17,94.24,94.9,279155.0,0.00021079258010128828,0.0030564924114671824,0.006745362563237781,6
7203,2021-06-03 12:00:00,94.93,95.09,94.38,94.66,234144.0,-0.002844200990203415,0.0016854524386389611,0.005793742757821672,6
7204,2021-06-03 13:00:00,94.67,95.25,94.45,95.195,264315.0,0.0055455793810076206,0.006126544839970405,0.002323861835850838,6
7205,2021-06-03 14:00:00,95.23,95.52,94.58,94.77,439394.0,-0.0048304105848998,0.0030452588470019117,0.006825580174314876,6
7206,2021-06-03 15:00:00,94.78,95.045,94.55,94.73,811602.0,-0.0005275374551592864,0.0027959485123443826,0.002426672293732897,6
7207,2021-06-03 16:00:00,94.72,94.72,94.57,94.57,30706.0,-0.0015836148648649248,0.0,0.0015836148648649248,6
7208,2021-06-03 17:00:00,94.56,95.0,94.56,95.0,1621.0,0.00465313028764803,0.00465313028764803,0.0,6
7209,2021-06-03 18:00:00,94.63,94.63,94.62,94.63,900.0,0.0,0.0,0.00010567473317120264,6
7210,2021-06-03 19:00:00,94.64,94.64,94.64,94.64,213.0,0.0,0.0,0.0,6
7211,2021-06-04 08:00:00,94.5,95.3,94.5,95.25,2944.0,0.007936507936507936,0.008465608465608435,0.0,6
7212,2021-06-04 09:00:00,95.4,95.83,94.51,94.8,370141.0,-0.006289308176100718,0.004507337526205373,0.009329140461215938,6
7213,2021-06-04 10:00:00,94.73,94.73,93.3,94.16,501954.0,-0.006017101235089278,0.0,0.015095534677504558,6
7214,2021-06-04 11:00:00,94.17,94.52,94.0401,94.13,207180.0,-0.0004247637251779362,0.0037166825953063006,0.0013794201975151996,6
7215,2021-06-04 12:00:00,94.16,94.84,94.16,94.84,151392.0,0.007221750212404491,0.007221750212404491,0.0,6
7216,2021-06-04 13:00:00,94.86,95.82,94.59,95.032,497401.0,0.0018131983976385942,0.010120177103099239,0.002846299810246637,6
7217,2021-06-04 14:00:00,95.07,95.09,93.8106,94.245,403262.0,-0.008677816345850306,0.00021037130535405736,0.013247081098138208,6
7218,2021-06-04 15:00:00,94.24,94.48,94.06,94.07,409046.0,-0.001803904923599339,0.00254668930390502,0.0019100169779286144,6
7219,2021-06-04 16:00:00,93.94,94.48,93.81,94.4,36263.0,0.0048967426016607194,0.005748350010645159,0.0013838620395996962,6
7220,2021-06-04 17:00:00,94.3,94.3,94.3,94.3,292.0,0.0,0.0,0.0,6
7221,2021-06-04 18:00:00,94.35,94.35,94.12,94.35,3207.0,0.0,0.0,0.002437731849496447,6
7222,2021-06-04 19:00:00,94.16,94.2,94.11,94.11,945.0,-0.0005310110450297065,0.0004248088360238557,0.0005310110450297065,6
7223,2021-06-07 04:00:00,94.79,94.79,94.79,94.79,200.0,0.0,0.0,0.0,6
7224,2021-06-07 05:00:00,94.31,94.31,94.31,94.31,100.0,0.0,0.0,0.0,6
7225,2021-06-07 07:00:00,94.4,94.5,94.27,94.5,3467.0,0.0010593220338982448,0.0010593220338982448,0.001377118644067899,6
7226,2021-06-07 08:00:00,94.2999,94.8,94.27,94.5476,12988.0,0.002626726009253551,0.0053032930045525326,0.000317073506970822,6
7227,2021-06-07 09:00:00,94.5512,95.94,94.24,95.475,444628.0,0.009770367800725956,0.014688338170218923,0.003291338449432683,6
7228,2021-06-07 10:00:00,95.51,96.03,95.02,95.79,502356.0,0.0029316301957910285,0.00544445607789756,0.005130352842634374,6
7229,2021-06-07 11:00:00,95.8,96.17,95.52,95.5365,320382.0,-0.00275052192066799,0.0038622129436326155,0.0029227557411273604,6
7230,2021-06-07 12:00:00,95.54,95.74,95.4,95.567,235680.0,0.00028260414486065325,0.002093364036005742,0.001465354825204109,6
7231,2021-06-07 13:00:00,95.59,95.6399,94.69,94.7171,203880.0,-0.009131708337692241,0.0005220211319175002,0.009415210796108438,6
7232,2021-06-07 14:00:00,94.69,95.0317,94.5403,94.565,298218.0,-0.0013200971591509135,0.0036086175942549687,0.001580948357799089,6
7233,2021-06-07 15:00:00,94.6,94.7199,94.33,94.47,787351.0,-0.0013742071881606285,0.0012674418604651293,0.0028541226215644403,6
7234,2021-06-07 16:00:00,94.48,94.48,94.31,94.48,35730.0,0.0,0.0,0.0017993226079593744,6
7235,2021-06-07 17:00:00,94.48,94.48,94.48,94.48,401.0,0.0,0.0,0.0,6
7236,2021-06-07 19:00:00,94.45,94.82,94.45,94.51,2742.0,0.0006352567496029886,0.003917416622551512,0.0,6
7237,2021-06-08 04:00:00,95.6,95.6,95.6,95.6,131.0,0.0,0.0,0.0,6
7238,2021-06-08 06:00:00,95.01,95.01,95.0,95.0,700.0,-0.00010525207872860873,0.0,0.00010525207872860873,6
7239,2021-06-08 07:00:00,94.98,95.3,94.98,95.29,2856.0,0.0032638450200042353,0.0033691303432300816,0.0,6
7240,2021-06-08 08:00:00,95.3,95.35,94.78,95.2,6894.0,-0.0010493179433367715,0.0005246589716683857,0.00545645330535148,6
7241,2021-06-08 09:00:00,95.27,95.29,93.94,94.61,304344.0,-0.006927679227458766,0.00020992967355946501,0.013960323291697264,6
7242,2021-06-08 10:00:00,94.7,95.775,94.68,95.05,561732.0,0.0036958817317845226,0.011351636747624105,0.00021119324181621986,6
7243,2021-06-08 11:00:00,95.08,95.37,94.31,95.275,460724.0,0.002050904501472522,0.0030500631047539572,0.008098443416070635,6
7244,2021-06-08 12:00:00,95.295,95.295,94.84,94.97,297338.0,-0.003410462248806368,0.0,0.004774647148328855,6
7245,2021-06-08 13:00:00,94.975,95.45,94.93,95.21,343153.0,0.0024743353514082595,0.005001316135825307,0.0004738088970780468,6
7246,2021-06-08 14:00:00,95.26,95.63,95.25,95.46,340281.0,0.0020995171110643356,0.0038841066554691404,0.00010497585555327646,6
7247,2021-06-08 15:00:00,95.465,95.98,94.89,94.94,764608.0,-0.00549939768501551,0.005394647252919924,0.006023149845493142,6
7248,2021-06-08 16:00:00,94.88,94.96,94.87,94.9,16256.0,0.00021079258010128828,0.0008431703204047038,0.00010539629005049437,6
7249,2021-06-08 19:00:00,95.0,95.47,94.93,94.93,957.0,-0.000736842105263086,0.00494736842105262,0.000736842105263086,6
7250,2021-06-09 07:00:00,95.2,95.2,95.2,95.2,667.0,0.0,0.0,0.0,6
7251,2021-06-09 08:00:00,95.22,95.47,95.05,95.25,3424.0,0.00031505986137367293,0.002625498844780508,0.0017853392144507635,6
7252,2021-06-09 09:00:00,95.21,95.6,94.31,94.5404,314921.0,-0.0070328746980358,0.004096208381472541,0.009452788572628837,6
7253,2021-06-09 10:00:00,94.57,94.75,93.64,93.766,397581.0,-0.008501638997567812,0.0019033520143809542,0.009833985407634478,6
7254,2021-06-09 11:00:00,93.8,93.98,93.35,93.45,346075.0,-0.003731343283582029,0.0019189765458422902,0.004797441364605574,6
7255,2021-06-09 12:00:00,93.44,93.98,93.39,93.85,225112.0,0.004387842465753388,0.005779109589041163,0.000535102739725997,6
7256,2021-06-09 13:00:00,93.89,93.94,93.35,93.43,180992.0,-0.004899350303546637,0.0005325380764724375,0.005751411225902719,6
7257,2021-06-09 14:00:00,93.43,93.51,93.12,93.4198,236099.0,-0.00010917264262026923,0.0008562560205501262,0.003317992079631834,6
7258,2021-06-09 15:00:00,93.4,93.48,92.56,92.78,651868.0,-0.006638115631691697,0.000856531049250517,0.008993576017130658,6
7259,2021-06-09 16:00:00,92.79,92.86,92.65,92.86,27783.0,0.0007543916370297788,0.0007543916370297788,0.0015087832740597108,6
7260,2021-06-09 17:00:00,92.98,92.98,92.79,92.97,2030.0,-0.00010755001075505609,0.0,0.002043450204344996,6
7261,2021-06-09 18:00:00,92.82,92.82,92.82,92.82,150.0,0.0,0.0,0.0,6
7262,2021-06-09 19:00:00,92.98,92.98,92.79,92.79,2678.0,-0.002043450204344996,0.0,0.002043450204344996,6
7263,2021-06-10 07:00:00,92.51,93.1,92.51,93.1,983.0,0.006377688898497343,0.006377688898497343,0.0,6
7264,2021-06-10 08:00:00,93.081,93.0969,92.55,92.92,8667.0,-0.0017296763034346575,0.00017081896412803928,0.0057047088020112146,6
7265,2021-06-10 09:00:00,93.1,93.4,90.7,90.7,641556.0,-0.02577873254564975,0.0032223415682063523,0.02577873254564975,6
7266,2021-06-10 10:00:00,90.7,91.05,89.59,90.54,1035801.0,-0.001764057331863248,0.0038588754134508746,0.012238147739801537,6
7267,2021-06-10 11:00:00,90.54,90.81,90.08,90.35,430654.0,-0.002098519991164258,0.002982107355864767,0.005080627347029025,6
7268,2021-06-10 12:00:00,90.36,90.89,89.945,90.8,341833.0,0.0048694112439132105,0.005865427180168229,0.004592740150509144,6
7269,2021-06-10 13:00:00,90.78,91.69,90.73,91.615,318864.0,0.00919806124697063,0.010024234412866232,0.0005507821105970164,6
7270,2021-06-10 14:00:00,91.62,91.98,91.35,91.525,367561.0,-0.001036891508404266,0.003929273084479365,0.00294695481335964,6
7271,2021-06-10 15:00:00,91.52,91.555,90.59,90.61,796367.0,-0.009943181818181782,0.00038243006993018795,0.010161713286713206,6
7272,2021-06-10 16:00:00,90.63,90.77,90.63,90.76,21937.0,0.0014344036191107764,0.0015447423590422662,0.0,6
7273,2021-06-10 17:00:00,90.77,90.77,89.6,89.738,12611.0,-0.011369395174617125,0.0,0.012889721273548548,6
7274,2021-06-10 18:00:00,90.0,90.5,90.0,90.47,2635.0,0.00522222222222221,0.005555555555555556,0.0,6
7275,2021-06-10 19:00:00,90.11,90.38,89.51,89.51,5914.0,-0.006658528465209126,0.002996337809344091,0.006658528465209126,6
7276,2021-06-11 06:00:00,90.06,90.06,89.5,89.5,3584.0,-0.006218076837663805,0.0,0.006218076837663805,6
7277,2021-06-11 07:00:00,89.92,89.92,88.1,88.84,17604.0,-0.01201067615658361,0.0,0.020240213523131753,6
7278,2021-06-11 08:00:00,89.3513,89.75,88.15,88.42,46944.0,-0.010422903751819987,0.00446216227408001,0.013444684072867313,6
7279,2021-06-11 09:00:00,88.49,90.05,88.1,89.69,885665.0,0.013560854333823064,0.017629110633969967,0.004407277658492492,6
7280,2021-06-11 10:00:00,89.72,90.29,88.91,90.18,825338.0,0.005127061970575211,0.006353098528756213,0.009028087382969263,6
7281,2021-06-11 11:00:00,90.21,90.41,89.52,90.1501,370350.0,-0.0006640062077374898,0.002217049107637766,0.007648819421350158,6
7282,2021-06-11 12:00:00,90.165,90.41,89.31,90.355,326694.0,0.0021072478234347887,0.0027172406144289948,0.009482615205456707,6
7283,2021-06-11 13:00:00,90.37,90.73,90.23,90.241,298727.0,-0.0014274648666593437,0.003983622883700337,0.001549186676994584,6
7284,2021-06-11 14:00:00,90.24,90.42,89.71,89.84,308523.0,-0.004432624113475083,0.0019946808510639055,0.005873226950354623,6
7285,2021-06-11 15:00:00,89.84,90.185,89.78,90.1,639650.0,0.0028940338379340037,0.003840160284951011,0.0006678539626002034,6
7286,2021-06-11 16:00:00,90.09,90.22,89.7,89.71,33464.0,-0.004218004218004325,0.0014430014430013925,0.004329004329004335,6
7287,2021-06-11 17:00:00,90.21,90.21,89.8,90.02,5099.0,-0.0021061966522558226,0.0,0.004544950670657318,6
7288,2021-06-11 18:00:00,90.15,90.15,90.02,90.14,665.0,-0.00011092623405441059,0.0,0.0014420410427067071,6
7289,2021-06-11 19:00:00,90.03,90.15,90.01,90.01,2694.0,-0.00022214817283123427,0.0013328890369877213,0.00022214817283123427,6
7290,2021-06-14 05:00:00,90.69,90.8,90.61,90.61,450.0,-0.0008821259234755574,0.001212923144778911,0.0008821259234755574,6
7291,2021-06-14 06:00:00,90.56,90.56,90.56,90.56,216.0,0.0,0.0,0.0,6
7292,2021-06-14 07:00:00,90.4,90.4,90.2,90.35,3279.0,-0.0005530973451328691,0.0,0.0022123893805310046,6
7293,2021-06-14 08:00:00,90.56,90.6935,90.0,90.0,9743.0,-0.006183745583038894,0.0014741607773851365,0.006183745583038894,6
7294,2021-06-14 09:00:00,89.64,90.36,88.98,89.16,280865.0,-0.005354752342704194,0.008032128514056212,0.0073627844712181685,6
7295,2021-06-14 10:00:00,89.23,89.34,88.2,88.21,486064.0,-0.011431133027008968,0.0012327692480107522,0.011543202958646208,6
7296,2021-06-14 11:00:00,88.21,88.825,88.116,88.27,441841.0,0.0006801949892302719,0.006971998639610125,0.0010656388164606517,6
7297,2021-06-14 12:00:00,88.28,88.7,88.0402,88.05,284140.0,-0.002605346624377027,0.00475758948799277,0.0027163570457635075,6
7298,2021-06-14 13:00:00,88.04,88.065,87.48,87.505,361154.0,-0.006076783280327246,0.000283961835529208,0.006360745115856454,6
7299,2021-06-14 14:00:00,87.5,87.82,87.39,87.665,329073.0,0.0018857142857143573,0.003657142857142779,0.0012571428571428506,6
7300,2021-06-14 15:00:00,87.65,88.06,87.555,87.95,650198.0,0.0034227039361094938,0.004677695379349647,0.0010838562464346704,6
7301,2021-06-14 16:00:00,87.95,88.1,87.9,88.1,41207.0,0.0017055144968731264,0.0017055144968731264,0.0005685048322910421,6
7302,2021-06-14 17:00:00,88.1,88.1,88.1,88.1,255.0,0.0,0.0,0.0,6
7303,2021-06-14 18:00:00,88.08,88.08,88.08,88.08,104.0,0.0,0.0,0.0,6
7304,2021-06-14 19:00:00,88.0,88.0,87.96,87.96,1670.0,-0.0004545454545455256,0.0,0.0004545454545455256,6
7305,2021-06-15 06:00:00,88.65,88.65,88.53,88.56,1490.0,-0.0010152284263959775,0.0,0.0013536379018613033,6
7306,2021-06-15 07:00:00,88.22,88.4,88.0,88.4,1159.0,0.0020403536613013695,0.0020403536613013695,0.0024937655860349,6
7307,2021-06-15 08:00:00,88.24,88.4,88.05,88.13,8089.0,-0.0012466001813236564,0.0018132366273799956,0.0021532184950135737,6
7308,2021-06-15 09:00:00,88.1,88.9571,87.69,88.41,379628.0,0.003518728717366655,0.009728717366628862,0.004653802497162277,6
7309,2021-06-15 10:00:00,88.44,88.6,87.01,87.415,422089.0,-0.01158977838082306,0.0018091361374943079,0.016169154228855637,6
7310,2021-06-15 11:00:00,87.42,87.52,86.685,86.7126,309196.0,-0.008091969800960958,0.0011439029970257873,0.008407687028140006,6
7311,2021-06-15 12:00:00,86.725,87.16,86.72,86.94,226435.0,0.002479100605361815,0.005015854713173852,5.765350245022142e-05,6
7312,2021-06-15 13:00:00,86.92,87.23,86.82,87.08,211255.0,0.0018407731247123398,0.0035664979291302606,0.0011504832029453351,6
7313,2021-06-15 14:00:00,87.1,87.24,86.81,86.86,237027.0,-0.0027554535017221,0.001607347876004599,0.0033295063145808504,6
7314,2021-06-15 15:00:00,86.86,87.06,86.73,86.96,461355.0,0.001151277918489458,0.0023025558369790793,0.001496661294036328,6
7315,2021-06-15 16:00:00,86.93,86.93,86.69,86.9,33042.0,-0.0003451052571034296,0.0,0.0027608420568274368,6
7316,2021-06-15 17:00:00,86.9,86.9,86.9,86.9,350.0,0.0,0.0,0.0,6
7317,2021-06-15 18:00:00,87.1,87.1,86.72,86.9,400.0,-0.0022962112514350016,0.0,0.004362801377726699,6
7318,2021-06-15 19:00:00,86.75,86.76,86.5,86.5,2289.0,-0.002881844380403458,0.0001152737752161973,0.002881844380403458,6
7319,2021-06-16 05:00:00,87.1,87.8,87.1,87.3,1703.0,0.0022962112514351646,0.008036739380022995,0.0,6
7320,2021-06-16 06:00:00,87.32,87.79,87.32,87.45,950.0,0.0014887769125058368,0.00538250114521316,0.0,6
7321,2021-06-16 07:00:00,87.49,88.0,87.39,87.7,9155.0,0.0024002743170648986,0.0058292376271574485,0.0011429877700307957,6
7322,2021-06-16 08:00:00,87.5999,87.93,87.18,87.86,27672.0,0.0029691814716682804,0.003768269141859769,0.004793384467333848,6
7323,2021-06-16 09:00:00,87.75,88.96,86.97,87.59,623709.0,-0.0018233618233617845,0.013789173789173718,0.008888888888888901,6
7324,2021-06-16 10:00:00,87.58,88.25,87.3,88.06,346242.0,0.005480703356930852,0.007650148435715936,0.0031970769582096497,6
7325,2021-06-16 11:00:00,88.09,89.05,88.0,88.86,391137.0,0.008741060279259803,0.010897945283232985,0.0010216823703031379,6
7326,2021-06-16 12:00:00,88.86,88.97,87.81,87.88,270998.0,-0.01102858428989426,0.001237902318253426,0.011816340310600913,6
7327,2021-06-16 13:00:00,87.81,88.1,87.52,87.91,206257.0,0.0011388224575787987,0.003302585126978613,0.003302585126978775,6
7328,2021-06-16 14:00:00,87.75,88.4,86.95,87.72,418956.0,-0.00034188034188035484,0.007407407407407472,0.009116809116809085,6
7329,2021-06-16 15:00:00,87.7,88.75,87.66,88.52,737169.0,0.00935005701254268,0.011972633979475452,0.00045610034207532784,6
7330,2021-06-16 16:00:00,88.52,88.52,88.1,88.4723,17906.0,-0.0005388612742882045,0.0,0.004744690465431561,6
7331,2021-06-16 17:00:00,88.46,88.46,87.31,87.65,57216.0,-0.00915668098575614,0.0,0.013000226090888441,6
7332,2021-06-16 18:00:00,87.37,87.97,87.37,87.69,3787.0,0.003662584411125022,0.006867345770859497,0.0,6
7333,2021-06-16 19:00:00,87.52,87.88,87.52,87.6,5370.0,0.0009140767824497064,0.00411334552102376,0.0,6
7334,2021-06-17 04:00:00,87.98,87.98,87.98,87.98,575.0,0.0,0.0,0.0,6
7335,2021-06-17 07:00:00,87.88,88.4,87.8,88.4,1998.0,0.005917159763313726,0.005917159763313726,0.0009103322712789974,6
7336,2021-06-17 08:00:00,87.82,88.5,87.7,88.01,13751.0,0.0021635162833069,0.007743110908676918,0.0013664313368252146,6
7337,2021-06-17 09:00:00,87.95,89.82,87.95,88.7999,486609.0,0.009663445139283581,0.021262080727686074,0.0,6
7338,2021-06-17 10:00:00,88.79,88.92,87.4401,87.8,451275.0,-0.011149904268498807,0.0014641288433381624,0.015203288658632786,6
7339,2021-06-17 11:00:00,87.8,87.81,86.27,86.38,493265.0,-0.016173120728929406,0.00011389521640096943,0.017425968109339423,6
7340,2021-06-17 12:00:00,86.32,87.05,85.97,87.05,494149.0,0.008456904541241938,0.008456904541241938,0.004054680259499471,6
7341,2021-06-17 13:00:00,87.04,87.68,86.96,87.29,391323.0,0.0028722426470588233,0.007352941176470594,0.0009191176470589672,6
7342,2021-06-17 14:00:00,87.33,87.35,86.8,86.91,336860.0,-0.004809343868086588,0.0002290163746707434,0.00606893392877592,6
7343,2021-06-17 15:00:00,86.93,87.19,86.39,86.42,554542.0,-0.005866789370758139,0.0029909122282295053,0.006211894627861569,6
7344,2021-06-17 16:00:00,86.41,86.82,86.41,86.79,16052.0,0.004397639162134124,0.004744821201249816,0.0,6
7345,2021-06-17 17:00:00,86.98,86.98,86.84,86.98,3011.0,0.0,0.0,0.0016095654173373254,6
7346,2021-06-17 18:00:00,86.98,86.98,86.98,86.98,100.0,0.0,0.0,0.0,6
7347,2021-06-17 19:00:00,86.8,86.8,86.5,86.5,2455.0,-0.0034562211981566493,0.0,0.0034562211981566493,6
7348,2021-06-18 06:00:00,86.81,86.82,86.8,86.8,681.0,-0.00011519410206203335,0.00011519410206186965,0.00011519410206203335,6
7349,2021-06-18 07:00:00,86.52,86.6,86.41,86.45,2353.0,-0.0008090614886730604,0.0009246417013407108,0.001271382339343498,6
7350,2021-06-18 08:00:00,86.7,86.7,85.61,85.88,44952.0,-0.009457900807381861,0.0,0.012572087658592888,6
7351,2021-06-18 09:00:00,86.05,86.63,84.5,85.48,780723.0,-0.0066240557815222915,0.00674026728646134,0.018012783265543255,6
7352,2021-06-18 10:00:00,85.55,85.81,84.66,85.593,501525.0,0.000502630040911822,0.0030391583869083007,0.010403272939801292,6
7353,2021-06-18 11:00:00,85.585,86.61,85.47,86.15,332894.0,0.006601624116375673,0.011976397733247716,0.0013436934042179692,6
7354,2021-06-18 12:00:00,86.14,86.54,86.0,86.0898,233548.0,-0.0005827722312514952,0.004643603436266608,0.0016252612026932966,6
7355,2021-06-18 13:00:00,86.09,86.515,86.02,86.08,207998.0,-0.00011615750958305396,0.004936694157277235,0.0008131025670810476,6
7356,2021-06-18 14:00:00,86.03,86.18,85.23,85.3,277042.0,-0.008485412065558572,0.001743577821690174,0.009299081715680543,6
7357,2021-06-18 15:00:00,85.255,86.16,85.1567,85.6,941354.0,0.004046683478974827,0.010615213183977493,0.0011530115535745085,6
7358,2021-06-18 16:00:00,85.64,86.0,85.64,86.0,98821.0,0.004203643157403076,0.004203643157403076,0.0,6
7359,2021-06-18 17:00:00,85.88,86.51,85.52,86.51,2018.0,0.007335817419655446,0.007335817419655446,0.00419189566837447,6
7360,2021-06-18 18:00:00,85.81,85.81,85.49,85.63,6698.0,-0.0020976576156625897,0.0,0.0037291690945112153,6
7361,2021-06-18 19:00:00,85.64,85.64,85.44,85.44,1480.0,-0.0023353573096684126,0.0,0.0023353573096684126,6
7362,2021-06-21 04:00:00,86.04,86.04,86.03,86.04,2412.0,0.0,0.0,0.00011622501162256061,6
7363,2021-06-21 07:00:00,86.4,86.4,86.04,86.15,2912.0,-0.0028935185185185184,0.0,0.00416666666666666,6
7364,2021-06-21 08:00:00,86.01,86.43,85.5,86.11,2728.0,0.0011626555051737508,0.004883153121730051,0.005929543076386526,6
7365,2021-06-21 09:00:00,86.1999,86.86,84.96,86.1,360628.0,-0.001158934059088296,0.0076577815055469895,0.01438400740604114,6
7366,2021-06-21 10:00:00,86.09,86.1693,85.3,85.625,403541.0,-0.005401324195609286,0.0009211290509931871,0.009176443257056641,6
7367,2021-06-21 11:00:00,85.63,85.87,85.18,85.58,256975.0,-0.0005839075090505332,0.002802756043442825,0.005255167581454965,6
7368,2021-06-21 12:00:00,85.59,86.05,85.59,85.73,185615.0,0.001635705105736658,0.005374459633134638,0.0,6
7369,2021-06-21 13:00:00,85.72,86.62,85.66,86.24,319878.0,0.006066262249183342,0.010499300046663622,0.0006999533364442636,6
7370,2021-06-21 14:00:00,86.24,87.08,86.07,87.08,421365.0,0.00974025974025978,0.00974025974025978,0.001971243042671634,6
7371,2021-06-21 15:00:00,87.07,87.53,86.8,87.42,638535.0,0.00401975422074203,0.005283105547260916,0.0031009532560008733,6
7372,2021-06-21 16:00:00,87.4,87.4,87.4,87.4,29939.0,0.0,0.0,0.0,6
7373,2021-06-21 17:00:00,87.41,87.42,87.3,87.31,949.0,-0.0011440338634022917,0.0001144033863402942,0.0012584372497425858,6
7374,2021-06-21 18:00:00,87.32,87.32,87.32,87.32,350.0,0.0,0.0,0.0,6
7375,2021-06-21 19:00:00,87.49,87.72,87.49,87.72,430.0,0.0026288718710710253,0.0026288718710710253,0.0,6
7376,2021-06-22 07:00:00,87.42,87.6,87.29,87.29,1584.0,-0.0014870738961335558,0.0020590253946464496,0.0014870738961335558,6
7377,2021-06-22 08:00:00,87.2685,87.2685,87.01,87.12,2803.0,-0.0017016449234259616,0.0,0.002962122644482235,6
7378,2021-06-22 09:00:00,87.03,87.07,85.77,85.81,472015.0,-0.014018154659312868,0.00045961162817410135,0.014477766287487133,6
7379,2021-06-22 10:00:00,85.78,86.1,84.52,85.29,741016.0,-0.005712287246444333,0.00373047330380034,0.014688738633714211,6
7380,2021-06-22 11:00:00,85.29,85.56,85.045,85.21,423226.0,-0.0009379763160981651,0.0031656700668307655,0.002872552468050235,6
7381,2021-06-22 12:00:00,85.22,85.5524,85.18,85.33,169311.0,0.0012907768129546988,0.0039004928420559365,0.0004693733865288904,6
7382,2021-06-22 13:00:00,85.34,85.8699,85.32,85.47,310288.0,0.0015233184907428574,0.006209280524958962,0.0002343566908836446,6
7383,2021-06-22 14:00:00,85.46,85.6,85.21,85.515,260201.0,0.0006435759419612313,0.0016381933068102103,0.002925345190732507,6
7384,2021-06-22 15:00:00,85.51,86.06,85.51,85.65,516188.0,0.00163723541106304,0.006431996257747598,0.0,6
7385,2021-06-22 16:00:00,85.65,85.99,85.6,85.93,31962.0,0.0032691185055458392,0.003969643899591234,0.0005837711617047445,6
7386,2021-06-22 17:00:00,85.72,85.89,85.72,85.89,611.0,0.0019832011199253582,0.0019832011199253582,0.0,6
7387,2021-06-22 18:00:00,85.89,85.89,85.8,85.8,324.0,-0.0010478519035976646,0.0,0.0010478519035976646,6
7388,2021-06-22 19:00:00,85.8,85.89,85.75,85.84,2259.0,0.0004662004662005391,0.0010489510489510886,0.0005827505827505497,6
7389,2021-06-23 05:00:00,85.67,85.67,84.92,84.92,1508.0,-0.008754523170304658,0.0,0.008754523170304658,6
7390,2021-06-23 06:00:00,85.88,85.88,85.88,85.88,120.0,0.0,0.0,0.0,6
7391,2021-06-23 07:00:00,85.79,85.85,85.65,85.67,3467.0,-0.0013987644247581833,0.000699382212378926,0.001631891828884492,6
7392,2021-06-23 08:00:00,85.65,85.85,85.65,85.71,1411.0,0.0007005253940453947,0.0023350846468183145,0.0,6
7393,2021-06-23 09:00:00,85.8,86.83,85.683,86.17,302648.0,0.0043123543123543655,0.012004662004662018,0.0013636363636362497,6
7394,2021-06-23 10:00:00,86.22,86.62,85.819,86.17,246685.0,-0.0005799118533982505,0.004639294827186334,0.00465089306425419,6
7395,2021-06-23 11:00:00,86.21,86.3,85.91,85.96,139062.0,-0.0028998956037582647,0.0010439624173530148,0.003479874724509885,6
7396,2021-06-23 12:00:00,85.95,86.38,85.88,86.18,240732.0,0.002675974403723141,0.005002908667830048,0.0008144269924375496,6
7397,2021-06-23 13:00:00,86.1881,86.46,86.06,86.46,169497.0,0.003154727856861771,0.003154727856861771,0.001486284069378527,6
7398,2021-06-23 14:00:00,86.45,86.59,86.3,86.47,150960.0,0.00023134759976860635,0.0016194331983805732,0.0017351069982649587,6
7399,2021-06-23 15:00:00,86.47,86.64,86.13,86.18,488746.0,-0.003353764311321754,0.001965999768705929,0.003931999537411858,6
7400,2021-06-23 16:00:00,86.16,86.48,86.16,86.16,18858.0,0.0,0.003714020427112435,0.0,6
7401,2021-06-23 18:00:00,86.37,86.6,86.37,86.6,5524.0,0.0026629616765079284,0.0026629616765079284,0.0,6
7402,2021-06-24 05:00:00,86.66,86.66,86.66,86.66,125.0,0.0,0.0,0.0,6
7403,2021-06-24 07:00:00,86.81,86.81,86.7,86.7,830.0,-0.0012671351226817122,0.0,0.0012671351226817122,6
7404,2021-06-24 08:00:00,86.8,86.99,86.62,86.76,8335.0,-0.00046082949308746593,0.0021889400921658725,0.002073732718893924,6
7405,2021-06-24 09:00:00,86.99,88.07,86.75,86.91,622883.0,-0.0009196459363144993,0.012415220140245986,0.002758937808943498,6
7406,2021-06-24 10:00:00,86.87,87.38,85.97,86.725,662468.0,-0.0016691608150110535,0.005870841487279738,0.010360308506964495,6
7407,2021-06-24 11:00:00,86.7,87.08,86.38,86.87,444569.0,0.0019607843137255097,0.004382929642445161,0.003690888119953949,6
7408,2021-06-24 12:00:00,86.88,86.91,86.49,86.65,271203.0,-0.0026473296500919632,0.000345303867403328,0.004488950276243101,6
7409,2021-06-24 13:00:00,86.64,86.84,86.25,86.38,250858.0,-0.0030009233610342233,0.0023084025854109283,0.004501385041551253,6
7410,2021-06-24 14:00:00,86.4,87.21,86.36,87.13,266789.0,0.008449074074073954,0.009374999999999861,0.0004629629629630353,6
7411,2021-06-24 15:00:00,87.14,87.325,86.925,86.95,804347.0,-0.002180399357355953,0.0021230204268992687,0.0024672940096396993,6
7412,2021-06-24 16:00:00,86.97,87.42,86.97,87.23,50151.0,0.002989536621823676,0.00517419799931014,0.0,6
7413,2021-06-24 17:00:00,87.03,87.04,86.98,86.99,2150.0,-0.00045961162817426463,0.00011490290704360698,0.0005745145352177083,6
7414,2021-06-24 18:00:00,87.18,87.2,87.05,87.13,2893.0,-0.0005735260380822593,0.00022941041523280592,0.0014911676990136459,6
7415,2021-06-24 19:00:00,87.05,87.23,87.05,87.23,3385.0,0.0020677771395750354,0.0020677771395750354,0.0,6
7416,2021-06-25 07:00:00,87.23,87.23,87.23,87.23,497.0,0.0,0.0,0.0,6
7417,2021-06-25 08:00:00,87.1999,87.45,87.1,87.1,4659.0,-0.0011456435156462933,0.0028681225551864544,0.0011456435156462933,6
7418,2021-06-25 09:00:00,87.1,87.89,86.83,86.9388,353097.0,-0.0018507462686566452,0.009070034443168845,0.0030998851894373826,6
7419,2021-06-25 10:00:00,86.96,88.09,86.74,88.0,789787.0,0.011959521619135308,0.01299448022079128,0.0025298988040478253,6
7420,2021-06-25 11:00:00,87.98,88.28,87.75,88.01,488930.0,0.0003409865878608904,0.0034098658786087424,0.002614230506933439,6
7421,2021-06-25 12:00:00,88.0,88.97,87.9268,88.46,507945.0,0.005227272727272656,0.01102272727272726,0.0008318181818181811,6
7422,2021-06-25 13:00:00,88.46,88.63,88.25,88.62,394615.0,0.0018087271082976577,0.001921772552566151,0.002373954329640445,6
7423,2021-06-25 14:00:00,88.61,89.12,88.48,89.055,403113.0,0.005022006545536704,0.005755558063424051,0.001467103035774692,6
7424,2021-06-25 15:00:00,89.07,89.89,88.98,89.22,1446016.0,0.001684068710003432,0.009206242281351829,0.0010104412260018996,6
7425,2021-06-25 16:00:00,89.22,89.49,89.21,89.49,68608.0,0.003026227303295181,0.003026227303295181,0.00011208249271469531,6
7426,2021-06-25 17:00:00,89.48,89.49,89.2,89.2,2407.0,-0.003129190880643732,0.00011175681716574548,0.003129190880643732,6
7427,2021-06-25 18:00:00,89.36,89.5,89.1001,89.1001,6018.0,-0.0029084601611459467,0.0015666965085049302,0.0029084601611459467,6
7428,2021-06-25 19:00:00,89.4,89.4,89.4,89.4,732.0,0.0,0.0,0.0,6
7429,2021-06-28 04:00:00,89.4,89.4,88.0,88.11,3151.0,-0.01442953020134235,0.0,0.015659955257270756,6
7430,2021-06-28 05:00:00,88.03,88.06,88.02,88.06,2762.0,0.0003407929115074536,0.0003407929115074536,0.000113597637169205,6
7431,2021-06-28 06:00:00,88.13,88.14,87.8,87.85,5231.0,-0.0031771247021445724,0.00011346873936236374,0.0037444683989560686,6
7432,2021-06-28 07:00:00,87.55,88.38,87.55,88.11,5648.0,0.0063963449457453145,0.009480296973158176,0.0,6
7433,2021-06-28 08:00:00,88.1001,88.7,88.0,88.51,4197.0,0.004652662142267801,0.006809299875936636,0.0011362075638960414,6
7434,2021-06-28 09:00:00,88.56,88.92,84.57,85.0332,1649677.0,-0.03982384823848248,0.0040650406504064976,0.04505420054200552,6
7435,2021-06-28 10:00:00,85.025,85.08,83.16,83.77,2306290.0,-0.014760364598647569,0.0006468685680681282,0.021934725080858676,6
7436,2021-06-28 11:00:00,83.7771,84.56,83.42,83.475,1225693.0,-0.003605997342949446,0.009345035815276464,0.0042625013279285464,6
7437,2021-06-28 12:00:00,83.485,83.94,83.43,83.62,771607.0,0.0016170569563395234,0.005450080852847796,0.000658800982212285,6
7438,2021-06-28 13:00:00,83.6,83.66,82.85,83.2358,859339.0,-0.004356459330143502,0.0007177033492823239,0.008971291866028708,6
7439,2021-06-28 14:00:00,83.22,83.709,83.21,83.46,693659.0,0.002883922134102318,0.00587599134823365,0.00012016342225432728,6
7440,2021-06-28 15:00:00,83.455,83.69,83.2,83.4599,1710019.0,5.87142771554292e-05,0.0028158888023485642,0.003055538913186693,6
7441,2021-06-28 16:00:00,83.54,83.8,83.45,83.74,88962.0,0.0023940627244432443,0.0031122815417762855,0.001077328225999562,6
7442,2021-06-28 17:00:00,83.76,83.9,83.6701,83.9,5226.0,0.00167144221585483,0.00167144221585483,0.0010733046800382054,6
7443,2021-06-28 18:00:00,83.85,83.97,83.75,83.97,5062.0,0.0014311270125224157,0.0014311270125224157,0.0011926058437685667,6
7444,2021-06-28 19:00:00,83.94,84.33,83.94,84.1,11161.0,0.001906123421491501,0.004646175839885639,0.0,6
7445,2021-06-29 04:00:00,83.46,83.46,83.0,83.0,1882.0,-0.005511622334052166,0.0,0.005511622334052166,6
7446,2021-06-29 05:00:00,83.0,83.52,83.0,83.52,700.0,0.006265060240963807,0.006265060240963807,0.0,6
7447,2021-06-29 06:00:00,83.4,83.42,83.02,83.02,2744.0,-0.004556354916067261,0.0002398081534771705,0.004556354916067261,6
7448,2021-06-29 07:00:00,83.81,84.0,83.7,84.0,10993.0,0.0022670325736785313,0.0022670325736785313,0.0013124925426560008,6
7449,2021-06-29 08:00:00,83.8,84.21,83.7001,84.21,23944.0,0.004892601431980867,0.004892601431980867,0.0011921241050118258,6
7450,2021-06-29 09:00:00,84.28,84.44,82.4301,83.62,1056503.0,-0.007831039392501146,0.0018984337921214593,0.021949454200284827,6
7451,2021-06-29 10:00:00,83.58,83.94,82.9,83.05,1045402.0,-0.0063412299593204255,0.00430725053840631,0.008135917683656289,6
7452,2021-06-29 11:00:00,83.08,84.26,82.99,83.7,612624.0,0.007462686567164234,0.014203177660086747,0.0010832932113625832,6
7453,2021-06-29 12:00:00,83.74,84.77,83.26,83.36,668025.0,-0.0045378552663004,0.012299976116551245,0.005732027704800451,6
7454,2021-06-29 13:00:00,83.35,83.67,83.27,83.55,318105.0,0.002399520095980838,0.0038392321535693752,0.0009598080383923011,6
7455,2021-06-29 14:00:00,83.54,83.55,82.97,83.16,471956.0,-0.004548719176442538,0.00011970313622206014,0.006823078764663722,6
7456,2021-06-29 15:00:00,83.16,83.3,82.83,83.01,971811.0,-0.0018037518037517014,0.0016835016835016904,0.003968253968253948,6
7457,2021-06-29 16:00:00,83.0,83.18,83.0,83.0,35140.0,0.0,0.0021686746987952627,0.0,6
7458,2021-06-29 17:00:00,83.12,83.12,83.0,83.07,8564.0,-0.0006015399422523023,0.0,0.0014436958614052519,6
7459,2021-06-29 18:00:00,83.09,83.17,83.09,83.17,1211.0,0.0009628114093151798,0.0009628114093151798,0.0,6
7460,2021-06-29 19:00:00,83.17,83.17,83.17,83.17,201.0,0.0,0.0,0.0,6
7461,2021-06-30 04:00:00,82.9,82.9,82.9,82.9,415.0,0.0,0.0,0.0,6
7462,2021-06-30 05:00:00,82.49,82.49,82.3,82.3,827.0,-0.002303309492059616,0.0,0.002303309492059616,6
7463,2021-06-30 06:00:00,82.83,82.88,82.83,82.85,1994.0,0.00024145840878903805,0.0006036460219726809,0.0,6
7464,2021-06-30 07:00:00,82.84,83.47,82.84,83.06,2416.0,0.002655721873491053,0.007605021728633455,0.0,6
7465,2021-06-30 08:00:00,82.752,83.5,82.752,83.2,19135.0,0.005413766434648196,0.009039056457850018,0.0,6
7466,2021-06-30 09:00:00,83.23,84.59,82.8,84.57,423286.0,0.01609996395530445,0.016340261924786728,0.005166406343866476,6
7467,2021-06-30 10:00:00,84.5552,85.28,84.47,84.86,764685.0,0.003604745775540714,0.00857191515128581,0.0010076257876511484,6
7468,2021-06-30 11:00:00,84.87,85.15,84.46,84.9001,364183.0,0.0003546600683396989,0.003299163426416886,0.0048309178743962625,6
7469,2021-06-30 12:00:00,84.93,85.36,84.9,85.04,293179.0,0.0012951842693983211,0.005062993053102468,0.00035323207347228466,6
7470,2021-06-30 13:00:00,85.05,85.23,84.909,84.9699,333342.0,-0.0009417989417989609,0.0021164021164021968,0.001657848324514887,6
7471,2021-06-30 14:00:00,84.95,85.39,84.86,85.28,300730.0,0.0038846380223660775,0.00517951736315477,0.0010594467333726121,6
7472,2021-06-30 15:00:00,85.28,85.36,84.88,85.29,700460.0,0.00011726078799255529,0.0009380863039399424,0.004690431519699879,6
7473,2021-06-30 16:00:00,85.28,85.39,85.28,85.37,211353.0,0.0010553470919324977,0.0012898686679174416,0.0,6
7474,2021-06-30 17:00:00,85.28,85.28,85.28,85.28,200.0,0.0,0.0,0.0,6
7475,2021-06-30 18:00:00,85.35,85.38,85.2801,85.2801,466.0,-0.0008189806678381941,0.00035149384885765835,0.0008189806678381941,6
7476,2021-06-30 19:00:00,85.28,85.45,85.28,85.4,4100.0,0.001407129455909997,0.00199343339587244,0.0,6
7477,2021-07-01 07:00:00,85.86,85.88,85.55,85.55,1000.0,-0.0036105287677614985,0.0002329373398555325,0.0036105287677614985,7
7478,2021-07-01 08:00:00,85.85,85.99,85.65,85.9808,8363.0,0.0015235876528830264,0.0016307513104251669,0.002329644729178668,7
7479,2021-07-01 09:00:00,85.972,86.84,85.5445,86.37,498070.0,0.00462941422788827,0.010096310426650644,0.004972549202065729,7
7480,2021-07-01 10:00:00,86.32,87.1,85.94,86.18,523965.0,-0.0016218721037996567,0.009036144578313266,0.004402224281742302,7
7481,2021-07-01 11:00:00,86.15,86.465,85.64,85.8225,236894.0,-0.003801508995937325,0.0036564132327335775,0.0059199071387116085,7
7482,2021-07-01 12:00:00,85.8,85.89,85.33,85.5101,256481.0,-0.003378787878787913,0.0010489510489510886,0.005477855477855465,7
7483,2021-07-01 13:00:00,85.5,85.84,85.445,85.6,152571.0,0.0011695906432747873,0.003976608187134543,0.0006432748538012494,7
7484,2021-07-01 14:00:00,85.59,85.94,85.35,85.77,210886.0,0.0021030494216613227,0.004089262764341562,0.0028040658955486514,7
7485,2021-07-01 15:00:00,85.79,86.24,85.79,85.88,539958.0,0.0010490733185684717,0.005245366592842856,0.0,7
7486,2021-07-01 16:00:00,85.89,86.33,83.45,85.89,17871.0,0.0,0.005122831528699473,0.02840842938642447,7
7487,2021-07-01 17:00:00,85.8899,85.89,85.8899,85.89,200.0,1.1642812484741472e-06,1.1642812484741472e-06,0.0,7
7488,2021-07-01 18:00:00,85.89,85.89,85.88,85.88,600.0,-0.00011642798928868454,0.0,0.00011642798928868454,7
7489,2021-07-01 19:00:00,85.87,85.88,85.85,85.85,1083.0,-0.00023291021311296414,0.00011645510655631658,0.00023291021311296414,7
7490,2021-07-02 07:00:00,85.8,85.8,85.8,85.8,153.0,0.0,0.0,0.0,7
7491,2021-07-02 08:00:00,86.2595,86.26,85.35,85.62,6644.0,-0.007413676174798117,5.796462998306127e-06,0.010543766193868598,7
7492,2021-07-02 09:00:00,86.0,86.6,84.97,85.13,276380.0,-0.010116279069767494,0.006976744186046446,0.011976744186046525,7
7493,2021-07-02 10:00:00,85.14,85.55,84.99,85.095,299750.0,-0.0005285412262156649,0.004815597838853613,0.0017618040873855496,7
7494,2021-07-02 11:00:00,85.11,85.54,85.07,85.392,215187.0,0.0033133591822347135,0.00505228527787577,0.00046998002584897487,7
7495,2021-07-02 12:00:00,85.39,85.855,85.37,85.77,249820.0,0.004450169809111084,0.005445602529570247,0.00023421946363738166,7
7496,2021-07-02 13:00:00,85.77,86.09,85.6543,85.67,254947.0,-0.001165908825929746,0.0037309082429754854,0.0013489565116006727,7
7497,2021-07-02 14:00:00,85.67,86.0571,85.6,85.93,258303.0,0.003034901365705674,0.0045185012256332875,0.0008170888292285209,7
7498,2021-07-02 15:00:00,85.92,86.19,85.91,86.04,514555.0,0.0013966480446927904,0.003142458100558613,0.00011638733705778765,7
7499,2021-07-02 16:00:00,86.04,86.04,85.81,85.82,29827.0,-0.0025569502556951774,0.0,0.002673175267317573,7
7500,2021-07-02 17:00:00,85.9,85.9,85.9,85.9,200.0,0.0,0.0,0.0,7
7501,2021-07-02 19:00:00,85.82,86.01,85.82,86.01,347.0,0.002213936145420787,0.002213936145420787,0.0,7
7502,2021-07-06 07:00:00,86.02,86.02,86.02,86.02,191.0,0.0,0.0,0.0,7
7503,2021-07-06 08:00:00,86.0,86.0,85.9,85.9,248.0,-0.0011627906976743525,0.0,0.0011627906976743525,7
7504,2021-07-06 09:00:00,85.85,87.82,85.28,85.39,856277.0,-0.005358182877111168,0.02294700058241117,0.006639487478159502,7
7505,2021-07-06 10:00:00,85.37,85.37,83.74,83.84,905732.0,-0.017921986646362905,0.0,0.01909335832259587,7
7506,2021-07-06 11:00:00,83.845,84.15,83.21,83.2499,559070.0,-0.007097620609457954,0.0036376647385056573,0.0075734987178723255,7
7507,2021-07-06 12:00:00,83.23,83.36,82.58,82.87,601056.0,-0.004325363450678835,0.0015619368016339715,0.007809684008170199,7
7508,2021-07-06 13:00:00,82.87,83.16,82.8,82.98,412793.0,0.001327380234101598,0.003499456980813226,0.0008446965126102014,7
7509,2021-07-06 14:00:00,82.98,83.16,82.87,82.88,347999.0,-0.0012051096649796159,0.0021691973969630344,0.0013256206314774576,7
7510,2021-07-06 15:00:00,82.8717,83.12,82.7,82.97,776875.0,0.0011861709123861912,0.0029961977369838003,0.0020718773718893337,7
7511,2021-07-06 16:00:00,82.97,83.21,82.91,82.91,84316.0,-0.0007231529468482858,0.002892611787392972,0.0007231529468482858,7
7512,2021-07-06 17:00:00,82.97,83.0,82.97,82.97,587.0,0.0,0.0003615764734241429,0.0,7
7513,2021-07-06 18:00:00,82.96,83.08,82.96,83.08,6148.0,0.001446480231436892,0.001446480231436892,0.0,7
7514,2021-07-06 19:00:00,83.05,83.1,82.96,83.1,6759.0,0.0006020469596628195,0.0006020469596628195,0.0010836845273931779,7
7515,2021-07-07 04:00:00,83.3,83.3,83.3,83.3,100.0,0.0,0.0,0.0,7
7516,2021-07-07 07:00:00,83.15,83.27,83.13,83.13,3432.0,-0.00024052916416127758,0.001443174984966811,0.00024052916416127758,7
7517,2021-07-07 08:00:00,83.7209,83.7209,82.65,82.78,22055.0,-0.011238531836136486,0.0,0.012791310174639721,7
7518,2021-07-07 09:00:00,82.72,83.43,81.51,81.56,874274.0,-0.014023210831721429,0.00858317214700203,0.014627659574468009,7
7519,2021-07-07 10:00:00,81.5,81.54,80.37,80.93,1264772.0,-0.006993865030674763,0.0004907975460123466,0.01386503067484657,7
7520,2021-07-07 11:00:00,80.92,81.62,80.7,81.23,533561.0,0.0038309441423628556,0.008650519031141904,0.0027187345526445733,7
7521,2021-07-07 12:00:00,81.23,81.58,81.04,81.21,363251.0,-0.00024621445278850463,0.0043087529237965565,0.0023390373014895694,7
7522,2021-07-07 13:00:00,81.205,81.2084,80.56,80.6,404246.0,-0.007450280155162909,4.186934302073987e-05,0.00794286066128928,7
7523,2021-07-07 14:00:00,80.6,81.1088,80.55,80.82,415026.0,0.002729528535980135,0.006312655086848734,0.0006203473945409077,7
7524,2021-07-07 15:00:00,80.8,80.8799,80.3,80.48,1072661.0,-0.003960396039603876,0.0009888613861387275,0.006188118811881188,7
7525,2021-07-07 16:00:00,80.46,80.58,80.46,80.54,35108.0,0.0009942828734776598,0.0014914243102163132,0.0,7
7526,2021-07-07 17:00:00,80.54,80.6,80.47,80.47,1289.0,-0.000869133349888346,0.0007449714427612125,0.000869133349888346,7
7527,2021-07-07 18:00:00,80.58,80.61,80.46,80.61,1582.0,0.00037230081906181603,0.00037230081906181603,0.0014892032762472641,7
7528,2021-07-07 19:00:00,80.6,80.6,80.2,80.6,1210.0,0.0,0.0,0.004962779156327438,7
7529,2021-07-08 04:00:00,80.0,80.0,78.0,78.0,4053.0,-0.025,0.0,0.025,7
7530,2021-07-08 05:00:00,77.71,78.0,77.7,77.89,1848.0,0.0023163042079527322,0.0037318234461460077,0.00012868356710836321,7
7531,2021-07-08 07:00:00,78.08,79.79,78.0,78.25,15539.0,0.0021772540983606777,0.021900614754098463,0.0010245901639344044,7
7532,2021-07-08 08:00:00,78.6,79.77,78.0,78.29,37185.0,-0.0039440203562339455,0.014885496183206129,0.0076335877862594706,7
7533,2021-07-08 09:00:00,78.07,79.28,77.115,78.67,942883.0,0.0076854105290125345,0.015498911233508493,0.012232611758678088,7
7534,2021-07-08 10:00:00,78.67,79.88,78.37,78.8136,1101778.0,0.001825346383627713,0.015380704207448756,0.003813397737383973,7
7535,2021-07-08 11:00:00,78.82,80.51,78.805,80.37,557258.0,0.019665059629535797,0.021441258563816443,0.0001903070286727526,7
7536,2021-07-08 12:00:00,80.35,80.52,79.99,80.105,283711.0,-0.003049159925326576,0.0021157436216552796,0.004480398257622893,7
7537,2021-07-08 13:00:00,80.105,80.15,79.39,79.4,212686.0,-0.008800948754759357,0.0005617626864740242,0.008925784907309199,7
7538,2021-07-08 14:00:00,79.41,79.42,78.68,78.86,369308.0,-0.0069260798388111975,0.00012592872434208686,0.009192796876967509,7
7539,2021-07-08 15:00:00,78.87,79.51,78.68,79.46,772511.0,0.007480664384429937,0.008114618993280087,0.002409027513629995,7
7540,2021-07-08 16:00:00,79.5,79.5,79.45,79.47,22516.0,-0.00037735849056605203,0.0,0.0006289308176100272,7
7541,2021-07-08 17:00:00,79.47,79.6,79.47,79.6,1452.0,0.0016358374229268335,0.0016358374229268335,0.0,7
7542,2021-07-08 18:00:00,79.45,79.6,79.45,79.6,1132.0,0.0018879798615480362,0.0018879798615480362,0.0,7
7543,2021-07-08 19:00:00,79.56,79.9,79.55,79.9,2094.0,0.0042735042735043164,0.0042735042735043164,0.0001256913021619547,7
7544,2021-07-09 07:00:00,80.64,81.0,80.49,80.99,2497.0,0.004340277777777707,0.004464285714285707,0.001860119047619118,7
7545,2021-07-09 08:00:00,80.7385,81.49,80.7385,80.8,8169.0,0.0007617183871386665,0.009307827120890195,0.0,7
7546,2021-07-09 09:00:00,80.7999,81.45,79.79,81.17,417165.0,0.004580451213429817,0.008045802036883822,0.012498777845021933,7
7547,2021-07-09 10:00:00,81.25,81.8255,80.9866,81.095,329080.0,-0.0019076923076923216,0.007083076923076987,0.0032418461538462067,7
7548,2021-07-09 11:00:00,81.12,82.08,81.04,81.86,387688.0,0.00912228796844175,0.01183431952662714,0.0009861932938855806,7
7549,2021-07-09 12:00:00,81.9,82.18,81.724,81.76,284362.0,-0.0017094017094017161,0.0034188034188034322,0.0021489621489621724,7
7550,2021-07-09 13:00:00,81.76,82.08,81.76,82.01,247318.0,0.003057729941291585,0.0039138943248531455,0.0,7
7551,2021-07-09 14:00:00,82.0016,82.49,81.97,82.18,288804.0,0.0021755673060039143,0.0059559813467054135,0.0003853583344714909,7
7552,2021-07-09 15:00:00,82.21,82.54,82.1,82.33,687876.0,0.0014596764383895458,0.0040141102055712505,0.0013380367351903592,7
7553,2021-07-09 16:00:00,82.33,82.33,82.33,82.33,31099.0,0.0,0.0,0.0,7
7554,2021-07-09 17:00:00,82.11,82.32,82.11,82.32,250.0,0.002557544757033172,0.002557544757033172,0.0,7
7555,2021-07-09 18:00:00,82.0,82.0,82.0,82.0,100.0,0.0,0.0,0.0,7
7556,2021-07-09 19:00:00,82.24,82.24,82.24,82.24,450.0,0.0,0.0,0.0,7
7557,2021-07-12 06:00:00,81.0,81.0,80.88,80.88,723.0,-0.0014814814814815376,0.0,0.0014814814814815376,7
7558,2021-07-12 07:00:00,81.43,81.6,81.06,81.15,3531.0,-0.0034385361660321887,0.0020876826722336667,0.00454377993368543,7
7559,2021-07-12 08:00:00,81.5,81.5,81.25,81.3,2676.0,-0.0024539877300613845,0.0,0.003067484662576687,7
7560,2021-07-12 09:00:00,81.44,81.7099,80.02,81.58,404720.0,0.001719056974459732,0.003314096267190655,0.017436149312377233,7
7561,2021-07-12 10:00:00,81.59,81.99,80.86,81.37,354834.0,-0.002696408873636461,0.00490256158842985,0.008947174898884715,7
7562,2021-07-12 11:00:00,81.36,81.55,81.08,81.39,280243.0,0.0003687315634218429,0.002335299901671555,0.003441494591937084,7
7563,2021-07-12 12:00:00,81.39,81.6199,81.225,81.28,306760.0,-0.0013515173854281783,0.002824671335544915,0.0020272760781423547,7
7564,2021-07-12 13:00:00,81.24,81.76,81.23,81.46,279164.0,0.0027080256031511434,0.0064007877892664974,0.0001230920728703952,7
7565,2021-07-12 14:00:00,81.45,81.875,81.45,81.75,143774.0,0.003683241252301991,0.005217925107427835,0.0,7
7566,2021-07-12 15:00:00,81.8,81.81,81.32,81.555,447108.0,-0.0029951100244497595,0.00012224938875311878,0.005867970660146748,7
7567,2021-07-12 16:00:00,81.54,81.54,81.5,81.5,20542.0,-0.000490556781947587,0.0,0.000490556781947587,7
7568,2021-07-12 17:00:00,81.5,81.5,81.5,81.5,263.0,0.0,0.0,0.0,7
7569,2021-07-13 07:00:00,81.04,81.04,81.03,81.03,230.0,-0.0001233958538993721,0.0,0.0001233958538993721,7
7570,2021-07-13 08:00:00,81.0401,81.6,80.36,80.75,3922.0,-0.0035797093044060333,0.006908925334494886,0.008392141668137083,7
7571,2021-07-13 09:00:00,80.5,80.7,79.54,79.65,362436.0,-0.010559006211180054,0.002484472049689476,0.01192546583850924,7
7572,2021-07-13 10:00:00,79.655,80.2,79.19,80.145,479752.0,0.006151528466511768,0.006842006151528488,0.005837674973322496,7
7573,2021-07-13 11:00:00,80.18,80.2,79.53,79.8,248243.0,-0.004739336492891115,0.00024943876278368696,0.00810675979047151,7
7574,2021-07-13 12:00:00,79.8,79.95,79.27,79.31,281380.0,-0.006140350877192918,0.001879699248120372,0.006641604010025077,7
7575,2021-07-13 13:00:00,79.32,79.54,79.175,79.53,216702.0,0.0026475037821483607,0.002773575390822152,0.0018280383257689868,7
7576,2021-07-13 14:00:00,79.5,79.725,79.01,79.06,238054.0,-0.005534591194968525,0.0028301886792452117,0.006163522012578552,7
7577,2021-07-13 15:00:00,79.06,79.17,78.43,78.52,879392.0,-0.006830255502150344,0.0013913483430306023,0.007968631419175252,7
7578,2021-07-13 16:00:00,78.51,78.7,78.51,78.69,26008.0,0.0022927015666793097,0.0024200738759393415,0.0,7
7579,2021-07-13 17:00:00,78.6,78.85,78.6,78.85,2736.0,0.0031806615776081427,0.0031806615776081427,0.0,7
7580,2021-07-13 18:00:00,78.7,78.8,78.57,78.8,5143.0,0.0012706480304954804,0.0012706480304954804,0.0016518424396443413,7
7581,2021-07-13 19:00:00,78.76,78.76,78.55,78.55,2716.0,-0.0026663280853225996,0.0,0.0026663280853225996,7
7582,2021-07-14 06:00:00,78.55,78.55,78.51,78.51,705.0,-0.0005092297899426104,0.0,0.0005092297899426104,7
7583,2021-07-14 07:00:00,79.1,79.54,78.8,79.54,9480.0,0.005562579013906599,0.005562579013906599,0.003792667509481633,7
7584,2021-07-14 08:00:00,79.4599,79.55,79.01,79.4,14706.0,-0.0007538393579654511,0.0011339052780080584,0.005661975411496862,7
7585,2021-07-14 09:00:00,79.1632,79.9,78.75,78.75,344981.0,-0.005219596984457467,0.009307354932594972,0.005219596984457467,7
7586,2021-07-14 10:00:00,78.79,78.8433,77.52,77.86,589859.0,-0.011803528366544063,0.0006764817870287221,0.016118796801624702,7
7587,2021-07-14 11:00:00,77.84,77.89,76.94,77.175,491576.0,-0.00854316546762598,0.0006423432682425123,0.011562178828365952,7
7588,2021-07-14 12:00:00,77.16,77.8,77.16,77.41,421604.0,0.0032400207361327114,0.008294453084499748,0.0,7
7589,2021-07-14 13:00:00,77.4,77.52,76.98,77.05,396746.0,-0.0045219638242895155,0.0015503875968990999,0.005426356589147308,7
7590,2021-07-14 14:00:00,77.0303,77.19,76.41,76.44,569557.0,-0.007663218240095121,0.0020732101523686245,0.008052675375793685,7
7591,2021-07-14 15:00:00,76.44,76.5599,75.97,76.21,1007934.0,-0.003008895866038775,0.0015685504971219419,0.00614861329147042,7
7592,2021-07-14 16:00:00,76.25,76.3,76.11,76.2,62075.0,-0.0006557377049179955,0.0006557377049179955,0.0018360655737704992,7
7593,2021-07-14 17:00:00,76.2,76.2,76.12,76.12,252.0,-0.0010498687664041771,0.0,0.0010498687664041771,7
7594,2021-07-14 18:00:00,76.3,76.3,76.02,76.18,1645.0,-0.00157273918741796,0.0,0.003669724770642217,7
7595,2021-07-14 19:00:00,76.19,76.25,76.0,76.0,4283.0,-0.002493765586034883,0.0007875049219057918,0.002493765586034883,7
7596,2021-07-15 06:00:00,76.19,76.19,75.82,75.83,895.0,-0.004725029531434564,0.0,0.0048562803517522585,7
7597,2021-07-15 07:00:00,75.98,76.0,75.39,75.6,5157.0,-0.0050013161358253445,0.0002632271650433801,0.007765201368781303,7
7598,2021-07-15 08:00:00,75.56,76.15,75.19,75.45,7050.0,-0.0014557967178401195,0.007808364213869818,0.004896770778189579,7
7599,2021-07-15 09:00:00,75.44,75.62,73.95,74.54,1082879.0,-0.011930010604453757,0.0023860021208908645,0.01975079533404023,7
7600,2021-07-15 10:00:00,74.5203,75.39,74.45,75.33,928747.0,0.010865495710564669,0.011670645448287172,0.0009433671093648728,7
7601,2021-07-15 11:00:00,75.3201,75.41,74.23,74.37,611842.0,-0.012614162753368517,0.001193572499239912,0.014472896345065827,7
7602,2021-07-15 12:00:00,74.38,75.1,73.47,73.52,544827.0,-0.011562247916106473,0.009680021511158899,0.012234471632159138,7
7603,2021-07-15 13:00:00,73.5,73.5365,72.38,72.58,965441.0,-0.012517006802721112,0.0004965986394558333,0.0152380952380953,7
7604,2021-07-15 14:00:00,72.57,74.07,72.51,73.79,880486.0,0.01681135455422369,0.020669698222405955,0.0008267879288960737,7
7605,2021-07-15 15:00:00,73.77,74.41,73.75,74.21,1238737.0,0.005964484207672465,0.008675613392978183,0.0002711129185305141,7
7606,2021-07-15 16:00:00,74.51,74.51,73.98,74.15,25843.0,-0.004831566232720432,0.0,0.007113139175949552,7
7607,2021-07-15 17:00:00,74.21,74.28,74.0,74.04,5255.0,-0.0022907963886267015,0.000943269101199399,0.0028298073035978137,7
7608,2021-07-15 18:00:00,74.15,74.15,73.85,73.99,2300.0,-0.0021577882670264434,0.0,0.004045853000674462,7
7609,2021-07-15 19:00:00,73.95,74.1,73.95,74.1,1873.0,0.0020283975659228055,0.0020283975659228055,0.0,7
7610,2021-07-16 05:00:00,75.17,75.19,75.17,75.19,400.0,0.0002660635891977653,0.0002660635891977653,0.0,7
7611,2021-07-16 06:00:00,75.16,75.18,74.99,75.18,4077.0,0.00026609898882397863,0.00026609898882397863,0.002261841405002684,7
7612,2021-07-16 07:00:00,75.0,75.13,74.99,75.05,5088.0,0.0006666666666666288,0.0017333333333332728,0.00013333333333340154,7
7613,2021-07-16 08:00:00,75.0,75.82,74.8,75.51,28068.0,0.006800000000000068,0.010933333333333243,0.0026666666666667047,7
7614,2021-07-16 09:00:00,75.5,76.48,74.91,75.24,763416.0,-0.003443708609271591,0.012980132450331179,0.007814569536423887,7
7615,2021-07-16 10:00:00,75.29,75.38,73.9,74.45,447067.0,-0.011156860140788994,0.0011953778722272438,0.0184619471377341,7
7616,2021-07-16 11:00:00,74.42,74.66,74.01,74.27,331798.0,-0.0020155872077399313,0.0032249395323836988,0.005509271701155558,7
7617,2021-07-16 12:00:00,74.28,74.41,73.69,73.825,545340.0,-0.006125471190091523,0.0017501346257403803,0.007942918686052819,7
7618,2021-07-16 13:00:00,73.84,73.89,72.5706,72.81,601644.0,-0.013949079089924175,0.0006771397616467654,0.017191224268689118,7
7619,2021-07-16 14:00:00,72.79,73.0,72.44,72.73,808157.0,-0.0008242890506938077,0.002885011677428132,0.0048083527957138135,7
7620,2021-07-16 15:00:00,72.73,73.0058,72.015,72.39,1283381.0,-0.004674824694074019,0.0037921077959575085,0.009830881341949723,7
7621,2021-07-16 16:00:00,72.49,72.83,72.02,72.6,42355.0,0.0015174506828527995,0.004690302110635997,0.006483652917643798,7
7622,2021-07-16 17:00:00,72.42,72.58,72.42,72.44,4481.0,0.0002761668047500141,0.002209334438000505,0.0,7
7623,2021-07-16 18:00:00,72.36,72.55,72.36,72.55,760.0,0.002625760088446624,0.002625760088446624,0.0,7
7624,2021-07-16 19:00:00,72.54,72.54,72.4,72.5,3845.0,-0.0005514199062587021,0.0,0.0019299696719051634,7
7625,2021-07-19 04:00:00,70.31,71.0,70.09,70.09,8234.0,-0.003129000142227263,0.009813682264258251,0.003129000142227263,7
7626,2021-07-19 05:00:00,70.34,70.34,70.34,70.34,339.0,0.0,0.0,0.0,7
7627,2021-07-19 06:00:00,70.36,70.36,70.14,70.14,1946.0,-0.0031267765776008933,0.0,0.0031267765776008933,7
7628,2021-07-19 07:00:00,70.29,70.35,68.98,69.29,35400.0,-0.014226774790155071,0.0008536064874091345,0.018637074975103175,7
7629,2021-07-19 08:00:00,70.1217,70.29,68.8,69.12,85640.0,-0.014285164221631813,0.0024001129464916297,0.018848658831716956,7
7630,2021-07-19 09:00:00,69.2,70.22,67.5,67.635,1764054.0,-0.022615606936416153,0.014739884393063526,0.024566473988439346,7
7631,2021-07-19 10:00:00,67.56,69.89,66.9,68.765,3168409.0,0.01783599763173473,0.03448786264061572,0.009769094138543466,7
7632,2021-07-19 11:00:00,68.765,70.83,68.61,70.6059,1423062.0,0.02677088635206871,0.03002981167745216,0.0022540536610194304,7
7633,2021-07-19 12:00:00,70.58,70.8,69.23,69.52,752505.0,-0.015018418815528511,0.0031170303202040076,0.019127231510342794,7
7634,2021-07-19 13:00:00,69.5,70.11,68.82,68.84,717178.0,-0.009496402877697792,0.00877697841726618,0.009784172661870602,7
7635,2021-07-19 14:00:00,68.84,69.51,68.65,69.145,635776.0,0.004430563625798846,0.00973271353864035,0.002760023242300955,7
7636,2021-07-19 15:00:00,69.16,69.51,68.925,69.49,1409117.0,0.004771544245228431,0.0050607287449393945,0.0033979178716020742,7
7637,2021-07-19 16:00:00,69.51,69.84,69.4,69.84,147469.0,0.004747518342684481,0.004747518342684481,0.0015825061142281604,7
7638,2021-07-19 17:00:00,69.99,70.2,69.82,70.14,5161.0,0.0021431633090442303,0.0030004286326619227,0.002428918416916727,7
7639,2021-07-19 18:00:00,70.0,70.4,70.0,70.2,11647.0,0.002857142857142898,0.005714285714285796,0.0,7
7640,2021-07-19 19:00:00,70.4899,70.5,70.25,70.5,2220.0,0.00014328293840669691,0.00014328293840669691,0.0034033244478997096,7
7641,2021-07-20 04:00:00,71.4,71.99,71.4,71.99,389.0,0.008263305322128699,0.008263305322128699,0.0,7
7642,2021-07-20 07:00:00,70.97,71.52,70.4,70.8,13877.0,-0.002395378328871378,0.007749753416936694,0.008031562632097974,7
7643,2021-07-20 08:00:00,70.94,71.5,70.15,70.5,34224.0,-0.006202424584155593,0.007893994925289008,0.011136171412461123,7
7644,2021-07-20 09:00:00,70.46,70.68,69.35,70.55,698403.0,0.001277320465512396,0.0031223389156970352,0.015753619074652277,7
7645,2021-07-20 10:00:00,70.5793,72.105,70.26,72.08,1270860.0,0.021262608158482653,0.021616819662422276,0.004523989328315786,7
7646,2021-07-20 11:00:00,72.09,72.91,71.985,72.74,1046316.0,0.009016507143847849,0.011374670550700417,0.0014565126924678037,7
7647,2021-07-20 12:00:00,72.76,74.0,72.44,73.74,1079746.0,0.013468938977460002,0.017042330951071945,0.004398020890599332,7
7648,2021-07-20 13:00:00,73.74,73.95,73.18,73.62,632164.0,-0.0016273393002439699,0.0028478437754272845,0.0075942500678056425,7
7649,2021-07-20 14:00:00,73.63,75.2,73.5,74.96,786431.0,0.018063289420073316,0.0213228303680566,0.0017655846801574828,7
7650,2021-07-20 15:00:00,74.97,75.31,74.57,74.89,1712420.0,-0.0010670935040682714,0.004535147392290295,0.005335467520341546,7
7651,2021-07-20 16:00:00,74.89,74.91,74.63,74.8,55070.0,-0.0012017625851248952,0.00026705835224991346,0.0034717585792496345,7
7652,2021-07-20 17:00:00,74.7,74.91,74.69,74.7,2873.0,0.0,0.0028112449799195948,0.00013386880856767222,7
7653,2021-07-20 18:00:00,74.74,74.87,74.67,74.87,8685.0,0.0017393631255018687,0.0017393631255018687,0.0009365801445008453,7
7654,2021-07-20 19:00:00,74.88,75.31,74.88,75.29,15631.0,0.005475427350427495,0.005742521367521459,0.0,7
7655,2021-07-21 04:00:00,76.01,76.72,76.01,76.72,2085.0,0.00934087620049985,0.00934087620049985,0.0,7
7656,2021-07-21 05:00:00,76.6,76.8,76.6,76.75,1075.0,0.0019582245430810143,0.0026109660574412906,0.0,7
7657,2021-07-21 06:00:00,76.57,76.59,76.5,76.5,2998.0,-0.0009141961603760375,0.0002611989029647412,0.0009141961603760375,7
7658,2021-07-21 07:00:00,76.17,76.35,75.47,75.56,21108.0,-0.008008402258106858,0.0023631350925560272,0.009189969804384966,7
7659,2021-07-21 08:00:00,76.352,76.36,75.03,76.19,25626.0,-0.0021217518860017566,0.00010477787091360496,0.01731454316848285,7
7660,2021-07-21 09:00:00,76.18,77.86,75.3,77.55,1047279.0,0.01798372276187963,0.022053032291940042,0.011551588343397343,7
7661,2021-07-21 10:00:00,77.5,78.6,76.42,76.4861,1453411.0,-0.013082580645161377,0.0141935483870967,0.01393548387096772,7
7662,2021-07-21 11:00:00,76.52,77.74,76.48,77.66,819789.0,0.014898065865133307,0.015943544171458428,0.0005227391531624679,7
7663,2021-07-21 12:00:00,77.63,78.27,77.37,78.24,496728.0,0.00785778693803941,0.00824423547597579,0.0033492206621150446,7
7664,2021-07-21 13:00:00,78.29,78.54,78.07,78.32,498078.0,0.00038319070123881625,0.0031932558436581935,0.0028100651424193776,7
7665,2021-07-21 14:00:00,78.33,78.715,78.13,78.6501,508879.0,0.004086556874760583,0.004915102770330718,0.002553300140431544,7
7666,2021-07-21 15:00:00,78.7,79.16,78.64,78.9,2170052.0,0.0025412960609911416,0.005844980940279463,0.0007623888182973606,7
7667,2021-07-21 16:00:00,78.9,78.9,78.65,78.8,62753.0,-0.0012674271229405388,0.0,0.0031685678073510772,7
7668,2021-07-21 17:00:00,78.83,78.94,78.83,78.94,4378.0,0.0013954078396549465,0.0013954078396549465,0.0,7
7669,2021-07-21 18:00:00,78.9,78.9,78.8,78.86,2401.0,-0.0005069708491762516,0.0,0.0012674271229405388,7
7670,2021-07-21 19:00:00,78.92,79.38,78.9,79.0,6898.0,0.0010136847440445804,0.005828687278256383,0.0002534211860111001,7
7671,2021-07-22 04:00:00,79.75,79.77,79.75,79.77,610.0,0.00025078369905951126,0.00025078369905951126,0.0,7
7672,2021-07-22 05:00:00,79.7,79.7,79.7,79.7,244.0,0.0,0.0,0.0,7
7673,2021-07-22 07:00:00,79.3,79.3,78.9,79.0,2974.0,-0.003783102143757846,0.0,0.005044136191677068,7
7674,2021-07-22 08:00:00,79.55,79.55,77.59,77.71,27935.0,-0.023130106851037127,0.0,0.02463859208045247,7
7675,2021-07-22 09:00:00,77.81,78.19,76.34,77.26,896408.0,-0.007068500192777241,0.004883691042282424,0.0188921732425138,7
7676,2021-07-22 10:00:00,77.26,78.355,76.91,77.226,809878.0,-0.0004400724825266117,0.014172922599016292,0.0045301579083614875,7
7677,2021-07-22 11:00:00,77.2107,77.35,76.3,76.99,767593.0,-0.0028584121112748347,0.0018041540874515001,0.011794997325500295,7
7678,2021-07-22 12:00:00,77.01,77.55,76.77,77.3927,503160.0,0.004969484482534733,0.007012076353720192,0.0031164783794313607,7
7679,2021-07-22 13:00:00,77.39,77.699,77.29,77.5038,350462.0,0.0014704742214756128,0.003992763922987434,0.0012921566093809834,7
7680,2021-07-22 14:00:00,77.52,77.96,77.4306,77.86,365337.0,0.004385964912280746,0.005675954592363232,0.0011532507739937786,7
7681,2021-07-22 15:00:00,77.88,77.99,77.48,77.76,904515.0,-0.0015408320493065016,0.0014124293785310663,0.005136106831021976,7
7682,2021-07-22 16:00:00,77.92,77.94,77.76,77.94,39196.0,0.00025667351129358344,0.00025667351129358344,0.0020533880903490323,7
7683,2021-07-22 17:00:00,77.77,77.94,77.77,77.94,810.0,0.002185932879002208,0.002185932879002208,0.0,7
7684,2021-07-22 18:00:00,77.8,77.94,77.8,77.94,975.0,0.0017994858611825267,0.0017994858611825267,0.0,7
7685,2021-07-22 19:00:00,77.75,77.93,77.75,77.93,295.0,0.002315112540193014,0.002315112540193014,0.0,7
7686,2021-07-23 04:00:00,75.75,76.07,75.73,76.04,1973.0,0.003828382838283911,0.004224422442244135,0.0002640264026402115,7
7687,2021-07-23 05:00:00,77.69,77.69,77.69,77.69,257.0,0.0,0.0,0.0,7
7688,2021-07-23 07:00:00,77.34,78.19,77.34,78.19,4902.0,0.010990431859322398,0.010990431859322398,0.0,7
7689,2021-07-23 08:00:00,77.79,78.4454,77.79,78.09,2889.0,0.003856536829926689,0.008425247461113256,0.0,7
7690,2021-07-23 09:00:00,78.02,78.86,77.7,77.915,497655.0,-0.001345808766982694,0.010766470135862644,0.004101512432709474,7
7691,2021-07-23 10:00:00,77.95,78.1666,76.96,77.9093,819859.0,-0.0005221295702373453,0.0027787042976266797,0.012700449005773048,7
7692,2021-07-23 11:00:00,77.95,77.96,77.3,77.49,579408.0,-0.005901218729955201,0.0001282873636945594,0.008338678640154017,7
7693,2021-07-23 12:00:00,77.46,77.85,77.35,77.6166,560018.0,0.002021688613478074,0.005034856700232386,0.0014200877872450224,7
7694,2021-07-23 13:00:00,77.6,77.83,77.375,77.8,231876.0,0.002577319587628903,0.0029639175257732474,0.002899484536082401,7
7695,2021-07-23 14:00:00,77.81,78.02,77.7,77.87,351831.0,0.0007711091119393687,0.0026988818917876075,0.0014137000385554483,7
7696,2021-07-23 15:00:00,77.89,78.02,77.5,77.72,1394775.0,-0.0021825651559892376,0.0016690204134034595,0.005007061240210561,7
7697,2021-07-23 16:00:00,77.72,77.72,77.72,77.72,17284.0,0.0,0.0,0.0,7
7698,2021-07-23 17:00:00,77.71,77.72,77.7,77.7,572.0,-0.00012868356710836321,0.0001286835671085461,0.00012868356710836321,7
7699,2021-07-23 18:00:00,77.7,77.72,77.7,77.72,1235.0,0.0002574002574002062,0.0002574002574002062,0.0,7
7700,2021-07-23 19:00:00,77.5,77.69,77.46,77.46,1497.0,-0.0005161290322581452,0.0024516129032257773,0.0005161290322581452,7
7701,2021-07-26 05:00:00,75.8,77.0,75.8,77.0,834.0,0.01583113456464384,0.01583113456464384,0.0,7
7702,2021-07-26 06:00:00,77.01,77.01,77.01,77.01,150.0,0.0,0.0,0.0,7
7703,2021-07-26 07:00:00,77.03,77.14,77.03,77.09,1863.0,0.0007789173049461544,0.0014280150590678883,0.0,7
7704,2021-07-26 08:00:00,77.2707,77.2707,77.0,77.0065,10612.0,-0.0034191485258966516,0.0,0.0035032683798646193,7
7705,2021-07-26 09:00:00,77.01,79.01,77.0,78.76,447425.0,0.022724321516686144,0.02597065316192702,0.00012985326580970154,7
7706,2021-07-26 10:00:00,78.69,79.98,78.64,79.245,819883.0,0.0070529927563859045,0.0163934426229509,0.0006354047528275151,7
7707,2021-07-26 11:00:00,79.23,79.858,79.2075,79.72,382429.0,0.006184526063359773,0.00792629054651016,0.0002839833396441746,7
7708,2021-07-26 12:00:00,79.71,79.88,79.02,79.715,535766.0,6.27273867771881e-05,0.0021327311504202953,0.0086563793752352,7
7709,2021-07-26 13:00:00,79.765,79.93,79.35,79.54,518081.0,-0.0028207860590483834,0.0020685764433022785,0.005202783175578339,7
7710,2021-07-26 14:00:00,79.54,80.01,79.45,79.98,515820.0,0.005531807895398513,0.005908976615539336,0.0011315061604224718,7
7711,2021-07-26 15:00:00,80.0,80.89,79.98,80.88,1136890.0,0.010999999999999944,0.011125000000000006,0.00024999999999995024,7
7712,2021-07-26 16:00:00,80.88,80.93,80.7,80.8,36590.0,-0.0009891196834816802,0.0006181998021762039,0.0022255192878337365,7
7713,2021-07-26 17:00:00,80.87,80.9,80.87,80.88,4070.0,0.0001236552491652146,0.00037096574749599523,0.0,7
7714,2021-07-26 18:00:00,80.93,80.99,80.93,80.97,2530.0,0.0004942542938340793,0.0007413814407511189,0.0,7
7715,2021-07-26 19:00:00,80.91,81.0,80.9,80.9,2357.0,-0.0001235941169199222,0.0011123470522803537,0.0001235941169199222,7
7716,2021-07-27 04:00:00,80.9,80.9,79.21,79.21,918.0,-0.020889987639060716,0.0,0.020889987639060716,7
7717,2021-07-27 07:00:00,80.69,80.69,80.38,80.48,2049.0,-0.002602552980542741,0.0,0.0038418639236584744,7
7718,2021-07-27 08:00:00,80.01,80.65,80.01,80.35,5842.0,0.004249468816397815,0.007999000124984383,0.0,7
7719,2021-07-27 09:00:00,80.5,80.92,79.4,79.74,503162.0,-0.00944099378881994,0.005217391304347847,0.013664596273291855,7
7720,2021-07-27 10:00:00,79.695,79.94,79.03,79.6,772037.0,-0.0011920446703055257,0.0030742204655248707,0.00834431269213868,7
7721,2021-07-27 11:00:00,79.61,80.11,78.99,79.775,520921.0,0.0020726039442281905,0.006280618012812461,0.007787966335887508,7
7722,2021-07-27 12:00:00,79.69,80.0,79.32,79.99,283663.0,0.003764587777638313,0.003890074036892989,0.004642991592420687,7
7723,2021-07-27 13:00:00,79.965,80.36,79.84,79.87,266690.0,-0.0011880197586443928,0.004939661101731958,0.001563183892953167,7
7724,2021-07-27 14:00:00,79.85,80.535,79.708,80.48,353681.0,0.007889793362554912,0.00857858484658738,0.0017783343769567429,7
7725,2021-07-27 15:00:00,80.49,80.69,80.2,80.57,868579.0,0.00099391228724063,0.002484780718101663,0.0036029320412472613,7
7726,2021-07-27 16:00:00,80.52,80.72,80.0,80.18,58332.0,-0.004222553402881138,0.002483854942871372,0.006458022851465425,7
7727,2021-07-27 17:00:00,80.18,80.18,80.01,80.01,310.0,-0.002120229483661782,0.0,0.002120229483661782,7
7728,2021-07-27 18:00:00,80.03,80.15,80.03,80.15,720.0,0.0014994377108584849,0.0014994377108584849,0.0,7
7729,2021-07-27 19:00:00,80.15,80.39,80.15,80.15,2418.0,0.0,0.002994385527136555,0.0,7
7730,2021-07-28 04:00:00,81.65,81.75,81.65,81.74,1427.0,0.0011022657685240563,0.0012247397428045844,0.0,7
7731,2021-07-28 05:00:00,81.7,81.7,81.58,81.58,890.0,-0.0014687882496940581,0.0,0.0014687882496940581,7
7732,2021-07-28 06:00:00,81.18,81.18,81.1,81.1,1049.0,-0.0009854644000987004,0.0,0.0009854644000987004,7
7733,2021-07-28 07:00:00,81.22,81.22,80.72,81.17,2846.0,-0.0006156119182467023,0.0,0.006156119182467373,7
7734,2021-07-28 08:00:00,81.11,81.35,80.9999,81.35,22817.0,0.0029589446430772393,0.0029589446430772393,0.0013574158550117464,7
7735,2021-07-28 09:00:00,81.34,81.88,79.35,79.588,390382.0,-0.02153921809687742,0.006638800098352496,0.02446520776985504,7
7736,2021-07-28 10:00:00,79.55,79.6,78.07,78.84,717162.0,-0.008925204274041405,0.0006285355122564068,0.01860465116279075,7
7737,2021-07-28 11:00:00,78.87,79.96,78.68,79.83,435962.0,0.012171928489920042,0.01382021047293,0.002409027513629995,7
7738,2021-07-28 12:00:00,79.77,79.8429,79.4567,79.62,189610.0,-0.0018804061677321234,0.0009138773975179164,0.003927541682336695,7
7739,2021-07-28 13:00:00,79.665,80.38,79.665,80.0,176237.0,0.004205108893491417,0.008975083160735444,0.0,7
7740,2021-07-28 14:00:00,79.99,80.86,79.88,80.74,194880.0,0.009376172021502689,0.010876359544943176,0.0013751718964870538,7
7741,2021-07-28 15:00:00,80.76,81.0,80.05,80.09,570784.0,-0.008296186230807351,0.0029717682020801743,0.008791480931154134,7
7742,2021-07-28 16:00:00,80.0,80.09,80.0,80.09,42242.0,0.0011250000000000426,0.0011250000000000426,0.0,7
7743,2021-07-28 17:00:00,80.0,80.0,80.0,80.0,1336.0,0.0,0.0,0.0,7
7744,2021-07-28 18:00:00,79.51,79.99,79.51,79.99,3275.0,0.006036976480945664,0.006036976480945664,0.0,7
7745,2021-07-28 19:00:00,79.8,79.95,79.8,79.95,1300.0,0.001879699248120372,0.001879699248120372,0.0,7
7746,2021-07-29 04:00:00,80.77,80.77,80.77,80.77,100.0,0.0,0.0,0.0,7
7747,2021-07-29 06:00:00,80.69,80.7,80.68,80.69,851.0,0.0,0.00012393109431162617,0.00012393109431145006,7
7748,2021-07-29 07:00:00,80.59,80.66,80.45,80.45,2695.0,-0.0017371882367539467,0.0008685941183768852,0.0017371882367539467,7
7749,2021-07-29 08:00:00,80.31,80.6891,80.31,80.47,3541.0,0.001992279915328061,0.00472045822438045,0.0,7
7750,2021-07-29 09:00:00,80.42,81.41,80.15,81.02,439553.0,0.0074608306391444204,0.012310370554588347,0.0033573737876149714,7
7751,2021-07-29 10:00:00,80.99,81.2,80.4499,81.04,419952.0,0.0006173601679221061,0.002592912705272354,0.006668724533893017,7
7752,2021-07-29 11:00:00,81.07,81.86,81.07,81.835,637366.0,0.009436289626248928,0.00974466510423099,0.0,7
7753,2021-07-29 12:00:00,81.85,82.12,81.47,81.7058,293817.0,-0.0017617593158215992,0.003298717165546857,0.004642638973732382,7
7754,2021-07-29 13:00:00,81.685,81.96,81.38,81.48,231646.0,-0.0025096406929056535,0.0033665911734099465,0.003733855665054867,7
7755,2021-07-29 14:00:00,81.49,81.51,80.4,80.73,395545.0,-0.009326297705239796,0.00024542888698012315,0.013375874340409735,7
7756,2021-07-29 15:00:00,80.71,80.71,79.93,80.04,571611.0,-0.008301325734109622,0.0,0.009664229959112713,7
7757,2021-07-29 16:00:00,80.02,80.02,79.75,79.75,19720.0,-0.0033741564608847294,0.0,0.0033741564608847294,7
7758,2021-07-29 17:00:00,79.83,79.83,79.75,79.75,1276.0,-0.001002129525241116,0.0,0.001002129525241116,7
7759,2021-07-29 18:00:00,79.75,79.75,79.75,79.75,289.0,0.0,0.0,0.0,7
7760,2021-07-29 19:00:00,79.7,79.98,79.7,79.98,1168.0,0.0035131744040150705,0.0035131744040150705,0.0,7
7761,2021-07-30 07:00:00,79.0,79.14,79.0,79.0,4545.0,0.0,0.0017721518987341843,0.0,7
7762,2021-07-30 08:00:00,79.1217,79.93,79.0,79.05,9783.0,-0.000906198931519507,0.010215907898844473,0.0015381368196083266,7
7763,2021-07-30 09:00:00,79.38,79.39,78.171,78.45,525094.0,-0.011715797430083053,0.0001259763164525714,0.01523053665910795,7
7764,2021-07-30 10:00:00,78.48,79.47,77.35,77.61,577265.0,-0.011085626911315042,0.012614678899082504,0.01439857288481154,7
7765,2021-07-30 11:00:00,77.65,78.06,76.61,77.21,831098.0,-0.0056664520283324134,0.005280103026400471,0.01339343206696724,7
7766,2021-07-30 12:00:00,77.21,77.49,76.61,76.855,733218.0,-0.004597850019427403,0.0036264732547597613,0.00777101411734224,7
7767,2021-07-30 13:00:00,76.86,77.35,76.71,77.05,643746.0,0.002472027062190967,0.00637522768670303,0.001951600312256124,7
7768,2021-07-30 14:00:00,77.03,77.19,76.6,76.85,625070.0,-0.002336751914838463,0.002077112813189622,0.0055822406854473166,7
7769,2021-07-30 15:00:00,76.82,77.09,76.405,76.91,1451529.0,0.0011715699036709635,0.0035147097110128905,0.0054022390002602455,7
7770,2021-07-30 16:00:00,76.84,77.25,76.69,76.94,224286.0,0.0013014055179593222,0.00533576262363348,0.0019521082769391681,7
7771,2021-07-30 17:00:00,76.9284,77.05,76.9284,76.99,15965.0,0.0008007445884744587,0.001580690616209369,0.0,7
7772,2021-07-30 18:00:00,76.93,77.0,76.72,76.93,4352.0,0.0,0.0009099181073702479,0.0027297543221111134,7
7773,2021-07-30 19:00:00,77.0,77.05,76.85,77.0,1579.0,0.0,0.0006493506493506125,0.0019480519480520218,7
7774,2021-08-02 07:00:00,77.9,77.9,77.45,77.45,5922.0,-0.005776636713735595,0.0,0.005776636713735595,8
7775,2021-08-02 08:00:00,77.8599,77.99,77.1,77.1,9549.0,-0.009759837862622503,0.0016709500012201245,0.009759837862622503,8
7776,2021-08-02 09:00:00,77.35,79.33,76.16,79.01,818669.0,0.021460892049127486,0.025597931480284476,0.015384615384615356,8
7777,2021-08-02 10:00:00,78.98,79.33,76.76,76.78,789895.0,-0.027855153203342652,0.004431501645986253,0.028108381868827536,8
7778,2021-08-02 11:00:00,76.82,77.31,76.3,76.3,646876.0,-0.006769070554543037,0.006378547253319567,0.006769070554543037,8
7779,2021-08-02 12:00:00,76.32,76.94,76.23,76.6,730381.0,0.0036687631027253823,0.008123689727463372,0.0011792452830187265,8
7780,2021-08-02 13:00:00,76.61,76.68,76.16,76.3518,327351.0,-0.0033703171909672653,0.0009137188356612374,0.0058739068006788,8
7781,2021-08-02 14:00:00,76.36,76.93,76.2,76.46,390305.0,0.0013095861707699621,0.007464641173389306,0.002095337873232014,8
7782,2021-08-02 15:00:00,76.45,76.61,75.08,75.48,1092113.0,-0.012688031393067348,0.0020928711576193144,0.01792020928711582,8
7783,2021-08-02 16:00:00,75.48,75.6,75.4,75.4,43322.0,-0.0010598834128245666,0.0015898251192367559,0.0010598834128245666,8
7784,2021-08-02 17:00:00,75.33,75.4,75.12,75.4,5608.0,0.0009292446568433212,0.0009292446568433212,0.0027877339705295865,8
7785,2021-08-02 18:00:00,75.1601,75.5,75.16,75.5,820.0,0.004522346298102319,0.004522346298102319,1.330493173948939e-06,8
7786,2021-08-02 19:00:00,75.48,75.48,75.2,75.4,2401.0,-0.0010598834128245666,0.0,0.0037095919448860773,8
7787,2021-08-03 04:00:00,75.3,75.5,75.3,75.5,1700.0,0.002656042496679985,0.002656042496679985,0.0,8
7788,2021-08-03 05:00:00,75.91,75.91,75.73,75.73,300.0,-0.0023712290870767042,0.0,0.0023712290870767042,8
7789,2021-08-03 06:00:00,75.71,75.71,75.5,75.65,3067.0,-0.0007924976885482508,0.0,0.002773741909919347,8
7790,2021-08-03 07:00:00,75.6,75.77,75.6,75.64,3357.0,0.0005291005291006119,0.002248677248677271,0.0,8
7791,2021-08-03 08:00:00,75.69,75.7699,75.1,75.25,6653.0,-0.005813185361342287,0.0010556216144802376,0.007794953098163607,8
7792,2021-08-03 09:00:00,75.15,75.17,71.79,72.91,921882.0,-0.029807052561543698,0.00026613439787087184,0.04471057884231536,8
7793,2021-08-03 10:00:00,72.88,73.5499,72.31,72.6481,999563.0,-0.003181942919868222,0.009191822173435763,0.007821075740943925,8
7794,2021-08-03 11:00:00,72.645,73.77,72.63,73.53,631183.0,0.012182531488746715,0.015486268841627092,0.0002064835845550357,8
7795,2021-08-03 12:00:00,73.54,73.71,73.16,73.39,453078.0,-0.0020397062822954267,0.002311667119934559,0.005167255915148349,8
7796,2021-08-03 13:00:00,73.35,73.465,72.53,73.29,533306.0,-0.0008179959100202872,0.0015678254942059864,0.011179277436946057,8
7797,2021-08-03 14:00:00,73.29,73.46,72.83,72.94,614976.0,-0.004775549188156754,0.0023195524628187676,0.006276436075863118,8
7798,2021-08-03 15:00:00,72.92,74.67,72.87,74.49,1519370.0,0.02153044432254516,0.023998902907295665,0.0006856829402084086,8
7799,2021-08-03 16:00:00,74.49,74.49,74.32,74.4,83391.0,-0.0012082158679015869,0.0,0.00228218552825885,8
7800,2021-08-03 17:00:00,74.4,75.25,74.4,75.0,23865.0,0.008064516129032182,0.011424731182795621,0.0,8
7801,2021-08-03 18:00:00,74.55,74.91,74.49,74.9,926.0,0.004694835680751288,0.004828973843058343,0.0008048289738430889,8
7802,2021-08-03 19:00:00,74.91,74.91,74.7,74.7,3263.0,-0.0028033640368441298,0.0,0.0028033640368441298,8
7803,2021-08-04 06:00:00,74.45,74.49,74.4,74.4,1468.0,-0.0006715916722632257,0.0005372733378105042,0.0006715916722632257,8
7804,2021-08-04 07:00:00,74.33,74.45,74.16,74.45,1466.0,0.0016144221713978817,0.0016144221713978817,0.0022870980761469355,8
7805,2021-08-04 08:00:00,74.1563,74.54,72.5,73.0,45689.0,-0.015592741277544883,0.005174206372216583,0.02233525674824663,8
7806,2021-08-04 09:00:00,72.82,74.2304,71.0538,71.115,1309808.0,-0.023413897280966746,0.01936830541060162,0.024254325734688244,8
7807,2021-08-04 10:00:00,71.115,72.91,70.74,72.6,2356818.0,0.020881670533642684,0.025240807143359374,0.005273149124657246,8
7808,2021-08-04 11:00:00,72.59,73.31,72.2,72.27,604269.0,-0.004408320705331414,0.009918721586995439,0.005372640859622545,8
7809,2021-08-04 12:00:00,72.26,72.4,71.43,71.69,701934.0,-0.007888181566565284,0.0019374481040686487,0.011486299474121204,8
7810,2021-08-04 13:00:00,71.66,71.95,71.62,71.87,501316.0,0.002930505163271113,0.004046888082612423,0.000558191459670556,8
7811,2021-08-04 14:00:00,71.89,72.77,71.7,72.67,509442.0,0.010849909584086815,0.012240923633328633,0.0026429266935595734,8
7812,2021-08-04 15:00:00,72.67,73.12,72.18,72.66,1398199.0,-0.000137608366588759,0.006192376496491026,0.00674280996284567,8
7813,2021-08-04 16:00:00,72.38,73.0,72.1336,72.6,22076.0,0.0030395136778115345,0.008565902182923522,0.003404255319148856,8
7814,2021-08-04 17:00:00,72.6,72.6,72.36,72.51,1190.0,-0.0012396694214874546,0.0,0.003305785123966872,8
7815,2021-08-04 18:00:00,72.51,72.66,72.51,72.66,1169.0,0.0020686801820437384,0.0020686801820437384,0.0,8
7816,2021-08-04 19:00:00,72.66,72.66,72.51,72.66,500.0,0.0,0.0,0.0020644095788603287,8
7817,2021-08-05 05:00:00,72.65,73.66,72.65,73.66,1872.0,0.013902271163110679,0.013902271163110679,0.0,8
7818,2021-08-05 06:00:00,73.26,73.26,73.18,73.19,430.0,-0.0009555009555010563,0.0,0.0010920010920010687,8
7819,2021-08-05 08:00:00,73.19,73.19,72.51,72.95,5271.0,-0.003279136494056495,0.0,0.009290886733160168,8
7820,2021-08-05 09:00:00,72.88,75.02,72.5723,75.02,771568.0,0.029363336992316146,0.029363336992316146,0.004222008781558685,8
7821,2021-08-05 10:00:00,74.975,76.2767,74.39,75.61,1158835.0,0.008469489829943383,0.017361787262420953,0.007802600866955569,8
7822,2021-08-05 11:00:00,75.6,76.92,75.3832,76.8299,888148.0,0.01626851851851853,0.017460317460317558,0.0028677248677247635,8
7823,2021-08-05 12:00:00,76.8,77.1,76.72,76.86,637919.0,0.0007812500000000296,0.003906249999999963,0.0010416666666666445,8
7824,2021-08-05 13:00:00,76.8387,78.43,76.79,78.18,678895.0,0.01745604753854508,0.020709616378205304,0.0006337952099657677,8
7825,2021-08-05 14:00:00,78.16,78.36,77.5801,77.64,823296.0,-0.006653019447287564,0.0025588536335721963,0.007419396110542413,8
7826,2021-08-05 15:00:00,77.64,78.2,77.58,78.09,1337584.0,0.0057959814528593875,0.007212776919113888,0.0007727975270479427,8
7827,2021-08-05 16:00:00,78.09,78.1,77.84,77.95,29910.0,-0.0017928031758227758,0.00012805736970150985,0.003201434242540658,8
7828,2021-08-05 17:00:00,77.95,78.1,77.85,78.1,4188.0,0.0019243104554200316,0.0019243104554200316,0.0012828736369468702,8
7829,2021-08-05 18:00:00,78.1,78.1,77.85,77.85,1766.0,-0.0032010243277848915,0.0,0.0032010243277848915,8
7830,2021-08-05 19:00:00,77.95,78.0,77.95,78.0,1420.0,0.0006414368184733439,0.0006414368184733439,0.0,8
7831,2021-08-06 06:00:00,77.97,77.99,77.97,77.99,200.0,0.00025650891368469953,0.00025650891368469953,0.0,8
7832,2021-08-06 07:00:00,77.91,78.35,77.91,78.35,2353.0,0.005647542035682168,0.005647542035682168,0.0,8
7833,2021-08-06 08:00:00,77.9,79.4,77.9,79.07,14460.0,0.01501925545571229,0.01925545571245186,0.0,8
7834,2021-08-06 09:00:00,79.07,79.15,76.602,77.32,598347.0,-0.02213228784621222,0.0010117617301127167,0.0312128493739723,8
7835,2021-08-06 10:00:00,77.275,77.94,76.52,77.07,801314.0,-0.002652863151083953,0.008605629246198537,0.009770300873503845,8
7836,2021-08-06 11:00:00,77.09,77.78,76.76,76.975,580895.0,-0.001491762874562318,0.00895057724737317,0.004280710857439334,8
7837,2021-08-06 12:00:00,76.98,78.318,76.83,78.31,440096.0,0.017277214861002834,0.017381137957911064,0.0019485580670304712,8
7838,2021-08-06 13:00:00,78.295,78.64,78.06,78.21,420864.0,-0.0010856376524683309,0.004406411648253386,0.003001468803882744,8
7839,2021-08-06 14:00:00,78.17,78.7899,78.14,78.74,296917.0,0.007291799923244124,0.007930152232314202,0.00038377894332865725,8
7840,2021-08-06 15:00:00,78.74,78.985,78.6,78.95,773914.0,0.002667005334010769,0.003111506223012504,0.0017780035560071193,8
7841,2021-08-06 16:00:00,78.92,78.92,78.5259,78.91,69426.0,-0.00012671059300564007,0.0,0.004993664470349832,8
7842,2021-08-06 17:00:00,78.87,78.87,78.63,78.81,1197.0,-0.0007607455306200364,0.0,0.0030429821224801454,8
7843,2021-08-06 18:00:00,78.79,78.8,78.79,78.8,1891.0,0.00012691965985519614,0.00012691965985519614,0.0,8
7844,2021-08-06 19:00:00,78.75,78.8,78.71,78.8,5979.0,0.0006349206349205988,0.0006349206349205988,0.0005079365079365874,8
7845,2021-08-09 06:00:00,77.98,77.98,77.98,77.98,116.0,0.0,0.0,0.0,8
7846,2021-08-09 07:00:00,78.0,78.72,77.99,78.4,3449.0,0.005128205128205201,0.009230769230769216,0.0001282051282051938,8
7847,2021-08-09 08:00:00,78.16,78.5,78.16,78.35,10751.0,0.002430910951893523,0.004350051177072716,0.0,8
7848,2021-08-09 09:00:00,78.26,78.63,75.79,76.6299,647159.0,-0.020829286992077672,0.004727830309225535,0.03156146179401992,8
7849,2021-08-09 10:00:00,76.63,76.95,75.9,76.38,626818.0,-0.0032624298577580584,0.004175910217930411,0.009526295184653397,8
7850,2021-08-09 11:00:00,76.405,77.62,76.3601,77.32,484189.0,0.01197565604345255,0.015902100647863404,0.0005876578757934479,8
7851,2021-08-09 12:00:00,77.35,77.3702,76.86,77.1,210058.0,-0.0032320620555914676,0.00026115061409182495,0.00633484162895921,8
7852,2021-08-09 13:00:00,77.12,77.46,77.08,77.4,238361.0,0.003630705394190886,0.0044087136929459175,0.0005186721991702056,8
7853,2021-08-09 14:00:00,77.41,77.96,77.31,77.935,217568.0,0.006782069500064665,0.007105025190543821,0.0012918227619169915,8
7854,2021-08-09 15:00:00,77.94,78.03,77.36,77.4,573341.0,-0.0069284064665126,0.0011547344110854941,0.007441621760328436,8
7855,2021-08-09 16:00:00,77.39,77.83,77.39,77.83,61046.0,0.005685489081276621,0.005685489081276621,0.0,8
7856,2021-08-09 17:00:00,77.5,77.5,77.38,77.38,348.0,-0.0015483870967742523,0.0,0.0015483870967742523,8
7857,2021-08-09 18:00:00,77.38,77.49,77.38,77.47,1543.0,0.001163091238046051,0.0014215559576117786,0.0,8
7858,2021-08-09 19:00:00,77.36,77.36,77.25,77.35,1412.0,-0.00012926577042405785,0.0,0.0014219234746639016,8
7859,2021-08-10 07:00:00,77.26,77.26,77.13,77.13,801.0,-0.0016826300802486366,0.0,0.0016826300802486366,8
7860,2021-08-10 08:00:00,77.25,77.91,77.124,77.91,2686.0,0.008543689320388305,0.008543689320388305,0.0016310679611651103,8
7861,2021-08-10 09:00:00,77.871,78.86,77.22,78.77,454520.0,0.011544734239960974,0.012700491839067232,0.008359979966868235,8
7862,2021-08-10 10:00:00,78.77,79.48,78.64,79.2,581287.0,0.005458931065126404,0.009013583851720299,0.001650374508061387,8
7863,2021-08-10 11:00:00,79.2,79.77,78.98,79.75,407013.0,0.0069444444444444085,0.007196969696969611,0.002777777777777763,8
7864,2021-08-10 12:00:00,79.7582,80.62,79.74,80.6,534594.0,0.010554400676043242,0.010805158591843876,0.0002281897033785532,8
7865,2021-08-10 13:00:00,80.6,81.35,80.5483,80.9598,581940.0,0.004464019851116712,0.009305210918114145,0.0006414392059552946,8
7866,2021-08-10 14:00:00,80.96,81.31,80.91,80.99,354275.0,0.00037055335968380854,0.004323122529644375,0.0006175889328062891,8
7867,2021-08-10 15:00:00,80.98,81.06,80.685,80.76,674606.0,-0.0027167201778216703,0.0009878982464805914,0.0036428747838972795,8
7868,2021-08-10 16:00:00,80.75,80.75,80.5,80.75,86611.0,0.0,0.0,0.0030959752321981426,8
7869,2021-08-10 18:00:00,80.6,80.6,80.6,80.6,263.0,0.0,0.0,0.0,8
7870,2021-08-10 19:00:00,80.52,80.6,80.51,80.6,1165.0,0.0009935419771485135,0.0009935419771485135,0.00012419274714345387,8
7871,2021-08-11 06:00:00,80.5,80.5,80.5,80.5,200.0,0.0,0.0,0.0,8
7872,2021-08-11 07:00:00,80.11,80.2,79.81,80.2,2352.0,0.0011234552490326228,0.0011234552490326228,0.0037448508301085653,8
7873,2021-08-11 08:00:00,79.9501,80.44,79.83,80.0,10552.0,0.0006241393068925972,0.006127572073080478,0.0015021869891345709,8
7874,2021-08-11 09:00:00,80.47,81.08,78.6101,80.835,817119.0,0.004535851870262146,0.007580464769479302,0.023112961352056618,8
7875,2021-08-11 10:00:00,80.76,80.965,79.62,80.31,500085.0,-0.005572065378900481,0.0025383853392768486,0.014115898959881135,8
7876,2021-08-11 11:00:00,80.34,80.71,79.64,80.275,423595.0,-0.0008090614886731108,0.004605426935523902,0.008712969878018458,8
7877,2021-08-11 12:00:00,80.26,81.34,80.19,81.29,320803.0,0.012833291801644667,0.013456267131821558,0.000872165462247787,8
7878,2021-08-11 13:00:00,81.3199,81.675,81.25,81.415,344701.0,0.0011694554469447475,0.004366704828707279,0.00085956819917393,8
7879,2021-08-11 14:00:00,81.41,81.69,81.25,81.61,497070.0,0.0024567006510257073,0.0034393809114359555,0.0019653605208204963,8
7880,2021-08-11 15:00:00,81.61,82.0,81.52,81.8,1022281.0,0.00232814606053177,0.0047788261242494865,0.0011028060286729984,8
7881,2021-08-11 16:00:00,81.79,81.79,81.66,81.74,36555.0,-0.000611321677466822,0.0,0.0015894363614134938,8
7882,2021-08-11 17:00:00,81.69,81.69,81.51,81.51,944.0,-0.00220345207491728,0.0,0.00220345207491728,8
7883,2021-08-11 18:00:00,81.6,81.6,81.57,81.57,519.0,-0.0003676470588235434,0.0,0.0003676470588235434,8
7884,2021-08-11 19:00:00,81.63,81.63,81.5,81.53,1771.0,-0.0012250398137938787,0.0,0.0015925517579320771,8
7885,2021-08-12 05:00:00,81.58,81.6,81.58,81.6,1000.0,0.000245158126991861,0.000245158126991861,0.0,8
7886,2021-08-12 06:00:00,81.6,81.6,81.6,81.6,960.0,0.0,0.0,0.0,8
7887,2021-08-12 07:00:00,81.79,81.8,81.54,81.7,2247.0,-0.001100379019440071,0.0001222643354932254,0.0030566083873334146,8
7888,2021-08-12 08:00:00,81.97,82.09,81.5,81.73,8764.0,-0.0029279004513845905,0.001463950225692382,0.005733805050628265,8
7889,2021-08-12 09:00:00,81.52,81.6494,79.94,80.16,347548.0,-0.01668302257114818,0.0015873405299313538,0.019381746810598607,8
7890,2021-08-12 10:00:00,80.11,80.4961,78.93,79.31,521308.0,-0.009986268880289566,0.004819623018349757,0.01472974659842707,8
7891,2021-08-12 11:00:00,79.24,79.59,78.85,79.39,296602.0,0.0018929833417466646,0.004416961130742157,0.004921756688541148,8
7892,2021-08-12 12:00:00,79.42,79.85,79.4,79.77,191393.0,0.00440695039032982,0.005414253336690916,0.0002518257365902294,8
7893,2021-08-12 13:00:00,79.82,80.06,79.51,79.78,203835.0,-0.0005011275369580562,0.0030067652217490495,0.0038837384114255584,8
7894,2021-08-12 14:00:00,79.785,79.95,79.55,79.73,184266.0,-0.0006893526352070266,0.002068057905621436,0.0029454158049758658,8
7895,2021-08-12 15:00:00,79.71,80.48,79.69,80.36,645002.0,0.008154560281018765,0.009660017563668426,0.00025090954710821757,8
7896,2021-08-12 16:00:00,80.1401,80.34,80.0,80.04,51450.0,-0.0012490625791582196,0.0024943817140233105,0.0017481884849158396,8
7897,2021-08-12 17:00:00,80.04,80.12,80.04,80.1,4700.0,0.0007496251874061476,0.0009995002498750412,0.0,8
7898,2021-08-12 18:00:00,80.05,80.25,80.0,80.25,1205.0,0.002498438475952565,0.002498438475952565,0.0006246096189880969,8
7899,2021-08-12 19:00:00,80.24,80.29,80.19,80.28,670.0,0.0004985044865404568,0.0006231306081756153,0.0006231306081754382,8
7900,2021-08-13 04:00:00,80.05,80.05,80.0,80.0,2280.0,-0.0006246096189880969,0.0,0.0006246096189880969,8
7901,2021-08-13 05:00:00,80.0,80.0,80.0,80.0,170.0,0.0,0.0,0.0,8
7902,2021-08-13 07:00:00,79.81,79.9,79.7,79.7,2683.0,-0.001378273399323386,0.0011276782358100915,0.001378273399323386,8
7903,2021-08-13 08:00:00,79.55,80.34,79.53,80.34,30849.0,0.00993086109365187,0.00993086109365187,0.000251414204902527,8
7904,2021-08-13 09:00:00,79.6001,80.39,79.08,79.4,236252.0,-0.0025138159374170632,0.009923354367645304,0.006533911389558548,8
7905,2021-08-13 10:00:00,79.4,80.0599,79.05,79.83,282672.0,0.0054156171284633825,0.008311083123425607,0.0044080604534006106,8
7906,2021-08-13 11:00:00,79.86,80.08,79.44,79.71,505662.0,-0.0018782870022540155,0.0027548209366391042,0.005259203606311066,8
7907,2021-08-13 12:00:00,79.71,80.03,79.71,79.81,144615.0,0.0012545477355414443,0.004014552753732373,0.0,8
7908,2021-08-13 13:00:00,79.785,79.89,79.26,79.34,289151.0,-0.005577489503039333,0.0013160368490318227,0.006580184245158758,8
7909,2021-08-13 14:00:00,79.34,79.35,78.39,78.39,490342.0,-0.011973783715654182,0.00012603982858571847,0.011973783715654182,8
7910,2021-08-13 15:00:00,78.3729,78.94,78.22,78.89,735555.0,0.006597943932150006,0.007235919558929125,0.0019509294666906862,8
7911,2021-08-13 16:00:00,78.89,78.89,78.4,78.89,34148.0,0.0,0.0,0.006211180124223538,8
7912,2021-08-13 17:00:00,78.92,78.97,78.54,78.55,49603.0,-0.004688291941206343,0.0006335529650278403,0.004815002534211802,8
7913,2021-08-13 19:00:00,78.68,78.72,78.68,78.7,522.0,0.00025419420437208974,0.0005083884087441795,0.0,8
7914,2021-08-16 06:00:00,77.85,77.85,77.7,77.7,400.0,-0.0019267822736029735,0.0,0.0019267822736029735,8
7915,2021-08-16 07:00:00,77.98,78.02,77.27,77.48,3310.0,-0.006411900487304436,0.0005129520389842529,0.009104898691972401,8
7916,2021-08-16 08:00:00,78.1,78.1,77.35,77.5283,9834.0,-0.007320102432778397,0.0,0.009603072983354674,8
7917,2021-08-16 09:00:00,77.25,78.21,76.18,76.31,536131.0,-0.012168284789643984,0.012427184466019337,0.013851132686084055,8
7918,2021-08-16 10:00:00,76.3,78.52,76.05,77.78,559612.0,0.01939711664482312,0.029095674967234586,0.0032765399737876805,8
7919,2021-08-16 11:00:00,77.76,78.525,77.5,78.205,271453.0,0.005722736625514315,0.00983796296296297,0.00334362139917702,8
7920,2021-08-16 12:00:00,78.2,78.2,77.81,77.97,166745.0,-0.002941176470588286,0.0,0.0049872122762148405,8
7921,2021-08-16 13:00:00,77.99,78.64,77.957,78.59,248214.0,0.0076932940120529375,0.008334401846390636,0.00042313117066292155,8
7922,2021-08-16 14:00:00,78.591,78.74,78.145,78.44,175044.0,-0.001921339593592094,0.0018958913870545091,0.005674950057894645,8
7923,2021-08-16 15:00:00,78.43,78.64,78.34,78.43,544029.0,0.0,0.0026775468570699188,0.0011475200816014714,8
7924,2021-08-16 16:00:00,78.32,78.43,78.01,78.3,21369.0,-0.0002553626149131259,0.0014044943820226462,0.003958120531154087,8
7925,2021-08-16 17:00:00,78.43,78.47,78.43,78.47,250.0,0.0005100089251560887,0.0005100089251560887,0.0,8
7926,2021-08-16 19:00:00,78.29,78.29,78.28,78.29,640.0,0.0,0.0,0.0001277302337463931,8
7927,2021-08-17 04:00:00,77.46,77.46,77.46,77.46,102.0,0.0,0.0,0.0,8
7928,2021-08-17 07:00:00,77.25,77.28,77.25,77.28,817.0,0.0003883495145631215,0.0003883495145631215,0.0,8
7929,2021-08-17 08:00:00,77.45,77.45,77.03,77.3,4592.0,-0.0019367333763719262,0.0,0.0054228534538412095,8
7930,2021-08-17 09:00:00,77.3099,77.39,76.04,76.22,271602.0,-0.014097806361151677,0.0010360898151465933,0.016426098080582083,8
7931,2021-08-17 10:00:00,76.1912,77.25,76.08,76.7,551023.0,0.006677936559602788,0.013896617982129237,0.0014594861348816745,8
7932,2021-08-17 11:00:00,76.705,76.74,76.08,76.39,322648.0,-0.004106642331008379,0.0004562935923342232,0.008148099863111923,8
7933,2021-08-17 12:00:00,76.41,76.45,75.19,75.25,352270.0,-0.01518125899751337,0.00052349168956951,0.015966496531867543,8
7934,2021-08-17 13:00:00,75.23,76.0,75.22,75.88,281570.0,0.008640170144888893,0.010235278479330001,0.00013292569453682195,8
7935,2021-08-17 14:00:00,75.83,76.31,75.66,76.28,246120.0,0.005934326783594921,0.006329948569167928,0.002241856784913645,8
7936,2021-08-17 15:00:00,76.28,76.45,75.88,76.03,559424.0,-0.0032773990561090717,0.002228631358154191,0.00524383848977459,8
7937,2021-08-17 16:00:00,76.02,76.08,75.77,75.77,45657.0,-0.0032886082609839516,0.0007892659826361783,0.0032886082609839516,8
7938,2021-08-17 17:00:00,76.02,76.02,76.02,76.02,65822.0,0.0,0.0,0.0,8
7939,2021-08-17 19:00:00,75.92,75.92,75.75,75.8,1215.0,-0.0015806111696523254,0.0,0.0022391991570073987,8
7940,2021-08-18 06:00:00,75.94,76.02,75.94,76.02,1610.0,0.0010534632604687687,0.0010534632604687687,0.0,8
7941,2021-08-18 07:00:00,76.0,76.0,76.0,76.0,545.0,0.0,0.0,0.0,8
7942,2021-08-18 08:00:00,76.25,76.25,76.0,76.0,1047.0,-0.003278688524590164,0.0,0.003278688524590164,8
7943,2021-08-18 09:00:00,75.9,76.75,74.4,75.235,478035.0,-0.0087615283267458,0.011198945981554602,0.01976284584980237,8
7944,2021-08-18 10:00:00,75.25,77.6,74.82,77.535,808735.0,0.030365448504983343,0.031229235880398595,0.005714285714285805,8
7945,2021-08-18 11:00:00,77.56,78.4,77.47,78.191,895049.0,0.008135636926250647,0.010830324909747335,0.0011603919546158252,8
7946,2021-08-18 12:00:00,78.19,78.46,77.82,78.13,286542.0,-0.0007673615551861142,0.0034531269983373324,0.004732062923647583,8
7947,2021-08-18 13:00:00,78.15,78.59,77.99,78.29,207603.0,0.0017914267434421057,0.00563019833653228,0.0020473448496482506,8
7948,2021-08-18 14:00:00,78.32,78.51,77.61,78.3,315320.0,-0.0002553626149131259,0.002425944841675331,0.009065372829417695,8
7949,2021-08-18 15:00:00,78.28,78.28,77.1,77.21,666409.0,-0.013668880940214708,0.0,0.0150740929994891,8
7950,2021-08-18 16:00:00,77.21,77.21,76.8,77.03,25677.0,-0.0023313042352025985,0.0,0.00531019298018387,8
7951,2021-08-18 17:00:00,77.0001,77.0001,76.76,76.76,1049.0,-0.003118177768600277,0.0,0.003118177768600277,8
7952,2021-08-18 18:00:00,76.98,77.08,76.98,77.08,471.0,0.0012990387113535245,0.0012990387113535245,0.0,8
7953,2021-08-18 19:00:00,77.9,77.9,77.31,77.31,1596.0,-0.007573812580231109,0.0,0.007573812580231109,8
7954,2021-08-19 04:00:00,77.3,77.3,74.88,74.89,723.0,-0.03117723156532984,0.0,0.031306597671410114,8
7955,2021-08-19 07:00:00,76.0,76.5,75.5,75.5,5366.0,-0.006578947368421052,0.006578947368421052,0.006578947368421052,8
7956,2021-08-19 08:00:00,75.75,76.7,75.46,75.78,5085.0,0.00039603960396041103,0.01254125412541258,0.003828382838283911,8
7957,2021-08-19 09:00:00,75.65,76.315,75.2,75.76,416114.0,0.0014540647719761986,0.008790482485128778,0.0059484467944481536,8
7958,2021-08-19 10:00:00,75.75,76.35,73.8641,74.4,608582.0,-0.017821782178217747,0.007920792079207846,0.024896369636963782,8
7959,2021-08-19 11:00:00,74.37,75.04,73.51,75.0,743696.0,0.008471157724889006,0.009009009009009031,0.01156380260857872,8
7960,2021-08-19 12:00:00,75.015,75.75,74.75,75.65,595767.0,0.008464973671932349,0.009798040391921607,0.0035326268079717464,8
7961,2021-08-19 13:00:00,75.58,75.67,75.1,75.175,617831.0,-0.00535856046573169,0.0011907912146070841,0.0063508864779042605,8
7962,2021-08-19 14:00:00,75.19,75.87,75.02,75.3,580056.0,0.0014629605000664907,0.009043755818592989,0.0022609389546482473,8
7963,2021-08-19 15:00:00,75.33,76.53,75.33,76.5,1353077.0,0.015531660692951038,0.01592990840302672,0.0,8
7964,2021-08-19 16:00:00,76.5,76.7,76.25,76.7,60069.0,0.0026143790849673574,0.0026143790849673574,0.0032679738562091504,8
7965,2021-08-19 17:00:00,76.5,76.5,76.5,76.5,40785.0,0.0,0.0,0.0,8
7966,2021-08-19 18:00:00,76.4,76.4,76.4,76.4,201.0,0.0,0.0,0.0,8
7967,2021-08-19 19:00:00,76.33,76.33,76.33,76.33,100.0,0.0,0.0,0.0,8
7968,2021-08-20 07:00:00,75.52,75.52,75.4,75.51,2648.0,-0.0001324152542371677,0.0,0.0015889830508473298,8
7969,2021-08-20 08:00:00,76.0,76.0,75.5015,75.83,2932.0,-0.0022368421052631803,0.0,0.006559210526315883,8
7970,2021-08-20 09:00:00,76.23,77.3406,76.06,76.2688,430719.0,0.0005089859635313503,0.014569067296339904,0.0022300931391840704,8
7971,2021-08-20 10:00:00,76.2949,76.98,76.01,76.87,638655.0,0.007537856396692389,0.008979630355371141,0.003734194552977896,8
7972,2021-08-20 11:00:00,76.84,77.55,76.5,77.365,400720.0,0.006832378969286719,0.009239979177511631,0.004424778761061991,8
7973,2021-08-20 12:00:00,77.38,77.84,77.32,77.65,401485.0,0.0034892737141381525,0.0059446885500130265,0.0007753941586973672,8
7974,2021-08-20 13:00:00,77.65,77.905,77.56,77.69,274797.0,0.0005151320025755575,0.003283966516419774,0.0011590470057952788,8
7975,2021-08-20 14:00:00,77.69,78.19,77.68,78.18,360024.0,0.0063071180332090245,0.0064358347277641914,0.00012871669455516676,8
7976,2021-08-20 15:00:00,78.17,78.375,77.87,78.22,795060.0,0.0006396315722143681,0.0026224894460790365,0.0038377894332863906,8
7977,2021-08-20 16:00:00,78.21,78.21,77.72,77.72,33716.0,-0.006265183480373289,0.0,0.006265183480373289,8
7978,2021-08-20 17:00:00,77.75,78.21,75.01,76.5,216705.0,-0.01607717041800643,0.005916398713826286,0.03524115755627003,8
7979,2021-08-20 18:00:00,77.0,77.02,76.76,76.76,1399.0,-0.0031168831168830505,0.0002597402597402081,0.0031168831168830505,8
7980,2021-08-20 19:00:00,77.0,77.0,76.8,76.85,1597.0,-0.0019480519480520218,0.0,0.0025974025974026343,8
7981,2021-08-23 04:00:00,78.34,78.34,78.32,78.34,900.0,0.0,0.0,0.0002552974214961735,8
7982,2021-08-23 06:00:00,78.31,78.35,78.31,78.34,1292.0,0.00038309283616397825,0.0005107904482185167,0.0,8
7983,2021-08-23 07:00:00,78.33,78.65,77.75,78.6,15877.0,0.0034469551895824845,0.004085280224690507,0.007404570407251351,8
7984,2021-08-23 08:00:00,78.01,78.88,77.98,78.77,4763.0,0.00974234072554789,0.011152416356877198,0.0003845660812716464,8
7985,2021-08-23 09:00:00,78.57,80.97,78.57,80.71,625466.0,0.027236858851979136,0.0305460099274533,0.0,8
7986,2021-08-23 10:00:00,80.6925,80.85,78.87,79.195,550808.0,-0.01855810639154819,0.001951854261548457,0.022585742169346484,8
7987,2021-08-23 11:00:00,79.185,79.705,78.97,79.6,822177.0,0.00524089158300173,0.006566900296773329,0.0027151606996274977,8
7988,2021-08-23 12:00:00,79.605,79.89,79.44,79.6,350025.0,-6.281012499227012e-05,0.0035801771245524347,0.0020727341247409868,8
7989,2021-08-23 13:00:00,79.6,80.6,79.57,80.1355,583589.0,0.0067273869346733545,0.01256281407035176,0.00037688442211056706,8
7990,2021-08-23 14:00:00,80.135,80.37,80.04,80.295,354243.0,0.0019966306857178086,0.0029325513196480865,0.0011854994696449599,8
7991,2021-08-23 15:00:00,80.3,80.31,79.78,80.25,921230.0,-0.0006226650062266147,0.00012453300124539373,0.006475716064757111,8
7992,2021-08-23 16:00:00,80.25,80.25,80.07,80.24,50406.0,-0.00012461059190037527,0.0,0.0022429906542056925,8
7993,2021-08-23 17:00:00,80.3249,80.3249,80.25,80.26,1016.0,-0.0008079686373714055,0.0,0.0009324630345011264,8
7994,2021-08-23 18:00:00,80.4,80.48,80.4,80.48,262.0,0.0009950248756218692,0.0009950248756218692,0.0,8
7995,2021-08-23 19:00:00,80.33,80.7,80.3,80.7,5753.0,0.004606000248973043,0.004606000248973043,0.0003734594796464725,8
7996,2021-08-24 07:00:00,80.51,80.97,80.5,80.9,3506.0,0.004844118743013297,0.0057135759532976485,0.0001242081728978402,8
7997,2021-08-24 08:00:00,80.85,81.07,80.6,80.65,12436.0,-0.002473716759430905,0.0027210884353741356,0.0030921459492888066,8
7998,2021-08-24 09:00:00,80.69,83.54,80.29,83.35,954769.0,0.032965671086875654,0.035320361878795496,0.004957243772462406,8
7999,2021-08-24 10:00:00,83.37,83.37,81.98,82.89,730780.0,-0.005757466714645603,0.0,0.01667266402782776,8
8000,2021-08-24 11:00:00,82.94,83.015,82.34,82.42,505294.0,-0.00626959247648898,0.0009042681456474903,0.007234145165179579,8
8001,2021-08-24 12:00:00,82.42,83.16,82.092,82.8094,806108.0,0.004724581412278511,0.0089784033001698,0.0039796165979131635,8
8002,2021-08-24 13:00:00,82.8,83.2,82.57,82.91,413066.0,0.0013285024154589303,0.004830917874396204,0.002777777777777826,8
8003,2021-08-24 14:00:00,82.9247,83.13,82.71,82.87,359847.0,-0.0006596345841467845,0.0024757400388544554,0.0025890958906092834,8
8004,2021-08-24 15:00:00,82.89,82.97,82.56,82.859,668065.0,-0.00037398962480402837,0.0009651345156230944,0.0039811798769453285,8
8005,2021-08-24 16:00:00,82.95,83.12,82.77,82.87,99365.0,-0.0009644364074743616,0.0020494273658830824,0.002169981916817442,8
8006,2021-08-24 17:00:00,82.9,82.9,82.9,82.9,100.0,0.0,0.0,0.0,8
8007,2021-08-24 18:00:00,82.9,82.9,82.85,82.86,2337.0,-0.0004825090470447075,0.0,0.0006031363088059272,8
8008,2021-08-24 19:00:00,82.81,82.81,82.65,82.81,3097.0,0.0,0.0,0.0019321338002656271,8
8009,2021-08-25 07:00:00,82.81,82.81,82.7,82.7,1265.0,-0.0013283419876826401,0.0,0.0013283419876826401,8
8010,2021-08-25 08:00:00,82.5461,82.85,82.5461,82.7,7488.0,0.0018644127342176949,0.0036815791418370915,0.0,8
8011,2021-08-25 09:00:00,82.65,83.29,81.2,83.17,593402.0,0.006291591046581923,0.00774349667271628,0.01754385964912284,8
8012,2021-08-25 10:00:00,83.13,83.56,82.6,83.4,490242.0,0.003247924936846027,0.005172621195717634,0.0063755563575123445,8
8013,2021-08-25 11:00:00,83.44,83.74,82.81,83.705,516978.0,0.0031759348034515887,0.0035953978906998704,0.007550335570469744,8
8014,2021-08-25 12:00:00,83.73,84.225,83.63,83.9295,773761.0,0.002382658545324262,0.005911859548548792,0.0011943150603130122,8
8015,2021-08-25 13:00:00,83.92,84.19,83.6001,83.73,243755.0,-0.00226406101048615,0.0032173498570066254,0.003811963775023881,8
8016,2021-08-25 14:00:00,83.73,83.92,83.37,83.47,204423.0,-0.0031052191568136283,0.002269198614594503,0.004299534217126471,8
8017,2021-08-25 15:00:00,83.45,83.63,83.12,83.41,697366.0,-0.0004793289394847963,0.0021569802276811575,0.003954463750748931,8
8018,2021-08-25 16:00:00,83.41,83.41,83.26,83.3,28773.0,-0.0013187867162210698,0.0,0.0017983455221195477,8
8019,2021-08-25 17:00:00,83.4,83.74,83.4,83.74,1137.0,0.00407673860911258,0.00407673860911258,0.0,8
8020,2021-08-25 18:00:00,83.49,83.49,83.44,83.44,2942.0,-0.0005988741166606439,0.0,0.0005988741166606439,8
8021,2021-08-25 19:00:00,83.41,83.41,83.41,83.41,4020.0,0.0,0.0,0.0,8
8022,2021-08-26 07:00:00,82.87,83.04,82.87,82.94,1914.0,0.0008446965126100299,0.0020514058163388646,0.0,8
8023,2021-08-26 08:00:00,82.92,83.08,82.5601,82.9,4658.0,-0.000241196333815678,0.0019295706705257669,0.004340328027013942,8
8024,2021-08-26 09:00:00,82.77,83.0,81.7501,82.95,409716.0,0.0021747009786155227,0.0027787845837864444,0.012322097378277067,8
8025,2021-08-26 10:00:00,82.88,83.3,81.6,81.815,510615.0,-0.012849903474903447,0.005067567567567589,0.015444015444015458,8
8026,2021-08-26 11:00:00,81.8,82.09,81.3381,81.6,389641.0,-0.0024449877750611594,0.0035452322738387075,0.005646699266503667,8
8027,2021-08-26 12:00:00,81.62,81.84,81.15,81.28,291489.0,-0.004165645675079679,0.0026954177897573982,0.005758392550845367,8
8028,2021-08-26 13:00:00,81.29,81.49,80.902,81.35,218477.0,0.0007380981670560715,0.0024603272235205883,0.004773034813630277,8
8029,2021-08-26 14:00:00,81.3549,81.46,80.49,80.54,446977.0,-0.010016606252358425,0.0012918705572742772,0.010631197383316872,8
8030,2021-08-26 15:00:00,80.54,81.0295,80.18,80.81,848721.0,0.003352371492426074,0.006077725353861342,0.004469828656568158,8
8031,2021-08-26 16:00:00,80.82,80.85,80.75,80.85,29188.0,0.0003711952487008307,0.0003711952487008307,0.0008661222469684879,8
8032,2021-08-26 17:00:00,80.82,80.84,80.82,80.83,31330.0,0.0001237317495670022,0.0002474634991340044,0.0,8
8033,2021-08-26 18:00:00,80.82,80.83,80.8,80.82,3297.0,0.0,0.0001237317495670022,0.0002474634991338285,8
8034,2021-08-26 19:00:00,80.63,80.63,80.63,80.63,100.0,0.0,0.0,0.0,8
8035,2021-08-27 07:00:00,81.09,81.1,81.09,81.1,714.0,0.00012331976815872368,0.00012331976815872368,0.0,8
8036,2021-08-27 08:00:00,81.0,81.3,81.0,81.0,3408.0,0.0,0.0037037037037036687,0.0,8
8037,2021-08-27 09:00:00,81.09,82.22,80.77,81.615,327170.0,0.006474287828338777,0.013935133801948395,0.003946232581082838,8
8038,2021-08-27 10:00:00,81.625,82.93,81.4,82.91,399971.0,0.01574272588055126,0.015987748851454906,0.0027565084226645552,8
8039,2021-08-27 11:00:00,82.93,83.2,82.55,83.13,361270.0,0.0024116724948750586,0.0032557578680814663,0.004582177740262989,8
8040,2021-08-27 12:00:00,83.1301,83.7,83.1301,83.19,525068.0,0.0007205572951313539,0.00685551924032335,0.0,8
8041,2021-08-27 13:00:00,83.1773,83.5857,83.06,83.52,292053.0,0.0041201145023942055,0.0049099934717765584,0.001410240534376569,8
8042,2021-08-27 14:00:00,83.51,83.635,83.17,83.61,237887.0,0.0011974613818703666,0.0014968267273380432,0.004071368698359518,8
8043,2021-08-27 15:00:00,83.62,83.695,83.22,83.26,884017.0,-0.004305190145898104,0.000896914613728637,0.004783544606553524,8
8044,2021-08-27 16:00:00,83.19,83.62,83.19,83.62,27267.0,0.005168890491645713,0.005168890491645713,0.0,8
8045,2021-08-27 19:00:00,83.28,83.28,83.28,83.28,309.0,0.0,0.0,0.0,8
8046,2021-08-30 04:00:00,83.82,83.82,83.82,83.82,110.0,0.0,0.0,0.0,8
8047,2021-08-30 07:00:00,83.36,83.41,83.15,83.41,1138.0,0.0005998080614203114,0.0005998080614203114,0.002519193857965376,8
8048,2021-08-30 08:00:00,83.5156,83.89,83.4,83.45,3395.0,-0.0007854819937832384,0.00448299479378696,0.0013841725378252756,8
8049,2021-08-30 09:00:00,83.9799,84.0,81.19,82.09,391021.0,-0.02250419445605433,0.00023934298564298528,0.033221044559472,8
8050,2021-08-30 10:00:00,82.0401,82.57,81.74,82.42,309438.0,0.004630662322449709,0.006459036495567385,0.0036579672623509784,8
8051,2021-08-30 11:00:00,82.36,82.47,81.74,82.35,330065.0,-0.00012141816415742006,0.0013355998057309304,0.007527926177756248,8
8052,2021-08-30 12:00:00,82.34,82.7,82.33,82.47,441608.0,0.0015788195287830392,0.0043721156181685625,0.00012144765606030017,8
8053,2021-08-30 13:00:00,82.5199,82.5199,82.05,82.23,256851.0,-0.0035130919935676473,0.0,0.0056943840213089176,8
8054,2021-08-30 14:00:00,82.26,82.29,81.85,82.17,192828.0,-0.0010940919037199538,0.0003646973012399846,0.0049841964502797325,8
8055,2021-08-30 15:00:00,82.18,82.3,81.781,81.89,669202.0,-0.0035288391336092263,0.0014602092966657378,0.00485519591141398,8
8056,2021-08-30 16:00:00,81.89,81.9,81.89,81.89,122640.0,0.0,0.00012211503236054605,0.0,8
8057,2021-08-30 17:00:00,81.63,81.83,81.62,81.83,2319.0,0.0024500796275879317,0.0024500796275879317,0.0001225039813792834,8
8058,2021-08-30 18:00:00,81.82,81.88,81.82,81.88,522.0,0.0007333170373991967,0.0007333170373991967,0.0,8
8059,2021-08-30 19:00:00,81.9,81.9,81.9,81.9,100.0,0.0,0.0,0.0,8
8060,2021-08-31 08:00:00,81.87,81.87,81.12,81.3,5898.0,-0.006962257237083271,0.0,0.009160864785635764,8
8061,2021-08-31 09:00:00,81.3,83.11,80.95,81.65,337036.0,0.004305043050430609,0.02226322263222635,0.004305043050430435,8
8062,2021-08-31 10:00:00,81.74,82.7,81.65,81.95,361427.0,0.002569121605089405,0.01174455590897979,0.001101052116466714,8
8063,2021-08-31 11:00:00,81.92,82.8901,81.87,82.72,223167.0,0.009765624999999965,0.011842041015625027,0.0006103515624999653,8
8064,2021-08-31 12:00:00,82.75,83.24,82.6,83.15,240917.0,0.004833836858006111,0.00592145015105734,0.0018126888217523346,8
8065,2021-08-31 13:00:00,83.16,83.42,82.89,83.28,305004.0,0.0014430014430014976,0.0031265031265031882,0.003246753246753199,8
8066,2021-08-31 14:00:00,83.27,83.34,82.59,82.77,296547.0,-0.00600456346823586,0.000840638885553109,0.00816620631680068,8
8067,2021-08-31 15:00:00,82.79,82.95,82.44,82.73,617212.0,-0.0007247252083585248,0.0019326005556226185,0.004227563715424671,8
8068,2021-08-31 16:00:00,82.73,82.73,82.45,82.73,140130.0,0.0,0.0,0.003384503807566797,8
8069,2021-08-31 19:00:00,82.74,82.74,82.7,82.7,2000.0,-0.0004834421078074939,0.0,0.0004834421078074939,8
8070,2021-09-01 07:00:00,83.4,83.4,83.4,83.4,1020.0,0.0,0.0,0.0,9
8071,2021-09-01 08:00:00,83.1,83.25,83.1,83.15,2600.0,0.0006016847172083198,0.0018050541516246173,0.0,9
8072,2021-09-01 09:00:00,82.754,83.79,82.16,82.46,299300.0,-0.003552698358991845,0.01251903231263747,0.0071779007661262086,9
8073,2021-09-01 10:00:00,82.4701,83.45,82.33,83.23,542390.0,0.00921424855796224,0.011881882039672567,0.0016987975035801324,9
8074,2021-09-01 11:00:00,83.23,83.42,82.65,82.73,539438.0,-0.0060074492370539466,0.0022828307100804723,0.006968641114982558,9
8075,2021-09-01 12:00:00,82.73,83.27,82.52,82.761,447447.0,0.0003747129215519364,0.006527257343164414,0.0025383778556751836,9
8076,2021-09-01 13:00:00,82.79,82.83,82.021,82.1034,437625.0,-0.008293272134315893,0.00048315013890556875,0.009288561420461474,9
8077,2021-09-01 14:00:00,82.09,82.54,81.89,82.38,405769.0,0.003532708003410793,0.005481788281154865,0.002436350347179959,9
8078,2021-09-01 15:00:00,82.39,82.55,82.17,82.27,597691.0,-0.0014564874377959041,0.001941983250394424,0.002670226969292376,9
8079,2021-09-01 16:00:00,82.24,82.24,82.24,82.24,44280.0,0.0,0.0,0.0,9
8080,2021-09-01 17:00:00,82.09,82.09,82.09,82.09,100.0,0.0,0.0,0.0,9
8081,2021-09-01 18:00:00,82.1,82.1,82.1,82.1,100.0,0.0,0.0,0.0,9
8082,2021-09-01 19:00:00,82.59,82.59,82.48,82.48,280.0,-0.0013318803729264975,0.0,0.0013318803729264975,9
8083,2021-09-02 04:00:00,82.81,82.82,82.1,82.1,636.0,-0.008573843738679,0.00012075836251649444,0.008573843738679,9
8084,2021-09-02 07:00:00,82.5,82.5,82.5,82.5,151.0,0.0,0.0,0.0,9
8085,2021-09-02 08:00:00,82.6711,82.6711,82.5,82.5,255.0,-0.0020696470713465237,0.0,0.0020696470713465237,9
8086,2021-09-02 09:00:00,82.51,82.69,80.77,81.095,356471.0,-0.017149436431947718,0.0021815537510603876,0.021088352926918057,9
8087,2021-09-02 10:00:00,81.1,82.37,80.88,82.33,791404.0,0.015166461159062936,0.015659679408138227,0.002712700369913673,9
8088,2021-09-02 11:00:00,82.3302,83.37,82.3302,83.26,676642.0,0.011293547203820713,0.01262963043937704,0.0,9
8089,2021-09-02 12:00:00,83.28,83.95,82.98,83.69,544808.0,0.004923150816522533,0.008045148895293008,0.0036023054755042884,9
8090,2021-09-02 13:00:00,83.65,83.85,83.23,83.51,450130.0,-0.0016736401673640234,0.0023909145248056022,0.00502092050209207,9
8091,2021-09-02 14:00:00,83.5,83.66,83.05,83.38,401192.0,-0.0014371257485030484,0.001916167664670618,0.0053892215568862615,9
8092,2021-09-02 15:00:00,83.39,83.47,82.68,82.94,651662.0,-0.005396330495263255,0.0009593476436023299,0.008514210336970784,9
8093,2021-09-02 16:00:00,82.93,82.93,82.53,82.53,32910.0,-0.00482334498975046,0.0,0.00482334498975046,9
8094,2021-09-02 17:00:00,82.7,82.73,82.7,82.71,1200.0,0.00012091898428042207,0.00036275695284160986,0.0,9
8095,2021-09-02 18:00:00,82.88,82.9,82.88,82.9,763.0,0.00024131274131286478,0.00024131274131286478,0.0,9
8096,2021-09-02 19:00:00,83.05,83.05,83.05,83.05,200.0,0.0,0.0,0.0,9
8097,2021-09-03 09:00:00,82.8201,82.89,81.65,81.695,455828.0,-0.013584866475650275,0.0008439980149746749,0.014128212837221772,9
8098,2021-09-03 10:00:00,81.66,82.0,80.545,80.82,619518.0,-0.010286554004408565,0.004163605192260634,0.013654175851089823,9
8099,2021-09-03 11:00:00,80.84,80.89,79.765,79.81,868083.0,-0.01274121721919843,0.0006185056902523151,0.013297872340425567,9
8100,2021-09-03 12:00:00,79.79,79.84,78.73,78.855,809941.0,-0.011718260433638328,0.0006266449429752746,0.013284872791076603,9
8101,2021-09-03 13:00:00,78.84,79.515,78.685,79.44,623855.0,0.007610350076103428,0.008561643835616401,0.0019660071029934186,9
8102,2021-09-03 14:00:00,79.43,79.7,79.08,79.135,331101.0,-0.0037139619791011166,0.003399219438499257,0.0044063955684251355,9
8103,2021-09-03 15:00:00,79.1401,79.565,78.92,79.44,1143108.0,0.0037894821967623723,0.0053689596045493225,0.002781143819631289,9
8104,2021-09-03 16:00:00,79.43,79.43,79.38,79.41,30816.0,-0.000251794032481559,0.0,0.0006294850812037186,9
8105,2021-09-03 17:00:00,79.38,79.4,79.35,79.4,1922.0,0.0002519526329051428,0.0002519526329051428,0.0003779289493575351,9
8106,2021-09-03 18:00:00,79.4299,79.43,79.4299,79.43,200.0,1.2589717474568098e-06,1.2589717474568098e-06,0.0,9
8107,2021-09-03 19:00:00,79.43,79.43,79.42,79.42,801.0,-0.0001258970162407795,0.0,0.0001258970162407795,9
8108,2021-09-07 06:00:00,79.48,79.49,79.0,79.0,4507.0,-0.006039255158530498,0.00012581781580260322,0.006039255158530498,9
8109,2021-09-07 07:00:00,79.34,79.34,78.72,78.72,8585.0,-0.007814469372321711,0.0,0.007814469372321711,9
8110,2021-09-07 08:00:00,78.9168,79.33,78.51,78.7,4828.0,-0.0027471970480302307,0.0052358940048253776,0.0051547959369866725,9
8111,2021-09-07 09:00:00,78.79,80.106,77.42,79.3,617947.0,0.006472902652620775,0.016702627236958856,0.017387993400177743,9
8112,2021-09-07 10:00:00,79.34,80.29,79.09,79.232,407157.0,-0.0013612301487270493,0.011973783715654182,0.003150995714645828,9
8113,2021-09-07 11:00:00,79.23,79.885,78.87,79.56,392796.0,0.0041650889814464,0.008267070554083064,0.00454373343430518,9
8114,2021-09-07 12:00:00,79.63,80.38,79.5,80.288,608472.0,0.008263217380384293,0.009418560843903053,0.001632550546276472,9
8115,2021-09-07 13:00:00,80.31,80.7533,80.13,80.73,643653.0,0.005229734777736293,0.005519860540405847,0.0022413149047442013,9
8116,2021-09-07 14:00:00,80.7396,81.37,80.46,81.29,519091.0,0.006816977047198778,0.007807816734291584,0.0034629847063894557,9
8117,2021-09-07 15:00:00,81.28,81.71,81.081,81.46,721387.0,0.002214566929133767,0.0052903543307085705,0.0024483267716535195,9
8118,2021-09-07 16:00:00,81.49,81.5,81.31,81.35,40931.0,-0.00171800220885999,0.00012271444349006157,0.002208859982819887,9
8119,2021-09-07 17:00:00,81.33,81.39,81.01,81.2,3996.0,-0.0015984261650067067,0.0007377351530800723,0.003934587483093486,9
8120,2021-09-07 18:00:00,81.21,81.21,81.2,81.2,1000.0,-0.00012313754463724795,0.0,0.00012313754463724795,9
8121,2021-09-07 19:00:00,81.06,81.06,81.04,81.04,655.0,-0.00024673081667895414,0.0,0.00024673081667895414,9
8122,2021-09-08 04:00:00,79.2,80.39,79.19,80.38,1340.0,0.014898989898989806,0.015025252525252495,0.00012626262626269085,9
8123,2021-09-08 07:00:00,81.16,81.16,80.88,81.0,1218.0,-0.001971414489896459,0.0,0.0034499753573188903,9
8124,2021-09-08 08:00:00,80.8806,80.99,80.55,80.55,1742.0,-0.004087506769237666,0.0013526111329539312,0.004087506769237666,9
8125,2021-09-08 09:00:00,80.93,82.68,80.8999,82.1719,346878.0,0.015345360187816468,0.02162362535524527,0.0003719263561102737,9
8126,2021-09-08 10:00:00,82.17,82.43,79.7716,80.009,334222.0,-0.02629913593769017,0.0031641718388706963,0.029188268224412745,9
8127,2021-09-08 11:00:00,79.91,80.46,79.79,79.95,320192.0,0.0005005631335252941,0.006882743085971683,0.0015016894005755268,9
8128,2021-09-08 12:00:00,79.92,80.58,79.8073,80.56,251510.0,0.008008008008008015,0.008258258258258216,0.0014101601601602077,9
8129,2021-09-08 13:00:00,80.5874,80.7399,80.38,80.52,161420.0,-0.0008363590337944435,0.0018923553806178559,0.0025736033176403123,9
8130,2021-09-08 14:00:00,80.51,80.86,80.4,80.665,162487.0,0.0019252266799155524,0.004347286051422113,0.0013662899018755362,9
8131,2021-09-08 15:00:00,80.665,81.07,80.25,80.3,562182.0,-0.004524886877828167,0.0050207648918364454,0.005144734395338824,9
8132,2021-09-08 16:00:00,80.29,80.29,80.25,80.25,59953.0,-0.0004981940465812212,0.0,0.0004981940465812212,9
8133,2021-09-08 17:00:00,80.26,80.26,80.26,80.26,200.0,0.0,0.0,0.0,9
8134,2021-09-08 19:00:00,80.2,80.2,80.2,80.2,480.0,0.0,0.0,0.0,9
8135,2021-09-09 04:00:00,80.08,80.08,80.08,80.08,1007.0,0.0,0.0,0.0,9
8136,2021-09-09 07:00:00,80.19,80.19,79.85,79.98,3128.0,-0.0026187803965580965,0.0,0.004239930165856135,9
8137,2021-09-09 08:00:00,80.13,80.87,80.0,80.0,6799.0,-0.0016223636590539806,0.009234993136153865,0.0016223636590539806,9
8138,2021-09-09 09:00:00,80.0,81.4412,79.88,81.4,282584.0,0.01750000000000007,0.018014999999999937,0.0015000000000000568,9
8139,2021-09-09 10:00:00,81.425,82.6,81.425,82.44,629981.0,0.012465459011360154,0.014430457476205062,0.0,9
8140,2021-09-09 11:00:00,82.42,82.94,82.03,82.355,401943.0,-0.0007886435331230008,0.006309148264984178,0.004731861198738177,9
8141,2021-09-09 12:00:00,82.385,82.68,82.15,82.39,255859.0,6.069065970741582e-05,0.0035807489227408108,0.002852461006251131,9
8142,2021-09-09 13:00:00,82.3384,82.68,81.62,81.95,255301.0,-0.004717118622659538,0.004148732547632866,0.008724969151695787,9
8143,2021-09-09 14:00:00,81.91,82.14,81.47,81.49,312614.0,-0.005127579050177045,0.0028079599560493712,0.005371749481137807,9
8144,2021-09-09 15:00:00,81.49,82.1,81.33,81.66,492461.0,0.00208614553933,0.007485581052889919,0.0019634310958399387,9
8145,2021-09-09 16:00:00,81.65,81.65,81.51,81.51,24552.0,-0.0017146356399265225,0.0,0.0017146356399265225,9
8146,2021-09-09 18:00:00,82.39,82.39,82.39,82.39,101.0,0.0,0.0,0.0,9
8147,2021-09-09 19:00:00,81.51,82.15,81.51,82.15,600.0,0.007851797325481542,0.007851797325481542,0.0,9
8148,2021-09-10 07:00:00,81.95,82.5,81.95,82.5,1565.0,0.0067114093959731195,0.0067114093959731195,0.0,9
8149,2021-09-10 08:00:00,82.11,82.79,82.11,82.61,1749.0,0.00608939227865059,0.008281573498964887,0.0,9
8150,2021-09-10 09:00:00,82.45,82.75,81.65,82.1699,385038.0,-0.0033972104305640322,0.0036385688295936585,0.009702850212249814,9
8151,2021-09-10 10:00:00,82.2,82.24,81.47,81.87,434005.0,-0.004014598540145965,0.0004866180048660832,0.008880778588807835,9
8152,2021-09-10 11:00:00,81.9,82.89,81.7,82.87,533397.0,0.01184371184371183,0.012087912087912024,0.0024420024420024767,9
8153,2021-09-10 12:00:00,82.83,83.29,82.76,82.87,462940.0,0.0004829168175782477,0.005553543402149076,0.000845104430761719,9
8154,2021-09-10 13:00:00,82.88,83.03,82.43,82.63,202606.0,-0.0030164092664092665,0.0018098455598456284,0.005429536679536543,9
8155,2021-09-10 14:00:00,82.66,82.85,82.22,82.38,225157.0,-0.0033873699491894648,0.002298572465521386,0.005323009920154824,9
8156,2021-09-10 15:00:00,82.3662,82.42,81.48,81.57,663388.0,-0.009666586536710606,0.0006531805522167516,0.010759267757891006,9
8157,2021-09-10 16:00:00,81.5,81.85,81.22,81.85,24955.0,0.004294478527607292,0.004294478527607292,0.0034355828220859037,9
8158,2021-09-10 17:00:00,81.36,81.36,81.36,81.36,100.0,0.0,0.0,0.0,9
8159,2021-09-10 19:00:00,81.5,81.5,81.36,81.36,434.0,-0.0017177914110429518,0.0,0.0017177914110429518,9
8160,2021-09-13 06:00:00,81.99,82.0,81.99,82.0,393.0,0.00012196609342608998,0.00012196609342608998,0.0,9
8161,2021-09-13 07:00:00,82.17,82.5,82.15,82.5,1675.0,0.004016064257028091,0.004016064257028091,0.0002433978337592311,9
8162,2021-09-13 08:00:00,82.54,82.54,82.2,82.2,5559.0,-0.004119214926096479,0.0,0.004119214926096479,9
8163,2021-09-13 09:00:00,82.35,82.37,80.41,81.14,383565.0,-0.014693381906496586,0.0002428658166364327,0.02355798421372189,9
8164,2021-09-13 10:00:00,81.1,83.83,80.13,83.69,749836.0,0.03193588162762027,0.03366214549938353,0.01196054254007397,9
8165,2021-09-13 11:00:00,83.7,84.35,83.02,84.1811,708294.0,0.005747909199522077,0.007765830346475405,0.008124253285543689,9
8166,2021-09-13 12:00:00,84.21,84.69,84.05,84.46,564716.0,0.0029687685548034676,0.005700035625222705,0.0019000118750741788,9
8167,2021-09-13 13:00:00,84.44,84.505,83.16,83.2105,399274.0,-0.014560634770251085,0.0007697773567029575,0.015158692562766475,9
8168,2021-09-13 14:00:00,83.2,83.51,82.8297,83.43,297232.0,0.0027644230769231248,0.0037259615384615656,0.0044507211538461575,9
8169,2021-09-13 15:00:00,83.385,83.86,83.01,83.86,718684.0,0.0056964681897223035,0.0056964681897223035,0.004497211728728188,9
8170,2021-09-13 16:00:00,83.84,83.85,83.84,83.84,24378.0,0.0,0.00011927480916019686,0.0,9
8171,2021-09-13 18:00:00,83.8,83.84,83.67,83.67,705.0,-0.0015513126491646235,0.0004773269689738217,0.0015513126491646235,9
8172,2021-09-13 19:00:00,83.68,84.0,83.68,84.0,1242.0,0.003824091778202595,0.003824091778202595,0.0,9
8173,2021-09-14 05:00:00,83.84,83.84,83.84,83.84,200.0,0.0,0.0,0.0,9
8174,2021-09-14 07:00:00,83.52,83.52,83.2,83.2,1845.0,-0.0038314176245209915,0.0,0.0038314176245209915,9
8175,2021-09-14 08:00:00,83.0,84.0,83.0,84.0,6460.0,0.012048192771084338,0.012048192771084338,0.0,9
8176,2021-09-14 09:00:00,83.95,84.92,82.45,83.73,404994.0,-0.002620607504466931,0.011554496724240606,0.01786777843954735,9
8177,2021-09-14 10:00:00,83.71,84.0,82.58,82.7,623382.0,-0.012065464102257686,0.0034643411778760755,0.013498984589654707,9
8178,2021-09-14 11:00:00,82.685,83.21,82.65,83.03,267560.0,0.004172461752433922,0.006349398318921104,0.00042329322126137255,9
8179,2021-09-14 12:00:00,83.06,83.1757,82.6099,82.71,188429.0,-0.004213821333975542,0.0013929689381170709,0.005418974235492489,9
8180,2021-09-14 13:00:00,82.71,83.17,82.4,82.67,216456.0,-0.00048361745859015894,0.00556160077378803,0.0037480353040743332,9
8181,2021-09-14 14:00:00,82.6875,82.6875,81.97,82.23,264664.0,-0.005532879818594056,0.0,0.008677248677248691,9
8182,2021-09-14 15:00:00,82.2302,82.56,82.0675,82.44,410153.0,0.002551374069380852,0.0040106919355663235,0.0019785918069030717,9
8183,2021-09-14 16:00:00,81.95,82.44,81.95,82.42,18600.0,0.0057352043929225,0.0059792556436851114,0.0,9
8184,2021-09-14 17:00:00,82.19,82.19,82.19,82.19,550.0,0.0,0.0,0.0,9
8185,2021-09-14 18:00:00,82.42,82.42,82.42,82.42,120.0,0.0,0.0,0.0,9
8186,2021-09-14 19:00:00,82.42,82.42,82.42,82.42,200.0,0.0,0.0,0.0,9
8187,2021-09-15 05:00:00,82.43,82.43,82.43,82.43,100.0,0.0,0.0,0.0,9
8188,2021-09-15 06:00:00,82.44,82.44,82.44,82.44,220.0,0.0,0.0,0.0,9
8189,2021-09-15 07:00:00,82.15,82.15,82.15,82.15,100.0,0.0,0.0,0.0,9
8190,2021-09-15 08:00:00,82.0,82.02,82.0,82.02,215.0,0.00024390243902434173,0.00024390243902434173,0.0,9
8191,2021-09-15 09:00:00,82.03,82.36,80.73,81.86,267198.0,-0.0020724125320005084,0.004022918444471514,0.015847860538827224,9
8192,2021-09-15 10:00:00,81.92,82.73,81.69,81.89,306639.0,-0.0003662109375000139,0.009887695312500028,0.0028076171875000486,9
8193,2021-09-15 11:00:00,81.9,82.37,81.78,81.96,224724.0,0.0007326007326005868,0.005738705738705724,0.0014652014652015207,9
8194,2021-09-15 12:00:00,81.905,82.37,81.5801,82.2412,235128.0,0.0041047555094317215,0.005677309077589932,0.003966790794212802,9
8195,2021-09-15 13:00:00,82.3,83.09,82.25,82.74,207416.0,0.005346294046172512,0.009599027946537136,0.000607533414337754,9
8196,2021-09-15 14:00:00,82.73,83.0,82.525,82.77,202535.0,0.0004835005439380157,0.003263628671582207,0.002477940287682803,9
8197,2021-09-15 15:00:00,82.77,83.55,82.695,83.28,566527.0,0.00616165277274381,0.009423704240666922,0.0009061254077564678,9
8198,2021-09-15 16:00:00,83.26,83.26,82.99,82.99,35838.0,-0.0032428537112660365,0.0,0.0032428537112660365,9
8199,2021-09-15 17:00:00,83.07,83.07,83.06,83.06,1000.0,-0.00012038040207043343,0.0,0.00012038040207043343,9
8200,2021-09-15 18:00:00,83.06,83.06,83.05,83.06,1282.0,0.0,0.0,0.00012039489525650272,9
8201,2021-09-15 19:00:00,83.0,83.0,83.0,83.0,200.0,0.0,0.0,0.0,9
8202,2021-09-16 07:00:00,83.15,83.15,83.15,83.15,250.0,0.0,0.0,0.0,9
8203,2021-09-16 08:00:00,82.76,82.94,82.76,82.76,1156.0,0.0,0.002174963750604067,0.0,9
8204,2021-09-16 09:00:00,83.15,83.749,82.63,83.0,255976.0,-0.0018039687312087272,0.007203848466626452,0.006253758268190141,9
8205,2021-09-16 10:00:00,83.0,83.42,82.46,82.61,340261.0,-0.004698795180722898,0.005060240963855442,0.006506024096385617,9
8206,2021-09-16 11:00:00,82.59,82.75,82.29,82.53,258241.0,-0.0007264802034144844,0.0019372805424385106,0.0036324010170722502,9
8207,2021-09-16 12:00:00,82.57,83.14,82.32,83.14,194476.0,0.006903233619958913,0.006903233619958913,0.003027734043841589,9
8208,2021-09-16 13:00:00,83.13,83.3299,82.9127,83.2,209229.0,0.0008420546132564344,0.002404667388427758,0.0026139781065799895,9
8209,2021-09-16 14:00:00,83.22,83.38,83.05,83.3,226886.0,0.000961307378034106,0.001922614756068212,0.0020427781783225393,9
8210,2021-09-16 15:00:00,83.285,83.48,82.51,82.55,492548.0,-0.00882511856876988,0.002341357987632916,0.009305397130335492,9
8211,2021-09-16 16:00:00,82.54,82.56,82.54,82.55,68926.0,0.00012115338017919681,0.0002423067603585658,0.0,9
8212,2021-09-16 17:00:00,82.5,82.55,82.37,82.37,940.0,-0.0015757575757575205,0.0006060606060605716,0.0015757575757575205,9
8213,2021-09-16 18:00:00,82.33,82.6,82.33,82.4,1166.0,0.0008502368516944903,0.00327948499939264,0.0,9
8214,2021-09-16 19:00:00,82.32,82.32,82.3,82.3,984.0,-0.00024295432458692933,0.0,0.00024295432458692933,9
8215,2021-09-17 07:00:00,82.39,82.39,82.28,82.28,500.0,-0.001335113484646188,0.0,0.001335113484646188,9
8216,2021-09-17 08:00:00,82.02,82.75,82.01,82.64,4965.0,0.007559131919044192,0.008900268227261693,0.00012192148256511711,9
8217,2021-09-17 09:00:00,82.8424,84.7046,82.52,84.0,572709.0,0.013973520805770984,0.022478827267196525,0.003891726941759314,9
8218,2021-09-17 10:00:00,84.01,84.84,83.72,83.91,618694.0,-0.0011903344839901027,0.00987977621711699,0.003451970003571078,9
8219,2021-09-17 11:00:00,83.83,84.84,83.73,84.01,512891.0,0.002147202672074518,0.012048192771084399,0.001192890373374619,9
8220,2021-09-17 12:00:00,83.99,84.5,83.9,84.27,358672.0,0.0033337302059769157,0.006072151446600847,0.0010715561376353042,9
8221,2021-09-17 13:00:00,84.27,84.28,83.5,83.8449,598488.0,-0.0050444998220007175,0.00011866619200195937,0.00913729678414615,9
8222,2021-09-17 14:00:00,83.86,84.03,83.15,83.64,416959.0,-0.002623419985690423,0.0020271881707608123,0.00846649177200088,9
8223,2021-09-17 15:00:00,83.72,83.9,83.4,83.77,821597.0,0.0005972288580983893,0.0021500238891544055,0.003822264691829828,9
8224,2021-09-17 16:00:00,83.77,83.79,83.55,83.79,310776.0,0.00023874895547344196,0.00023874895547344196,0.0026262385102065046,9
8225,2021-09-17 17:00:00,83.78,83.78,83.78,83.78,200.0,0.0,0.0,0.0,9
8226,2021-09-17 18:00:00,83.38,83.38,83.37,83.37,625.0,-0.0001199328376108288,0.0,0.0001199328376108288,9
8227,2021-09-17 19:00:00,83.39,83.74,83.38,83.38,5300.0,-0.00011991845545035515,0.004197145940760215,0.00011991845545035515,9
8228,2021-09-20 04:00:00,82.01,82.32,82.0,82.0,2055.0,-0.00012193634922576656,0.003780026825996684,0.00012193634922576656,9
8229,2021-09-20 05:00:00,81.65,81.65,81.63,81.63,509.0,-0.0002449479485610561,0.0,0.0002449479485610561,9
8230,2021-09-20 06:00:00,81.62,81.62,81.62,81.62,103.0,0.0,0.0,0.0,9
8231,2021-09-20 07:00:00,82.0,82.0,81.49,81.49,3190.0,-0.006219512195122014,0.0,0.006219512195122014,9
8232,2021-09-20 08:00:00,81.7647,82.0,80.86,81.2,16155.0,-0.006906403374561418,0.002877769991206415,0.011064677055012804,9
8233,2021-09-20 09:00:00,81.09,82.98,80.75,82.22,724583.0,0.013935133801948395,0.023307436182019983,0.004192872117400461,9
8234,2021-09-20 10:00:00,82.3,83.1,81.7,82.97,605611.0,0.008140947752126388,0.009720534629404583,0.007290400972053394,9
8235,2021-09-20 11:00:00,82.98,83.38,82.47,82.545,232221.0,-0.005242227042660909,0.00482043865991795,0.006146059291395578,9
8236,2021-09-20 12:00:00,82.53,82.61,81.591,81.641,257553.0,-0.010771840542832858,0.0009693444807948418,0.011377680843329786,9
8237,2021-09-20 13:00:00,81.6,82.54,81.59,82.48,324377.0,0.010784313725490316,0.011519607843137401,0.00012254901960773168,9
8238,2021-09-20 14:00:00,82.46,82.56,81.59,81.93,321106.0,-0.006427358719378935,0.0012127091923357814,0.010550569973320281,9
8239,2021-09-20 15:00:00,81.85,83.06,81.66,82.97,649621.0,0.01368356750152724,0.01478313989004286,0.002321319486866191,9
8240,2021-09-20 16:00:00,82.9,83.0,82.7,82.96,111989.0,0.0007237635705668041,0.0012062726176115116,0.0024125452352231945,9
8241,2021-09-20 18:00:00,82.81,83.0,82.81,83.0,2448.0,0.002294408887815454,0.002294408887815454,0.0,9
8242,2021-09-20 19:00:00,82.91,82.91,82.51,82.51,1351.0,-0.004824508503196134,0.0,0.004824508503196134,9
8243,2021-09-21 06:00:00,83.94,83.95,83.93,83.93,1657.0,-0.000119132713843113,0.00011913271384328229,0.000119132713843113,9
8244,2021-09-21 07:00:00,83.77,83.95,83.54,83.84,4539.0,0.0008356213441567075,0.00214874059925996,0.0027456129879430556,9
8245,2021-09-21 08:00:00,83.65,83.8,83.65,83.8,600.0,0.0017931858936042016,0.0017931858936042016,0.0,9
8246,2021-09-21 09:00:00,83.43,84.89,83.1,83.32,327210.0,-0.001318470574134168,0.017499700347596712,0.003955411722402163,9
8247,2021-09-21 10:00:00,83.32,83.32,82.225,82.49,388249.0,-0.009961593855016783,0.0,0.013142102736437818,9
8248,2021-09-21 11:00:00,82.47,83.2,82.31,83.18,271689.0,0.008609191221050175,0.0088517036498121,0.0019400994300957511,9
8249,2021-09-21 12:00:00,83.21,83.656,82.99,83.23,279283.0,0.00024035572647530625,0.005359932700396733,0.0026439129912270024,9
8250,2021-09-21 13:00:00,83.2097,83.545,83.01,83.26,224961.0,0.0006044968314992977,0.0040295782823397235,0.0023999605815186557,9
8251,2021-09-21 14:00:00,83.31,83.54,82.78,83.24,260162.0,-0.0008402352658745335,0.0027607730164446523,0.006361781298763667,9
8252,2021-09-21 15:00:00,83.255,83.7519,82.86,82.86,525010.0,-0.004744459792204625,0.005968410305687476,0.004744459792204625,9
8253,2021-09-21 16:00:00,83.1899,83.1899,82.86,82.92,74736.0,-0.003244384234143721,0.0,0.003965625634842631,9
8254,2021-09-21 17:00:00,82.55,82.88,82.55,82.61,750.0,0.0007268322228952426,0.003997577225923662,0.0,9
8255,2021-09-21 19:00:00,82.6,82.6,82.6,82.6,1000.0,0.0,0.0,0.0,9
8256,2021-09-22 04:00:00,82.92,82.92,82.92,82.92,178.0,0.0,0.0,0.0,9
8257,2021-09-22 06:00:00,83.72,83.74,83.71,83.74,855.0,0.0002388915432393218,0.0002388915432393218,0.00011944577161974577,9
8258,2021-09-22 07:00:00,83.51,83.6,83.5,83.6,923.0,0.0010777152436832619,0.0010777152436832619,0.00011974613818710472,9
8259,2021-09-22 08:00:00,83.65,83.65,83.6,83.6,1675.0,-0.0005977286312015705,0.0,0.0005977286312015705,9
8260,2021-09-22 09:00:00,83.52,85.51,83.29,85.3205,593520.0,0.021557710727969345,0.023826628352490532,0.0027538314176243986,9
8261,2021-09-22 10:00:00,85.37,85.4496,84.72,85.32,816623.0,-0.0005856858381165675,0.0009324118542813544,0.007613915895513712,9
8262,2021-09-22 11:00:00,85.3,86.03,85.21,85.81,783202.0,0.005978898007034058,0.008558030480656554,0.0010550996483001571,9
8263,2021-09-22 12:00:00,85.8,85.9,85.15,85.53,357325.0,-0.0031468531468531007,0.0011655011655012648,0.007575757575757476,9
8264,2021-09-22 13:00:00,85.52,85.855,85.445,85.68,302759.0,0.0018709073900843173,0.0039172123479888675,0.0008769878391019977,9
8265,2021-09-22 14:00:00,85.67,86.19,85.24,85.64,903770.0,-0.00035018092681219954,0.0060698027314111825,0.005019259950974749,9
8266,2021-09-22 15:00:00,85.57,85.77,85.24,85.33,778379.0,-0.0028047212808226586,0.0023372677340189655,0.003856491761131218,9
8267,2021-09-22 16:00:00,85.21,85.4,85.21,85.38,46585.0,0.0019950710010562343,0.0022297852364747323,0.0,9
8268,2021-09-22 19:00:00,85.45,85.45,85.45,85.45,513.0,0.0,0.0,0.0,9
8269,2021-09-23 07:00:00,85.87,86.0,85.61,85.99,2212.0,0.0013974612786769574,0.0015139163852334395,0.0030278327704670446,9
8270,2021-09-23 08:00:00,85.81,86.11,85.81,86.11,2471.0,0.0034960960261041503,0.0034960960261041503,0.0,9
8271,2021-09-23 09:00:00,86.05,87.94,86.05,87.56,728634.0,0.017547937245787393,0.02196397443346892,0.0,9
8272,2021-09-23 10:00:00,87.55,88.94,87.31,88.705,1276608.0,0.013192461450599671,0.015876641918903492,0.0027412906910336365,9
8273,2021-09-23 11:00:00,88.7,89.16,88.41,89.16,682186.0,0.0051860202931228155,0.0051860202931228155,0.003269447576099281,9
8274,2021-09-23 12:00:00,89.165,89.23,88.83,88.89,433311.0,-0.003084169797566373,0.0007289855885156476,0.0037570795715808664,9
8275,2021-09-23 13:00:00,88.92,88.97,88.62,88.63,286828.0,-0.0032613585245164895,0.0005623031938821093,0.0033738191632928156,9
8276,2021-09-23 14:00:00,88.61,88.67,87.9651,88.075,582124.0,-0.006037693262611405,0.0006771244780499071,0.007277959598239394,9
8277,2021-09-23 15:00:00,88.08,88.395,87.82,88.1584,919557.0,0.0008900999091735017,0.0035762942779291296,0.002951861943687615,9
8278,2021-09-23 16:00:00,88.16,88.25,88.16,88.25,38054.0,0.0010208711433757193,0.0010208711433757193,0.0,9
8279,2021-09-23 17:00:00,88.49,88.49,88.47,88.47,300.0,-0.00022601423889700555,0.0,0.00022601423889700555,9
8280,2021-09-23 18:00:00,88.49,88.6,88.48,88.5,2595.0,0.00011300711944858307,0.0012430783139337714,0.00011300711944842248,9
8281,2021-09-23 19:00:00,88.51,88.6,88.49,88.6,1936.0,0.0010168342560161472,0.0010168342560161472,0.000225963168003731,9
8282,2021-09-24 06:00:00,87.98,87.98,87.98,87.98,275.0,0.0,0.0,0.0,9
8283,2021-09-24 07:00:00,87.8,87.87,87.7,87.8,1965.0,0.0,0.0007972665148064624,0.001138952164009047,9
8284,2021-09-24 08:00:00,87.9,87.9,87.6,87.73,3035.0,-0.0019340159271900078,0.0,0.0034129692832765798,9
8285,2021-09-24 09:00:00,87.6,89.88,87.12,89.1,627674.0,0.01712328767123288,0.026027397260273987,0.005479452054794404,9
8286,2021-09-24 10:00:00,89.12,91.32,88.9,90.58,1487934.0,0.016382405745062764,0.024685816876121952,0.0024685816876121956,9
8287,2021-09-24 11:00:00,90.61,90.865,89.0,90.75,1032033.0,0.001545083324136415,0.002814258911819837,0.017768458227568694,9
8288,2021-09-24 12:00:00,90.75,90.99,90.27,90.51,481365.0,-0.0026446280991734975,0.0026446280991734975,0.005289256198347151,9
8289,2021-09-24 13:00:00,90.525,90.525,89.785,89.82,367797.0,-0.007787903893952085,0.0,0.008174537420602144,9
8290,2021-09-24 14:00:00,89.84,90.33,89.703,90.32,280208.0,0.00534283170080131,0.005454140694568064,0.001524933214603745,9
8291,2021-09-24 15:00:00,90.32,90.9502,90.28,90.69,989288.0,0.004096545615589068,0.006977413640389749,0.00044286979627980563,9
8292,2021-09-24 16:00:00,90.69,90.69,90.5,90.65,502864.0,-0.0004410629617377003,0.0,0.0020950490682544684,9
8293,2021-09-24 17:00:00,90.63,90.63,90.52,90.62,4135.0,-0.00011033873993148963,0.0,0.0012137261392474836,9
8294,2021-09-24 18:00:00,90.52,90.63,90.52,90.53,654.0,0.00011047282368542992,0.0012152010605391012,0.0,9
8295,2021-09-24 19:00:00,90.52,90.6,90.52,90.6,3084.0,0.0008837825894829684,0.0008837825894829684,0.0,9
8296,2021-09-27 04:00:00,91.0,91.0,91.0,91.0,243.0,0.0,0.0,0.0,9
8297,2021-09-27 05:00:00,91.55,91.55,91.5,91.5,1155.0,-0.0005461496450026997,0.0,0.0005461496450026997,9
8298,2021-09-27 06:00:00,91.47,91.49,91.36,91.4,4600.0,-0.0007652782333004612,0.00021865092380010954,0.0012025800809008357,9
8299,2021-09-27 07:00:00,91.24,91.46,91.2,91.2,11993.0,-0.0004384042086803161,0.002411223147742206,0.0004384042086803161,9
8300,2021-09-27 08:00:00,91.4499,91.5198,91.03,91.4298,24376.0,-0.0002197924765363258,0.0007643529407905757,0.004591585119283874,9
8301,2021-09-27 09:00:00,91.3,94.8,91.3,94.6061,1309835.0,0.03621139101861994,0.03833515881708653,0.0,9
8302,2021-09-27 10:00:00,94.66,95.23,93.38,94.06,1280413.0,-0.006338474540460536,0.006021550813437644,0.013522079019649283,9
8303,2021-09-27 11:00:00,94.12,94.67,93.53,94.5699,808933.0,0.004780067998300037,0.005843603909902222,0.006268593285167907,9
8304,2021-09-27 12:00:00,94.5786,94.97,94.37,94.795,617573.0,0.0022880440184143906,0.0041383568798861944,0.0022055729308743197,9
8305,2021-09-27 13:00:00,94.72,94.8,93.61,93.835,568533.0,-0.009343327702702757,0.0008445945945945766,0.011718749999999995,9
8306,2021-09-27 14:00:00,93.84,93.9,93.0589,93.225,467415.0,-0.0065537084398977945,0.0006393861892583363,0.008323742540494557,9
8307,2021-09-27 15:00:00,93.23,93.28,92.265,92.39,941601.0,-0.00900997532982949,0.0005363080553469608,0.010350745468196969,9
8308,2021-09-27 16:00:00,92.41,92.41,92.32,92.39,66697.0,-0.00021642679363700922,0.0,0.0009739205713667721,9
8309,2021-09-27 17:00:00,92.5,92.5,92.49,92.5,1302.0,0.0,0.0,0.00010810810810816341,9
8310,2021-09-27 18:00:00,92.65,92.65,92.35,92.35,600.0,-0.003237992444684418,0.0,0.003237992444684418,9
8311,2021-09-27 19:00:00,92.5,92.5,92.32,92.32,1815.0,-0.0019459459459460198,0.0,0.0019459459459460198,9
8312,2021-09-28 04:00:00,92.01,92.01,91.41,91.41,520.0,-0.006521030322791093,0.0,0.006521030322791093,9
8313,2021-09-28 05:00:00,91.4,91.4,91.4,91.4,122.0,0.0,0.0,0.0,9
8314,2021-09-28 07:00:00,91.84,91.84,91.25,91.65,2693.0,-0.002068815331010428,0.0,0.006424216027874601,9
8315,2021-09-28 08:00:00,91.69,91.75,91.3,91.4,7171.0,-0.003162831279310634,0.0006543788853746567,0.004253462754935114,9
8316,2021-09-28 09:00:00,91.3,94.62,91.3,93.44,739919.0,0.023439211391018625,0.036363636363636445,0.0,9
8317,2021-09-28 10:00:00,93.415,93.6117,91.94,92.48,863619.0,-0.010009099181073728,0.002105657549643984,0.01578975539260299,9
8318,2021-09-28 11:00:00,92.485,92.7,91.795,92.12,456247.0,-0.003946585932853921,0.002324701302914023,0.007460669297723931,9
8319,2021-09-28 12:00:00,92.12,92.4,91.9,91.99,236103.0,-0.0014112027789840388,0.0030395136778115623,0.002388189318280491,9
8320,2021-09-28 13:00:00,91.96,92.79,91.92,92.08,265661.0,0.0013049151805133161,0.009025663331883564,0.000434971726837669,9
8321,2021-09-28 14:00:00,92.15,93.1126,91.75,93.05,522814.0,0.00976668475311982,0.010446011937059086,0.0043407487791644675,9
8322,2021-09-28 15:00:00,93.03,93.17,91.68,91.94,671690.0,-0.011716650542835681,0.0015048908954100888,0.014511447920025736,9
8323,2021-09-28 16:00:00,91.97,92.0,91.9,91.97,34719.0,0.0,0.000326193323909983,0.0007611177557898573,9
8324,2021-09-28 17:00:00,91.9601,91.9601,91.9601,91.9601,100.0,0.0,0.0,0.0,9
8325,2021-09-28 18:00:00,91.96,92.05,91.96,91.97,1029.0,0.00010874293170949452,0.000978686385384987,0.0,9
8326,2021-09-28 19:00:00,91.97,92.05,91.97,92.05,775.0,0.0008698488637599032,0.0008698488637599032,0.0,9
8327,2021-09-29 07:00:00,92.39,92.39,92.2,92.2,466.0,-0.002056499621171098,0.0,0.002056499621171098,9
8328,2021-09-29 08:00:00,92.4,92.65,92.0,92.45,7010.0,0.0005411255411255103,0.0027056277056277055,0.004329004329004391,9
8329,2021-09-29 09:00:00,92.41,92.75,90.1526,91.43,390139.0,-0.01060491288821545,0.0036792554918299255,0.02442809219781398,9
8330,2021-09-29 10:00:00,91.3,92.9321,90.9,92.63,837645.0,0.014567360350492862,0.017876232201533497,0.004381161007666939,9
8331,2021-09-29 11:00:00,92.61,92.61,91.12,91.62,317356.0,-0.010689990281826961,0.0,0.016088975272648687,9
8332,2021-09-29 12:00:00,91.64,91.83,90.8313,90.99,240589.0,-0.007092972501091289,0.002073330423395872,0.008824749017896134,9
8333,2021-09-29 13:00:00,90.95,91.28,90.78,91.075,251662.0,0.0013743815283122594,0.0036283672347443463,0.0018691588785046916,9
8334,2021-09-29 14:00:00,91.07,91.35,90.8601,90.98,281722.0,-0.0009882507960908005,0.003074558032282872,0.0023048204677719383,9
8335,2021-09-29 15:00:00,91.0,91.11,90.44,90.69,729703.0,-0.0034065934065934315,0.0012087912087912025,0.006153846153846179,9
8336,2021-09-29 16:00:00,90.67,90.67,90.52,90.55,32379.0,-0.00132348075438408,0.0,0.0016543509429801002,9
8337,2021-09-29 18:00:00,90.68,90.68,90.68,90.68,193.0,0.0,0.0,0.0,9
8338,2021-09-30 04:00:00,92.0,92.0,91.4,91.4,957.0,-0.006521739130434721,0.0,0.006521739130434721,9
8339,2021-09-30 05:00:00,91.41,91.42,90.95,90.95,6273.0,-0.005032272180286552,0.00010939722131063468,0.005032272180286552,9
8340,2021-09-30 06:00:00,91.01,91.02,90.82,90.82,3274.0,-0.0020876826722339517,0.00010987803538062746,0.0020876826722339517,9
8341,2021-09-30 07:00:00,90.92,90.92,90.68,90.68,4885.0,-0.002639683238011382,0.0,0.002639683238011382,9
8342,2021-09-30 08:00:00,90.92,90.92,90.7,90.81,4585.0,-0.0012098548174219032,0.0,0.0024197096348438064,9
8343,2021-09-30 09:00:00,90.65,90.65,88.501,89.02,451056.0,-0.01798124655267523,0.0,0.023706563706563714,9
8344,2021-09-30 10:00:00,88.98,89.27,88.6,88.81,421170.0,-0.0019105416947628872,0.0032591593616542146,0.00427062261182299,9
8345,2021-09-30 11:00:00,88.81,89.65,88.705,88.8299,526463.0,0.00022407386555559848,0.009458394324963443,0.0011822992906204703,9
8346,2021-09-30 12:00:00,88.79,89.04,88.38,88.75,472386.0,-0.0004505011825656746,0.002815632391035026,0.004617637121297565,9
8347,2021-09-30 13:00:00,88.76,89.06,88.27,88.975,263909.0,0.0024222622803063225,0.003379900856241518,0.005520504731861301,9
8348,2021-09-30 14:00:00,89.0,89.979,88.995,89.59,280191.0,0.006629213483146106,0.01099999999999999,5.617977528084778e-05,9
8349,2021-09-30 15:00:00,89.55,89.75,88.9,88.9,523020.0,-0.007258514796203143,0.0022333891680625666,0.007258514796203143,9
8350,2021-09-30 16:00:00,88.95,88.95,88.9,88.9,32475.0,-0.0005621135469364492,0.0,0.0005621135469364492,9
8351,2021-09-30 19:00:00,89.25,89.25,89.25,89.25,281.0,0.0,0.0,0.0,9
8352,2021-10-01 06:00:00,88.54,88.55,88.54,88.55,624.0,0.00011294330246206126,0.00011294330246206126,0.0,10
8353,2021-10-01 07:00:00,89.1,90.66,89.09,90.66,28405.0,0.017508417508417536,0.017508417508417536,0.00011223344556667684,10
8354,2021-10-01 08:00:00,90.288,91.69,90.2,91.25,59931.0,0.010654793549530429,0.01552808789650896,0.0009746588693956436,10
8355,2021-10-01 09:00:00,91.29,93.92,91.25,91.64,1084932.0,0.003833935808960393,0.028809289078759945,0.000438164092452692,10
8356,2021-10-01 10:00:00,91.66,93.27,91.51,92.01,892562.0,0.0038184595243291354,0.01756491381191359,0.0016364826532837822,10
8357,2021-10-01 11:00:00,92.01,92.71,91.425,91.96,502454.0,-0.0005434191935660403,0.00760786870992271,0.006358004564721312,10
8358,2021-10-01 12:00:00,91.95,92.56,91.77,92.3,445796.0,0.0038064165307231572,0.006634040239260461,0.0019575856443720153,10
8359,2021-10-01 13:00:00,92.28,92.91,92.14,92.81,427260.0,0.00574338968357175,0.006827048114434281,0.0015171218032076351,10
8360,2021-10-01 14:00:00,92.82,92.89,92.32,92.44,518378.0,-0.00409394527041581,0.0007541478129714221,0.005386770092652446,10
8361,2021-10-01 15:00:00,92.46,92.87,92.21,92.33,944428.0,-0.0014060134112047964,0.004434349989184629,0.0027038719446247027,10
8362,2021-10-01 16:00:00,92.33,92.59,92.03,92.22,38370.0,-0.0011913787501353777,0.0028159861366836903,0.003249214773096471,10
8363,2021-10-01 17:00:00,92.22,92.45,92.22,92.4,960.0,0.001951854261548545,0.002494036000867534,0.0,10
8364,2021-10-01 19:00:00,92.62,92.62,92.36,92.4,1983.0,-0.0023752969121140018,0.0,0.002807169077952981,10
8365,2021-10-04 05:00:00,92.29,92.29,92.1,92.1,972.0,-0.002058727922852009,0.0,0.002058727922852009,10
8366,2021-10-04 06:00:00,92.29,92.34,92.29,92.34,1400.0,0.0005417705060136217,0.0005417705060136217,0.0,10
8367,2021-10-04 07:00:00,92.29,92.74,92.29,92.74,2633.0,0.0048759345541227505,0.0048759345541227505,0.0,10
8368,2021-10-04 08:00:00,92.62,93.06,92.2,93.0,9662.0,0.0041027855754696115,0.0047505938242280036,0.004534657741308591,10
8369,2021-10-04 09:00:00,93.0,93.326,90.39,92.771,537533.0,-0.002462365591397841,0.0035053763440859504,0.02806451612903225,10
8370,2021-10-04 10:00:00,92.75,92.86,90.87,91.51,749147.0,-0.01336927223719671,0.0011859838274932554,0.02026954177897569,10
8371,2021-10-04 11:00:00,91.45,91.785,91.01,91.73,489118.0,0.0030617823947512424,0.003663203936577296,0.004811372334609051,10
8372,2021-10-04 12:00:00,91.695,91.93,91.3804,91.65,340691.0,-0.0004907574022573477,0.0025628442117892323,0.0034309395277823075,10
8373,2021-10-04 13:00:00,91.64,91.69,91.31,91.54,203288.0,-0.0010912265386293575,0.0005456132693146788,0.0036010475774770657,10
8374,2021-10-04 14:00:00,91.53,91.72,91.0,91.41,230242.0,-0.0013110455588332191,0.00207582213481916,0.005790451218179844,10
8375,2021-10-04 15:00:00,91.35,91.5851,90.61,91.03,521642.0,-0.0035030103995620492,0.002573617952928328,0.008100711548987356,10
8376,2021-10-04 16:00:00,91.06,91.06,91.06,91.06,72565.0,0.0,0.0,0.0,10
8377,2021-10-04 17:00:00,91.08,91.08,91.0,91.07,396.0,-0.00010979358805451379,0.0,0.0008783487044356422,10
8378,2021-10-04 18:00:00,91.06,91.06,91.06,91.06,500.0,0.0,0.0,0.0,10
8379,2021-10-04 19:00:00,91.05,91.05,91.05,91.05,100.0,0.0,0.0,0.0,10
8380,2021-10-05 06:00:00,91.71,91.71,91.71,91.71,129.0,0.0,0.0,0.0,10
8381,2021-10-05 07:00:00,91.5,91.75,91.45,91.75,1228.0,0.00273224043715847,0.00273224043715847,0.000546448087431663,10
8382,2021-10-05 08:00:00,91.52,91.92,91.52,91.92,1047.0,0.0043706293706294325,0.0043706293706294325,0.0,10
8383,2021-10-05 09:00:00,91.9,92.081,90.5,91.6,266910.0,-0.0032644178454843457,0.0019695321001087854,0.015233949945593097,10
8384,2021-10-05 10:00:00,91.655,92.55,91.59,92.07,383861.0,0.004527848998963417,0.009764879166439321,0.0007091811685123313,10
8385,2021-10-05 11:00:00,92.11,92.2,90.91,91.22,318453.0,-0.00966236022147433,0.00097709260666598,0.013027901422212603,10
8386,2021-10-05 12:00:00,91.21,91.25,90.41,91.135,295184.0,-0.0008222782589627084,0.0004385484047802462,0.008770968095603522,10
8387,2021-10-05 13:00:00,91.14,91.23,90.88,91.16,250552.0,0.00021944261575593615,0.0009874917709019465,0.002852754004827794,10
8388,2021-10-05 14:00:00,91.19,91.3458,91.0592,91.275,131294.0,0.000932119749972672,0.001708520671126212,0.0014343678034871542,10
8389,2021-10-05 15:00:00,91.3,91.525,90.96,91.02,433759.0,-0.003066812705366935,0.0024644030668127988,0.0037239868565170143,10
8390,2021-10-05 16:00:00,91.01,91.05,91.01,91.05,14278.0,0.0004395121415228221,0.0004395121415228221,0.0,10
8391,2021-10-05 17:00:00,90.9,90.9,90.9,90.9,200.0,0.0,0.0,0.0,10
8392,2021-10-05 19:00:00,90.95,90.95,90.9,90.9,200.0,-0.0005497526113248725,0.0,0.0005497526113248725,10
8393,2021-10-06 04:00:00,90.03,90.03,90.03,90.03,311.0,0.0,0.0,0.0,10
8394,2021-10-06 05:00:00,89.26,89.26,88.7,88.7,3992.0,-0.006273806856374661,0.0,0.006273806856374661,10
8395,2021-10-06 06:00:00,88.8,88.8,88.8,88.8,5387.0,0.0,0.0,0.0,10
8396,2021-10-06 07:00:00,88.8,89.11,88.8,88.92,18087.0,0.0013513513513514026,0.003490990990991017,0.0,10
8397,2021-10-06 08:00:00,89.2325,91.0355,88.75,91.0355,6379.0,0.0202056425629675,0.0202056425629675,0.005407222704732039,10
8398,2021-10-06 09:00:00,89.5,90.12,88.617,88.89,351243.0,-0.0068156424581005525,0.006927374301676029,0.009865921787709448,10
8399,2021-10-06 10:00:00,88.87,89.2928,88.43,89.125,428792.0,0.0028693597389444743,0.0047575109710813,0.004951052098570921,10
8400,2021-10-06 11:00:00,89.18,90.07,88.92,90.005,234525.0,0.009250953128504021,0.009979816102264928,0.002915451895043789,10
8401,2021-10-06 12:00:00,90.01,90.05,89.41,89.73,134594.0,-0.0031107654705032897,0.00044439506721466546,0.006665926008221403,10
8402,2021-10-06 13:00:00,89.74,90.06,89.37,89.99,170301.0,0.0027858257187430356,0.003565856919991168,0.004123022063739585,10
8403,2021-10-06 14:00:00,90.03,90.72,89.94,90.29,228024.0,0.002887926246806677,0.007664111962679082,0.000999666777740791,10
8404,2021-10-06 15:00:00,90.295,90.41,90.03,90.08,604355.0,-0.002381084223932703,0.0012736031895453223,0.0029348247411263143,10
8405,2021-10-06 16:00:00,90.07,90.07,90.03,90.03,26744.0,-0.00044409903408451255,0.0,0.00044409903408451255,10
8406,2021-10-06 17:00:00,90.08,90.08,90.08,90.08,350.0,0.0,0.0,0.0,10
8407,2021-10-06 18:00:00,90.29,90.29,90.29,90.29,675.0,0.0,0.0,0.0,10
8408,2021-10-06 19:00:00,90.3,90.3,90.08,90.1,1876.0,-0.0022148394241417813,0.0,0.002436323366555912,10
8409,2021-10-07 04:00:00,90.68,90.68,90.68,90.68,1040.0,0.0,0.0,0.0,10
8410,2021-10-07 05:00:00,90.24,90.24,90.24,90.24,106.0,0.0,0.0,0.0,10
8411,2021-10-07 06:00:00,91.54,91.54,91.54,91.54,203.0,0.0,0.0,0.0,10
8412,2021-10-07 07:00:00,90.61,91.24,90.61,91.2,3670.0,0.006511422580289189,0.006952874958613789,0.0,10
8413,2021-10-07 08:00:00,91.25,91.3,90.81,91.1899,10366.0,-0.0006586301369863627,0.0005479452054794209,0.004821917808219153,10
8414,2021-10-07 09:00:00,91.0,91.1,89.16,89.89,482126.0,-0.012197802197802192,0.0010989010989010365,0.020219780219780256,10
8415,2021-10-07 10:00:00,89.89,90.42,89.04,90.08,515147.0,0.0021136945155189424,0.005896095227500291,0.009456001779953213,10
8416,2021-10-07 11:00:00,90.08,90.24,89.798,89.835,338401.0,-0.0027198046181172797,0.0017761989342806016,0.003130550621669588,10
8417,2021-10-07 12:00:00,89.84,89.92,89.37,89.57,198564.0,-0.003005342831700915,0.0008904719501335518,0.005231522707034715,10
8418,2021-10-07 13:00:00,89.575,89.705,89.18,89.19,259013.0,-0.004298074239464193,0.0014512977951436836,0.004409712531398225,10
8419,2021-10-07 14:00:00,89.19,89.21,88.59,88.63,514634.0,-0.006278730799417001,0.00022424038569341878,0.0067272115708038385,10
8420,2021-10-07 15:00:00,88.61,88.99,88.53,88.79,536540.0,0.0020313734341497213,0.004288455027649198,0.0009028326373998228,10
8421,2021-10-07 16:00:00,88.79,88.79,88.79,88.79,18282.0,0.0,0.0,0.0,10
8422,2021-10-07 17:00:00,88.85,88.94,88.85,88.88,1219.0,0.0003376477208778969,0.0010129431626336907,0.0,10
8423,2021-10-07 19:00:00,88.95,88.95,88.95,88.95,200.0,0.0,0.0,0.0,10
8424,2021-10-08 07:00:00,89.02,89.4,88.93,89.29,2960.0,0.0030330262862279292,0.004268703662098514,0.0010110087620758168,10
8425,2021-10-08 08:00:00,88.95,89.25,88.5,88.77,6400.0,-0.0020236087689714088,0.0033726812816188547,0.005059021922428362,10
8426,2021-10-08 09:00:00,89.24,89.57,88.25,89.35,310469.0,0.0012326311071268426,0.003697893321380528,0.011093679964141585,10
8427,2021-10-08 10:00:00,89.43,90.05,89.21,89.36,377554.0,-0.0007827351000783561,0.006932796600693171,0.0024600246002461482,10
8428,2021-10-08 11:00:00,89.38,89.45,88.78,88.78,159696.0,-0.006712911165808843,0.000783172969344455,0.006712911165808843,10
8429,2021-10-08 12:00:00,88.83,88.83,88.31,88.67,431739.0,-0.0018011932905549544,0.0,0.0058538781943036815,10
8430,2021-10-08 13:00:00,88.63,88.725,87.9,87.9846,263925.0,-0.007281958704727464,0.001071871826695237,0.008236488773552857,10
8431,2021-10-08 14:00:00,87.99,88.2976,87.88,88.0538,263990.0,0.0007250823957267931,0.003495851801341151,0.0012501420615979024,10
8432,2021-10-08 15:00:00,88.06,88.21,87.591,87.73,601914.0,-0.0037474449239154927,0.001703384056325136,0.0053259141494436555,10
8433,2021-10-08 16:00:00,87.73,88.146794,87.67,87.8,38771.0,0.0007979026558759053,0.004750871993616732,0.00068391656217944,10
8434,2021-10-08 17:00:00,87.73,87.73,87.73,87.73,508.0,0.0,0.0,0.0,10
8435,2021-10-08 18:00:00,87.9899,88.0,87.95,88.0,2100.0,0.00011478590156363655,0.00011478590156363655,0.0004534611358804014,10
8436,2021-10-08 19:00:00,87.8,87.82,87.7,87.7,614.0,-0.001138952164009047,0.00022779043280177701,0.001138952164009047,10
8437,2021-10-11 04:00:00,87.59,87.59,87.2,87.2,3200.0,-0.004452563077976944,0.0,0.004452563077976944,10
8438,2021-10-11 05:00:00,87.39,87.48,87.39,87.48,300.0,0.0010298661174047764,0.0010298661174047764,0.0,10
8439,2021-10-11 07:00:00,87.39,87.5,87.39,87.5,2652.0,0.0012587252546057835,0.0012587252546057835,0.0,10
8440,2021-10-11 08:00:00,87.28,87.59,87.26,87.53,1582.0,0.0028643446379468377,0.003551787351054105,0.00022914757103570144,10
8441,2021-10-11 09:00:00,87.59,88.08,86.5,87.7,360132.0,0.0012558511245575913,0.005594245918483787,0.012444342961525327,10
8442,2021-10-11 10:00:00,87.72,87.95,87.21,87.69,473947.0,-0.0003419972640219008,0.002621979024167852,0.005813953488372151,10
8443,2021-10-11 11:00:00,87.69,88.72,87.57,88.58,329460.0,0.010149389896225346,0.011745923138328215,0.0013684570646596483,10
8444,2021-10-11 12:00:00,88.59,88.62,87.845,87.91,199512.0,-0.0076758099108252265,0.00033863867253641647,0.008409527034654075,10
8445,2021-10-11 13:00:00,87.84,87.9,87.5,87.88,222208.0,0.0004553734061929877,0.0006830601092896434,0.0038706739526412045,10
8446,2021-10-11 14:00:00,87.86,88.0,87.65,87.96,160285.0,0.0011381743683131608,0.0015934441156385223,0.0023901661734577026,10
8447,2021-10-11 15:00:00,87.98,88.08,87.29,87.32,407078.0,-0.007501704932939427,0.0011366219595361935,0.007842691520800155,10
8448,2021-10-11 16:00:00,87.32,87.37,87.213,87.37,18405.0,0.0005726065048100249,0.0005726065048100249,0.001225377920293167,10
8449,2021-10-11 17:00:00,87.31,87.31,87.31,87.31,100.0,0.0,0.0,0.0,10
8450,2021-10-11 18:00:00,87.32,87.32,87.32,87.32,368.0,0.0,0.0,0.0,10
8451,2021-10-11 19:00:00,87.32,87.32,87.32,87.32,100.0,0.0,0.0,0.0,10
8452,2021-10-12 04:00:00,86.89,86.89,86.88,86.88,1349.0,-0.00011508804235245846,0.0,0.00011508804235245846,10
8453,2021-10-12 07:00:00,87.33,87.5,87.02,87.02,1421.0,-0.003549753807397255,0.0019466391847017257,0.003549753807397255,10
8454,2021-10-12 08:00:00,87.4899,87.5,87.36,87.36,3537.0,-0.0014847428103130342,0.000115441896721727,0.0014847428103130342,10
8455,2021-10-12 09:00:00,87.5,88.42,87.027,88.0,334466.0,0.005714285714285714,0.010514285714285733,0.005405714285714274,10
8456,2021-10-12 10:00:00,88.01,88.347,87.34,88.0,311453.0,-0.00011362345188052625,0.0038291103283716516,0.007612771275991383,10
8457,2021-10-12 11:00:00,88.0547,88.97,87.91,88.94,477383.0,0.01005397781151944,0.010394675128073823,0.0016432967235139098,10
8458,2021-10-12 12:00:00,88.94,89.12,88.5,88.61,408601.0,-0.003710366539239918,0.0020238362941309516,0.004947155385653224,10
8459,2021-10-12 13:00:00,88.6,89.06,88.6,88.81,163373.0,0.0023702031602709705,0.005191873589164875,0.0,10
8460,2021-10-12 14:00:00,88.8,89.24,88.79,89.02,193952.0,0.0024774774774774647,0.0049549549549549295,0.0001126126126125102,10
8461,2021-10-12 15:00:00,88.99,89.02,88.47,88.66,777315.0,-0.003708281829419017,0.0003371165299471979,0.0058433531857511635,10
8462,2021-10-12 16:00:00,88.65,88.67,88.19,88.48,31360.0,-0.0019176536943034596,0.00022560631697683047,0.005188945290468223,10
8463,2021-10-12 19:00:00,88.3,88.65,88.3,88.65,700.0,0.00396375990939987,0.00396375990939987,0.0,10
8464,2021-10-13 04:00:00,88.89,88.89,88.89,88.89,172.0,0.0,0.0,0.0,10
8465,2021-10-13 05:00:00,88.88,88.9,88.88,88.9,1254.0,0.00022502250225034016,0.00022502250225034016,0.0,10
8466,2021-10-13 07:00:00,89.0,89.0,88.68,88.7,2269.0,-0.0033707865168539006,0.0,0.0035955056179774515,10
8467,2021-10-13 08:00:00,88.9999,89.0,88.81,88.81,1480.0,-0.0021337102625957377,1.123596768123556e-06,0.0021337102625957377,10
8468,2021-10-13 09:00:00,88.69,88.69,87.18,87.225,392861.0,-0.016518209493742286,0.0,0.017025594768293954,10
8469,2021-10-13 10:00:00,87.18,87.36,86.64,87.33,484495.0,0.0017205781142462888,0.0020646937370955793,0.006194081211287064,10
8470,2021-10-13 11:00:00,87.36,87.63,86.82,86.8529,336860.0,-0.00580471611721605,0.003090659340659295,0.006181318681318753,10
8471,2021-10-13 12:00:00,86.86,87.21,86.54,87.01,291897.0,0.0017269168777343505,0.004029472714713266,0.003684089339166396,10
8472,2021-10-13 13:00:00,87.0,87.29,86.79,87.15,284229.0,0.001724137931034548,0.003333333333333405,0.002413793103448204,10
8473,2021-10-13 14:00:00,87.1,87.4,86.8,86.856,232020.0,-0.0028013777267508586,0.003444316877152829,0.003444316877152666,10
8474,2021-10-13 15:00:00,86.85,86.94,86.44,86.74,509584.0,-0.0012665515256188766,0.0010362694300518529,0.0047207829591248895,10
8475,2021-10-13 16:00:00,86.73,86.9,86.73,86.8999,33104.0,0.0019589530727545067,0.001960106076328856,0.0,10
8476,2021-10-13 17:00:00,86.88,86.88,86.88,86.88,200.0,0.0,0.0,0.0,10
8477,2021-10-13 18:00:00,86.88,86.9,86.88,86.9,611.0,0.0002302025782689944,0.0002302025782689944,0.0,10
8478,2021-10-14 05:00:00,87.71,87.8,87.71,87.8,850.0,0.001026108767529397,0.001026108767529397,0.0,10
8479,2021-10-14 07:00:00,87.44,87.44,87.44,87.44,100.0,0.0,0.0,0.0,10
8480,2021-10-14 08:00:00,87.5,87.75,87.34,87.52,5207.0,0.00022857142857138308,0.002857142857142857,0.0018285714285713895,10
8481,2021-10-14 09:00:00,87.75,88.14,86.94,87.29,248208.0,-0.005242165242165171,0.0044444444444444505,0.009230769230769256,10
8482,2021-10-14 10:00:00,87.28,87.6,86.88,87.27,308368.0,-0.00011457378551793213,0.003666361136571874,0.004582951420715005,10
8483,2021-10-14 11:00:00,87.29,87.37,86.9,87.33,183816.0,0.0004582426394775122,0.0009164852789551872,0.00446786573490664,10
8484,2021-10-14 12:00:00,87.36,87.615,87.22,87.44,150996.0,0.0009157509157508962,0.002918956043955992,0.001602564102564109,10
8485,2021-10-14 13:00:00,87.42,87.879,87.28,87.815,344263.0,0.004518416838252071,0.005250514756348698,0.0016014641958361996,10
8486,2021-10-14 14:00:00,87.8,87.825,87.37,87.44,121381.0,-0.004100227790432795,0.00028473804100234267,0.004897494305239096,10
8487,2021-10-14 15:00:00,87.44,87.46,86.74,86.88,490389.0,-0.00640439158279966,0.00022872827081422715,0.008005489478499576,10
8488,2021-10-14 16:00:00,86.9,87.19,86.8,87.19,15915.0,0.0033371691599538783,0.0033371691599538783,0.0011507479861911222,10
8489,2021-10-14 17:00:00,86.9,87.19,86.9,87.19,200.0,0.0033371691599538783,0.0033371691599538783,0.0,10
8490,2021-10-14 19:00:00,87.19,87.19,86.9,86.9,1584.0,-0.0033260695033833242,0.0,0.0033260695033833242,10
8491,2021-10-15 04:00:00,87.16,87.16,87.16,87.16,300.0,0.0,0.0,0.0,10
8492,2021-10-15 07:00:00,87.09,87.41,87.09,87.4,1352.0,0.0035595361120680014,0.003674359857618477,0.0,10
8493,2021-10-15 08:00:00,87.22,87.59,86.9,87.59,2742.0,0.004242146296720988,0.004242146296720988,0.0036688832836504607,10
8494,2021-10-15 09:00:00,87.58,88.6,87.24,87.97,337495.0,0.0044530714775062865,0.011646494633477918,0.0038821648778260267,10
8495,2021-10-15 10:00:00,87.97,88.15,87.41,87.69,299114.0,-0.003182903262475857,0.0020461520973059774,0.006365806524951714,10
8496,2021-10-15 11:00:00,87.72,87.97,87.575,87.84,341139.0,0.001367989056087603,0.0028499772001823985,0.0016529867761057458,10
8497,2021-10-15 12:00:00,87.83,87.91,87.57,87.8,244951.0,-0.00034156893999773584,0.000910850506660575,0.00296026414664699,10
8498,2021-10-15 13:00:00,87.83,87.845,86.9,87.43,375796.0,-0.004554252533302875,0.00017078446999886792,0.010588637139929325,10
8499,2021-10-15 14:00:00,87.44,87.48,87.05,87.05,201136.0,-0.004460201280878323,0.0004574565416286168,0.004460201280878323,10
8500,2021-10-15 15:00:00,87.06,87.13,86.27,86.35,1124857.0,-0.008155295198713622,0.000804043188605481,0.0090742016999771,10
8501,2021-10-15 16:00:00,86.32,86.4,86.31,86.4,62632.0,0.0009267840593143248,0.0009267840593143248,0.00011584800741416712,10
8502,2021-10-15 17:00:00,86.41,86.41,86.31,86.32,2969.0,-0.0010415461173475687,0.0,0.001157273463719411,10
8503,2021-10-15 18:00:00,86.32,86.32,86.32,86.32,100.0,0.0,0.0,0.0,10
8504,2021-10-15 19:00:00,86.34,86.55,86.34,86.45,500.0,0.0012740328932128726,0.0024322446143154246,0.0,10
8505,2021-10-18 05:00:00,86.0,86.0,85.81,85.81,689.0,-0.002209302325581369,0.0,0.002209302325581369,10
8506,2021-10-18 06:00:00,86.24,86.25,86.14,86.15,4097.0,-0.001043599257884847,0.00011595547309838958,0.0011595547309832365,10
8507,2021-10-18 07:00:00,86.1,86.44,86.01,86.1,4497.0,0.0,0.003948896631823501,0.0010452961672472614,10
8508,2021-10-18 08:00:00,86.7899,86.7899,85.55,85.55,12623.0,-0.014286224549169958,0.0,0.014286224549169958,10
8509,2021-10-18 09:00:00,85.7,86.6199,84.59,84.82,445198.0,-0.010268378063010614,0.010733955659276527,0.012952158693115513,10
8510,2021-10-18 10:00:00,84.78,86.1,84.59,85.655,332907.0,0.010320830384524651,0.01556970983722568,0.002241094597782469,10
8511,2021-10-18 11:00:00,85.68,85.96,85.33,85.95,267255.0,0.003151260504201634,0.0032679738562089973,0.004084967320261537,10
8512,2021-10-18 12:00:00,85.92,85.9407,85.56,85.595,148426.0,-0.0037825884543761967,0.00024092178770955595,0.004189944134078205,10
8513,2021-10-18 13:00:00,85.6,86.03,85.6,85.76,168909.0,0.0018691588785047992,0.005023364485981389,0.0,10
8514,2021-10-18 14:00:00,85.77,86.19,85.68,85.95,216576.0,0.0020986358866737415,0.004896817068905232,0.001049317943336705,10
8515,2021-10-18 15:00:00,85.95,86.15,85.79,85.91,470660.0,-0.0004653868528214805,0.002326934264107072,0.0018615474112855914,10
8516,2021-10-18 16:00:00,85.7,85.91,85.7,85.91,33461.0,0.0024504084014001603,0.0024504084014001603,0.0,10
8517,2021-10-18 17:00:00,85.88,85.97,85.88,85.97,79722.0,0.0010479739170936588,0.0010479739170936588,0.0,10
8518,2021-10-18 19:00:00,86.25,86.25,86.25,86.25,100.0,0.0,0.0,0.0,10
8519,2021-10-19 07:00:00,86.25,86.26,86.25,86.26,378.0,0.00011594202898556656,0.00011594202898556656,0.0,10
8520,2021-10-19 08:00:00,86.325,86.4,86.2,86.2,2506.0,-0.0014480162177816392,0.0008688097306690164,0.0014480162177816392,10
8521,2021-10-19 09:00:00,86.25,86.25,84.6425,84.665,287650.0,-0.018376811594202826,0.0,0.01863768115942031,10
8522,2021-10-19 10:00:00,84.68,85.22,84.435,84.4551,408020.0,-0.0026558809636278366,0.006376948512045253,0.00289324515824285,10
8523,2021-10-19 11:00:00,84.48,84.83,84.32,84.445,316552.0,-0.00041429924242437026,0.004142992424242356,0.0018939393939395217,10
8524,2021-10-19 12:00:00,84.455,84.52,84.1,84.3,534758.0,-0.0018352969036765276,0.0007696406370256081,0.004203421940678515,10
8525,2021-10-19 13:00:00,84.315,85.14,84.28,84.94,360411.0,0.007412678645555358,0.009784735812133107,0.0004151100041510596,10
8526,2021-10-19 14:00:00,84.94,84.94,84.325,84.58,335129.0,-0.004238285848834465,0.0,0.0072404049917588285,10
8527,2021-10-19 15:00:00,84.6008,84.79,84.26,84.48,494323.0,-0.0014278824786527157,0.002236385471532179,0.004028330701364544,10
8528,2021-10-19 16:00:00,84.47,84.7,84.45,84.7,18059.0,0.0027228601870487035,0.0027228601870487035,0.00023677045104766214,10
8529,2021-10-19 17:00:00,84.75,84.75,84.75,84.75,1625.0,0.0,0.0,0.0,10
8530,2021-10-19 18:00:00,84.7499,84.7499,84.7499,84.7499,150.0,0.0,0.0,0.0,10
8531,2021-10-19 19:00:00,84.75,84.75,84.75,84.75,550.0,0.0,0.0,0.0,10
8532,2021-10-20 08:00:00,84.47,84.8333,84.4,84.4,4503.0,-0.0008286965786669016,0.004300935243281583,0.0008286965786669016,10
8533,2021-10-20 09:00:00,84.41,84.96,83.62,84.0558,257714.0,-0.004196185286103443,0.006515815661651429,0.009359080677644734,10
8534,2021-10-20 10:00:00,84.02,85.42,83.84,84.94,398379.0,0.010949773863365887,0.01666269935729595,0.0021423470602236682,10
8535,2021-10-20 11:00:00,84.95,84.97,84.17,84.63,330489.0,-0.003766921718658121,0.0002354326074160803,0.009181871689228972,10
8536,2021-10-20 12:00:00,84.62,84.71,84.39,84.56,191818.0,-0.0007090522335145625,0.0010635783502716757,0.0027180335618057667,10
8537,2021-10-20 13:00:00,84.56,84.6,83.8,83.85,290260.0,-0.008396404919583822,0.00047303689687786237,0.008987701040681233,10
8538,2021-10-20 14:00:00,83.83,83.96,83.62,83.775,199822.0,-0.0006560897053559897,0.0015507574853870388,0.0025050697840867677,10
8539,2021-10-20 15:00:00,83.79,84.06,83.73,83.91,501200.0,0.0014321518080915422,0.0032223415682061823,0.0007160759040458559,10
8540,2021-10-20 16:00:00,83.91,83.91,83.9092,83.9092,25954.0,-9.534024550090997e-06,0.0,9.534024550090997e-06,10
8541,2021-10-20 18:00:00,83.91,83.91,83.91,83.91,300.0,0.0,0.0,0.0,10
8542,2021-10-20 19:00:00,83.9,83.9,83.9,83.9,100.0,0.0,0.0,0.0,10
8543,2021-10-21 04:00:00,83.91,83.91,83.71,83.71,204.0,-0.002383506137528338,0.0,0.002383506137528338,10
8544,2021-10-21 05:00:00,83.51,83.51,83.51,83.51,300.0,0.0,0.0,0.0,10
8545,2021-10-21 07:00:00,83.62,83.62,83.51,83.51,745.0,-0.0013154747668021936,0.0,0.0013154747668021936,10
8546,2021-10-21 08:00:00,83.91,83.92,83.91,83.92,1785.0,0.00011917530687647619,0.00011917530687647619,0.0,10
8547,2021-10-21 09:00:00,83.92,84.92,83.9,84.47,192916.0,0.006553860819828374,0.011916110581506196,0.0002383222116300765,10
8548,2021-10-21 10:00:00,84.51,84.68,83.8501,84.27,349685.0,-0.0028399006034789858,0.002011596260797559,0.007808543367648887,10
8549,2021-10-21 11:00:00,84.26,84.289,83.58,83.64,224381.0,-0.007358177070970858,0.00034417279848084927,0.008070258723000318,10
8550,2021-10-21 12:00:00,83.65,84.04,83.62,83.91,181017.0,0.0031081888822473507,0.004662283323371196,0.0003586371787208743,10
8551,2021-10-21 13:00:00,83.91,83.96,83.2112,83.33,209246.0,-0.006912167798832062,0.0005958765343820422,0.008327970444523793,10
8552,2021-10-21 14:00:00,83.34,83.65,83.325,83.63,133884.0,0.003479721622270123,0.0037197024238061227,0.00017998560115191467,10
8553,2021-10-21 15:00:00,83.65,83.93,83.57,83.72,382830.0,0.0008368200836819268,0.0033472803347280467,0.0009563658099224447,10
8554,2021-10-21 16:00:00,83.73,83.75,83.56,83.73,18157.0,0.0,0.00023886301206253459,0.002030335602531968,10
8555,2021-10-21 17:00:00,83.73,83.73,83.5,83.5,1182.0,-0.0027469246387197416,0.0,0.0027469246387197416,10
8556,2021-10-21 18:00:00,83.4,83.65,83.31,83.65,2101.0,0.002997601918465228,0.002997601918465228,0.0010791366906475227,10
8557,2021-10-21 19:00:00,83.65,83.6999,83.65,83.6999,848.0,0.000596533173938958,0.000596533173938958,0.0,10
8558,2021-10-22 05:00:00,83.03,83.03,83.0,83.0,1000.0,-0.00036131518728171907,0.0,0.00036131518728171907,10
8559,2021-10-22 07:00:00,83.41,83.9,83.41,83.51,2377.0,0.0011988970147465356,0.0058745953722576325,0.0,10
8560,2021-10-22 08:00:00,84.39,84.39,83.7,83.75,1292.0,-0.007583836947505636,0.0,0.008176324209029478,10
8561,2021-10-22 09:00:00,83.75,84.15,82.86,84.15,268822.0,0.004776119402985142,0.004776119402985142,0.010626865671641799,10
8562,2021-10-22 10:00:00,84.1396,84.51,83.8162,83.96,297955.0,-0.002134547822903933,0.004402207759485469,0.0038436122824449673,10
8563,2021-10-22 11:00:00,83.93,84.21,83.26,83.53,249798.0,-0.00476587632550942,0.003336113427856391,0.007982842845228186,10
8564,2021-10-22 12:00:00,83.54,84.12,83.37,83.98,304559.0,0.005266937993775409,0.006942781900885782,0.0020349533157768937,10
8565,2021-10-22 13:00:00,84.02,84.64,83.99,84.55,263592.0,0.006308021899547741,0.007379195429659659,0.0003570578433706396,10
8566,2021-10-22 14:00:00,84.52,84.87,84.46,84.46,253919.0,-0.00070989115002369,0.004141031708471469,0.00070989115002369,10
8567,2021-10-22 15:00:00,84.46,84.84,84.3795,84.63,516427.0,0.002012787118162464,0.004499171205304401,0.0009531139000710476,10
8568,2021-10-22 16:00:00,84.63,84.63,84.5,84.57,22092.0,-0.0007089684509039617,0.0,0.0015360983102918051,10
8569,2021-10-22 17:00:00,84.6,84.65,84.5,84.5,489.0,-0.001182033096926647,0.0005910165484634914,0.001182033096926647,10
8570,2021-10-22 18:00:00,84.65,84.65,84.65,84.65,100.0,0.0,0.0,0.0,10
8571,2021-10-22 19:00:00,84.63,84.63,84.63,84.63,474.0,0.0,0.0,0.0,10
8572,2021-10-25 07:00:00,84.26,84.31,84.09,84.3,1413.0,0.00047472110135286067,0.0005934013766911602,0.0020175646807500795,10
8573,2021-10-25 08:00:00,84.3,84.5,84.0501,84.5,4470.0,0.002372479240806677,0.002372479240806677,0.002964412811387861,10
8574,2021-10-25 09:00:00,84.4,85.5,84.04,84.86,294959.0,0.00545023696682457,0.013033175355450169,0.004265402843601889,10
8575,2021-10-25 10:00:00,84.835,85.6,84.8,85.07,330413.0,0.0027700831024930683,0.009017504567690229,0.0004125655684563752,10
8576,2021-10-25 11:00:00,85.07,85.07,84.7071,84.9,259082.0,-0.0019983542964615904,0.0,0.0042658986716821,10
8577,2021-10-25 12:00:00,84.88,84.93,84.4,84.59,138345.0,-0.0034165881244108396,0.000589066918002019,0.005655042412817976,10
8578,2021-10-25 13:00:00,84.59,84.915,84.54,84.55,134038.0,-0.00047286913346738683,0.003842061709421951,0.0005910864168341075,10
8579,2021-10-25 14:00:00,84.5441,85.05,84.52,84.82,170801.0,0.0032633856176834683,0.005983859311294306,0.000285058330504485,10
8580,2021-10-25 15:00:00,84.8,84.98,84.635,84.91,325350.0,0.0012971698113207481,0.002122641509434043,0.0019457547169810384,10
8581,2021-10-25 16:00:00,84.91,84.91,84.63,84.63,71698.0,-0.0032976092333058668,0.0,0.0032976092333058668,10
8582,2021-10-25 17:00:00,84.93,84.95,84.93,84.95,500.0,0.00023548804898146733,0.00023548804898146733,0.0,10
8583,2021-10-25 18:00:00,84.9,84.9,84.9,84.9,100.0,0.0,0.0,0.0,10
8584,2021-10-25 19:00:00,84.7,84.7,84.7,84.7,100.0,0.0,0.0,0.0,10
8585,2021-10-26 04:00:00,84.69,84.69,84.69,84.69,200.0,0.0,0.0,0.0,10
8586,2021-10-26 05:00:00,85.65,85.66,85.65,85.66,499.0,0.00011675423234081617,0.00011675423234081617,0.0,10
8587,2021-10-26 06:00:00,85.76,86.0,85.75,86.0,1691.0,0.002798507462686507,0.002798507462686507,0.00011660447761199994,10
8588,2021-10-26 07:00:00,85.8,85.96,85.78,85.83,2014.0,0.00034965034965036293,0.0018648018648018251,0.00023310023310018672,10
8589,2021-10-26 08:00:00,85.97,86.0,85.8,85.8,6571.0,-0.0019774339886006946,0.00034895893916483814,0.0019774339886006946,10
8590,2021-10-26 09:00:00,85.8,86.75,85.4,85.83,321579.0,0.00034965034965036293,0.011072261072261105,0.004662004662004563,10
8591,2021-10-26 10:00:00,85.86,86.3,85.82,85.96,412732.0,0.001164686699277828,0.005124621476822708,0.0004658746797112305,10
8592,2021-10-26 11:00:00,85.94,85.98,85.275,85.285,197242.0,-0.007621596462648373,0.00046544100535264436,0.00773795671398641,10
8593,2021-10-26 12:00:00,85.27,85.345,84.7,84.97,205889.0,-0.0035182361909229173,0.0008795590477307711,0.006684648762753527,10
8594,2021-10-26 13:00:00,84.95,85.14,84.44,85.115,189976.0,0.001942319011182955,0.002236609770453181,0.006003531489111302,10
8595,2021-10-26 14:00:00,85.115,85.23,84.84,84.95,172262.0,-0.0019385537214356113,0.0013511131997886283,0.0032309228690594076,10
8596,2021-10-26 15:00:00,84.95,85.08,84.38,84.42,358945.0,-0.006238964096527382,0.0015303119482047729,0.00670982931135971,10
8597,2021-10-26 16:00:00,84.41,84.42,84.41,84.42,204309.0,0.00011846937566645085,0.00011846937566645085,0.0,10
8598,2021-10-26 17:00:00,84.46,84.47,84.45,84.47,876.0,0.00011839924224491021,0.00011839924224491021,0.00011839924224474196,10
8599,2021-10-26 18:00:00,84.6,84.6,84.5,84.5,800.0,-0.001182033096926647,0.0,0.001182033096926647,10
8600,2021-10-26 19:00:00,84.41,84.41,84.41,84.41,200.0,0.0,0.0,0.0,10
8601,2021-10-27 07:00:00,84.67,84.69,84.44,84.44,950.0,-0.002716428487067485,0.0002362111727884259,0.002716428487067485,10
8602,2021-10-27 08:00:00,84.35,85.0421,84.35,84.88,3076.0,0.006283343212803808,0.008205097806757685,0.0,10
8603,2021-10-27 09:00:00,84.9,85.13,84.0,84.41,229254.0,-0.005771495877503052,0.00270906949352167,0.010600706713780985,10
8604,2021-10-27 10:00:00,84.4245,85.0,84.25,84.5515,245506.0,0.0015043026609575366,0.006816741585677206,0.0020669355459611224,10
8605,2021-10-27 11:00:00,84.59,84.87,84.37,84.85,182108.0,0.003073649367537426,0.003310083934271204,0.0026007802340702077,10
8606,2021-10-27 12:00:00,84.832,84.97,84.525,84.55,154377.0,-0.003324217276499393,0.0016267446246699976,0.0036189173896641357,10
8607,2021-10-27 13:00:00,84.555,84.73,84.17,84.47,220628.0,-0.0010052628466679433,0.0020696588019631854,0.004553249364319142,10
8608,2021-10-27 14:00:00,84.47,84.47,84.15,84.16,256898.0,-0.00366994199123952,0.0,0.0037883272167632672,10
8609,2021-10-27 15:00:00,84.17,84.19,83.41,83.5,522967.0,-0.007960080788879668,0.0002376143519068079,0.009029345372460557,10
8610,2021-10-27 16:00:00,83.49,83.49,83.49,83.49,53244.0,0.0,0.0,0.0,10
8611,2021-10-27 17:00:00,83.53,83.53,83.53,83.53,100.0,0.0,0.0,0.0,10
8612,2021-10-27 19:00:00,83.67,83.75,83.67,83.75,489.0,0.000956137205688996,0.000956137205688996,0.0,10
8613,2021-10-28 04:00:00,83.5,83.5,83.5,83.5,100.0,0.0,0.0,0.0,10
8614,2021-10-28 07:00:00,83.75,83.75,83.75,83.75,274.0,0.0,0.0,0.0,10
8615,2021-10-28 08:00:00,83.96,83.99,83.96,83.99,583.0,0.000357313006193439,0.000357313006193439,0.0,10
8616,2021-10-28 09:00:00,83.49,83.65,82.52,83.06,242096.0,-0.005150317403281742,0.001916397173314299,0.011618157863217139,10
8617,2021-10-28 10:00:00,83.0,83.87,82.86,83.61,209348.0,0.007349397590361439,0.010481927710843428,0.0016867469879518141,10
8618,2021-10-28 11:00:00,83.7,83.875,83.55,83.71,183838.0,0.00011947431302259145,0.002090800477897218,0.0017921146953405697,10
8619,2021-10-28 12:00:00,83.75,84.17,83.63,84.08,130750.0,0.003940298507462667,0.005014925373134349,0.0014328358208955767,10
8620,2021-10-28 13:00:00,84.12,84.31,83.84,84.195,154508.0,0.0008915834522109918,0.002258678078934828,0.003328578221588221,10
8621,2021-10-28 14:00:00,84.19,84.77,83.91,83.95,372745.0,-0.0028506948568713017,0.006889179237439105,0.0033258106663499364,10
8622,2021-10-28 15:00:00,83.9426,84.25,83.73,84.2,384710.0,0.003066381074686799,0.0036620261940897856,0.002532683047701582,10
8623,2021-10-28 16:00:00,84.25,84.29,84.25,84.25,10383.0,0.0,0.00047477744807129086,0.0,10
8624,2021-10-28 17:00:00,84.0,84.25,84.0,84.25,2618.0,0.002976190476190476,0.002976190476190476,0.0,10
8625,2021-10-28 18:00:00,84.25,84.25,84.25,84.25,1182.0,0.0,0.0,0.0,10
8626,2021-10-28 19:00:00,84.3,84.44,84.25,84.25,883.0,-0.0005931198102016271,0.001660735468564657,0.0005931198102016271,10
8627,2021-10-29 07:00:00,84.25,84.5,84.2,84.2,703.0,-0.000593471810088987,0.002967359050445104,0.000593471810088987,10
8628,2021-10-29 08:00:00,83.531,85.25,82.5,84.01,43306.0,0.005734398007925192,0.02057918617040373,0.012342723060899617,10
8629,2021-10-29 09:00:00,83.82,86.31,83.82,84.18,631043.0,0.004294917680744616,0.029706513958482575,0.0,10
8630,2021-10-29 10:00:00,84.2315,85.195,83.59,83.86,486368.0,-0.0044104640188052865,0.011438713545407552,0.007615915661005604,10
8631,2021-10-29 11:00:00,83.86,84.64,83.78,84.14,251541.0,0.0033388981636060236,0.00930121631290247,0.0009539709038874112,10
8632,2021-10-29 12:00:00,84.125,84.27,83.53,83.83,332688.0,-0.003506686478454701,0.0017236255572064907,0.007072808320950952,10
8633,2021-10-29 13:00:00,83.825,83.949,83.6,83.93,231592.0,0.0012526096033403397,0.0014792722934684787,0.0026841634357292993,10
8634,2021-10-29 14:00:00,83.9053,84.27,83.89,83.94,280393.0,0.0004135614794297958,0.004346566903401801,0.00018234843329320458,10
8635,2021-10-29 15:00:00,83.9304,84.63,83.76,84.45,685248.0,0.006190843842040511,0.008335477967458626,0.002030253638729242,10
8636,2021-10-29 16:00:00,84.43,84.6,84.43,84.43,38660.0,0.0,0.0020135023096054423,0.0,10
8637,2021-10-29 17:00:00,84.58,84.58,84.58,84.58,530.0,0.0,0.0,0.0,10
8638,2021-10-29 18:00:00,84.3,84.3,84.3,84.3,403.0,0.0,0.0,0.0,10
8639,2021-10-29 19:00:00,84.4,84.44,84.31,84.31,1923.0,-0.0010663507109005142,0.0004739336492890052,0.0010663507109005142,10
8640,2021-11-01 06:00:00,85.4,85.4,85.4,85.4,105.0,0.0,0.0,0.0,11
8641,2021-11-01 07:00:00,84.6,85.0,84.6,85.0,9161.0,0.004728132387706923,0.004728132387706923,0.0,11
8642,2021-11-01 08:00:00,84.76,84.86,84.75,84.82,769.0,0.0007078810759790946,0.0011798017932986586,0.00011798017932993293,11
8643,2021-11-01 09:00:00,84.75,86.4,83.95,85.99,329991.0,0.014631268436578112,0.019469026548672632,0.009439528023598787,11
8644,2021-11-01 10:00:00,85.93,87.34,85.69,86.75,652619.0,0.009542650994995848,0.016408704759688076,0.002792971022925743,11
8645,2021-11-01 11:00:00,86.76,87.36,86.705,87.22,224776.0,0.005301982480405644,0.00691562932226826,0.0006339326878746752,11
8646,2021-11-01 12:00:00,87.22,87.82,87.21,87.82,298463.0,0.006879156156844695,0.006879156156844695,0.00011465260261413799,11
8647,2021-11-01 13:00:00,87.83,88.08,87.668,87.68,379689.0,-0.0017078446999885173,0.002846407833314357,0.0018444722759876117,11
8648,2021-11-01 14:00:00,87.68,87.77,86.84,87.6718,289624.0,-9.352189781024412e-05,0.0010264598540144752,0.009580291970802958,11
8649,2021-11-01 15:00:00,87.66,88.42,87.5999,88.26,767206.0,0.006844626967830351,0.00866986082591838,0.0006856034679442321,11
8650,2021-11-01 16:00:00,88.28,88.28,87.48,88.11,167086.0,-0.0019256909832351802,0.0,0.009062075215224254,11
8651,2021-11-01 17:00:00,88.15,88.16,88.1,88.12,8014.0,-0.0003403289846852086,0.00011344299489496204,0.0005672149744754551,11
8652,2021-11-01 18:00:00,88.0,88.22,88.0,88.22,1270.0,0.002499999999999987,0.002499999999999987,0.0,11
8653,2021-11-01 19:00:00,88.22,88.22,88.21,88.2199,1427.0,-1.1335298118716806e-06,0.0,0.00011335298118346311,11
8654,2021-11-02 07:00:00,88.0,88.0,87.51,87.8,3913.0,-0.002272727272727305,0.0,0.00556818181818176,11
8655,2021-11-02 08:00:00,87.99,87.99,87.68,87.68,351.0,-0.003523127628139426,0.0,0.003523127628139426,11
8656,2021-11-02 09:00:00,88.0,88.05,87.06,87.7,314343.0,-0.003409090909090877,0.0005681818181817858,0.010681818181818155,11
8657,2021-11-02 10:00:00,87.7,88.56,87.2,87.2,412114.0,-0.005701254275940707,0.00980615735461801,0.005701254275940707,11
8658,2021-11-02 11:00:00,87.23,87.43,86.4,86.42,302544.0,-0.009285796171042098,0.002292789178035112,0.00951507508884556,11
8659,2021-11-02 12:00:00,86.43,87.05,86.42,86.83,204548.0,0.00462802267731102,0.007173435149832122,0.00011570056693283715,11
8660,2021-11-02 13:00:00,86.815,86.93,86.52,86.8,159465.0,-0.00017278120140529365,0.0013246558774406393,0.0033980302943039994,11
8661,2021-11-02 14:00:00,86.82,87.35,86.82,87.32,153996.0,0.005759041695461876,0.006104584197189601,0.0,11
8662,2021-11-02 15:00:00,87.3,87.85,87.29,87.83,420341.0,0.006071019473081342,0.006300114547537196,0.00011454753722784542,11
8663,2021-11-02 16:00:00,87.78,87.78,87.78,87.78,28461.0,0.0,0.0,0.0,11
8664,2021-11-02 17:00:00,87.78,87.78,87.5,87.5,4001.0,-0.003189792663476887,0.0,0.003189792663476887,11
8665,2021-11-02 19:00:00,87.7,87.7,87.7,87.7,1018.0,0.0,0.0,0.0,11
8666,2021-11-03 05:00:00,87.75,87.75,87.75,87.75,112.0,0.0,0.0,0.0,11
8667,2021-11-03 07:00:00,87.32,87.32,87.1,87.1,3519.0,-0.002519468621163524,0.0,0.002519468621163524,11
8668,2021-11-03 08:00:00,87.7,87.7,86.88,87.0,4000.0,-0.007981755986317021,0.0,0.009350057012542844,11
8669,2021-11-03 09:00:00,87.0,88.41,86.75,88.36,295442.0,0.01563218390804597,0.0162068965517241,0.0028735632183908046,11
8670,2021-11-03 10:00:00,88.4,89.46,88.4,89.29,456662.0,0.010067873303167427,0.011990950226244208,0.0,11
8671,2021-11-03 11:00:00,89.34,89.96,89.31,89.95,290943.0,0.006827848668009844,0.006939780613386952,0.00033579583613164467,11
8672,2021-11-03 12:00:00,89.93,90.34,89.7,89.86,374253.0,-0.0007783831869232446,0.004559101523407056,0.002557544757033292,11
8673,2021-11-03 13:00:00,89.84,90.19,89.72,89.91,263890.0,0.0007791629563667985,0.0038958147818343087,0.0013357079252004067,11
8674,2021-11-03 14:00:00,89.85,90.2,89.81,90.0,326079.0,0.0016694490818030684,0.0038953811908737737,0.0004451864218140461,11
8675,2021-11-03 15:00:00,90.0,90.21,89.6,89.73,531669.0,-0.002999999999999956,0.0023333333333332637,0.004444444444444508,11
8676,2021-11-03 16:00:00,89.78,89.99,89.61,89.75,46132.0,-0.00033415014479840874,0.002339051013588703,0.0018935174871909301,11
8677,2021-11-03 17:00:00,89.7,89.7,89.7,89.7,100.0,0.0,0.0,0.0,11
8678,2021-11-03 19:00:00,89.95,89.95,89.95,89.95,590.0,0.0,0.0,0.0,11
8679,2021-11-04 07:00:00,90.29,90.29,90.29,90.29,109.0,0.0,0.0,0.0,11
8680,2021-11-04 08:00:00,90.1,90.2944,90.1,90.2944,1328.0,0.002157602663707011,0.002157602663707011,0.0,11
8681,2021-11-04 09:00:00,90.3,90.88,89.33,89.33,206792.0,-0.010741971207087473,0.006423034330011055,0.010741971207087473,11
8682,2021-11-04 10:00:00,89.36,90.25,89.02,89.02,217288.0,-0.0038048343777977106,0.009959713518352738,0.0038048343777977106,11
8683,2021-11-04 11:00:00,89.03,89.03,88.2,88.825,201355.0,-0.0023025946310232313,0.0,0.009322700213411191,11
8684,2021-11-04 12:00:00,88.82,89.02,88.58,88.63,180467.0,-0.0021391578473316567,0.002251745102454434,0.002702094122945225,11
8685,2021-11-04 13:00:00,88.66,89.15,88.52,89.04,149928.0,0.0042860365441011695,0.005526731333183049,0.001579066095195134,11
8686,2021-11-04 14:00:00,89.01,89.01,88.65,88.73,287149.0,-0.0031457139647230775,0.0,0.004044489383215362,11
8687,2021-11-04 15:00:00,88.71,88.99,88.4539,88.7,405404.0,-0.00011272686281130544,0.003156352158719436,0.0028869349566000378,11
8688,2021-11-04 16:00:00,88.78,88.78,88.5,88.53,22550.0,-0.0028159495381842757,0.0,0.0031538634827664017,11
8689,2021-11-04 17:00:00,88.73,88.73,88.73,88.73,1662.0,0.0,0.0,0.0,11
8690,2021-11-04 18:00:00,88.72,88.84,88.72,88.79,2199.0,0.0007889990982868281,0.001352569882777328,0.0,11
8691,2021-11-04 19:00:00,88.79,88.8,88.66,88.8,1438.0,0.00011262529564129862,0.00011262529564129862,0.0014641288433383224,11
8692,2021-11-05 05:00:00,87.17,87.17,87.17,87.17,533.0,0.0,0.0,0.0,11
8693,2021-11-05 06:00:00,88.72,90.29,88.53,90.29,7397.0,0.017696122633002787,0.017696122633002787,0.002141568981063996,11
8694,2021-11-05 07:00:00,90.29,93.06,89.99,92.36,52923.0,0.02292612692435478,0.030678923468822637,0.0033226270904863366,11
8695,2021-11-05 08:00:00,92.7464,94.0,90.01,93.51,73647.0,0.008233203660735199,0.013516427591798774,0.029504110132576457,11
8696,2021-11-05 09:00:00,93.38,98.05,92.9,95.485,2599931.0,0.022542300278432258,0.05001070893124868,0.005140286999357355,11
8697,2021-11-05 10:00:00,95.485,95.79,94.237,95.15,1519395.0,-0.0035084044614336674,0.00319421898727556,0.01307011572498303,11
8698,2021-11-05 11:00:00,95.13,97.365,95.07,97.2,1071916.0,0.021759697256386077,0.023494165878271835,0.0006307158625039659,11
8699,2021-11-05 12:00:00,97.21,97.99,96.981,97.17,1344023.0,-0.00041148030038053743,0.008023865857422088,0.0023557247196790373,11
8700,2021-11-05 13:00:00,97.181,97.32,95.34,96.14,862090.0,-0.010711970446898023,0.0014303207417087269,0.018944032269682283,11
8701,2021-11-05 14:00:00,96.13,96.95,96.0074,96.94,500137.0,0.008426089670238243,0.0085301154686363,0.0012753562883594236,11
8702,2021-11-05 15:00:00,96.9,96.97,96.38,96.6686,1653532.0,-0.0023880288957689143,0.0007223942208461628,0.005366357069143552,11
8703,2021-11-05 16:00:00,96.7,97.35,96.6,97.35,186928.0,0.006721820062047482,0.006721820062047482,0.001034126163392022,11
8704,2021-11-05 17:00:00,97.35,98.1,97.1,97.66,47903.0,0.0031843862352337166,0.007704160246533128,0.002568053415511043,11
8705,2021-11-05 18:00:00,97.03,97.03,97.03,97.03,202.0,0.0,0.0,0.0,11
8706,2021-11-05 19:00:00,97.2101,97.7,97.2101,97.58,1187.0,0.003805160163398672,0.005039599794671601,0.0,11
8707,2021-11-08 04:00:00,95.87,96.58,95.8,96.31,10766.0,0.004589548346719492,0.007405862104933699,0.0007301554187963637,11
8708,2021-11-08 05:00:00,96.81,97.19,96.81,97.19,1517.0,0.003925214337361795,0.003925214337361795,0.0,11
8709,2021-11-08 06:00:00,97.3,97.3,97.0,97.0,7678.0,-0.003083247687564205,0.0,0.003083247687564205,11
8710,2021-11-08 07:00:00,96.99,97.98,96.9,97.2,25437.0,0.002165171667182266,0.010207237859573247,0.0009279307145065389,11
8711,2021-11-08 08:00:00,96.7899,97.94,96.74,97.51,23882.0,0.0074398258495979655,0.011882438146955361,0.0005155496596236595,11
8712,2021-11-08 09:00:00,97.65,98.27,96.5,97.5,758269.0,-0.0015360983102919168,0.0063492063492062495,0.011776753712237641,11
8713,2021-11-08 10:00:00,97.55,97.89,96.43,96.805,479902.0,-0.007637109174782064,0.003485392106612029,0.01148129164531,11
8714,2021-11-08 11:00:00,96.74,96.9,95.585,95.72,422341.0,-0.010543725449658838,0.0016539177175936615,0.011939218523878449,11
8715,2021-11-08 12:00:00,95.73,96.045,94.79,94.99,907481.0,-0.0077300741669279124,0.0032905045440300607,0.00981928340123261,11
8716,2021-11-08 13:00:00,94.97,95.02,93.68,93.86,524765.0,-0.011687901442560803,0.0005264820469621686,0.01358323681162464,11
8717,2021-11-08 14:00:00,93.85,94.27,93.79,94.16,450385.0,0.003303143313798639,0.004475226425146529,0.0006393180607350887,11
8718,2021-11-08 15:00:00,94.16,94.16,93.23,93.73,930557.0,-0.004566694987255656,0.0,0.009876805437553022,11
8719,2021-11-08 16:00:00,93.71,93.85,93.38,93.45,28097.0,-0.0027745171273075545,0.0014939707608579722,0.0035215025077366163,11
8720,2021-11-08 17:00:00,93.6499,93.71,93.5,93.5,107698.0,-0.0016006423925706526,0.0006417518865475711,0.0016006423925706526,11
8721,2021-11-08 18:00:00,93.53,93.7,93.39,93.55,1648.0,0.00021383513311232783,0.0018175986314551663,0.0014968459317865985,11
8722,2021-11-08 19:00:00,93.7,93.7,93.7,93.7,200.0,0.0,0.0,0.0,11
8723,2021-11-09 07:00:00,93.4,93.75,93.25,93.25,2182.0,-0.0016059957173448144,0.003747323340471031,0.0016059957173448144,11
8724,2021-11-09 08:00:00,93.2714,93.5,93.0,93.0817,3661.0,-0.0020338496044875706,0.0024509120695089827,0.002909787995033846,11
8725,2021-11-09 09:00:00,93.27,93.28,91.08,91.43,644874.0,-0.01972767234909391,0.00010721561059295719,0.023480218719845587,11
8726,2021-11-09 10:00:00,91.435,92.7,91.15,92.25,461632.0,0.008913435774047112,0.013834964729042495,0.0031169683381636853,11
8727,2021-11-09 11:00:00,92.25,92.54,91.1,91.1298,380372.0,-0.012143089430894276,0.003143631436314431,0.012466124661246674,11
8728,2021-11-09 12:00:00,91.125,91.49,91.1,91.42,339462.0,0.0032373113854595524,0.004005486968449875,0.000274348422496633,11
8729,2021-11-09 13:00:00,91.43,91.46,90.435,90.58,474971.0,-0.009296729738597928,0.00032811987312683936,0.01088264245871163,11
8730,2021-11-09 14:00:00,90.58,91.36,90.54,91.255,377806.0,0.007451976153676277,0.00861117244424819,0.00044159858688443414,11
8731,2021-11-09 15:00:00,91.2,91.46,90.96,91.36,830171.0,0.0017543859649122432,0.002850877192982356,0.0026315789473685207,11
8732,2021-11-09 16:00:00,91.35,91.4,91.06,91.07,38775.0,-0.003065134099616871,0.0005473453749317063,0.003174603174603088,11
8733,2021-11-09 17:00:00,91.12,91.12,91.07,91.07,1000.0,-0.000548726953468079,0.0,0.000548726953468079,11
8734,2021-11-09 19:00:00,91.0,91.1,90.8,90.8,830.0,-0.002197802197802229,0.0010989010989010365,0.002197802197802229,11
8735,2021-11-10 07:00:00,90.5,90.5,90.5,90.5,1061.0,0.0,0.0,0.0,11
8736,2021-11-10 08:00:00,90.4601,90.99,90.2484,90.2484,3241.0,-0.0023402583017263228,0.005857831242724669,0.0023402583017263228,11
8737,2021-11-10 09:00:00,90.45,91.5,89.62,91.4,245021.0,0.010503040353786653,0.011608623548922024,0.009176340519624083,11
8738,2021-11-10 10:00:00,91.44,91.46,90.15,90.49,288580.0,-0.010389326334208256,0.00021872265966749806,0.014107611548556344,11
8739,2021-11-10 11:00:00,90.49,90.68,90.14,90.28,191675.0,-0.0023206984197148167,0.002099679522599314,0.0038678306995247468,11
8740,2021-11-10 12:00:00,90.26,90.455,89.8,90.01,230170.0,-0.0027697762020828715,0.0021604254376245643,0.005096388211832572,11
8741,2021-11-10 13:00:00,90.0,90.07,89.18,89.31,378103.0,-0.007666666666666641,0.000777777777777702,0.009111111111111035,11
8742,2021-11-10 14:00:00,89.3075,89.34,87.85,88.102,467886.0,-0.013498306413235177,0.0003639112056658048,0.0163200179156287,11
8743,2021-11-10 15:00:00,88.13,89.27,88.09,88.76,683975.0,0.0071485305798253684,0.012935436287302855,0.00045387495744913245,11
8744,2021-11-10 16:00:00,88.75,88.95,88.55,88.95,18931.0,0.0022535211267605956,0.0022535211267605956,0.0022535211267605956,11
8745,2021-11-10 17:00:00,88.95,88.95,88.95,88.95,250.0,0.0,0.0,0.0,11
8746,2021-11-10 18:00:00,88.7,88.95,88.7,88.95,1458.0,0.002818489289740699,0.002818489289740699,0.0,11
8747,2021-11-10 19:00:00,88.7,88.95,88.7,88.95,2225.0,0.002818489289740699,0.002818489289740699,0.0,11
8748,2021-11-11 04:00:00,89.25,89.25,89.25,89.25,200.0,0.0,0.0,0.0,11
8749,2021-11-11 05:00:00,89.5,89.5,89.0,89.02,1646.0,-0.005363128491620156,0.0,0.00558659217877095,11
8750,2021-11-11 06:00:00,89.0,89.0,88.98,88.98,903.0,-0.0002247191011235508,0.0,0.0002247191011235508,11
8751,2021-11-11 07:00:00,89.25,89.3,89.1,89.11,5181.0,-0.0015686274509803986,0.0005602240896358225,0.0016806722689076267,11
8752,2021-11-11 08:00:00,89.5,89.5,89.02,89.02,8218.0,-0.005363128491620156,0.0,0.005363128491620156,11
8753,2021-11-11 09:00:00,89.2,89.26,87.33,88.1,397431.0,-0.012331838565022516,0.0006726457399103394,0.020964125560538168,11
8754,2021-11-11 10:00:00,88.13,88.56,87.49,87.67,382698.0,-0.005219562010665991,0.004879155792579222,0.00726199931918757,11
8755,2021-11-11 11:00:00,87.675,87.75,87.06,87.2432,341269.0,-0.004925007128599892,0.0008554319931565765,0.007014542343883603,11
8756,2021-11-11 12:00:00,87.25,87.3897,86.97,87.06,207628.0,-0.002177650429799401,0.001601146131805213,0.003209169054441274,11
8757,2021-11-11 13:00:00,87.08,87.12,86.28,86.3,333647.0,-0.008957280661460738,0.000459347726228827,0.009186954524575072,11
8758,2021-11-11 14:00:00,86.2959,86.87,86.27,86.74,264227.0,0.0051462468089444775,0.006652691495192719,0.00030013013364490245,11
8759,2021-11-11 15:00:00,86.75,86.96,86.17,86.32,636384.0,-0.004956772334294026,0.002420749279538833,0.006685878962536003,11
8760,2021-11-11 16:00:00,86.3,86.59,86.18,86.59,31904.0,0.0033603707995365733,0.0033603707995365733,0.0013904982618770608,11
8761,2021-11-11 17:00:00,86.59,86.59,86.5,86.55,1160.0,-0.00046194710705631427,0.0,0.001039380990876584,11
8762,2021-11-11 18:00:00,86.52,86.52,86.42,86.48,2469.0,-0.00046232085067027327,0.0,0.0011558021266758474,11
8763,2021-11-11 19:00:00,86.5,86.5,86.4,86.4,876.0,-0.001156069364161784,0.0,0.001156069364161784,11
8764,2021-11-12 05:00:00,86.44,86.45,86.29,86.29,900.0,-0.0017353077279036496,0.00011568718186030907,0.0017353077279036496,11
8765,2021-11-12 06:00:00,86.3,86.3,86.3,86.3,607.0,0.0,0.0,0.0,11
8766,2021-11-12 07:00:00,86.44,86.5,86.25,86.45,3988.0,0.00011568718186030907,0.0006941230911615256,0.0021980564553447214,11
8767,2021-11-12 08:00:00,86.4899,86.75,86.3,86.75,8559.0,0.0030072875561192023,0.0030072875561192023,0.002195632091146002,11
8768,2021-11-12 09:00:00,86.69,86.78,85.47,85.86,356304.0,-0.0095743453685546,0.0010381820279156005,0.014073134156188705,11
8769,2021-11-12 10:00:00,85.88,86.02,85.41,85.735,324478.0,-0.0016884024219841177,0.001630181648812303,0.0054727526781555525,11
8770,2021-11-12 11:00:00,85.73,85.77,84.57,84.705,556123.0,-0.011956141374081485,0.00046658112679332837,0.01353085267700934,11
8771,2021-11-12 12:00:00,84.72,84.8,83.7301,83.79,519959.0,-0.0109773371104815,0.0009442870632672131,0.011684372049102996,11
8772,2021-11-12 13:00:00,83.79,84.07,83.58,83.91,631764.0,0.0014321518080915422,0.0033416875522137117,0.002506265664160496,11
8773,2021-11-12 14:00:00,83.91,84.35,83.47,84.15,547264.0,0.0028602073650340733,0.005243713502562242,0.005243713502562242,11
8774,2021-11-12 15:00:00,84.16,84.64,84.0,84.56,638302.0,0.0047528517110266835,0.005703422053231987,0.001901140684410606,11
8775,2021-11-12 16:00:00,84.57,84.75,84.51,84.75,39347.0,0.0021284143313232452,0.0021284143313232452,0.000709471443774247,11
8776,2021-11-12 17:00:00,84.7,84.75,84.57,84.57,3416.0,-0.0015348288075561942,0.0005903187721369204,0.0015348288075561942,11
8777,2021-11-12 18:00:00,84.74,84.75,84.7,84.73,1750.0,-0.00011800802454556179,0.00011800802454572949,0.00047203209818258256,11
8778,2021-11-12 19:00:00,84.73,84.84,84.68,84.68,3306.0,-0.0005901097604154037,0.0012982414729139553,0.0005901097604154037,11
8779,2021-11-15 07:00:00,84.75,85.41,84.75,85.24,5078.0,0.005781710914454217,0.007787610619468986,0.0,11
8780,2021-11-15 08:00:00,85.1,85.53,85.1,85.25,11354.0,0.001762632197414873,0.0050528789659225245,0.0,11
8781,2021-11-15 09:00:00,85.26,86.8,84.5341,86.52,502082.0,0.014778325123152601,0.018062397372742105,0.008513957307060872,11
8782,2021-11-15 10:00:00,86.485,86.93,85.37,85.78,708292.0,-0.008151702607388544,0.005145400936578683,0.012892409088281145,11
8783,2021-11-15 11:00:00,85.76,86.0125,85.69,85.865,320623.0,0.0012243470149252537,0.002944263059701466,0.0008162313432836683,11
8784,2021-11-15 12:00:00,85.86,85.88,85.53,85.6286,221475.0,-0.002695085022128973,0.0002329373398555325,0.003843466107617031,11
8785,2021-11-15 13:00:00,85.61,85.64,85.0406,85.2299,272278.0,-0.004439901880621409,0.0003504263520616883,0.006651092162130612,11
8786,2021-11-15 14:00:00,85.2,85.775,85.1,85.48,190549.0,0.003286384976525835,0.006748826291079845,0.0011737089201878934,11
8787,2021-11-15 15:00:00,85.47,85.7625,85.25,85.28,498972.0,-0.0022230022230021965,0.003422253422253469,0.002574002574002561,11
8788,2021-11-15 16:00:00,85.0,85.26,84.6,85.0,119256.0,0.0,0.0030588235294118247,0.004705882352941244,11
8789,2021-11-15 17:00:00,85.0,85.01,84.85,84.85,2425.0,-0.001764705882353008,0.0001176470588235896,0.001764705882353008,11
8790,2021-11-15 18:00:00,84.85,85.0,84.85,85.0,215.0,0.0017678255745433788,0.0017678255745433788,0.0,11
8791,2021-11-15 19:00:00,85.0,85.0,85.0,85.0,140.0,0.0,0.0,0.0,11
8792,2021-11-16 06:00:00,85.26,85.26,85.26,85.26,844.0,0.0,0.0,0.0,11
8793,2021-11-16 07:00:00,85.35,85.98,85.35,85.7,5847.0,0.004100761570005959,0.007381370826010658,0.0,11
8794,2021-11-16 08:00:00,85.7399,86.0,85.2293,85.59,5354.0,-0.0017483108797654576,0.0030335934611539577,0.005955220381642745,11
8795,2021-11-16 09:00:00,85.59,85.59,83.28,83.61,478193.0,-0.023133543638275546,0.0,0.026989134244654774,11
8796,2021-11-16 10:00:00,83.66,84.08,82.8,82.95,654299.0,-0.008486732010518692,0.005020320344250559,0.010279703562036809,11
8797,2021-11-16 11:00:00,82.96,83.63,82.91,83.4,457467.0,0.00530376084860188,0.008076181292189028,0.0006027000964319812,11
8798,2021-11-16 12:00:00,83.36,83.79,83.3,83.65,255534.0,0.0034788867562380787,0.005158349328215053,0.0007197696737044418,11
8799,2021-11-16 13:00:00,83.66,83.86,83.35,83.3621,237191.0,-0.003560841501314828,0.002390628735357433,0.0037054745398039956,11
8800,2021-11-16 14:00:00,83.32,83.51,83.07,83.125,376930.0,-0.0023403744599135045,0.0022803648583774837,0.0030004800768122903,11
8801,2021-11-16 15:00:00,83.11,83.44,82.945,83.35,687916.0,0.002887739140897544,0.003970641318734187,0.001985320659367179,11
8802,2021-11-16 16:00:00,83.34,83.5,83.34,83.39,16963.0,0.0005999520038396587,0.001919846412286976,0.0,11
8803,2021-11-16 17:00:00,83.3999,83.5,83.3999,83.5,2512.0,0.001200241247291635,0.001200241247291635,0.0,11
8804,2021-11-16 18:00:00,83.49,83.69,83.36,83.69,1291.0,0.0023954964666427457,0.0023954964666427457,0.0015570727033177082,11
8805,2021-11-16 19:00:00,83.69,83.69,83.69,83.69,500.0,0.0,0.0,0.0,11
8806,2021-11-17 04:00:00,83.75,83.99,83.75,83.99,530.0,0.002865671641790984,0.002865671641790984,0.0,11
8807,2021-11-17 05:00:00,83.99,83.99,83.99,83.99,350.0,0.0,0.0,0.0,11
8808,2021-11-17 07:00:00,83.7,83.7,83.49,83.49,1232.0,-0.0025089605734767975,0.0,0.0025089605734767975,11
8809,2021-11-17 08:00:00,83.5,83.7,83.35,83.47,6213.0,-0.0003592814371257621,0.0023952095808383576,0.0017964071856288106,11
8810,2021-11-17 09:00:00,83.25,84.0,82.77,83.17,236636.0,-0.0009609609609609404,0.009009009009009009,0.0057657657657658136,11
8811,2021-11-17 10:00:00,83.17,83.73,82.78,82.9,239884.0,-0.003246362871227558,0.006733197066249877,0.004689190813995438,11
8812,2021-11-17 11:00:00,82.94,83.18,82.56,82.99,257903.0,0.0006028454304316031,0.002893658066071969,0.004581625271280389,11
8813,2021-11-17 12:00:00,82.99,83.0,82.02,82.2,275747.0,-0.009519219183034005,0.00012049644535492368,0.011688155199421605,11
8814,2021-11-17 13:00:00,82.19,82.92,82.15,82.91,257888.0,0.008760189804112408,0.008881859106947367,0.0004866772113394822,11
8815,2021-11-17 14:00:00,82.9,83.87,82.8562,83.53,324113.0,0.0075995174909529,0.011700844390832313,0.0005283474065139264,11
8816,2021-11-17 15:00:00,83.5155,83.85,83.21,83.29,652973.0,-0.0027000975866754875,0.004005244535445413,0.0036580036041215006,11
8817,2021-11-17 16:00:00,83.35,83.42,83.27,83.27,18076.0,-0.0009598080383923011,0.00083983203359337,0.0009598080383923011,11
8818,2021-11-18 05:00:00,83.7,83.7,83.7,83.7,207.0,0.0,0.0,0.0,11
8819,2021-11-18 06:00:00,83.53,83.7,83.53,83.7,1402.0,0.0020351969352328707,0.0020351969352328707,0.0,11
8820,2021-11-18 07:00:00,83.53,83.53,83.2,83.23,2222.0,-0.003591524003352055,0.0,0.003950676403687277,11
8821,2021-11-18 08:00:00,83.7,83.75,83.5,83.75,3148.0,0.0005973715651134666,0.0005973715651134666,0.002389486260454036,11
8822,2021-11-18 09:00:00,83.75,83.9569,82.78,83.13,364016.0,-0.00740298507462692,0.002470447761194084,0.011582089552238793,11
8823,2021-11-18 10:00:00,83.09,83.29,82.08,82.92,520989.0,-0.0020459742447948214,0.002407028523288035,0.012155494042604466,11
8824,2021-11-18 11:00:00,82.9,83.39,82.85,83.16,263912.0,0.0031363088057899985,0.005910735826296681,0.0006031363088059272,11
8825,2021-11-18 12:00:00,83.145,83.31,82.73,82.8,171208.0,-0.004149377593360982,0.001984484935955334,0.004991280293463131,11
8826,2021-11-18 13:00:00,82.73,82.8,82.38,82.605,211820.0,-0.0015109391998065996,0.0008461259518916134,0.0042306297594585825,11
8827,2021-11-18 14:00:00,82.59,83.15,82.51,83.11,212230.0,0.006296161762925245,0.006780481898534959,0.0009686402712192553,11
8828,2021-11-18 15:00:00,83.11,83.23,82.58,82.94,373713.0,-0.0020454818914691576,0.0014438695704488576,0.00637709060281556,11
8829,2021-11-18 16:00:00,82.94,83.24,82.94,82.94,30328.0,0.0,0.0036170725825897896,0.0,11
8830,2021-11-18 17:00:00,82.83,82.83,82.83,82.83,100.0,0.0,0.0,0.0,11
8831,2021-11-18 18:00:00,83.0,83.0,83.0,83.0,200.0,0.0,0.0,0.0,11
8832,2021-11-18 19:00:00,83.24,83.24,83.24,83.24,300.0,0.0,0.0,0.0,11
8833,2021-11-19 04:00:00,82.02,82.16,82.01,82.01,1100.0,-0.00012192148256511711,0.001706900755913199,0.00012192148256511711,11
8834,2021-11-19 05:00:00,82.42,82.42,81.0,81.0,3401.0,-0.017228827954380025,0.0,0.017228827954380025,11
8835,2021-11-19 06:00:00,81.04,81.05,81.0,81.05,591.0,0.00012339585389919673,0.00012339585389919673,0.0004935834155973131,11
8836,2021-11-19 07:00:00,81.39,81.52,81.01,81.09,111615.0,-0.0036859565057131977,0.0015972478191423449,0.004668878240570038,11
8837,2021-11-19 08:00:00,81.2001,82.0,81.0,81.99,45600.0,0.009727820532240585,0.009850973089934541,0.002464282679454904,11
8838,2021-11-19 09:00:00,81.38,82.84,79.42,79.51,1080897.0,-0.022978618825264075,0.017940525927746472,0.024084541656426563,11
8839,2021-11-19 10:00:00,79.5,81.8,78.7,81.47,1162716.0,0.024779874213836463,0.02893081761006286,0.010062893081760971,11
8840,2021-11-19 11:00:00,81.49,81.68,80.83,80.94,345983.0,-0.006749294391949898,0.0023315744263101234,0.008099153270339879,11
8841,2021-11-19 12:00:00,80.9432,81.22,80.6,80.76,230240.0,-0.0022633155101354943,0.0034196819498116503,0.004240010278812922,11
8842,2021-11-19 13:00:00,80.724,80.73,80.16,80.535,268702.0,-0.0023413111342352605,7.432733759477017e-05,0.00698676973390822,11
8843,2021-11-19 14:00:00,80.52,80.65,80.31,80.46,268550.0,-0.0007451564828614292,0.0016145057128664887,0.0026080476900148257,11
8844,2021-11-19 15:00:00,80.46,80.645,80.17,80.49,635121.0,0.0003728560775540783,0.0022992791449167574,0.003604275416355855,11
8845,2021-11-19 16:00:00,80.47,80.56,80.12,80.56,25650.0,0.0011184292282838749,0.0011184292282838749,0.0043494469988815,11
8846,2021-11-19 17:00:00,80.47,81.49,80.42,81.0,10509.0,0.00658630545544925,0.012675531253883385,0.0006213495712687605,11
8847,2021-11-19 18:00:00,80.89,80.89,80.89,80.89,100.0,0.0,0.0,0.0,11
8848,2021-11-19 19:00:00,80.78,80.8,80.5,80.51,1563.0,-0.003342411487992028,0.000247586036147512,0.003466204506065872,11
8849,2021-11-22 05:00:00,81.6,81.6,81.59,81.6,778.0,0.0,0.0,0.00012254901960773168,11
8850,2021-11-22 06:00:00,80.57,80.58,80.0,80.0,4779.0,-0.007074593521161639,0.00012411567580991828,0.007074593521161639,11
8851,2021-11-22 07:00:00,80.75,80.99,80.61,80.73,12461.0,-0.0002476780185758021,0.0029721362229101532,0.0017337461300309669,11
8852,2021-11-22 08:00:00,81.99,81.99,80.67,80.67,1607.0,-0.016099524332235556,0.0,0.016099524332235556,11
8853,2021-11-22 09:00:00,81.25,81.82,80.46,80.58,346110.0,-0.008246153846153867,0.007015384615384531,0.009723076923077001,11
8854,2021-11-22 10:00:00,80.58,81.52,80.0515,80.09,372377.0,-0.006080913378009368,0.011665425663936432,0.006558699429138669,11
8855,2021-11-22 11:00:00,80.13,80.69,78.93,79.29,433027.0,-0.010482965181579798,0.006988643454386651,0.014975664545114049,11
8856,2021-11-22 12:00:00,79.287,79.6,78.9,79.38,434861.0,0.0011729539520979391,0.003947683731254659,0.004881001929698443,11
8857,2021-11-22 13:00:00,79.35,79.82,79.32,79.52,357743.0,0.0021424070573409166,0.005923125393824813,0.00037807183364840753,11
8858,2021-11-22 14:00:00,79.54,79.8873,79.224,79.565,315527.0,0.00031430726678390085,0.004366356550163313,0.0039728438521498925,11
8859,2021-11-22 15:00:00,79.61,80.16,79.21,79.25,645911.0,-0.004522044969224964,0.006908679814093671,0.00502449441025004,11
8860,2021-11-22 16:00:00,79.27,79.5,79.27,79.5,21958.0,0.002901475968209966,0.002901475968209966,0.0,11
8861,2021-11-22 17:00:00,79.5,79.5,79.27,79.4,1851.0,-0.0012578616352200544,0.0,0.002893081761006339,11
8862,2021-11-22 18:00:00,79.46,79.46,79.46,79.46,250.0,0.0,0.0,0.0,11
8863,2021-11-22 19:00:00,79.36,79.39,79.27,79.27,1343.0,-0.0011340725806452043,0.00037802419354840145,0.0011340725806452043,11
8864,2021-11-23 07:00:00,79.39,79.4,79.29,79.29,601.0,-0.0012596044841918922,0.0001259604484192608,0.0012596044841918922,11
8865,2021-11-23 08:00:00,79.36,79.73,79.3,79.73,10909.0,0.004662298387096832,0.004662298387096832,0.0007560483870968029,11
8866,2021-11-23 09:00:00,79.97,80.475,79.5,79.81,262466.0,-0.0020007502813554658,0.006314868075528266,0.005877203951481792,11
8867,2021-11-23 10:00:00,79.81,80.08,78.96,79.04,444332.0,-0.009647913795263701,0.0033830347074300967,0.010650294449317234,11
8868,2021-11-23 11:00:00,79.015,79.46,78.795,79.0363,278545.0,0.000269569069164039,0.005631842055305868,0.0027842814655445022,11
8869,2021-11-23 12:00:00,79.03,79.11,78.66,78.78,205349.0,-0.0031633556877135264,0.0010122738200683068,0.004681766417816076,11
8870,2021-11-23 13:00:00,78.74,78.92,78.55,78.6235,211170.0,-0.0014795529591057639,0.0022860045720092307,0.0024130048260096234,11
8871,2021-11-23 14:00:00,78.64,78.82,78.245,78.53,191235.0,-0.0013987792472024343,0.002288911495422083,0.005022889114954171,11
8872,2021-11-23 15:00:00,78.495,78.88,78.31,78.83,523802.0,0.004267787757181906,0.0049047710045224645,0.0023568380151602303,11
8873,2021-11-23 16:00:00,78.84,78.84,78.5,78.84,14907.0,0.0,0.0,0.004312531709792027,11
8874,2021-11-23 17:00:00,78.9,78.9,78.65,78.87,1070.0,-0.0003802281368821437,0.0,0.0031685678073510772,11
8875,2021-11-23 18:00:00,78.89,78.89,78.8899,78.89,520.0,0.0,0.0,1.267587780495876e-06,11
8876,2021-11-23 19:00:00,78.55,78.55,78.53,78.53,322.0,-0.0002546148949713052,0.0,0.0002546148949713052,11
8877,2021-11-24 04:00:00,78.17,78.38,78.01,78.38,1853.0,0.002686452603300419,0.002686452603300419,0.0020468210310860507,11
8878,2021-11-24 05:00:00,78.32,78.32,78.32,78.32,450.0,0.0,0.0,0.0,11
8879,2021-11-24 07:00:00,78.32,78.35,78.27,78.27,777.0,-0.0006384065372829056,0.00038304392236977963,0.0006384065372829056,11
8880,2021-11-24 08:00:00,78.36,78.5,78.12,78.12,5745.0,-0.003062787136293962,0.0017866258295048567,0.003062787136293962,11
8881,2021-11-24 09:00:00,78.37,78.8046,77.1,78.75,434967.0,0.004848794181446924,0.0055454893454126445,0.016205180553783467,11
8882,2021-11-24 10:00:00,78.75,79.95,77.44,79.81,424294.0,0.013460317460317488,0.015238095238095275,0.016634920634920662,11
8883,2021-11-24 11:00:00,79.83,79.9399,78.8101,78.88,276509.0,-0.011900288112238543,0.0013766754352999638,0.012775898784917859,11
8884,2021-11-24 12:00:00,78.86,78.91,78.4,78.51,166812.0,-0.004438244991123438,0.000634034998731894,0.005833121988333677,11
8885,2021-11-24 13:00:00,78.53,78.9575,78.53,78.53,124270.0,0.0,0.005443779447344898,0.0,11
8886,2021-11-24 14:00:00,78.53,78.61,78.24,78.47,130697.0,-0.0007640392206800238,0.0010187189609066382,0.0036928562332867215,11
8887,2021-11-24 15:00:00,78.44,78.62,78.27,78.34,317321.0,-0.0012748597654257308,0.0022947475777665327,0.0021672616012238873,11
8888,2021-11-24 16:00:00,78.34,78.55,78.34,78.55,121249.0,0.0026806229257083703,0.0026806229257083703,0.0,11
8889,2021-11-24 17:00:00,78.69,78.7,78.69,78.7,750.0,0.00012708095056557524,0.00012708095056557524,0.0,11
8890,2021-11-24 18:00:00,78.38,78.38,78.38,78.38,100.0,0.0,0.0,0.0,11
8891,2021-11-26 04:00:00,73.8,73.8,68.05,70.0,52027.0,-0.05149051490514901,0.0,0.07791327913279134,11
8892,2021-11-26 05:00:00,70.0,71.58,69.7,69.94,22399.0,-0.0008571428571428896,0.022571428571428548,0.004285714285714245,11
8893,2021-11-26 06:00:00,69.93,70.9,69.93,70.16,8390.0,0.0032890032890031426,0.013871013871013853,0.0,11
8894,2021-11-26 07:00:00,70.49,70.88,69.98,69.98,95779.0,-0.007235068804085558,0.005532699673712592,0.007235068804085558,11
8895,2021-11-26 08:00:00,70.0499,71.74,69.66,71.21,96215.0,0.0165610514790171,0.02412708654830344,0.005566032214178711,11
8896,2021-11-26 09:00:00,71.3,71.53,70.0,70.53,2039275.0,-0.010799438990182273,0.003225806451612959,0.018232819074333762,11
8897,2021-11-26 10:00:00,70.53,70.89,68.7,68.89,2573565.0,-0.023252516659577494,0.005104210974053586,0.025946405784772412,11
8898,2021-11-26 11:00:00,68.88,69.96,68.33,68.575,2438624.0,-0.004427990708478407,0.015679442508710777,0.007984901277584163,11
8899,2021-11-26 12:00:00,68.56,68.8199,67.92,67.98,3063798.0,-0.0084597432905484,0.0037908401400233633,0.009334889148191373,11
8900,2021-11-26 13:00:00,67.9501,68.15,67.85,68.1499,90678.0,0.0029403930237041033,0.0029418646918841843,0.0014731398482123181,11
8901,2021-11-26 14:00:00,68.1499,68.39,68.02,68.2,30632.0,0.0007351441454793106,0.0035231159546822255,0.001906092305344635,11
8902,2021-11-26 15:00:00,68.2,68.75,68.12,68.75,23753.0,0.008064516129032216,0.008064516129032216,0.0011730205278592124,11
8903,2021-11-26 16:00:00,68.77,68.77,68.5,68.55,17643.0,-0.003199069361640234,0.0,0.003926130580194795,11
8904,2021-11-29 04:00:00,68.63,70.5,68.63,69.8,18719.0,0.017047938219437588,0.02724755937636609,0.0,11
8905,2021-11-29 05:00:00,69.67,70.75,69.67,70.5,6502.0,0.011913305583464881,0.015501650638725394,0.0,11
8906,2021-11-29 06:00:00,70.5,70.8,70.5,70.5,6884.0,0.0,0.0042553191489361295,0.0,11
8907,2021-11-29 07:00:00,70.11,70.5,69.99,70.25,34386.0,0.001996862073883905,0.005562687205819435,0.0017115960633291192,11
8908,2021-11-29 08:00:00,70.3501,72.18,69.99,71.86,127575.0,0.021462656058768955,0.026011334738685648,0.005118684976993675,11
8909,2021-11-29 09:00:00,71.89,72.63,69.5253,70.1502,1732508.0,-0.024200862428710564,0.01029350396438997,0.03289330922242313,11
8910,2021-11-29 10:00:00,70.16,70.69,68.06,68.8,1445756.0,-0.019384264538198397,0.007554161915621453,0.029931584948688632,11
8911,2021-11-29 11:00:00,68.79,69.38,68.55,68.87,928281.0,0.0011629597325192365,0.008576828027329396,0.0034888791975579165,11
8912,2021-11-29 12:00:00,68.8801,70.95,68.79,70.6599,999767.0,0.02583910302104664,0.030050769380416176,0.0013080701102349231,11
8913,2021-11-29 13:00:00,70.625,70.829,69.41,69.83,587913.0,-0.011256637168141617,0.0028884955752211472,0.017203539823008897,11
8914,2021-11-29 14:00:00,69.84,70.27,69.47,69.475,551592.0,-0.00522623138602533,0.006156930126002185,0.005297823596792733,11
8915,2021-11-29 15:00:00,69.48,70.05,69.25,69.8875,1058358.0,0.005864997121473789,0.008203799654576759,0.0033103051237766833,11
8916,2021-11-29 16:00:00,69.8875,70.51,69.8875,69.89,25104.0,3.577177606864927e-05,0.008907172241101803,0.0,11
8917,2021-11-29 17:00:00,69.99,70.22,69.99,70.16,1701.0,0.002428918416916727,0.003286183740534419,0.0,11
8918,2021-11-29 18:00:00,70.2,70.2499,70.15,70.15,2969.0,-0.0007122507122506717,0.0007108262108261231,0.0007122507122506717,11
8919,2021-11-29 19:00:00,70.49,70.49,70.49,70.49,284.0,0.0,0.0,0.0,11
8920,2021-11-30 04:00:00,68.9,68.9,67.83,68.0,6706.0,-0.013062409288824465,0.0,0.015529753265602428,11
8921,2021-11-30 05:00:00,68.18,68.37,67.99,67.99,1871.0,-0.002786740979759635,0.0027867409797594266,0.002786740979759635,11
8922,2021-11-30 06:00:00,67.89,68.2,67.89,68.2,1330.0,0.004566210045662134,0.004566210045662134,0.0,11
8923,2021-11-30 07:00:00,68.2,68.87,68.2,68.5,11627.0,0.004398826979472099,0.00982404692082114,0.0,11
8924,2021-11-30 08:00:00,68.17,68.87,68.05,68.86,41078.0,0.01012175443743579,0.010268446530732035,0.0017603051195541227,11
8925,2021-11-30 09:00:00,69.18,69.9071,68.4,68.42,793924.0,-0.010985834056085646,0.01051026308181545,0.011274934952298367,11
8926,2021-11-30 10:00:00,68.41,68.97,67.701,67.701,924619.0,-0.010363981873995077,0.008185937728402313,0.010363981873995077,11
8927,2021-11-30 11:00:00,67.72,68.23,67.24,67.5,692642.0,-0.003248670998227981,0.007531010041346798,0.0070880094506793265,11
8928,2021-11-30 12:00:00,67.5,68.12,66.88,67.7714,931323.0,0.004020740740740739,0.009185185185185253,0.009185185185185253,11
8929,2021-11-30 13:00:00,67.83,68.98,67.63,68.95,798935.0,0.016511867905056828,0.01695415008108515,0.002948547840188749,11
8930,2021-11-30 14:00:00,68.955,69.6,68.73,69.6,610179.0,0.009353926473787195,0.009353926473787195,0.0032629976071350056,11
8931,2021-11-30 15:00:00,69.59,70.1,69.1,69.95,1946211.0,0.00517315706279637,0.007328639172294739,0.007041241557695202,11
8932,2021-11-30 16:00:00,70.08,70.25,69.61,70.25,257363.0,0.0024257990867580155,0.0024257990867580155,0.006706621004566194,11
8933,2021-11-30 17:00:00,70.24,70.24,70.24,70.24,200.0,0.0,0.0,0.0,11
8934,2021-11-30 18:00:00,70.23,70.43,70.19,70.43,920.0,0.0028477858465043833,0.0028477858465043833,0.0005695571693009575,11
8935,2021-11-30 19:00:00,70.1,70.1,70.0,70.1,613.0,0.0,0.0,0.001426533523537722,11
8936,2021-12-01 04:00:00,70.9,71.39,70.82,71.26,2551.0,0.005077574047954858,0.006911142454160717,0.001128349788434591,12
8937,2021-12-01 05:00:00,71.31,72.05,71.31,71.92,2318.0,0.008554199971953435,0.010377226195484432,0.0,12
8938,2021-12-01 06:00:00,71.32,71.55,71.32,71.55,3386.0,0.0032249018508132923,0.0032249018508132923,0.0,12
8939,2021-12-01 07:00:00,71.47,71.86,71.3,71.7,25112.0,0.003218133482580159,0.005456835035679314,0.0023786204001679267,12
8940,2021-12-01 08:00:00,71.7263,72.19,71.3,71.8101,26216.0,0.00116833016620139,0.006464853198896401,0.005943426609207469,12
8941,2021-12-01 09:00:00,71.8,72.08,70.3,71.66,659458.0,-0.0019498607242339912,0.0038997214484679825,0.020891364902506964,12
8942,2021-12-01 10:00:00,71.665,72.38,71.43,71.82,717013.0,0.002162840996302057,0.00997697620874889,0.0032791460266517742,12
8943,2021-12-01 11:00:00,71.86,72.0,69.28,69.32,1460249.0,-0.035346507097133405,0.0019482326746451512,0.03590314500417476,12
8944,2021-12-01 12:00:00,69.31,70.29,68.795,68.8,1426357.0,-0.0073582455634108365,0.014139373827730542,0.007430385225797151,12
8945,2021-12-01 13:00:00,68.7999,68.92,66.98,67.4,1551845.0,-0.02034741329565869,0.0017456420721542892,0.02645207333150179,12
8946,2021-12-01 14:00:00,67.36,67.82,66.1,66.2999,1058776.0,-0.0157378266033255,0.006828978622327698,0.01870546318289794,12
8947,2021-12-01 15:00:00,66.3,66.47,64.2,64.21,2269576.0,-0.031523378582202166,0.00256410256410259,0.031674208144796295,12
8948,2021-12-01 16:00:00,64.21,65.0,64.21,65.0,247894.0,0.012303379535897933,0.012303379535897933,0.0,12
8949,2021-12-01 17:00:00,65.0,65.43,65.0,65.4,9697.0,0.0061538461538462414,0.00661538461538472,0.0,12
8950,2021-12-01 18:00:00,65.4,66.0,65.4,65.9,3535.0,0.0076452599388379195,0.009174311926605417,0.0,12
8951,2021-12-01 19:00:00,65.6,66.1,65.44,65.9,6499.0,0.004573170731707491,0.007621951219512196,0.002439024390243851,12
8952,2021-12-02 04:00:00,67.5,67.78,66.45,66.5,883.0,-0.014814814814814815,0.004148148148148165,0.015555555555555513,12
8953,2021-12-02 05:00:00,66.22,66.22,66.0,66.0,3742.0,-0.0033222591362126073,0.0,0.0033222591362126073,12
8954,2021-12-02 06:00:00,66.78,66.78,66.78,66.78,800.0,0.0,0.0,0.0,12
8955,2021-12-02 07:00:00,66.05,66.39,65.2,65.8,13617.0,-0.003785011355034065,0.005147615442846381,0.012869038607115735,12
8956,2021-12-02 08:00:00,66.2715,66.6,65.1,65.52,17558.0,-0.011339716167583457,0.004956881917566241,0.017677282089586153,12
8957,2021-12-02 09:00:00,65.36,67.395,64.25,67.3,1229741.0,0.029681762545899597,0.031135250917992605,0.016982864137086894,12
8958,2021-12-02 10:00:00,67.32,67.49,65.05,66.36,1234035.0,-0.01426024955436711,0.002525252525252551,0.03371954842543072,12
8959,2021-12-02 11:00:00,66.41,67.98,65.81,67.6,751117.0,0.01791898810420114,0.023641017918988216,0.00903478391808454,12
8960,2021-12-02 12:00:00,67.59,68.54,67.1489,68.439,532506.0,0.012561029738126787,0.014055333629235136,0.0065261133303744015,12
8961,2021-12-02 13:00:00,68.48,68.64,67.5701,68.58,651866.0,0.0014602803738316926,0.002336448598130791,0.013287091121495436,12
8962,2021-12-02 14:00:00,68.57,69.3,68.3001,68.34,745316.0,-0.0033542365465945717,0.01064605512614852,0.003936123669243004,12
8963,2021-12-02 15:00:00,68.38,69.05,68.25,68.9,1193368.0,0.0076045627376427356,0.00979818660427028,0.00190114068441058,12
8964,2021-12-02 16:00:00,68.9,69.37,68.84,69.0,98998.0,0.0014513788098692933,0.006821480406386049,0.0008708272859216584,12
8965,2021-12-02 17:00:00,69.32,69.47,68.88,69.01,172011.0,-0.004472013848816909,0.0021638776687825404,0.006347374495095179,12
8966,2021-12-02 18:00:00,68.9,69.03,68.36,68.36,19693.0,-0.00783744557329472,0.0018867924528301226,0.00783744557329472,12
8967,2021-12-02 19:00:00,68.36,68.6,68.27,68.6,6432.0,0.0035108250438852383,0.0035108250438852383,0.0013165593914570423,12
8968,2021-12-03 04:00:00,68.76,69.69,68.76,69.64,1418.0,0.012798138452588648,0.013525305410122056,0.0,12
8969,2021-12-03 05:00:00,68.55,68.57,68.51,68.51,1200.0,-0.0005835156819838373,0.00029175784099191865,0.0005835156819838373,12
8970,2021-12-03 06:00:00,68.5,68.55,68.5,68.55,772.0,0.0007299270072992286,0.0007299270072992286,0.0,12
8971,2021-12-03 07:00:00,68.83,68.83,68.68,68.68,958.0,-0.002179282289699135,0.0,0.002179282289699135,12
8972,2021-12-03 08:00:00,68.626,69.5,68.55,69.16,9673.0,0.007781307376212977,0.012735697840468557,0.0011074519861278176,12
8973,2021-12-03 09:00:00,68.8,69.15,66.5,66.76,671467.0,-0.02965116279069756,0.005087209302325706,0.0334302325581395,12
8974,2021-12-03 10:00:00,66.88,68.25,66.46,67.0182,612994.0,0.0020663875598085774,0.02048444976076562,0.0062799043062201215,12
8975,2021-12-03 11:00:00,66.97,68.66,66.53,66.56,613413.0,-0.006122144243691154,0.025235179931312496,0.006570106017619796,12
8976,2021-12-03 12:00:00,66.61,67.7099,66.41,67.1801,505334.0,0.008558774958714856,0.016512535655307088,0.003002552169343985,12
8977,2021-12-03 13:00:00,67.09,67.52,66.71,66.74,400914.0,-0.005216872857355917,0.006409300939037004,0.005664033387986431,12
8978,2021-12-03 14:00:00,66.725,66.95,66.17,66.61,563947.0,-0.0017234919445484435,0.0033720494567254936,0.00831772199325579,12
8979,2021-12-03 15:00:00,66.56,66.9,66.18,66.77,966461.0,0.003155048076922983,0.005108173076923128,0.0057091346153845465,12
8980,2021-12-03 16:00:00,66.77,67.8,66.7,66.7,56354.0,-0.0010483750187208804,0.015426089561180188,0.0010483750187208804,12
8981,2021-12-03 17:00:00,66.93,66.93,66.76,66.83,1992.0,-0.0014940983116690351,0.0,0.0025399671298371685,12
8982,2021-12-03 18:00:00,66.76,66.91,66.75,66.8,3185.0,0.0005991611743557825,0.0022468544038345035,0.00014979029358905206,12
8983,2021-12-03 19:00:00,66.84,66.93,66.81,66.84,1491.0,0.0,0.0013464991023339828,0.0004488330341113276,12
8984,2021-12-06 04:00:00,66.52,67.75,66.52,67.75,1362.0,0.018490679494888817,0.018490679494888817,0.0,12
8985,2021-12-06 05:00:00,67.24,67.24,67.22,67.22,2559.0,-0.0002974419988101729,0.0,0.0002974419988101729,12
8986,2021-12-06 06:00:00,67.7,67.73,67.7,67.73,772.0,0.00044313146233384247,0.00044313146233384247,0.0,12
8987,2021-12-06 07:00:00,67.52,67.79,67.0,67.0,12645.0,-0.007701421800947809,0.003998815165876929,0.007701421800947809,12
8988,2021-12-06 08:00:00,67.1,67.8,66.76,67.36,67668.0,0.0038748137108793614,0.010432190760059655,0.005067064083457366,12
8989,2021-12-06 09:00:00,67.38,70.32,67.38,70.32,807497.0,0.04363312555654494,0.04363312555654494,0.0,12
8990,2021-12-06 10:00:00,70.2516,72.63,70.1301,72.33,1712338.0,0.029585091300411693,0.03385545667287292,0.001729497975846778,12
8991,2021-12-06 11:00:00,72.37,73.4,71.5001,73.24,930244.0,0.01202155589332583,0.014232416747270984,0.012020174105292264,12
8992,2021-12-06 12:00:00,73.29,73.99,73.0,73.83,1012284.0,0.007367990176012989,0.00955109837631312,0.003956883613044157,12
8993,2021-12-06 13:00:00,73.83,74.43,73.4,73.635,928281.0,-0.0026412027631043367,0.008126777732629127,0.005824190708384026,12
8994,2021-12-06 14:00:00,73.65,74.35,72.465,72.67,1017072.0,-0.013306177868296047,0.009504412763068413,0.016089613034623248,12
8995,2021-12-06 15:00:00,72.66,72.95,72.0,72.27,1324660.0,-0.005367464905037167,0.003991191852463615,0.009083402146985916,12
8996,2021-12-06 16:00:00,72.26,72.5,72.0,72.49,52512.0,0.0031829504566840542,0.003321339606974742,0.003598117907556118,12
8997,2021-12-06 17:00:00,72.21,72.74,72.2,72.74,11066.0,0.007339703642154843,0.007339703642154843,0.0001384849743801538,12
8998,2021-12-06 18:00:00,72.56,72.56,72.31,72.35,1591.0,-0.0028941565600883123,0.0,0.0034454244762954795,12
8999,2021-12-06 19:00:00,72.5,72.55,72.5,72.55,925.0,0.0006896551724137539,0.0006896551724137539,0.0,12
9000,2021-12-07 04:00:00,73.49,75.67,73.49,74.35,2078.0,0.01170227241801605,0.029663899850319867,0.0,12
9001,2021-12-07 05:00:00,74.38,75.21,74.37,74.8,5110.0,0.0056466792148427225,0.011158913686474837,0.0001344447432104182,12
9002,2021-12-07 06:00:00,74.85,74.85,74.5,74.51,2117.0,-0.004542418169672535,0.0,0.004676018704074741,12
9003,2021-12-07 07:00:00,74.75,75.21,74.49,75.1,11654.0,0.004682274247491563,0.006153846153846071,0.003478260869565286,12
9004,2021-12-07 08:00:00,74.7329,75.9,74.6,75.15,33999.0,0.005581209882126947,0.015616950499713043,0.0017783332374363427,12
9005,2021-12-07 09:00:00,75.08,75.15,72.51,73.83,743381.0,-0.016648907831646246,0.0009323388385722881,0.03423015450186459,12
9006,2021-12-07 10:00:00,73.855,74.45,73.41,73.59,612102.0,-0.003588111840769082,0.008056326585877717,0.006025319883555715,12
9007,2021-12-07 11:00:00,73.67,73.73,72.12,72.37,631827.0,-0.017646260350210358,0.0008144427853943569,0.02103977195602005,12
9008,2021-12-07 12:00:00,72.36,73.33,72.34,73.28,374576.0,0.012714206744057514,0.01340519624101712,0.0002763957987838035,12
9009,2021-12-07 13:00:00,73.26,73.66,72.58,73.57,489993.0,0.004231504231504068,0.005460005460005343,0.009282009282009375,12
9010,2021-12-07 14:00:00,73.54,73.66,72.9,73.0,377618.0,-0.007342942616263342,0.001631765025836148,0.008702746804460164,12
9011,2021-12-07 15:00:00,73.03,73.24,71.0602,71.65,1653181.0,-0.01889634396823217,0.002875530603861341,0.02697247706422027,12
9012,2021-12-07 16:00:00,71.06,72.23,71.06,72.2,55135.0,0.01604278074866311,0.016464959189417417,0.0,12
9013,2021-12-07 17:00:00,72.0,72.05,72.0,72.0,5829.0,0.0,0.000694444444444405,0.0,12
9014,2021-12-07 18:00:00,71.76,72.0,71.76,72.0,3083.0,0.003344481605351099,0.003344481605351099,0.0,12
9015,2021-12-07 19:00:00,72.01,72.49,71.65,72.4,2825.0,0.005415914456325518,0.006665740869323563,0.00499930565199277,12
9016,2021-12-08 05:00:00,71.5,71.5,71.5,71.5,244.0,0.0,0.0,0.0,12
9017,2021-12-08 06:00:00,71.05,72.56,71.05,72.51,8359.0,0.02054890921886007,0.021252638986629206,0.0,12
9018,2021-12-08 07:00:00,73.38,73.9,72.74,73.0,54354.0,-0.0051785227582446915,0.007086399563914013,0.008721722540201699,12
9019,2021-12-08 08:00:00,73.678,74.0,72.5,72.95,26939.0,-0.009880832813051311,0.004370368359618919,0.015988490458481466,12
9020,2021-12-08 09:00:00,73.1999,76.62,71.6119,76.05,1663645.0,0.03893584554077256,0.04672274142451021,0.021694018707675747,12
9021,2021-12-08 10:00:00,76.0227,77.5,75.92,76.21,2057884.0,0.0024637378046293195,0.01943235375749611,0.0013509122933018517,12
9022,2021-12-08 11:00:00,76.21,76.52,75.352,75.425,719456.0,-0.01030048550059043,0.0040677076499147395,0.011258365043957354,12
9023,2021-12-08 12:00:00,75.4,76.4015,75.37,75.98,483941.0,0.007692307692307669,0.01328249336870017,0.0003978779840848957,12
9024,2021-12-08 13:00:00,75.98,76.13,75.45,75.46,325662.0,-0.006843906291129379,0.001974203737825631,0.006975519873650976,12
9025,2021-12-08 14:00:00,75.4614,75.7,74.89,75.57,306554.0,0.0014391463715223358,0.0031618814387223836,0.007572083210754068,12
9026,2021-12-08 15:00:00,75.56,75.64,75.02,75.37,965247.0,-0.002514557967178371,0.0010587612493382515,0.007146638433033433,12
9027,2021-12-08 16:00:00,75.37,75.71,75.37,75.71,28873.0,0.004511078678519161,0.004511078678519161,0.0,12
9028,2021-12-08 17:00:00,75.41,75.6,75.37,75.37,5974.0,-0.0005304336294920043,0.0025195597400874915,0.0005304336294920043,12
9029,2021-12-08 18:00:00,75.37,75.5,75.37,75.5,510.0,0.001724824200610262,0.001724824200610262,0.0,12
9030,2021-12-08 19:00:00,75.5,75.59,75.37,75.5,2502.0,0.0,0.0011920529801324954,0.0017218543046357013,12
9031,2021-12-09 04:00:00,76.0,76.0,75.37,75.37,402.0,-0.008289473684210466,0.0,0.008289473684210466,12
9032,2021-12-09 06:00:00,74.88,75.08,74.68,74.68,3118.0,-0.002670940170940019,0.002670940170940209,0.002670940170940019,12
9033,2021-12-09 07:00:00,74.95,75.09,74.79,74.8,4096.0,-0.0020013342228152858,0.0018679119412942037,0.0021347565043361785,12
9034,2021-12-09 08:00:00,74.8,75.0,74.05,74.5,42930.0,-0.004010695187165738,0.0026737967914438883,0.010026737967914439,12
9035,2021-12-09 09:00:00,74.5,75.0,73.24,74.77,349108.0,0.00362416107382545,0.006711409395973154,0.016912751677852417,12
9036,2021-12-09 10:00:00,74.74,75.42,73.6709,74.34,486520.0,-0.005351886540005239,0.00909820711800919,0.014304254749799194,12
9037,2021-12-09 11:00:00,74.35,74.758,74.05,74.56,220586.0,0.0028244788164089843,0.005487558843308692,0.004034969737726929,12
9038,2021-12-09 12:00:00,74.5807,75.21,74.205,75.04,272891.0,0.0061584297277983875,0.008437839816467273,0.005037496295958537,12
9039,2021-12-09 13:00:00,75.02,75.125,74.2816,74.53,273893.0,-0.006531591575579777,0.0013996267661957342,0.009842708611037039,12
9040,2021-12-09 14:00:00,74.53,75.03,74.49,74.67,222988.0,0.0018784382128002222,0.0067087079028579095,0.0005366966322287167,12
9041,2021-12-09 15:00:00,74.66,75.04,74.43,74.7,653652.0,0.0005357621216180854,0.005089740155371145,0.0030806321993033722,12
9042,2021-12-09 16:00:00,74.7,74.83,74.7,74.7,54328.0,0.0,0.0017402945113787877,0.0,12
9043,2021-12-09 17:00:00,74.65,74.65,74.59,74.61,901.0,-0.0005358338914937207,0.0,0.0008037508372404858,12
9044,2021-12-09 18:00:00,74.81,74.83,74.81,74.83,2003.0,0.0002673439379761532,0.0002673439379761532,0.0,12
9045,2021-12-09 19:00:00,74.8,74.85,74.8,74.85,321.0,0.0006684491978609246,0.0006684491978609246,0.0,12
9046,2021-12-10 04:00:00,75.52,75.52,75.0,75.25,8714.0,-0.003575211864406727,0.0,0.006885593220338931,12
9047,2021-12-10 06:00:00,75.43,75.5,75.43,75.5,1400.0,0.0009280127270315945,0.0009280127270315945,0.0,12
9048,2021-12-10 07:00:00,75.52,75.6,75.15,75.2,6222.0,-0.00423728813559313,0.0010593220338982825,0.0048993644067795335,12
9049,2021-12-10 08:00:00,75.5213,76.26,75.1,75.72,44398.0,0.002631045810916951,0.009781346454576505,0.0055785586318032425,12
9050,2021-12-10 09:00:00,75.7,76.4,73.61,73.84,466145.0,-0.024570673712021127,0.00924702774108326,0.027608982826948524,12
9051,2021-12-10 10:00:00,73.85,74.56,73.67,74.09,394017.0,0.00324983073798252,0.009614082599864699,0.0024373730534866978,12
9052,2021-12-10 11:00:00,74.135,75.02,73.48,74.94,376432.0,0.010858568827139578,0.011937681257165857,0.008835233020840374,12
9053,2021-12-10 12:00:00,74.96,75.25,74.6872,74.89,284202.0,-0.0009338313767341674,0.003868729989327725,0.0036392742796156554,12
9054,2021-12-10 13:00:00,74.88,75.49,74.87,75.3,329738.0,0.005608974358974382,0.008146367521367515,0.0001335470085468871,12
9055,2021-12-10 14:00:00,75.28,75.75,75.26,75.48,400722.0,0.0026567481402763396,0.006243358129649294,0.0002656748140275773,12
9056,2021-12-10 15:00:00,75.48,75.71,75.36,75.49,647527.0,0.00013248542660295316,0.0030471648118705584,0.0015898251192369441,12
9057,2021-12-10 16:00:00,75.5,75.58,75.5,75.58,22699.0,0.0010596026490066,0.0010596026490066,0.0,12
9058,2021-12-10 17:00:00,75.49,75.49,75.46,75.47,1325.0,-0.00026493575307982544,0.0,0.0003974036296198323,12
9059,2021-12-10 18:00:00,75.47,75.47,75.37,75.37,1648.0,-0.001325029813170721,0.0,0.001325029813170721,12
9060,2021-12-10 19:00:00,75.38,75.38,75.36,75.37,8195.0,-0.00013266118333763472,0.0,0.000265322366675458,12
9061,2021-12-13 04:00:00,75.6,75.6,75.6,75.6,101.0,0.0,0.0,0.0,12
9062,2021-12-13 05:00:00,75.02,75.03,74.9,74.9,2752.0,-0.0015995734470806498,0.00013329778725679973,0.0015995734470806498,12
9063,2021-12-13 06:00:00,74.91,74.92,74.8,74.8,1268.0,-0.0014684287812041041,0.00013349352556407844,0.0014684287812041041,12
9064,2021-12-13 07:00:00,74.7,74.88,74.68,74.68,2932.0,-0.0002677376171351542,0.0024096385542167684,0.0002677376171351542,12
9065,2021-12-13 08:00:00,74.7,75.63,74.7,74.76,6647.0,0.0008032128514056529,0.01244979919678705,0.0,12
9066,2021-12-13 09:00:00,74.76,74.76,72.2,72.53,630000.0,-0.029828785446763026,0.0,0.034242910647405055,12
9067,2021-12-13 10:00:00,72.53,72.53,71.43,71.64,701924.0,-0.012270784502964299,0.0,0.015166138149731067,12
9068,2021-12-13 11:00:00,71.63,71.8,70.89,71.79,660507.0,0.0022337009632836914,0.0023733072734887857,0.010330866955186304,12
9069,2021-12-13 12:00:00,71.81,72.29,71.5,71.71,577699.0,-0.0013925637097898416,0.006684305806990725,0.004316947500348172,12
9070,2021-12-13 13:00:00,71.71,71.945,71.23,71.75,369190.0,0.0005578022590992366,0.003277088272207495,0.00669362710918965,12
9071,2021-12-13 14:00:00,71.725,72.135,71.54,72.05,301574.0,0.004531195538515202,0.00571627744858851,0.002579295921923849,12
9072,2021-12-13 15:00:00,72.05,72.65,72.05,72.11,778151.0,0.0008327550312283452,0.008327550312283256,0.0,12
9073,2021-12-13 16:00:00,72.15,72.34,72.0,72.34,24012.0,0.0026334026334026016,0.0026334026334026016,0.0020790020790021576,12
9074,2021-12-13 17:00:00,72.32,72.32,72.01,72.15,750.0,-0.0023506637168139864,0.0,0.004286504424778596,12
9075,2021-12-13 18:00:00,72.01,72.21,72.01,72.21,249.0,0.002777392028884719,0.002777392028884719,0.0,12
9076,2021-12-13 19:00:00,72.02,72.02,72.01,72.01,402.0,-0.00013885031935560824,0.0,0.00013885031935560824,12
9077,2021-12-14 06:00:00,71.95,71.99,71.95,71.99,800.0,0.0005559416261291458,0.0005559416261291458,0.0,12
9078,2021-12-14 07:00:00,71.95,71.99,71.86,71.95,4536.0,0.0,0.0005559416261291458,0.0012508686587908743,12
9079,2021-12-14 08:00:00,72.38,72.38,70.5,70.7,45771.0,-0.02321083172146992,0.0,0.025974025974025913,12
9080,2021-12-14 09:00:00,70.7,73.21,70.06,73.0,746777.0,0.03253182461103249,0.03550212164073537,0.00905233380480906,12
9081,2021-12-14 10:00:00,72.91,73.3,72.055,72.4,465006.0,-0.006994925250308475,0.005349060485530114,0.011726786449046631,12
9082,2021-12-14 11:00:00,72.32,72.725,71.89,72.34,348137.0,0.00027654867256651317,0.005600110619469043,0.005945796460176889,12
9083,2021-12-14 12:00:00,72.35,72.55,71.88,72.0461,306070.0,-0.004200414651002056,0.0027643400138217394,0.00649619903248098,12
9084,2021-12-14 13:00:00,72.01,72.29,71.762,71.8,210737.0,-0.0029162616303292314,0.0038883488404388433,0.003443966115817312,12
9085,2021-12-14 14:00:00,71.7909,72.2,71.5,71.86,202995.0,0.00096251753355935,0.005698493820247543,0.004052045593522209,12
9086,2021-12-14 15:00:00,71.855,72.375,71.515,71.6,834060.0,-0.0035488135829101616,0.007236796325934118,0.004731751443880083,12
9087,2021-12-14 16:00:00,71.6,71.82,71.51,71.6,31394.0,0.0,0.0030726256983240065,0.001256983240223313,12
9088,2021-12-14 19:00:00,71.57,71.81,71.55,71.8,2362.0,0.003213636998742546,0.00335336034651403,0.00027944669554276963,12
9089,2021-12-15 04:00:00,71.6,71.6,71.6,71.6,118.0,0.0,0.0,0.0,12
9090,2021-12-15 07:00:00,71.5,71.5,71.5,71.5,814.0,0.0,0.0,0.0,12
9091,2021-12-15 08:00:00,71.44,71.5,71.41,71.41,2601.0,-0.00041993281075029587,0.0008398656215005917,0.00041993281075029587,12
9092,2021-12-15 09:00:00,71.59,71.59,69.22,69.54,498400.0,-0.028635284257577834,0.0,0.03310518228802912,12
9093,2021-12-15 10:00:00,69.445,69.78,68.33,68.7818,748407.0,-0.009550003599971045,0.004823961408308848,0.016055871553027505,12
9094,2021-12-15 11:00:00,68.7699,69.31,68.31,68.59,536153.0,-0.002615970068300281,0.00785372670310696,0.006687518812736453,12
9095,2021-12-15 12:00:00,68.5854,69.37,68.174,69.335,432687.0,0.010929439793308585,0.011439752483764729,0.005998361167245512,12
9096,2021-12-15 13:00:00,69.3341,69.94,69.16,69.8,431667.0,0.006719637234780441,0.008738845676225569,0.0025110299261115365,12
9097,2021-12-15 14:00:00,69.91,70.62,68.9093,68.93,725979.0,-0.014018023172650405,0.010155914747532656,0.014314118151909524,12
9098,2021-12-15 15:00:00,68.97,71.1,68.94,70.66,804612.0,0.024503407278526863,0.030882992605480577,0.000434971726837772,12
9099,2021-12-15 16:00:00,70.66,70.86,70.6,70.86,55135.0,0.002830455703368283,0.002830455703368283,0.0008491367110105049,12
9100,2021-12-15 17:00:00,70.73,70.84,70.64,70.64,1114.0,-0.0012724445072812584,0.0015552099533436934,0.0012724445072812584,12
9101,2021-12-15 18:00:00,70.62,70.9,70.62,70.9,1009.0,0.003964882469555383,0.003964882469555383,0.0,12
9102,2021-12-15 19:00:00,70.01,70.89,70.01,70.89,300.0,0.012569632909584278,0.012569632909584278,0.0,12
9103,2021-12-16 06:00:00,71.45,72.35,71.45,72.35,2522.0,0.012596221133659782,0.012596221133659782,0.0,12
9104,2021-12-16 07:00:00,71.98,71.99,71.64,71.64,1633.0,-0.004723534315087571,0.00013892747985538905,0.004723534315087571,12
9105,2021-12-16 08:00:00,71.99,72.0,71.6,71.9,12035.0,-0.001250173635226965,0.00013890818169197272,0.005417419085984173,12
9106,2021-12-16 09:00:00,71.8,72.35,70.39,70.75,541891.0,-0.014623955431754836,0.007660167130919181,0.019637883008356498,12
9107,2021-12-16 10:00:00,70.82,71.12,69.33,70.14,643846.0,-0.009601807399039717,0.004236091499576552,0.021039254447896005,12
9108,2021-12-16 11:00:00,70.12,70.3695,69.36,69.37,461280.0,-0.01069594980034227,0.003558185966913828,0.010838562464346906,12
9109,2021-12-16 12:00:00,69.355,69.67,69.03,69.27,372460.0,-0.0012255785451662888,0.004541849902674612,0.004686035613870706,12
9110,2021-12-16 13:00:00,69.2905,71.145,69.26,70.35,1010143.0,0.015290696415814577,0.026764130724991186,0.0004401757816726581,12
9111,2021-12-16 14:00:00,70.34,70.39,68.63,68.85,564573.0,-0.02118282627239137,0.0007108330963889275,0.024310491896502813,12
9112,2021-12-16 15:00:00,68.8,69.22,68.37,68.79,1101889.0,-0.00014534883720917013,0.006104651162790723,0.006249999999999893,12
9113,2021-12-16 16:00:00,68.86,68.86,68.53,68.8,49134.0,-0.0008713331397037798,0.0,0.0047923322683705825,12
9114,2021-12-16 17:00:00,68.8,68.8,68.8,68.8,1230.0,0.0,0.0,0.0,12
9115,2021-12-16 18:00:00,68.75,68.8,68.75,68.75,1473.0,0.0,0.0007272727272726859,0.0,12
9116,2021-12-16 19:00:00,68.8,68.8,68.66,68.8,7100.0,0.0,0.0,0.0020348837209302408,12
9117,2021-12-17 04:00:00,68.02,68.02,68.0,68.0,1605.0,-0.00029403116730367573,0.0,0.00029403116730367573,12
9118,2021-12-17 05:00:00,68.45,68.7,68.25,68.7,4504.0,0.0036523009495982466,0.0036523009495982466,0.0029218407596786388,12
9119,2021-12-17 07:00:00,68.75,69.0,68.3,68.3,6272.0,-0.006545454545454587,0.0036363636363636364,0.006545454545454587,12
9120,2021-12-17 08:00:00,68.74,68.74,68.0,68.2,38848.0,-0.00785568810008717,0.0,0.01076520221123065,12
9121,2021-12-17 09:00:00,68.2,70.5,68.0,70.24,1091826.0,0.02991202346041044,0.033724340175953035,0.0029325513196481355,12
9122,2021-12-17 10:00:00,70.24,72.6585,69.62,72.3,1189383.0,0.029328018223234657,0.034431947608200585,0.008826879271070478,12
9123,2021-12-17 11:00:00,72.26,73.12,72.24,72.6291,1047428.0,0.005107943537226527,0.011901466924993071,0.000276778300581376,12
9124,2021-12-17 12:00:00,72.625,72.69,71.92,72.62,515230.0,-6.884681583470502e-05,0.000895008605851948,0.009707401032702213,12
9125,2021-12-17 13:00:00,72.67,72.87,72.32,72.825,411330.0,0.0021329296821246888,0.002752167331773811,0.004816292830604218,12
9126,2021-12-17 14:00:00,72.84,73.155,72.3301,73.04,404446.0,0.0027457440966502313,0.004324546952224021,0.007000274574409689,12
9127,2021-12-17 15:00:00,73.05,73.24,72.275,72.42,1817542.0,-0.008624229979466057,0.002600958247775465,0.010609171800136777,12
9128,2021-12-17 16:00:00,72.42,72.57,72.41,72.57,78633.0,0.0020712510356254,0.0020712510356254,0.00013808340237510516,12
9129,2021-12-17 17:00:00,72.72,72.75,72.49,72.49,833.0,-0.0031628162816282174,0.00041254125412542816,0.0031628162816282174,12
9130,2021-12-17 19:00:00,72.51,72.52,72.51,72.51,401.0,0.0,0.00013791201213613164,0.0,12
9131,2021-12-20 04:00:00,69.86,69.9,69.86,69.9,4500.0,0.0005725737188663935,0.0005725737188663935,0.0,12
9132,2021-12-20 05:00:00,69.62,69.96,69.51,69.6,6799.0,-0.00028727377190477203,0.004883654122378471,0.0015800057454754299,12
9133,2021-12-20 06:00:00,69.63,69.97,69.51,69.97,5174.0,0.004882952750251378,0.004882952750251378,0.0017233950883238597,12
9134,2021-12-20 07:00:00,70.0,70.5,69.88,69.88,34741.0,-0.0017142857142857792,0.007142857142857143,0.0017142857142857792,12
9135,2021-12-20 08:00:00,69.8801,70.89,69.72,70.17,38163.0,0.004148534418239283,0.014451896891962116,0.002291067127837538,12
9136,2021-12-20 09:00:00,69.9,72.935,69.655,72.935,911438.0,0.043419170243204526,0.043419170243204526,0.0035050071530758876,12
9137,2021-12-20 10:00:00,72.87,74.56,72.47,73.27,1404407.0,0.005489227391244565,0.02319198572800875,0.00548922739124476,12
9138,2021-12-20 11:00:00,73.22,73.25,72.2136,72.7,554530.0,-0.007101884730947774,0.00040972411909315947,0.013744878448511326,12
9139,2021-12-20 12:00:00,72.74,72.88,72.1792,72.35,438459.0,-0.005361561726697836,0.0019246631839428179,0.007709650811108062,12
9140,2021-12-20 13:00:00,72.32,72.4,71.45,72.28,359094.0,-0.0005530973451326334,0.0011061946902656597,0.012029867256637036,12
9141,2021-12-20 14:00:00,72.28,72.71,72.05,72.35,428442.0,0.0009684560044271331,0.005949086884338581,0.003182069728832374,12
9142,2021-12-20 15:00:00,72.36,73.04,72.21,72.65,1264128.0,0.004007739082366035,0.009397457158651283,0.0020729684908790172,12
9143,2021-12-20 16:00:00,72.66,73.11,72.6,73.11,44205.0,0.006193228736581377,0.006193228736581377,0.0008257638315442097,12
9144,2021-12-20 17:00:00,72.5101,73.14,72.5101,73.08,2752.0,0.007859594732320107,0.008687065663955868,0.0,12
9145,2021-12-20 18:00:00,72.98,72.98,72.98,72.98,115.0,0.0,0.0,0.0,12
9146,2021-12-20 19:00:00,72.86,72.87,72.7,72.7,878.0,-0.002195992314026854,0.00013724951962675153,0.002195992314026854,12
9147,2021-12-21 05:00:00,73.29,73.46,73.29,73.46,1552.0,0.0023195524628187676,0.0023195524628187676,0.0,12
9148,2021-12-21 06:00:00,73.89,74.3,73.89,74.3,1543.0,0.005548788740018901,0.005548788740018901,0.0,12
9149,2021-12-21 07:00:00,74.45,74.45,73.53,73.75,7761.0,-0.009402283411685733,0.0,0.01235728676964408,12
9150,2021-12-21 08:00:00,73.75,74.09,73.72,73.72,4125.0,-0.00040677966101696454,0.00461016949152547,0.00040677966101696454,12
9151,2021-12-21 09:00:00,73.75,75.75,73.56,75.6403,827641.0,0.025631186440677915,0.02711864406779661,0.002576271186440647,12
9152,2021-12-21 10:00:00,75.7,77.18,75.68,76.12,1663404.0,0.005548216644649957,0.019550858652576008,0.0002642007926023252,12
9153,2021-12-21 11:00:00,76.1,77.21,76.02,76.7071,799331.0,0.007977660972404765,0.014586070959264119,0.0010512483574244191,12
9154,2021-12-21 12:00:00,76.7,76.98,76.35,76.44,372146.0,-0.003389830508474643,0.0036505867014341737,0.0045632333767928095,12
9155,2021-12-21 13:00:00,76.44,76.775,76.16,76.31,537827.0,-0.001700680272108784,0.004382522239665201,0.003663003663003678,12
9156,2021-12-21 14:00:00,76.31,76.87,76.25,76.54,585892.0,0.003014021753374446,0.00733848774734638,0.0007862665443585673,12
9157,2021-12-21 15:00:00,76.555,77.19,76.47,76.57,1533313.0,0.00019593756123030965,0.008294690092090534,0.0011103128469728686,12
9158,2021-12-21 16:00:00,76.57,76.77,76.48,76.75,56328.0,0.0023507901266815573,0.0026119890296461127,0.001175395063340593,12
9159,2021-12-21 17:00:00,76.75,76.75,76.75,76.75,1100.0,0.0,0.0,0.0,12
9160,2021-12-21 18:00:00,76.68,76.69,76.6,76.69,610.0,0.00013041210224296954,0.00013041210224296954,0.0010432968179448683,12
9161,2021-12-21 19:00:00,76.67,76.75,76.48,76.68,8026.0,0.0001304291117778155,0.0010434328942219681,0.0024781531237771976,12
9162,2021-12-22 04:00:00,76.67,76.67,76.0,76.0,516.0,-0.00873875048910919,0.0,0.00873875048910919,12
9163,2021-12-22 05:00:00,76.01,76.04,76.0,76.0,1000.0,-0.00013156163662682692,0.00039468490988029385,0.00013156163662682692,12
9164,2021-12-22 07:00:00,76.67,77.47,76.64,77.0,8955.0,0.004304160688665687,0.010434328942219866,0.0003912873353332612,12
9165,2021-12-22 08:00:00,76.75,77.2979,76.34,76.55,5187.0,-0.0026058631921824474,0.007138762214983694,0.005342019543973897,12
9166,2021-12-22 09:00:00,76.7415,77.54,75.57,77.3483,430258.0,0.007907064626049695,0.010405061146837164,0.015265534293700395,12
9167,2021-12-22 10:00:00,77.33,78.86,77.24,78.825,709842.0,0.01933272985904571,0.019785335574809274,0.0011638432691064712,12
9168,2021-12-22 11:00:00,78.8242,78.9099,78.101,78.769,384024.0,-0.0007002925497499404,0.0010872295564051213,0.009174847318463183,12
9169,2021-12-22 12:00:00,78.78,79.71,78.63,79.645,562602.0,0.010979944148260914,0.011805026656511711,0.0019040365575019762,12
9170,2021-12-22 13:00:00,79.655,79.96,79.48,79.86,559401.0,0.002573598644152888,0.0038290126169103333,0.0021969744523256188,12
9171,2021-12-22 14:00:00,79.86,79.88,79.3526,79.765,402851.0,-0.0011895817680941507,0.00025043826696714275,0.006353618832957727,12
9172,2021-12-22 15:00:00,79.78,79.79,79.09,79.47,893896.0,-0.003885685635497647,0.00012534469791934214,0.008648784156430155,12
9173,2021-12-22 16:00:00,79.98,80.0,79.0856,79.26,25800.0,-0.009002250562640646,0.0002500625156288575,0.011182795698924787,12
9174,2021-12-22 17:00:00,79.5,79.67,79.5,79.55,1342.0,0.0006289308176100272,0.0021383647798742353,0.0,12
9175,2021-12-22 18:00:00,79.49,79.75,79.49,79.75,3364.0,0.0032708516794566,0.0032708516794566,0.0,12
9176,2021-12-22 19:00:00,79.75,79.75,79.4,79.75,1886.0,0.0,0.0,0.004388714733542249,12
9177,2021-12-23 04:00:00,79.56,80.0,79.56,80.0,2170.0,0.005530417295123149,0.005530417295123149,0.0,12
9178,2021-12-23 06:00:00,80.39,80.39,80.39,80.39,100.0,0.0,0.0,0.0,12
9179,2021-12-23 07:00:00,80.39,80.75,80.39,80.6,5042.0,0.002612265207115235,0.004478168926483386,0.0,12
9180,2021-12-23 08:00:00,80.8341,80.85,80.25,80.45,30339.0,-0.004751707509578305,0.00019669916532735334,0.0072259108470312215,12
9181,2021-12-23 09:00:00,80.59,80.78,77.83,78.7088,847222.0,-0.023342846507010878,0.0023576126070231755,0.03424742523886345,12
9182,2021-12-23 10:00:00,78.59,79.15,77.985,78.66,389364.0,0.0008906985621579485,0.007125588497264312,0.007698180430080213,12
9183,2021-12-23 11:00:00,78.67,79.3,78.5076,78.67,303385.0,0.0,0.008008135248506361,0.002064319308503943,12
9184,2021-12-23 12:00:00,78.67,79.49,78.61,79.47,312607.0,0.010169060633023988,0.010423287148849538,0.0007626795474768307,12
9185,2021-12-23 13:00:00,79.5,79.61,79.06,79.09,286872.0,-0.005157232704402472,0.0013836477987421312,0.005534591194968525,12
9186,2021-12-23 14:00:00,79.13,79.21,78.86,78.94,319224.0,-0.002401112094022466,0.0010109945659041869,0.0034121066599266526,12
9187,2021-12-23 15:00:00,78.93,79.74,78.52,79.525,1108630.0,0.007538325098188253,0.01026225769669312,0.005194476118079447,12
9188,2021-12-23 16:00:00,79.53,79.53,79.27,79.27,38682.0,-0.003269206588708728,0.0,0.003269206588708728,12
9189,2021-12-23 17:00:00,79.27,79.29,79.27,79.28,1740.0,0.00012615112905266956,0.0002523022581053391,0.0,12
9190,2021-12-23 18:00:00,79.34,79.38,79.34,79.38,273.0,0.0005041593143432321,0.0005041593143432321,0.0,12
9191,2021-12-23 19:00:00,79.39,79.39,79.39,79.39,253.0,0.0,0.0,0.0,12
9192,2021-12-27 04:00:00,78.5,79.0,78.3,78.3,1405.0,-0.002547770700636979,0.006369426751592357,0.002547770700636979,12
9193,2021-12-27 05:00:00,77.79,78.15,77.79,78.0,6043.0,0.0026995757809486274,0.004627844195912063,0.0,12
9194,2021-12-27 06:00:00,78.0,78.01,78.0,78.01,457.0,0.0001282051282051938,0.0001282051282051938,0.0,12
9195,2021-12-27 07:00:00,77.98,78.0,77.5,77.99,10614.0,0.0001282380097459721,0.00025647601949212645,0.00615542446781231,12
9196,2021-12-27 08:00:00,77.8381,78.0,77.25,77.8,20459.0,-0.0004894775180791929,0.0020799582723627997,0.007555425941794535,12
9197,2021-12-27 09:00:00,77.68,77.9066,75.55,77.18,637862.0,-0.006436663233779608,0.0029170957775487972,0.027420185375901254,12
9198,2021-12-27 10:00:00,77.2799,78.64,76.69,78.57,434188.0,0.016693862181498622,0.017599660455047208,0.007633291450946496,12
9199,2021-12-27 11:00:00,78.56,78.78,78.04,78.42,361593.0,-0.0017820773930753637,0.0028004073319755456,0.006619144602851273,12
9200,2021-12-27 12:00:00,78.37,78.41,77.56,77.97,264967.0,-0.005103993875207422,0.0005103993875206335,0.010335587597294912,12
9201,2021-12-27 13:00:00,77.95,78.13,77.77,77.94,123455.0,-0.0001282873636947417,0.0023091725465040746,0.0023091725465042567,12
9202,2021-12-27 14:00:00,77.94,78.03,77.655,78.02,231984.0,0.0010264305876314895,0.0011547344110854941,0.003656658968437216,12
9203,2021-12-27 15:00:00,77.97,78.625,77.92,78.47,686527.0,0.006412722842118764,0.008400666923175594,0.00064127228421184,12
9204,2021-12-27 16:00:00,78.46,78.48,78.2501,78.2501,31644.0,-0.002675248534284864,0.00025490695896011005,0.002675248534284864,12
9205,2021-12-27 17:00:00,78.57,78.76,78.5,78.76,5780.0,0.0024182257859235324,0.0024182257859235324,0.0008909252895506324,12
9206,2021-12-27 18:00:00,78.76,78.93,78.75,78.75,6484.0,-0.0001269680040630411,0.0021584560690706155,0.0001269680040630411,12
9207,2021-12-27 19:00:00,78.01,78.01,78.01,78.01,200.0,0.0,0.0,0.0,12
9208,2021-12-28 06:00:00,78.45,78.46,78.4,78.4,755.0,-0.0006373486297004099,0.0001274697259399733,0.0006373486297004099,12
9209,2021-12-28 07:00:00,78.56,78.56,78.2,78.5,4026.0,-0.0007637474541751817,0.0,0.0045824847250509095,12
9210,2021-12-28 08:00:00,78.7038,78.7038,78.0,78.13,11268.0,-0.00729062637382192,0.0,0.00894238905872399,12
9211,2021-12-28 09:00:00,78.0,79.95,77.53,79.78,439227.0,0.022820512820512836,0.025000000000000036,0.006025641025641011,12
9212,2021-12-28 10:00:00,79.7399,80.05,78.81,78.92,487726.0,-0.010282179937521918,0.0038888937658561316,0.01166166498829323,12
9213,2021-12-28 11:00:00,78.885,78.99,77.9,78.92,280891.0,0.0004436838435697102,0.0013310515307091305,0.012486531026177338,12
9214,2021-12-28 12:00:00,78.97,78.97,78.29,78.4402,174753.0,-0.00670887678865385,0.0,0.008610864885399425,12
9215,2021-12-28 13:00:00,78.425,78.78,78.2501,78.62,153465.0,0.0024864520242270627,0.0045266177876953015,0.002230156200191187,12
9216,2021-12-28 14:00:00,78.588,78.67,78.28,78.476,190979.0,-0.0014251539675267824,0.0010434162976536857,0.003919173410698742,12
9217,2021-12-28 15:00:00,78.4732,78.8,78.19,78.26,476908.0,-0.0027168511033066126,0.0041644790833047654,0.003608875386756343,12
9218,2021-12-28 16:00:00,78.25,78.25,78.15,78.15,18236.0,-0.0012779552715654226,0.0,0.0012779552715654226,12
9219,2021-12-28 17:00:00,78.2,78.3999,78.15,78.15,636.0,-0.0006393861892582756,0.002556265984654725,0.0006393861892582756,12
9220,2021-12-28 18:00:00,78.17,78.25,78.12,78.25,2426.0,0.0010234105155430254,0.0010234105155430254,0.0006396315722143681,12
9221,2021-12-28 19:00:00,78.38,78.38,78.28,78.28,850.0,-0.001275835672365327,0.0,0.001275835672365327,12
9222,2021-12-29 07:00:00,78.0,78.0,77.5,77.5,2343.0,-0.00641025641025641,0.0,0.00641025641025641,12
9223,2021-12-29 08:00:00,77.01,77.52,77.01,77.45,7245.0,0.005713543695623915,0.006622516556291272,0.0,12
9224,2021-12-29 09:00:00,77.64,78.4,76.3601,77.82,406239.0,0.002318392581143645,0.009788768675940304,0.01648505924781038,12
9225,2021-12-29 10:00:00,77.865,78.43,77.39,78.42,365629.0,0.007127721055673369,0.007256148462081962,0.006100301804404988,12
9226,2021-12-29 11:00:00,78.395,78.78,77.95,78.3,267241.0,-0.0012118119778046924,0.004911027488998089,0.005676382422348278,12
9227,2021-12-29 12:00:00,78.31,78.43,78.08,78.23,162173.0,-0.0010215808964372148,0.001532371344655913,0.002937045077257106,12
9228,2021-12-29 13:00:00,78.205,78.54,78.05,78.26,189163.0,0.0007032798414424502,0.004283613579694495,0.001981970462246674,12
9229,2021-12-29 14:00:00,78.26,78.4,78.02,78.2,292092.0,-0.0007666751852798654,0.0017889087656529589,0.0030667007411194617,12
9230,2021-12-29 15:00:00,78.23,78.27,77.75,78.22,688394.0,-0.00012782819890074288,0.0005113127956026082,0.00613575354723257,12
9231,2021-12-29 16:00:00,78.22,78.29,78.0,78.03,19882.0,-0.002429046279723827,0.0008949117872667782,0.0028125799028381345,12
9232,2021-12-29 17:00:00,78.09,78.21,78.01,78.01,1900.0,-0.0010244589576129887,0.0015366884364193922,0.0010244589576129887,12
9233,2021-12-29 19:00:00,78.01,78.25,78.01,78.25,1019.0,0.003076528650172989,0.003076528650172989,0.0,12
9234,2021-12-30 06:00:00,77.95,77.95,77.95,77.95,200.0,0.0,0.0,0.0,12
9235,2021-12-30 07:00:00,77.98,78.0,77.77,77.9,4758.0,-0.001025904077968688,0.00025647601949212645,0.0026929982046679656,12
9236,2021-12-30 08:00:00,77.79,78.1499,77.79,77.8,1241.0,0.00012855122766410726,0.004626558683635379,0.0,12
9237,2021-12-30 09:00:00,77.78,79.87,77.2,79.67,450912.0,0.02429930573412189,0.026870660838261808,0.007456929802005635,12
9238,2021-12-30 10:00:00,79.6999,79.94,79.04,79.84,546415.0,0.0017578441127279192,0.003012550831305914,0.008279809635896572,12
9239,2021-12-30 11:00:00,79.76,79.7615,78.7465,79.47,341459.0,-0.0036359077231695866,1.8806419257684945e-05,0.012706870611835602,12
9240,2021-12-30 12:00:00,79.47,79.56,76.71,78.21,1715633.0,-0.01585503963759916,0.0011325028312571212,0.03473008682521713,12
9241,2021-12-30 13:00:00,78.215,78.68,77.83,78.47,737445.0,0.003260244198683059,0.005945151185833963,0.004922329476443203,12
9242,2021-12-30 14:00:00,78.47,78.47,77.93,78.26,354983.0,-0.002676181980374586,0.0,0.00688161080667761,12
9243,2021-12-30 15:00:00,78.2301,78.2301,77.25,77.37,990673.0,-0.010994489333389432,0.0,0.012528425759394314,12
9244,2021-12-30 16:00:00,77.68,77.69,77.25,77.25,33907.0,-0.005535530381050551,0.00012873326467547507,0.005535530381050551,12
9245,2021-12-30 17:00:00,77.26,77.39,77.26,77.39,913.0,0.0016826300802484525,0.0016826300802484525,0.0,12
9246,2021-12-30 18:00:00,77.4,77.4,77.29,77.31,3580.0,-0.0011627906976744626,0.0,0.0014211886304909486,12
9247,2021-12-30 19:00:00,77.31,77.31,76.51,76.51,2883.0,-0.010347949812443373,0.0,0.010347949812443373,12
9248,2021-12-31 04:00:00,76.0,76.79,76.0,76.79,2109.0,0.010394736842105345,0.010394736842105345,0.0,12
9249,2021-12-31 05:00:00,77.3,77.3,77.3,77.3,211.0,0.0,0.0,0.0,12
9250,2021-12-31 07:00:00,77.06,77.06,76.59,76.99,5392.0,-0.0009083830781210406,0.0,0.006099143524526328,12
9251,2021-12-31 08:00:00,76.8035,77.0,76.59,76.94,13613.0,0.0017772627549525485,0.002558477152733929,0.0027798212321052587,12
9252,2021-12-31 09:00:00,76.91,78.186,76.23,77.39,674616.0,0.0062410609803667146,0.016590820439474848,0.008841503055519343,12
9253,2021-12-31 10:00:00,77.4,77.75,76.52,76.89,451616.0,-0.006589147286821771,0.004521963824289332,0.011369509043927773,12
9254,2021-12-31 11:00:00,76.93,77.29,76.6126,76.945,266343.0,0.0001949824515791805,0.004679578837904581,0.004125828675419294,12
9255,2021-12-31 12:00:00,76.9,76.9661,76.3,76.73,309820.0,-0.00221066319895971,0.0008595578673600989,0.0078023407022107735,12
9256,2021-12-31 13:00:00,76.7258,76.97,76.57,76.891,171794.0,0.00215312189641553,0.0031827625127400713,0.0020306076964986155,12
9257,2021-12-31 14:00:00,76.905,77.15,76.74,76.99,210170.0,0.0011052597360378877,0.0031857486509330284,0.0021455041934855504,12
9258,2021-12-31 15:00:00,76.98,77.2222,76.7433,76.9,722114.0,-0.0010392309690828564,0.0031462717588983742,0.003074824629773954,12
9259,2021-12-31 16:00:00,76.9,76.9,76.75,76.75,22798.0,-0.0019505851755527396,0.0,0.0019505851755527396,12
9260,2021-12-31 17:00:00,76.75,76.76,76.75,76.76,1264.0,0.0001302931596091872,0.0001302931596091872,0.0,12
9261,2021-12-31 18:00:00,76.88,76.88,76.88,76.88,316.0,0.0,0.0,0.0,12
9262,2021-12-31 19:00:00,76.99,77.05,76.99,77.05,1114.0,0.0007793219898688437,0.0007793219898688437,0.0,12
9263,2022-01-03 04:00:00,77.5,77.5,77.48,77.48,591.0,-0.00025806451612898093,0.0,0.00025806451612898093,1
9264,2022-01-03 06:00:00,77.71,77.84,77.71,77.84,1551.0,0.0016728863724103677,0.0016728863724103677,0.0,1
9265,2022-01-03 07:00:00,77.7,77.7,77.5,77.5,2101.0,-0.0025740025740026103,0.0,0.0025740025740026103,1
9266,2022-01-03 08:00:00,77.5,77.84,77.01,77.6,13188.0,0.001290322580645088,0.004387096774193592,0.006322580645161224,1
9267,2022-01-03 09:00:00,77.53,80.05,77.25,80.05,775170.0,0.032503547014059025,0.032503547014059025,0.003611505223784356,1
9268,2022-01-03 10:00:00,80.04,81.75,79.9401,81.0743,1103748.0,0.012922288855572058,0.02136431784107938,0.0012481259370315492,1
9269,2022-01-03 11:00:00,81.07,81.75,80.5501,80.76,481384.0,-0.00382385592697654,0.008387813001110236,0.006412976440113393,1
9270,2022-01-03 12:00:00,80.78,80.91,80.07,80.69,297951.0,-0.001114137162664068,0.001609309234959092,0.008789304283238524,1
9271,2022-01-03 13:00:00,80.68,80.94,80.4582,80.88,323021.0,0.0024789291026275236,0.0032226078334158513,0.002749132374814102,1
9272,2022-01-03 14:00:00,80.88,81.15,80.45,81.15,398187.0,0.0033382789317508684,0.0033382789317508684,0.005316518298714054,1
9273,2022-01-03 15:00:00,81.135,81.24,80.508,80.83,876355.0,-0.0037591668207309645,0.0012941393973006688,0.007727860972453436,1
9274,2022-01-03 16:00:00,80.83,80.85,80.83,80.85,26022.0,0.00024743288383021183,0.00024743288383021183,0.0,1
9275,2022-01-03 17:00:00,80.61,80.9,80.61,80.89,3560.0,0.0034735144523012173,0.0035975685398834667,0.0,1
9276,2022-01-03 19:00:00,80.8,80.99,80.61,80.99,3286.0,0.002351485148514823,0.002351485148514823,0.002351485148514823,1
9277,2022-01-04 04:00:00,82.25,82.25,82.16,82.25,1573.0,0.0,0.0,0.0010942249240121994,1
9278,2022-01-04 05:00:00,82.24,82.25,82.08,82.25,564.0,0.00012159533073936183,0.00012159533073936183,0.0019455252918287524,1
9279,2022-01-04 06:00:00,82.3,82.5,82.3,82.39,2762.0,0.0010935601458080609,0.002430133657351189,0.0,1
9280,2022-01-04 07:00:00,82.25,82.25,81.36,82.15,7954.0,-0.001215805471124551,0.0,0.010820668693009126,1
9281,2022-01-04 08:00:00,82.49,82.49,81.36,82.0,19918.0,-0.005940113953206387,0.0,0.013698630136986247,1
9282,2022-01-04 09:00:00,82.0,83.52,81.88,82.685,798924.0,0.008353658536585394,0.01853658536585361,0.001463414634146397,1
9283,2022-01-04 10:00:00,82.6,83.53,82.17,82.75,842606.0,0.0018159806295400206,0.011259079903147784,0.005205811138014439,1
9284,2022-01-04 11:00:00,82.75,83.165,82.04,82.4,507621.0,-0.0042296072507552185,0.005015105740181345,0.00858006042296065,1
9285,2022-01-04 12:00:00,82.44,82.535,81.8469,82.23,346873.0,-0.002547307132459895,0.0011523532265890206,0.007194323144104714,1
9286,2022-01-04 13:00:00,82.19,82.84,81.865,81.9213,496767.0,-0.0032692541671735676,0.007908504684268229,0.0039542523421341146,1
9287,2022-01-04 14:00:00,81.89,82.9,81.73,82.8625,411306.0,0.011875686897056986,0.012333618268408904,0.0019538405177676956,1
9288,2022-01-04 15:00:00,82.87,82.93,82.26,82.39,758257.0,-0.0057922046578979605,0.0007240255822372664,0.007360926752745256,1
9289,2022-01-04 16:00:00,82.38,82.38,82.3,82.38,47073.0,0.0,0.0,0.0009711094925952694,1
9290,2022-01-04 17:00:00,82.5,82.5,82.2,82.4,4675.0,-0.0012121212121211432,0.0,0.003636363636363602,1
9291,2022-01-04 18:00:00,82.31,82.38,82.3,82.38,6168.0,0.0008504434455107907,0.0008504434455107907,0.0001214919207873298,1
9292,2022-01-04 19:00:00,82.34,82.34,82.03,82.03,2312.0,-0.0037648773378674066,0.0,0.0037648773378674066,1
9293,2022-01-05 05:00:00,82.73,82.8,82.73,82.8,762.0,0.0008461259518916134,0.0008461259518916134,0.0,1
9294,2022-01-05 06:00:00,82.4,82.61,82.4,82.6,1173.0,0.0024271844660192794,0.002548543689320312,0.0,1
9295,2022-01-05 07:00:00,82.11,82.2,82.11,82.2,391.0,0.0010960906101571478,0.0010960906101571478,0.0,1
9296,2022-01-05 08:00:00,82.55,82.55,82.1,82.25,4025.0,-0.003634161114476041,0.0,0.005451241671714147,1
9297,2022-01-05 09:00:00,82.01,84.0,82.01,82.55,441186.0,0.006584562858187928,0.02426533349591507,0.0,1
9298,2022-01-05 10:00:00,82.6,82.75,81.69,82.27,327001.0,-0.003995157384987873,0.0018159806295400206,0.011016949152542333,1
9299,2022-01-05 11:00:00,82.34,82.4,81.77,81.97,238021.0,-0.004493563274228863,0.0007286859363614558,0.006922516395433657,1
9300,2022-01-05 12:00:00,81.94,82.11,81.32,81.5,206369.0,-0.005369782767878908,0.0020746887966805187,0.007566512082011283,1
9301,2022-01-05 13:00:00,81.4702,82.08,81.25,82.07,219434.0,0.007362201148395212,0.007484945415624274,0.002702828764382627,1
9302,2022-01-05 14:00:00,82.04,82.17,80.6384,80.74,506400.0,-0.01584592881521223,0.0015845928815211537,0.017084349098001,1
9303,2022-01-05 15:00:00,80.69,80.99,79.91,80.59,1175673.0,-0.0012393109431155572,0.003717932829346848,0.00966662535630191,1
9304,2022-01-05 16:00:00,80.61,82.3361,80.0,80.51,30212.0,-0.0012405408758217878,0.021412976057561126,0.007567299342513329,1
9305,2022-01-05 17:00:00,80.51,80.51,80.51,80.51,584.0,0.0,0.0,0.0,1
9306,2022-01-05 18:00:00,80.51,80.51,80.49,80.51,546.0,0.0,0.0,0.0002484163457956804,1
9307,2022-01-05 19:00:00,80.7,80.7,80.45,80.52,853.0,-0.0022304832713755493,0.0,0.003097893432465923,1
9308,2022-01-06 04:00:00,80.0,80.02,80.0,80.0,867.0,0.0,0.00024999999999995024,0.0,1
9309,2022-01-06 05:00:00,80.2,81.46,80.2,80.9,907.0,0.00872817955112223,0.015710723192019837,0.0,1
9310,2022-01-06 07:00:00,80.91,80.92,80.9,80.91,1516.0,0.0,0.00012359411692009785,0.0001235941169199222,1
9311,2022-01-06 08:00:00,80.91,81.39,80.6,80.6,5973.0,-0.0038314176245211012,0.00593251761216171,0.0038314176245211012,1
9312,2022-01-06 09:00:00,80.7,82.87,80.691,80.89,353299.0,0.0023543990086740733,0.026889714993804232,0.00011152416356877746,1
9313,2022-01-06 10:00:00,80.9,80.98,79.38,80.67,587678.0,-0.00284301606922131,0.0009888751545117217,0.01878862793572324,1
9314,2022-01-06 11:00:00,80.665,81.355,80.36,80.7,204601.0,0.00043389326225744235,0.008553895741647525,0.0037810698568153077,1
9315,2022-01-06 12:00:00,80.67,81.37,80.33,80.67,161342.0,0.0,0.00867732738316602,0.004214701871823521,1
9316,2022-01-06 13:00:00,80.62,80.66,79.67,80.095,545023.0,-0.00651203175390729,0.0004961548002975941,0.01178367650707024,1
9317,2022-01-06 14:00:00,80.0755,80.155,77.47,78.4,2550826.0,-0.020924002972194985,0.0009928130327003378,0.03253804222265245,1
9318,2022-01-06 15:00:00,78.34,78.97,77.88,77.9162,1116440.0,-0.005409752361501148,0.008041868777125292,0.005871840694409088,1
9319,2022-01-06 16:00:00,78.01,78.15,77.81,78.15,47723.0,0.0017946417126009557,0.0017946417126009557,0.0025637738751442484,1
9320,2022-01-06 17:00:00,78.0,78.25,78.0,78.02,1131.0,0.0002564102564102054,0.003205128205128205,0.0,1
9321,2022-01-06 18:00:00,78.04,78.04,78.03,78.03,500.0,-0.00012813941568433002,0.0,0.00012813941568433002,1
9322,2022-01-06 19:00:00,78.3,78.3,78.15,78.3,2147.0,0.0,0.0,0.0019157088122604277,1
9323,2022-01-07 05:00:00,78.06,78.06,78.06,78.06,300.0,0.0,0.0,0.0,1
9324,2022-01-07 06:00:00,78.48,78.48,77.89,77.93,4027.0,-0.007008154943934724,0.0,0.0075178389398573315,1
9325,2022-01-07 07:00:00,78.45,78.6,78.1,78.6,5370.0,0.0019120458891012297,0.0019120458891012297,0.004461440407903232,1
9326,2022-01-07 08:00:00,78.55,78.55,77.6,77.91,17525.0,-0.008147676639083393,0.0,0.012094207511139439,1
9327,2022-01-07 09:00:00,78.01,80.85,77.93,80.665,687972.0,0.03403409819253943,0.03640558902704767,0.001025509550057663,1
9328,2022-01-07 10:00:00,80.67,81.8,80.06,80.7,1027987.0,0.0003718854592785563,0.014007685632825033,0.0075616710053303515,1
9329,2022-01-07 11:00:00,80.74,81.93,80.46,81.855,678199.0,0.013809759722566376,0.014738667327223334,0.0034679217240525285,1
9330,2022-01-07 12:00:00,81.89,82.5,81.4328,81.73,456248.0,-0.0019538405177676956,0.007449016973989491,0.005583099279521313,1
9331,2022-01-07 13:00:00,81.77,82.13,81.36,81.655,376864.0,-0.0014063837593248734,0.004402592637886749,0.0050140638375932075,1
9332,2022-01-07 14:00:00,81.65,81.66,80.725,81.05,485452.0,-0.007348438456828028,0.00012247397428035402,0.011328842620943188,1
9333,2022-01-07 15:00:00,81.05,81.45,80.99,81.03,1054374.0,-0.00024676125848236915,0.004935225169648436,0.0007402837754472829,1
9334,2022-01-07 16:00:00,81.48,81.48,80.5101,81.0,40271.0,-0.005891016200294599,0.0,0.011903534609720295,1
9335,2022-01-07 17:00:00,81.0001,81.1,80.99,81.0,3537.0,-1.23456637711953e-06,0.001233331810701357,0.00012469120408503738,1
9336,2022-01-07 18:00:00,81.0,81.2,81.0,81.2,4349.0,0.002469135802469171,0.002469135802469171,0.0,1
9337,2022-01-07 19:00:00,81.18,81.4,81.18,81.4,1459.0,0.0027100271002709884,0.0027100271002709884,0.0,1
9338,2022-01-10 04:00:00,81.02,81.02,80.8,80.8,955.0,-0.0027153789187854714,0.0,0.0027153789187854714,1
9339,2022-01-10 05:00:00,81.11,81.11,81.11,81.11,300.0,0.0,0.0,0.0,1
9340,2022-01-10 06:00:00,81.11,81.11,81.11,81.11,100.0,0.0,0.0,0.0,1
9341,2022-01-10 07:00:00,81.05,81.2,80.75,80.75,1883.0,-0.003701418877236239,0.0018507094386182072,0.003701418877236239,1
9342,2022-01-10 08:00:00,80.91,81.12,80.12,80.92,26989.0,0.00012359411692009785,0.002595476455320825,0.009763935236682637,1
9343,2022-01-10 09:00:00,80.87,81.76,78.431,78.78,516298.0,-0.0258439470755534,0.011005317175714116,0.030159515271423357,1
9344,2022-01-10 10:00:00,78.76,78.9793,77.19,78.16,970986.0,-0.007618080243778675,0.0027844083291009374,0.019933976637887346,1
9345,2022-01-10 11:00:00,78.11,79.68,77.95,79.3501,503901.0,0.01587632825502494,0.020099859172961303,0.0020483932915119265,1
9346,2022-01-10 12:00:00,79.37,79.72,78.855,79.0676,312980.0,-0.003810003779765727,0.004409726596950917,0.006488597706942176,1
9347,2022-01-10 13:00:00,79.12,79.43,78.72,78.92,256967.0,-0.0025278058645096415,0.003918099089989917,0.005055611729019283,1
9348,2022-01-10 14:00:00,78.86,79.79,78.84,79.36,291104.0,0.0063403499873193,0.011793050976413985,0.0002536139994927215,1
9349,2022-01-10 15:00:00,79.37,79.98,79.04,79.94,636970.0,0.00718155474360581,0.007685523497543144,0.0041577422199823395,1
9350,2022-01-10 16:00:00,79.92,81.019997,79.8,81.019997,74503.0,0.01376372622622625,0.01376372622622625,0.0015015015015015583,1
9351,2022-01-10 17:00:00,80.0,80.0,80.0,80.0,508.0,0.0,0.0,0.0,1
9352,2022-01-10 18:00:00,80.15,80.15,80.15,80.15,100.0,0.0,0.0,0.0,1
9353,2022-01-10 19:00:00,80.15,80.15,80.15,80.15,500.0,0.0,0.0,0.0,1
9354,2022-01-11 04:00:00,80.3,80.3,80.3,80.3,100.0,0.0,0.0,0.0,1
9355,2022-01-11 06:00:00,79.88,79.88,79.88,79.88,200.0,0.0,0.0,0.0,1
9356,2022-01-11 07:00:00,79.88,80.0,79.88,79.99,3235.0,0.0013770655983975893,0.0015022533800701622,0.0,1
9357,2022-01-11 08:00:00,80.16,80.16,79.57,79.57,3224.0,-0.007360279441117807,0.0,0.007360279441117807,1
9358,2022-01-11 09:00:00,79.2,80.45,78.57,79.532,388832.0,0.004191919191919111,0.015782828282828284,0.007954545454545577,1
9359,2022-01-11 10:00:00,79.57,80.48,79.44,79.915,388433.0,0.004335804951615095,0.01143647103179604,0.0016337815759707862,1
9360,2022-01-11 11:00:00,79.95,81.74,79.92,81.46,400699.0,0.018886804252657798,0.022388993120700338,0.0003752345215759992,1
9361,2022-01-11 12:00:00,81.49,82.29,81.1598,81.92,294275.0,0.005276721070070031,0.009817155479200042,0.004052030924039646,1
9362,2022-01-11 13:00:00,81.89,82.24,81.5,82.165,267235.0,0.0033581633899133676,0.004274026132616856,0.004762486262058867,1
9363,2022-01-11 14:00:00,82.18,82.32,81.78,82.16,300030.0,-0.0002433682161111004,0.0017035775127766653,0.004867364322219587,1
9364,2022-01-11 15:00:00,82.15,82.33,81.64,81.72,665938.0,-0.005234327449787058,0.0021911138161898065,0.006208155812538102,1
9365,2022-01-11 16:00:00,81.73,81.73,81.73,81.73,94055.0,0.0,0.0,0.0,1
9366,2022-01-11 17:00:00,81.73,81.73,81.73,81.73,150.0,0.0,0.0,0.0,1
9367,2022-01-11 18:00:00,81.75,81.75,81.73,81.73,863.0,-0.0002446483180427648,0.0,0.0002446483180427648,1
9368,2022-01-11 19:00:00,81.79,82.0,81.79,82.0,1732.0,0.0025675510453599918,0.0025675510453599918,0.0,1
9369,2022-01-12 07:00:00,81.5,81.5,81.25,81.25,2637.0,-0.003067484662576687,0.0,0.003067484662576687,1
9370,2022-01-12 08:00:00,82.06,82.28,81.95,81.95,2519.0,-0.0013404825737265346,0.0026809651474530693,0.0013404825737265346,1
9371,2022-01-12 09:00:00,81.95,82.67,80.65,82.29,448373.0,0.004148871262965264,0.008785845027455752,0.015863331299572875,1
9372,2022-01-12 10:00:00,82.31,82.53,80.72,81.395,394238.0,-0.011116510752035066,0.0026728222573198742,0.019317215405175597,1
9373,2022-01-12 11:00:00,81.395,81.9,81.07,81.78,228555.0,0.004730020271515512,0.006204312304195709,0.003992874255175414,1
9374,2022-01-12 12:00:00,81.72,82.07,81.55,82.0,149552.0,0.0034263338228096075,0.0042829172785119225,0.0020802741067058456,1
9375,2022-01-12 13:00:00,81.995,82.18,81.64,82.16,231872.0,0.0020123178242574796,0.002256235136288826,0.004329532288554229,1
9376,2022-01-12 14:00:00,82.1,82.43,81.89,82.31,257818.0,0.0025578562728380996,0.004019488428745585,0.0025578562728379266,1
9377,2022-01-12 15:00:00,82.28,82.5,82.13,82.3,500705.0,0.0002430724355857562,0.0026737967914438362,0.0018230432668936032,1
9378,2022-01-12 16:00:00,82.26,82.26,82.24,82.26,128422.0,0.0,0.0,0.00024313153416010493,1
9379,2022-01-12 17:00:00,82.26,82.26,82.15,82.2,4331.0,-0.0007293946024799692,0.0,0.001337223437879886,1
9380,2022-01-12 18:00:00,82.2,82.2,82.11,82.11,815.0,-0.0010948905109489466,0.0,0.0010948905109489466,1
9381,2022-01-12 19:00:00,82.15,82.16,82.12,82.12,1000.0,-0.00036518563603166323,0.00012172854534377242,0.00036518563603166323,1
9382,2022-01-13 05:00:00,82.2,82.35,82.2,82.35,631.0,0.0018248175182480715,0.0018248175182480715,0.0,1
9383,2022-01-13 07:00:00,82.0,82.23,81.75,81.75,1786.0,-0.003048780487804878,0.0028048780487805363,0.003048780487804878,1
9384,2022-01-13 08:00:00,82.22,82.23,81.75,82.23,4322.0,0.00012162490878138063,0.00012162490878138063,0.005716370712721952,1
9385,2022-01-13 09:00:00,82.27,84.79,82.25,84.11,569874.0,0.02236538227786561,0.030630849641424703,0.0002431019812810991,1
9386,2022-01-13 10:00:00,84.11,84.89,83.84,84.38,728211.0,0.003210082035429747,0.009273570324574975,0.003210082035429747,1
9387,2022-01-13 11:00:00,84.34,85.32,83.96,84.69,660880.0,0.004149869575527558,0.011619634811477231,0.004505572682001537,1
9388,2022-01-13 12:00:00,84.64,84.64,83.54,83.9099,348478.0,-0.008625945179584206,0.0,0.01299621928166345,1
9389,2022-01-13 13:00:00,83.89,84.48,83.68,84.39,212437.0,0.005960185957801884,0.007033019430206263,0.0025032781022767164,1
9390,2022-01-13 14:00:00,84.38,84.58,83.0,83.62,440115.0,-0.009006873666745567,0.002370229912301527,0.01635458639488025,1
9391,2022-01-13 15:00:00,83.6,83.78,83.03,83.48,855849.0,-0.0014354066985644777,0.002153110047846972,0.006818181818181737,1
9392,2022-01-13 16:00:00,83.49,83.81,83.33,83.36,58567.0,-0.0015570727033177082,0.0038327943466284274,0.0019163971733141287,1
9393,2022-01-13 17:00:00,83.34,83.41,83.27,83.27,803.0,-0.0008399328053756586,0.000839932805375488,0.0008399328053756586,1
9394,2022-01-13 18:00:00,83.64,83.64,83.6,83.6,476.0,-0.000478240076518487,0.0,0.000478240076518487,1
9395,2022-01-13 19:00:00,83.2,83.45,83.0,83.25,3356.0,0.0006009615384615042,0.003004807692307692,0.002403846153846188,1
9396,2022-01-14 05:00:00,83.55,83.55,83.49,83.49,669.0,-0.0007181328545781242,0.0,0.0007181328545781242,1
9397,2022-01-14 06:00:00,83.55,83.55,83.55,83.55,243.0,0.0,0.0,0.0,1
9398,2022-01-14 07:00:00,83.32,83.32,83.25,83.25,804.0,-0.0008401344215073594,0.0,0.0008401344215073594,1
9399,2022-01-14 08:00:00,83.0,83.8894,82.05,82.26,13418.0,-0.008915662650602348,0.010715662650602347,0.011445783132530155,1
9400,2022-01-14 09:00:00,82.53,83.7,82.06,82.8,318898.0,0.0032715376226826126,0.014176663031624884,0.005694898824669803,1
9401,2022-01-14 10:00:00,82.73,83.28,82.08,83.06,442581.0,0.003988879487489403,0.0066481324791490045,0.007856883838994386,1
9402,2022-01-14 11:00:00,83.14,83.35,82.43,82.745,252449.0,-0.004751022371902767,0.002525859995188763,0.008539812364685996,1
9403,2022-01-14 12:00:00,82.72,82.92,81.82,82.3,278967.0,-0.005077369439071587,0.002417794970986495,0.010880077369439141,1
9404,2022-01-14 13:00:00,82.294,83.048,82.105,83.01,228532.0,0.008700512795586656,0.00916227185457026,0.002296643740734354,1
9405,2022-01-14 14:00:00,83.0,83.64,82.955,83.46,225783.0,0.00554216867469872,0.0077108433734939825,0.0005421686746988157,1
9406,2022-01-14 15:00:00,83.51,84.24,83.34,84.14,612815.0,0.007544006705783684,0.00874146808765405,0.002035684349179759,1
9407,2022-01-14 16:00:00,84.15,84.17,83.92,84.1699,60880.0,0.00023648247177650267,0.00023767082590607272,0.0027332144979204274,1
9408,2022-01-14 17:00:00,84.17,84.42,84.17,84.42,1255.0,0.0029701793988356896,0.0029701793988356896,0.0,1
9409,2022-01-14 18:00:00,84.23,84.23,84.23,84.23,297.0,0.0,0.0,0.0,1
9410,2022-01-14 19:00:00,84.18,84.29,84.18,84.29,453.0,0.0013067236873366527,0.0013067236873366527,0.0,1
9411,2022-01-18 04:00:00,83.21,83.21,83.2,83.2,1308.0,-0.00012017786323748235,0.0,0.00012017786323748235,1
9412,2022-01-18 07:00:00,83.04,83.2,83.0,83.2,2814.0,0.0019267822736030416,0.0019267822736030416,0.00048169556840084595,1
9413,2022-01-18 08:00:00,82.92,83.5,82.7,82.75,4325.0,-0.0020501688374336916,0.006994693680656033,0.002653159671972972,1
9414,2022-01-18 09:00:00,83.0066,83.88,82.49,83.52,340170.0,0.0061850503453941014,0.010522054872744931,0.006223601496748584,1
9415,2022-01-18 10:00:00,83.4,84.3336,82.9,83.04,377768.0,-0.004316546762589921,0.011194244604316526,0.005995203836930456,1
9416,2022-01-18 11:00:00,83.0536,83.75,82.75,83.31,313603.0,0.0030871629887205287,0.008384946588708942,0.00365547068399206,1
9417,2022-01-18 12:00:00,83.3383,83.38,82.89,82.91,200505.0,-0.00513929369809568,0.0005003701779372945,0.0053792793949481,1
9418,2022-01-18 13:00:00,82.9787,82.9787,82.2,82.81,243195.0,-0.0020330518554761787,0.0,0.009384335980197335,1
9419,2022-01-18 14:00:00,82.79,83.53,82.56,83.31,213160.0,0.006280951805773595,0.00893827756975474,0.002778113298707621,1
9420,2022-01-18 15:00:00,83.24,83.26,81.92,82.32,622246.0,-0.011052378664103817,0.00024026910139368372,0.01585776069197493,1
9421,2022-01-18 16:00:00,82.33,82.33,82.01,82.33,43646.0,0.0,0.0,0.003886797036317177,1
9422,2022-01-18 17:00:00,82.32,82.32,82.32,82.32,180.0,0.0,0.0,0.0,1
9423,2022-01-18 19:00:00,82.08,82.08,82.01,82.01,3848.0,-0.0008528265107211645,0.0,0.0008528265107211645,1
9424,2022-01-19 07:00:00,82.45,82.53,82.45,82.53,1343.0,0.0009702850212249642,0.0009702850212249642,0.0,1
9425,2022-01-19 08:00:00,82.2,82.9199,82.2,82.6461,2424.0,0.005427007299270088,0.00875790754257902,0.0,1
9426,2022-01-19 09:00:00,82.63,82.8,81.44,82.39,278196.0,-0.0029045140989954607,0.0020573641534551825,0.014401549074186105,1
9427,2022-01-19 10:00:00,82.44,82.57,80.71,81.3,357666.0,-0.01382823871906842,0.0015769044153323079,0.020984958757884573,1
9428,2022-01-19 11:00:00,81.3,81.75,80.94,81.34,205116.0,0.0004920049200492774,0.005535055350553541,0.004428044280442797,1
9429,2022-01-19 12:00:00,81.34,82.38,81.34,82.07,215098.0,0.008974674207032084,0.012785837226456749,0.0,1
9430,2022-01-19 13:00:00,82.0,82.03,81.495,81.64,153425.0,-0.004390243902439018,0.00036585365853659924,0.006158536585365798,1
9431,2022-01-19 14:00:00,81.62,81.75,81.33,81.66,343438.0,0.0004900759617739775,0.001592746875765688,0.00355305072286212,1
9432,2022-01-19 15:00:00,81.62,82.0,81.27,81.62,1275695.0,0.0,0.0046557216368536564,0.00428816466552326,1
9433,2022-01-19 16:00:00,81.63,81.63,81.25,81.25,29925.0,-0.004655151292416948,0.0,0.004655151292416948,1
9434,2022-01-19 18:00:00,81.22,81.22,81.22,81.22,200.0,0.0,0.0,0.0,1
9435,2022-01-19 19:00:00,81.11,81.11,81.11,81.11,200.0,0.0,0.0,0.0,1
9436,2022-01-20 04:00:00,81.88,81.88,81.88,81.88,782.0,0.0,0.0,0.0,1
9437,2022-01-20 06:00:00,81.87,82.02,81.87,81.97,3154.0,0.001221448638084699,0.0018321729571270486,0.0,1
9438,2022-01-20 08:00:00,81.87,81.88,81.87,81.88,590.0,0.00012214486380836577,0.00012214486380836577,0.0,1
9439,2022-01-20 09:00:00,81.8,83.35,81.54,82.4,461515.0,0.007334963325183479,0.018948655256723682,0.003178484107579351,1
9440,2022-01-20 10:00:00,82.38,85.1,82.06,85.03,772285.0,0.032168001942219054,0.03301772274823985,0.0038844379703810777,1
9441,2022-01-20 11:00:00,85.02,85.15,84.22,84.64,545981.0,-0.0044695365796282695,0.0015290519877676977,0.00940955069395433,1
9442,2022-01-20 12:00:00,84.64,84.66,83.83,84.0435,448993.0,-0.007047495274102151,0.00023629489603019873,0.00956994328922498,1
9443,2022-01-20 13:00:00,84.03,84.28,83.95,84.11,444689.0,0.0009520409377603034,0.0029751279305010115,0.0009520409377603034,1
9444,2022-01-20 14:00:00,84.12,84.19,82.59,82.625,886514.0,-0.017772230147408516,0.0008321445553969706,0.018188302425107,1
9445,2022-01-20 15:00:00,82.64,82.7599,80.9233,81.19,1020125.0,-0.017545982575024235,0.001450871248789947,0.020773233301064897,1
9446,2022-01-20 16:00:00,81.18,81.5,80.59,80.98,106846.0,-0.002463661000246401,0.003941857600394102,0.007267799950726821,1
9447,2022-01-20 17:00:00,80.56,81.18,80.55,80.56,18414.0,0.0,0.007696127110228457,0.00012413108242310223,1
9448,2022-01-20 18:00:00,80.56,80.88,80.56,80.66,2158.0,0.0012413108242303166,0.003972194637537154,0.0,1
9449,2022-01-20 19:00:00,80.88,80.93,80.7,80.7,1592.0,-0.0022255192878337365,0.0006181998021762039,0.0022255192878337365,1
9450,2022-01-21 04:00:00,80.0,80.0,80.0,80.0,310.0,0.0,0.0,0.0,1
9451,2022-01-21 07:00:00,81.0,81.0,81.0,81.0,1124.0,0.0,0.0,0.0,1
9452,2022-01-21 08:00:00,80.7,80.99,80.7,80.99,1192.0,0.003593556381660372,0.003593556381660372,0.0,1
9453,2022-01-21 09:00:00,80.62,80.83,78.58,79.29,734457.0,-0.016497147109898268,0.0026048127015628098,0.02530389481518241,1
9454,2022-01-21 10:00:00,79.3,80.55,77.55,80.26,1126724.0,0.012105926860025321,0.015762925598991173,0.022068095838587643,1
9455,2022-01-21 11:00:00,80.26,80.96,80.06,80.8,553351.0,0.0067281335659106906,0.008721654622476809,0.002491901320707735,1
9456,2022-01-21 12:00:00,80.77,80.84,79.7101,79.8812,429313.0,-0.011004085675374387,0.0008666584127771127,0.013122446452890912,1
9457,2022-01-21 13:00:00,79.88,80.36,79.53,79.77,357781.0,-0.0013770655983975893,0.006009013520280471,0.004381572358537736,1
9458,2022-01-21 14:00:00,79.83,80.2,79.58,79.61,369586.0,-0.0027558561944131138,0.004634849054240318,0.0031316547663785546,1
9459,2022-01-21 15:00:00,79.6,79.88,79.01,79.12,1222647.0,-0.0060301507537687165,0.003517587939698507,0.007412060301507402,1
9460,2022-01-21 16:00:00,79.5,79.5,79.09,79.09,37648.0,-0.005157232704402472,0.0,0.005157232704402472,1
9461,2022-01-21 17:00:00,79.1,79.1,78.7861,78.7861,400.0,-0.003968394437420856,0.0,0.003968394437420856,1
9462,2022-01-21 18:00:00,78.85,79.6,78.85,79.6,892.0,0.009511731135066584,0.009511731135066584,0.0,1
9463,2022-01-21 19:00:00,79.09,79.2,78.89,78.89,2945.0,-0.0025287646984448455,0.0013908205841446381,0.0025287646984448455,1
9464,2022-01-24 04:00:00,78.15,78.15,78.13,78.13,304.0,-0.000255918106206145,0.0,0.000255918106206145,1
9465,2022-01-24 05:00:00,78.02,78.04,78.0,78.0,1323.0,-0.0002563445270442966,0.00025634452704447874,0.0002563445270442966,1
9466,2022-01-24 07:00:00,78.03,78.03,77.32,77.32,1765.0,-0.009099064462386364,0.0,0.009099064462386364,1
9467,2022-01-24 08:00:00,78.0,78.0,77.0,77.06,58961.0,-0.012051282051282022,0.0,0.01282051282051282,1
9468,2022-01-24 09:00:00,77.06,77.99,75.71,75.71,701411.0,-0.01751881650661833,0.012068518037892455,0.01751881650661833,1
9469,2022-01-24 10:00:00,75.74,76.5886,74.5,76.0,995527.0,0.0034327964087669015,0.011204119355690583,0.0163717982571956,1
9470,2022-01-24 11:00:00,75.97,76.0081,74.77,75.35,622668.0,-0.008161116230090885,0.0005015137554297752,0.015795708832433895,1
9471,2022-01-24 12:00:00,75.38,75.45,73.47,74.64,781722.0,-0.00981692756699383,0.0009286282833643857,0.025338286017511234,1
9472,2022-01-24 13:00:00,74.63,76.91,74.615,76.91,491199.0,0.03055071686989148,0.03055071686989148,0.00020099155835455674,1
9473,2022-01-24 14:00:00,76.89,77.65,76.44,77.254,543289.0,0.0047340356353232456,0.009884250227597934,0.005852516582130353,1
9474,2022-01-24 15:00:00,77.19,78.9,77.13,78.72,833922.0,0.019821220365332314,0.022153128643606787,0.0007773027594248254,1
9475,2022-01-24 16:00:00,78.59,78.73,78.5,78.7,78163.0,0.0013996691691054769,0.001781397124316078,0.0011451838656318031,1
9476,2022-01-24 17:00:00,78.68,78.73,78.59,78.59,264896.0,-0.0011438739196746746,0.0006354855109303146,0.0011438739196746746,1
9477,2022-01-24 18:00:00,78.59,78.6,78.45,78.48,1080.0,-0.0013996691691054769,0.00012724265173674645,0.001781397124316078,1
9478,2022-01-24 19:00:00,78.5,78.5,78.48,78.48,595.0,-0.00025477707006364356,0.0,0.00025477707006364356,1
9479,2022-01-25 05:00:00,78.0,78.01,78.0,78.01,400.0,0.0001282051282051938,0.0001282051282051938,0.0,1
9480,2022-01-25 06:00:00,77.31,77.32,76.51,77.3,5329.0,-0.0001293493726556088,0.00012934937265542498,0.010347949812443373,1
9481,2022-01-25 07:00:00,77.97,78.0,77.4,77.4,4965.0,-0.007310504040015303,0.0003847633705271404,0.007310504040015303,1
9482,2022-01-25 08:00:00,77.01,78.0099,77.01,77.0323,2225.0,0.0002895727827555034,0.012984028048305372,0.0,1
9483,2022-01-25 09:00:00,77.88,78.01,76.17,76.215,430514.0,-0.02137904468412933,0.0016692347200823019,0.021956856702619335,1
9484,2022-01-25 10:00:00,76.17,78.94,75.89,78.08,531224.0,0.02507548903767883,0.03636602336878031,0.0036759879217539864,1
9485,2022-01-25 11:00:00,78.05,79.04,77.77,78.26,466173.0,0.0026905829596413577,0.012684176809737465,0.0035874439461883556,1
9486,2022-01-25 12:00:00,78.23,78.8,77.65,77.82,444114.0,-0.005240956154927915,0.007286207337338529,0.007414035536239272,1
9487,2022-01-25 13:00:00,77.91,79.02,77.41,78.94,331720.0,0.013220382492619705,0.014247208317289173,0.006417661404184315,1
9488,2022-01-25 14:00:00,78.9,80.5,78.64,80.38,449911.0,0.018757921419518247,0.02027883396704682,0.003295310519645185,1
9489,2022-01-25 15:00:00,80.41,80.66,79.75,80.18,949355.0,-0.00286034075363748,0.003109066036562617,0.008207934336525266,1
9490,2022-01-25 16:00:00,79.95,80.17,79.08,79.75,247970.0,-0.002501563477173269,0.0027517198248905423,0.010881801125703621,1
9491,2022-01-25 17:00:00,79.75,79.79,79.52,79.6,1732.0,-0.0018808777429467798,0.0005015673981192007,0.0028840125391850027,1
9492,2022-01-25 18:00:00,79.57,80.12,79.55,80.12,1573.0,0.00691215282141525,0.00691215282141525,0.00025135101168777203,1
9493,2022-01-25 19:00:00,80.12,80.25,80.12,80.25,318.0,0.0016225661507737823,0.0016225661507737823,0.0,1
9494,2022-01-26 07:00:00,81.8,81.8,81.73,81.73,1512.0,-0.0008557457212713102,0.0,0.0008557457212713102,1
9495,2022-01-26 08:00:00,81.72,81.79,81.29,81.59,4480.0,-0.0015907978463043987,0.0008565834557024888,0.005261869799314643,1
9496,2022-01-26 09:00:00,81.5,82.64,80.77,82.39,464402.0,0.010920245398773013,0.0139877300613497,0.008957055214723975,1
9497,2022-01-26 10:00:00,82.36,82.8,81.55,82.29,661508.0,-0.0008499271491014227,0.005342399222923721,0.00983487129674602,1
9498,2022-01-26 11:00:00,82.24,83.39,82.13,83.23,452784.0,0.012037937743190773,0.013983463035019525,0.0013375486381322888,1
9499,2022-01-26 12:00:00,83.24,83.33,82.78,83.15,253579.0,-0.0010812109562708938,0.0010812109562710645,0.0055261893320518235,1
9500,2022-01-26 13:00:00,83.14,83.23,82.7305,83.105,198855.0,-0.00042097666586476533,0.0010825114265095432,0.004925426990618165,1
9501,2022-01-26 14:00:00,83.24,83.93,81.38,81.9,823812.0,-0.016098029793368444,0.008289283998077992,0.022345026429601147,1
9502,2022-01-26 15:00:00,81.82,81.89,80.39,81.13,1049113.0,-0.008433145930090416,0.0008555365436324541,0.01747738939134677,1
9503,2022-01-26 16:00:00,81.11,81.58,81.01,81.1,152693.0,-0.000123289360128284,0.00579459992602637,0.0012328936012821392,1
9504,2022-01-26 17:00:00,81.52,81.52,81.52,81.52,100.0,0.0,0.0,0.0,1
9505,2022-01-26 18:00:00,81.55,81.55,81.55,81.55,950.0,0.0,0.0,0.0,1
9506,2022-01-27 04:00:00,81.3,81.3,81.3,81.3,300.0,0.0,0.0,0.0,1
9507,2022-01-27 05:00:00,81.13,81.13,81.13,81.13,372.0,0.0,0.0,0.0,1
9508,2022-01-27 06:00:00,81.14,81.14,81.11,81.11,748.0,-0.00036973132856792134,0.0,0.00036973132856792134,1
9509,2022-01-27 07:00:00,81.0,81.21,80.89,81.19,1606.0,0.002345679012345651,0.0025925925925925153,0.0013580246913580177,1
9510,2022-01-27 08:00:00,81.2,81.3,81.2,81.3,3124.0,0.001231527093595989,0.001231527093595989,0.0,1
9511,2022-01-27 09:00:00,81.7,82.28,80.3,80.51,376953.0,-0.014565483476132162,0.007099143206854324,0.017135862913096763,1
9512,2022-01-27 10:00:00,80.53,80.965,78.655,79.88,580294.0,-0.00807152613932703,0.00540171364708807,0.023283248478827765,1
9513,2022-01-27 11:00:00,79.86,80.43,79.02,79.055,337349.0,-0.010080140245429409,0.007137490608565081,0.010518407212622132,1
9514,2022-01-27 12:00:00,79.0,79.1,77.33,77.36,538726.0,-0.020759493670886083,0.0012658227848100546,0.021139240506329135,1
9515,2022-01-27 13:00:00,77.33,77.53,76.56,77.17,582204.0,-0.002069054700633604,0.002586318375792097,0.00995732574679938,1
9516,2022-01-27 14:00:00,77.2,77.58,76.34,76.425,394253.0,-0.010038860103627017,0.004922279792746055,0.011139896373056988,1
9517,2022-01-27 15:00:00,76.39,76.74,75.49,75.97,930887.0,-0.005498101845791356,0.004581751538159371,0.011781646812410076,1
9518,2022-01-27 16:00:00,75.97,76.02,75.61,75.67,51393.0,-0.003948927208108427,0.0006581545346847065,0.004738712649730149,1
9519,2022-01-27 17:00:00,75.62,76.49,75.62,76.49,32212.0,0.011504892885479904,0.011504892885479904,0.0,1
9520,2022-01-27 18:00:00,76.49,76.5,76.25,76.5,922.0,0.00013073604392737766,0.00013073604392737766,0.0031376650542553914,1
9521,2022-01-27 19:00:00,76.44,76.44,76.01,76.22,2069.0,-0.0028780743066457205,0.0,0.005625327053898386,1
9522,2022-01-28 04:00:00,76.8,76.8,76.8,76.8,200.0,0.0,0.0,0.0,1
9523,2022-01-28 05:00:00,75.8,75.8,75.8,75.8,489.0,0.0,0.0,0.0,1
9524,2022-01-28 06:00:00,75.61,75.62,75.58,75.58,953.0,-0.0003967729136357775,0.00013225763787865516,0.0003967729136357775,1
9525,2022-01-28 07:00:00,76.08,76.08,75.0,75.05,19854.0,-0.013538380651945335,0.0,0.014195583596214489,1
9526,2022-01-28 08:00:00,75.45,75.97,74.94,75.97,11837.0,0.006891981444665288,0.006891981444665288,0.006759443339960306,1
9527,2022-01-28 09:00:00,75.9399,76.4499,73.53,73.73,701754.0,-0.029100644061948865,0.00671583712909821,0.03173430568120308,1
9528,2022-01-28 10:00:00,73.67,73.995,71.91,72.84,950580.0,-0.011266458531288154,0.004411565087552638,0.0238903217049003,1
9529,2022-01-28 11:00:00,72.89,74.15,72.52,74.1,689279.0,0.016600356701879457,0.017286321854849844,0.0050761421319797575,1
9530,2022-01-28 12:00:00,74.11,74.6998,72.92,73.15,620604.0,-0.012953717447038103,0.007958440156524043,0.01605721225205772,1
9531,2022-01-28 13:00:00,73.15,73.87,73.02,73.67,511762.0,0.007108680792891264,0.009842788790157195,0.0017771701982229617,1
9532,2022-01-28 14:00:00,73.65,73.97,72.02,73.12,467557.0,-0.007196198234894788,0.00434487440597411,0.022131704005431223,1
9533,2022-01-28 15:00:00,73.18,74.54,72.6,74.53,1002873.0,0.01844766329598243,0.018584312653730516,0.007925662749385248,1
9534,2022-01-28 16:00:00,74.53,74.53,74.52,74.52,51588.0,-0.00013417415805722682,0.0,0.00013417415805722682,1
9535,2022-01-28 17:00:00,74.51,74.6,74.51,74.6,7924.0,0.001207891558179965,0.001207891558179965,0.0,1
9536,2022-01-28 18:00:00,74.6,74.6,74.5,74.5,300.0,-0.0013404825737264655,0.0,0.0013404825737264655,1
9537,2022-01-28 19:00:00,74.5,75.07,74.4999,75.07,2008.0,0.007651006711409304,0.007651006711409304,1.34228187923919e-06,1
9538,2022-01-31 04:00:00,74.02,74.02,74.02,74.02,158.0,0.0,0.0,0.0,1
9539,2022-01-31 05:00:00,75.0,75.0,75.0,75.0,725.0,0.0,0.0,0.0,1
9540,2022-01-31 07:00:00,74.52,74.52,74.0,74.0,2222.0,-0.006977992485238809,0.0,0.006977992485238809,1
9541,2022-01-31 08:00:00,74.11,74.69,73.95,74.69,3708.0,0.00782620429091888,0.00782620429091888,0.0021589529078396516,1
9542,2022-01-31 09:00:00,74.25,74.64,72.75,74.5,492569.0,0.003367003367003367,0.00525252525252526,0.020202020202020204,1
9543,2022-01-31 10:00:00,74.5,75.9108,74.1,75.88,685777.0,0.018523489932885846,0.018936912751677783,0.0053691275167785995,1
9544,2022-01-31 11:00:00,75.915,76.92,75.7161,76.89,442602.0,0.012843311598498245,0.013238490416913593,0.0026200355660937753,1
9545,2022-01-31 12:00:00,76.93,77.464,76.7,77.455,339016.0,0.006824385805277414,0.006941375276225033,0.0029897309242168718,1
9546,2022-01-31 13:00:00,77.45,77.7,76.94,77.225,294090.0,-0.0029051000645578893,0.0032278889606197547,0.006584893479664365,1
9547,2022-01-31 14:00:00,77.238,77.51,76.76,76.89,515488.0,-0.004505554260856042,0.0035215826406691728,0.006188663611175774,1
9548,2022-01-31 15:00:00,76.9,77.95,76.2907,77.8,818604.0,0.011703511053315883,0.013654096228868623,0.007923276983094987,1
9549,2022-01-31 16:00:00,77.8,78.0,77.67,77.67,64035.0,-0.001670951156812281,0.0025706940874036356,0.001670951156812281,1
9550,2022-01-31 18:00:00,77.7,77.7,77.55,77.55,1200.0,-0.0019305019305020036,0.0,0.0019305019305020036,1
9551,2022-01-31 19:00:00,77.88,77.88,77.15,77.15,288.0,-0.009373394966615175,0.0,0.009373394966615175,1
9552,2022-02-01 07:00:00,77.98,77.98,77.71,77.71,566.0,-0.0034624262631445272,0.0,0.0034624262631445272,2
9553,2022-02-01 08:00:00,77.99,78.21,77.4901,78.1,4237.0,0.0014104372355430112,0.0028208744710860223,0.0064097961277086385,2
9554,2022-02-01 09:00:00,77.94,80.41,77.77,79.84,473956.0,0.02437772645624847,0.031691044393122904,0.002181164998716984,2
9555,2022-02-01 10:00:00,79.8,81.131,78.44,81.06,593684.0,0.01578947368421059,0.01667919799498751,0.01704260651629072,2
9556,2022-02-01 11:00:00,81.12,81.48,80.72,81.3,445008.0,0.0022189349112425125,0.0044378698224852,0.004930966469428077,2
9557,2022-02-01 12:00:00,81.35,81.83,80.8,81.235,395889.0,-0.001413644744929255,0.0059004302397050274,0.0067609096496619205,2
9558,2022-02-01 13:00:00,81.23,81.6278,80.85,81.01,331380.0,-0.0027083589806721512,0.004897205465960722,0.004678074602979314,2
9559,2022-02-01 14:00:00,81.04,81.3,80.72,80.73,456533.0,-0.0038252714708786064,0.0032082922013819213,0.003948667324777978,2
9560,2022-02-01 15:00:00,80.73,81.295,80.345,81.22,1239439.0,0.006069614765266875,0.006998637433420014,0.004768983029852659,2
9561,2022-02-01 16:00:00,81.09,81.69,81.09,81.69,41656.0,0.007399186089530082,0.007399186089530082,0.0,2
9562,2022-02-01 17:00:00,81.23,81.23,80.94,80.94,4108.0,-0.0035701095654315676,0.0,0.0035701095654315676,2
9563,2022-02-01 18:00:00,81.0,81.1,81.0,81.08,1525.0,0.0009876543209876333,0.0012345679012344976,0.0,2
9564,2022-02-01 19:00:00,81.1,81.1,81.1,81.1,2455.0,0.0,0.0,0.0,2
9565,2022-02-02 07:00:00,81.2,81.53,81.2,81.53,1579.0,0.004064039408866974,0.004064039408866974,0.0,2
9566,2022-02-02 08:00:00,81.2,81.9,81.2,81.23,31654.0,0.00036945812807883175,0.008620689655172448,0.0,2
9567,2022-02-02 09:00:00,81.31,81.78,80.35,81.25,351251.0,-0.0007379166154224852,0.005780346820809234,0.011806665846759413,2
9568,2022-02-02 10:00:00,81.21,81.48,80.41,81.27,466677.0,0.0007388252678241877,0.0033247137052088444,0.00985100357098876,2
9569,2022-02-02 11:00:00,81.26,81.27,79.72,80.67,410372.0,-0.007260644843711585,0.00012306177701194813,0.018951513659857325,2
9570,2022-02-02 12:00:00,80.69,81.62,80.45,81.59,259787.0,0.01115379848804072,0.011525591770975422,0.002974346263477443,2
9571,2022-02-02 13:00:00,81.6,81.75,81.15,81.51,310283.0,-0.001102941176470456,0.0018382352941177169,0.005514705882352802,2
9572,2022-02-02 14:00:00,81.51,81.96,81.31,81.51,460787.0,0.0,0.005520794994479065,0.0024536866642130145,2
9573,2022-02-02 15:00:00,81.51,81.74,81.1,81.22,795204.0,-0.0035578456631088977,0.0028217396638448014,0.005030057661636741,2
9574,2022-02-02 16:00:00,81.24,81.24,80.5,80.55,51217.0,-0.008493353028064966,0.0,0.009108813392417465,2
9575,2022-02-02 17:00:00,80.51,80.76,80.5,80.76,9527.0,0.0031052043224444165,0.0031052043224444165,0.0001242081728978402,2
9576,2022-02-02 18:00:00,80.76,80.83,80.76,80.83,450.0,0.0008667657256066515,0.0008667657256066515,0.0,2
9577,2022-02-02 19:00:00,80.77,80.77,80.5,80.5,2600.0,-0.003342825306425604,0.0,0.003342825306425604,2
9578,2022-02-03 04:00:00,80.0,80.0,80.0,80.0,996.0,0.0,0.0,0.0,2
9579,2022-02-03 06:00:00,79.92,79.92,79.9,79.9,846.0,-0.0002502502502502005,0.0,0.0002502502502502005,2
9580,2022-02-03 07:00:00,80.02,80.02,80.0,80.0,500.0,-0.00024993751562104504,0.0,0.00024993751562104504,2
9581,2022-02-03 08:00:00,79.33,80.17,79.32,79.55,13621.0,0.002773225765788464,0.01058868019664696,0.00012605571662681353,2
9582,2022-02-03 09:00:00,79.65,81.01,79.56,80.44,849567.0,0.009918392969240327,0.017074701820464524,0.0011299435028249015,2
9583,2022-02-03 10:00:00,80.44,80.99,79.95,80.73,575024.0,0.0036051715564396603,0.006837394331178483,0.006091496767777162,2
9584,2022-02-03 11:00:00,80.75,81.23,80.01,80.02,742049.0,-0.009040247678018625,0.0059442724458204825,0.009164086687306438,2
9585,2022-02-03 12:00:00,80.01,80.42,79.815,79.88,447896.0,-0.0016247969003875722,0.005124359455068074,0.0024371953505812694,2
9586,2022-02-03 13:00:00,79.83,80.01,79.605,79.76,332973.0,-0.0008768633345859098,0.0022547914317926445,0.0028184892897406277,2
9587,2022-02-03 14:00:00,79.77,80.17,79.32,79.61,384592.0,-0.002005766578914336,0.005014416447286019,0.005641218503196726,2
9588,2022-02-03 15:00:00,79.63,79.95,78.99,79.32,1110214.0,-0.00389300514881329,0.004018585960065395,0.008037171920130612,2
9589,2022-02-03 16:00:00,79.36,80.14,79.36,80.14,29166.0,0.009828629032258078,0.009828629032258078,0.0,2
9590,2022-02-03 17:00:00,80.13,80.13,79.47,79.8,4373.0,-0.004118307749906381,0.0,0.008236615499812762,2
9591,2022-02-03 18:00:00,79.7,79.72,79.7,79.7,481.0,0.0,0.00025094102885816837,0.0,2
9592,2022-02-03 19:00:00,80.03,80.03,79.76,80.03,955.0,0.0,0.0,0.0033737348494314134,2
9593,2022-02-04 05:00:00,80.19,80.19,80.19,80.19,100.0,0.0,0.0,0.0,2
9594,2022-02-04 06:00:00,79.36,79.36,79.36,79.36,744.0,0.0,0.0,0.0,2
9595,2022-02-04 07:00:00,79.0,79.57,79.0,79.5,5060.0,0.006329113924050633,0.007215189873417635,0.0,2
9596,2022-02-04 08:00:00,79.0005,80.47,76.12,76.6515,72297.0,-0.029733989025385963,0.01860114809399936,0.036461794545604116,2
9597,2022-02-04 09:00:00,76.7,78.69,75.01,75.195,1282668.0,-0.01962190352020873,0.02594524119947842,0.022033898305084714,2
9598,2022-02-04 10:00:00,75.23,78.5,75.12,75.915,1648517.0,0.009105410075767676,0.04346670211351849,0.0014621826399042858,2
9599,2022-02-04 11:00:00,75.88,76.68,75.27,76.02,695995.0,0.0018450184501845094,0.010542962572483019,0.00803900896151818,2
9600,2022-02-04 12:00:00,76.03,76.21,75.52,75.91,592202.0,-0.0015783243456530915,0.00236748651847945,0.006707878469025452,2
9601,2022-02-04 13:00:00,75.93,77.34,75.89,76.4231,679539.0,0.006494139338864721,0.01856973528249699,0.0005268010009219841,2
9602,2022-02-04 14:00:00,76.5,76.505,74.91,75.67,1122100.0,-0.010849673202614356,6.535947712412356e-05,0.02078431372549024,2
9603,2022-02-04 15:00:00,75.66,76.1,75.33,75.62,1549035.0,-0.0005286809410519699,0.005815490351572796,0.004361617763679597,2
9604,2022-02-04 16:00:00,75.72,75.88,75.47,75.5,84581.0,-0.0029054410987849823,0.0021130480718435894,0.003301637612255679,2
9605,2022-02-04 17:00:00,75.5,75.5,75.5,75.5,2191.0,0.0,0.0,0.0,2
9606,2022-02-04 18:00:00,75.5,75.5,75.5,75.5,3000.0,0.0,0.0,0.0,2
9607,2022-02-04 19:00:00,75.46,75.47,75.35,75.47,3951.0,0.0001325205406838738,0.0001325205406838738,0.0014577259475218585,2
9608,2022-02-07 04:00:00,75.5,75.5,75.5,75.5,210.0,0.0,0.0,0.0,2
9609,2022-02-07 05:00:00,76.0,76.0,74.83,75.85,3961.0,-0.0019736842105263904,0.0,0.015394736842105286,2
9610,2022-02-07 06:00:00,75.86,75.87,75.86,75.87,595.0,0.00013182177695762084,0.00013182177695762084,0.0,2
9611,2022-02-07 07:00:00,75.95,76.47,75.75,76.47,3617.0,0.006846609611586518,0.006846609611586518,0.002633311389071795,2
9612,2022-02-07 08:00:00,75.9797,76.8,75.61,76.35,11026.0,0.004873670204015024,0.010796304802467016,0.00486577335788368,2
9613,2022-02-07 09:00:00,76.35,80.15,76.0,80.08,981390.0,0.04885396201702691,0.049770792403405525,0.004584151931892526,2
9614,2022-02-07 10:00:00,80.085,80.86,79.3,80.83,1124461.0,0.009302615970531367,0.009677217955921904,0.009802085284385299,2
9615,2022-02-07 11:00:00,80.82,81.45,80.43,80.959,860331.0,0.0017198713189805744,0.007795100222717269,0.0048255382331104475,2
9616,2022-02-07 12:00:00,80.9,81.5631,80.71,81.01,615846.0,0.0013597033374536393,0.008196538936959208,0.002348578491965537,2
9617,2022-02-07 13:00:00,80.99,82.06,80.9301,81.825,804532.0,0.010309914804296926,0.013211507593530158,0.000739597481170502,2
9618,2022-02-07 14:00:00,81.82,82.32,81.57,82.295,562882.0,0.005805426546076859,0.006110975311659742,0.003055487655829871,2
9619,2022-02-07 15:00:00,82.28,82.88,81.67,81.975,1584517.0,-0.0037068546426836024,0.007292173067574068,0.007413709285367032,2
9620,2022-02-07 16:00:00,81.96,82.1001,81.96,82.1001,53575.0,0.0017093704245974121,0.0017093704245974121,0.0,2
9621,2022-02-07 17:00:00,82.11,82.11,82.0,82.0,1910.0,-0.001339666301303123,0.0,0.001339666301303123,2
9622,2022-02-07 18:00:00,82.05,82.05,82.0,82.0,3600.0,-0.0006093845216331159,0.0,0.0006093845216331159,2
9623,2022-02-07 19:00:00,81.91,81.91,81.9,81.9,275.0,-0.0001220852154802943,0.0,0.0001220852154802943,2
9624,2022-02-08 07:00:00,82.01,82.01,81.95,81.97,685.0,-0.0004877453969028929,0.0,0.0007316180953542528,2
9625,2022-02-08 08:00:00,82.0,83.2851,81.96,83.2851,18066.0,0.015671951219512193,0.015671951219512193,0.00048780487804885676,2
9626,2022-02-08 09:00:00,82.9,84.67,82.02,83.18,933501.0,0.003377563329312438,0.02135102533172492,0.010615199034982021,2
9627,2022-02-08 10:00:00,83.15,85.8,82.81,85.65,1327252.0,0.030066145520144315,0.031870114251352874,0.004088995790739668,2
9628,2022-02-08 11:00:00,85.67,86.4939,85.67,86.3521,838319.0,0.007961947005952973,0.009617135520018616,0.0,2
9629,2022-02-08 12:00:00,86.3511,86.57,85.73,86.0504,640165.0,-0.0034822949562889898,0.0025349995541457003,0.007192728291822553,2
9630,2022-02-08 13:00:00,86.05,86.08,85.46,85.83,490980.0,-0.002556653108657744,0.0003486345148169801,0.006856478791400389,2
9631,2022-02-08 14:00:00,85.86,86.07,85.29,85.65,520039.0,-0.002445842068483505,0.002445842068483505,0.006638714185883918,2
9632,2022-02-08 15:00:00,85.67,86.41,85.49,86.27,1061189.0,0.007003618536243659,0.008637796194700535,0.002101085560873197,2
9633,2022-02-08 16:00:00,86.28,86.48,85.5,86.11,111371.0,-0.0019703291608716006,0.0023180343069077753,0.009040333796940208,2
9634,2022-02-08 17:00:00,86.11,86.28,86.1,86.28,4899.0,0.0019742190221809512,0.0019742190221809512,0.00011613053071658479,2
9635,2022-02-08 18:00:00,86.44,86.44,86.12,86.12,421.0,-0.0037019898195279175,0.0,0.0037019898195279175,2
9636,2022-02-08 19:00:00,86.2,86.2,86.12,86.12,913.0,-0.0009280742459396553,0.0,0.0009280742459396553,2
9637,2022-02-09 04:00:00,87.7,87.7,87.6,87.6,1530.0,-0.0011402508551882386,0.0,0.0011402508551882386,2
9638,2022-02-09 05:00:00,87.5,87.5,86.51,86.9,1949.0,-0.006857142857142793,0.0,0.011314285714285655,2
9639,2022-02-09 06:00:00,87.45,87.5,86.41,86.41,3045.0,-0.011892510005717625,0.0005717552887363883,0.011892510005717625,2
9640,2022-02-09 07:00:00,86.65,87.2,86.65,86.95,9486.0,0.0034622042700519,0.006347374495095178,0.0,2
9641,2022-02-09 08:00:00,86.94,87.44,86.71,87.15,21915.0,0.002415458937198159,0.005751092707614447,0.0026455026455026913,2
9642,2022-02-09 09:00:00,86.98,89.6,86.85,87.94,1159329.0,0.011037020004598686,0.030121867095884,0.0014945964589561929,2
9643,2022-02-09 10:00:00,87.98,88.76,87.81,88.01,685874.0,0.0003409865878608904,0.008865651284382827,0.0019322573312116583,2
9644,2022-02-09 11:00:00,88.03,88.074,87.17,87.83,578558.0,-0.00227195274338297,0.0004998296035442114,0.009769396796546625,2
9645,2022-02-09 12:00:00,87.83,88.4817,87.21,88.41,432726.0,0.006603666173289289,0.007420015939883927,0.007059091426619658,2
9646,2022-02-09 13:00:00,88.42,88.8132,88.14,88.66,460935.0,0.0027143180275955086,0.004446957701877325,0.003166704365528174,2
9647,2022-02-09 14:00:00,88.675,88.87,88.0,88.085,486852.0,-0.00665351000845789,0.0021990414434734412,0.007612066535100053,2
9648,2022-02-09 15:00:00,88.1,88.155,87.6,88.07,1650219.0,-0.00034052213393871895,0.0006242905788877051,0.005675368898978434,2
9649,2022-02-09 16:00:00,88.28,88.28,87.88,88.07,60006.0,-0.002378794743996465,0.0,0.004531037607612208,2
9650,2022-02-09 17:00:00,88.07,88.07,87.6,87.61,1061.0,-0.005223117974338524,0.0,0.005336664017258986,2
9651,2022-02-09 18:00:00,87.99,88.03,87.68,88.03,818.0,0.00045459711330840156,0.00045459711330840156,0.003523127628139426,2
9652,2022-02-09 19:00:00,88.02,88.25,87.8,87.8,651.0,-0.002499431947284695,0.002613042490343149,0.002499431947284695,2
9653,2022-02-10 06:00:00,87.98,87.98,87.92,87.92,302.0,-0.0006819731757217808,0.0,0.0006819731757217808,2
9654,2022-02-10 07:00:00,87.7,88.48,87.7,88.48,4613.0,0.008893956670467516,0.008893956670467516,0.0,2
9655,2022-02-10 08:00:00,87.6999,88.6,87.06,87.15,34154.0,-0.0062702466023335695,0.010263409650410033,0.007296473542159082,2
9656,2022-02-10 09:00:00,87.2499,89.75,86.06,89.521,759885.0,0.026029829260549343,0.028654474102549152,0.01363783798033,2
9657,2022-02-10 10:00:00,89.47,90.55,89.19,89.87,1104487.0,0.004470772325919366,0.012071085279982099,0.0031295406281435247,2
9658,2022-02-10 11:00:00,89.86,90.01,89.01,89.95,573601.0,0.0010015579790786046,0.001669263298464341,0.009459158691297511,2
9659,2022-02-10 12:00:00,89.96,90.405,89.15,89.33,591977.0,-0.007003112494441924,0.004946642952423382,0.00900400177856812,2
9660,2022-02-10 13:00:00,89.31,89.56,87.58,88.63,647810.0,-0.007613929011309,0.002799238607098869,0.019370731161124217,2
9661,2022-02-10 14:00:00,88.64,88.7399,87.7401,88.075,443826.0,-0.006374097472924162,0.0011270306859206363,0.010152301444043348,2
9662,2022-02-10 15:00:00,88.13,88.67,87.43,87.86,900770.0,-0.0030636559627822083,0.006127311925564578,0.00794281175536127,2
9663,2022-02-10 16:00:00,87.83,87.83,87.5,87.83,31725.0,0.0,0.0,0.003757258339974932,2
9664,2022-02-10 17:00:00,87.5,87.9,87.5,87.8506,2950.0,0.004006857142857143,0.004571428571428637,0.0,2
9665,2022-02-10 18:00:00,87.9,87.9,87.65,87.89,800.0,-0.00011376564277593987,0.0,0.002844141069397042,2
9666,2022-02-10 19:00:00,87.65,87.77,87.5,87.5,5063.0,-0.001711351968054828,0.0013690815744437004,0.001711351968054828,2
9667,2022-02-11 05:00:00,86.7,87.2,86.4,87.2,3077.0,0.0057670126874279125,0.0057670126874279125,0.0034602076124567146,2
9668,2022-02-11 07:00:00,86.92,87.86,86.92,87.86,4374.0,0.010814542107685201,0.010814542107685201,0.0,2
9669,2022-02-11 08:00:00,88.0,88.6,86.51,88.35,4093.0,0.003977272727272663,0.006818181818181754,0.016931818181818124,2
9670,2022-02-11 09:00:00,88.28,88.4028,87.2733,87.445,295457.0,-0.009458541005890438,0.0013910285455369055,0.011403488898957806,2
9671,2022-02-11 10:00:00,87.48,88.9,87.4,88.765,498067.0,0.01468907178783718,0.016232281664380448,0.0009144947416552159,2
9672,2022-02-11 11:00:00,88.74,89.49,88.18,88.3387,572131.0,-0.0045221996844714,0.008451656524678837,0.006310570205093398,2
9673,2022-02-11 12:00:00,88.335,88.97,87.42,87.47,322081.0,-0.00979226807041371,0.00718854361238473,0.010358295126506958,2
9674,2022-02-11 13:00:00,87.46,87.48,85.031,85.26,928557.0,-0.025154356277155142,0.00022867596615607402,0.027772696089640843,2
9675,2022-02-11 14:00:00,85.25,85.79,84.1,84.4,987024.0,-0.009970674486803452,0.006334310850439956,0.013489736070381298,2
9676,2022-02-11 15:00:00,84.38,84.84,83.78,83.96,1545177.0,-0.004977482815833156,0.005451528798293529,0.007110689736904412,2
9677,2022-02-11 16:00:00,83.97,84.2,83.83,84.2,29623.0,0.002739073478623365,0.002739073478623365,0.001667262117422896,2
9678,2022-02-11 17:00:00,84.35,84.4,84.02,84.4,930.0,0.0005927682276231342,0.0005927682276231342,0.003912270302311776,2
9679,2022-02-11 18:00:00,84.3,84.3,84.0,84.0,2550.0,-0.003558718861209931,0.0,0.003558718861209931,2
9680,2022-02-11 19:00:00,84.0,84.41,83.96,83.96,1587.0,-0.0004761904761905506,0.00488095238095234,0.0004761904761905506,2
9681,2022-02-14 04:00:00,83.9,83.9,81.29,82.02,2271.0,-0.022407628128724787,0.0,0.031108462455303923,2
9682,2022-02-14 05:00:00,82.02,82.06,82.02,82.06,760.0,0.0004876859302609882,0.0004876859302609882,0.0,2
9683,2022-02-14 06:00:00,82.24,82.43,82.24,82.43,224.0,0.002310311284046838,0.002310311284046838,0.0,2
9684,2022-02-14 07:00:00,82.49,83.43,82.22,83.41,4639.0,0.01115286701418356,0.011395320644926803,0.0032731240150320772,2
9685,2022-02-14 08:00:00,82.26,84.56,82.15,83.9,10125.0,0.01993678580111841,0.027960126428397725,0.001337223437879886,2
9686,2022-02-14 09:00:00,83.97,86.1865,83.7601,85.095,387547.0,0.01339764201500536,0.026396332023341625,0.002499702274621944,2
9687,2022-02-14 10:00:00,85.095,85.69,83.57,84.61,639248.0,-0.005699512309771425,0.006992185204771125,0.017921146953405086,2
9688,2022-02-14 11:00:00,84.63,85.88,84.6,85.49,352604.0,0.010161881129623058,0.014770176060498642,0.00035448422545198083,2
9689,2022-02-14 12:00:00,85.49,85.66,84.47,84.56,241040.0,-0.010878465317580919,0.0019885366709556872,0.011931220025733958,2
9690,2022-02-14 13:00:00,84.57,84.705,82.91,83.05,364938.0,-0.017973276575617786,0.0015963107484924337,0.0196287099444247,2
9691,2022-02-14 14:00:00,83.0296,83.92,82.62,83.4213,647133.0,0.004717594689122917,0.010723886421228087,0.00493318045612646,2
9692,2022-02-14 15:00:00,83.41,83.55,82.57,82.76,1101691.0,-0.007792830595851714,0.0016784558206450135,0.01007073492387008,2
9693,2022-02-14 16:00:00,82.75,83.55,82.75,82.94,22264.0,0.0022960725075528428,0.00966767371601205,0.0,2
9694,2022-02-14 17:00:00,82.89,82.95,82.83,82.95,1705.0,0.0007238508867173637,0.0007238508867173637,0.0007238508867173637,2
9695,2022-02-14 18:00:00,82.95,82.95,82.95,82.95,1000.0,0.0,0.0,0.0,2
9696,2022-02-14 19:00:00,83.4899,83.4899,82.74,82.75,4244.0,-0.008862149792969039,0.0,0.00898192475976149,2
9697,2022-02-15 06:00:00,85.8,85.8,85.8,85.8,150.0,0.0,0.0,0.0,2
9698,2022-02-15 07:00:00,85.61,85.99,85.22,85.92,5516.0,0.0036210723046373352,0.004438733792781164,0.004555542576801782,2
9699,2022-02-15 08:00:00,85.5325,86.0,85.11,85.65,27269.0,0.0013737468213837643,0.005465758629760631,0.0049396428258264334,2
9700,2022-02-15 09:00:00,85.5,86.7895,84.5,86.71,739403.0,0.014152046783625657,0.015081871345029285,0.011695906432748537,2
9701,2022-02-15 10:00:00,86.78,86.9,85.56,86.33,529710.0,-0.005185526619036677,0.0013828070984098241,0.014058538833832667,2
9702,2022-02-15 11:00:00,86.34,86.49,85.9589,86.045,341086.0,-0.0034167245772527416,0.0017373175816538275,0.004413944869122117,2
9703,2022-02-15 12:00:00,86.07,86.29,84.92,85.29,322271.0,-0.009062391077030173,0.0025560590217266537,0.013361217613570252,2
9704,2022-02-15 13:00:00,85.29,86.01,85.16,85.95,284151.0,0.007738304607808612,0.008441786844882154,0.0015242115136593934,2
9705,2022-02-15 14:00:00,86.0,86.08,83.8201,85.87,253313.0,-0.0015116279069766912,0.0009302325581395151,0.025347674418604693,2
9706,2022-02-15 15:00:00,85.85,86.685,85.76,86.28,791303.0,0.0050087361677345005,0.009726266744321584,0.0010483401281303343,2
9707,2022-02-15 16:00:00,86.65,86.65,85.75,85.75,33321.0,-0.010386612810155864,0.0,0.010386612810155864,2
9708,2022-02-15 17:00:00,85.84,86.22,85.81,86.22,2500.0,0.004426840633737133,0.004426840633737133,0.00034948741845294894,2
9709,2022-02-15 18:00:00,86.25,86.25,86.19,86.25,5403.0,0.0,0.0,0.0006956521739130699,2
9710,2022-02-15 19:00:00,86.24,86.24,86.0,86.0,2505.0,-0.0027829313543598667,0.0,0.0027829313543598667,2
9711,2022-02-16 05:00:00,87.38,87.47,86.37,86.37,1143.0,-0.011558709086747436,0.0010299839780270475,0.011558709086747436,2
9712,2022-02-16 06:00:00,86.84,86.84,86.72,86.79,1569.0,-0.0005757715338553334,0.0,0.0013818516812529312,2
9713,2022-02-16 07:00:00,86.48,86.65,86.37,86.37,2222.0,-0.001271970397779827,0.0019657724329324895,0.001271970397779827,2
9714,2022-02-16 08:00:00,86.74,86.74,85.81,86.3,9741.0,-0.005072630850818512,0.0,0.010721697025593644,2
9715,2022-02-16 09:00:00,85.75,87.55,85.5,86.9936,370605.0,0.014502623906705548,0.020991253644314836,0.0029154518950437317,2
9716,2022-02-16 10:00:00,86.95,88.8,86.67,88.275,631546.0,0.015238642898217398,0.021276595744680785,0.0032202415181138717,2
9717,2022-02-16 11:00:00,88.322,88.48,87.16,87.26,657586.0,-0.01202418423495842,0.0017889087656529658,0.013156404972713549,2
9718,2022-02-16 12:00:00,87.25,87.26,85.975,86.475,434066.0,-0.008882521489971412,0.00011461318051581795,0.014613180515759378,2
9719,2022-02-16 13:00:00,86.46,87.12,86.37,86.925,297897.0,0.005378209576682899,0.0076335877862596675,0.0010409437890352671,2
9720,2022-02-16 14:00:00,86.92,87.43,86.17,87.09,579709.0,0.0019558214450069223,0.005867464335020767,0.008628624022089278,2
9721,2022-02-16 15:00:00,87.12,87.35,86.86,87.08,1057623.0,-0.0004591368227732582,0.0026400367309457043,0.00298438934802577,2
9722,2022-02-16 16:00:00,87.2,87.38,87.06,87.06,45669.0,-0.0016055045871559697,0.0020642201834861536,0.0016055045871559697,2
9723,2022-02-16 18:00:00,87.0,87.17,86.29,86.29,2835.0,-0.008160919540229813,0.0019540229885057665,0.008160919540229813,2
9724,2022-02-17 04:00:00,86.29,86.29,86.29,86.29,214.0,0.0,0.0,0.0,2
9725,2022-02-17 07:00:00,86.54,86.56,86.54,86.56,663.0,0.00023110700254213104,0.00023110700254213104,0.0,2
9726,2022-02-17 08:00:00,86.49,86.49,85.6,85.612,7310.0,-0.010151462596832006,0.0,0.010290206960342243,2
9727,2022-02-17 09:00:00,85.7,86.24,84.82,85.05,359717.0,-0.00758459743290555,0.006301050175029079,0.010268378063010614,2
9728,2022-02-17 10:00:00,85.1196,86.04,84.93,85.4,450018.0,0.0032941884125395346,0.010813020737879415,0.002227454076381922,2
9729,2022-02-17 11:00:00,85.4,86.24,85.33,85.75,262066.0,0.004098360655737638,0.009836065573770364,0.0008196721311476275,2
9730,2022-02-17 12:00:00,85.78,86.26,85.66,85.89,193555.0,0.0012823501981813876,0.005595709955700676,0.0013989274889252103,2
9731,2022-02-17 13:00:00,85.86,85.8811,85.11,85.46,222320.0,-0.004658746797111643,0.0002457488935476836,0.008735150244584208,2
9732,2022-02-17 14:00:00,85.41,85.42,84.59,84.675,294719.0,-0.008605549701440106,0.00011708230886319068,0.009600749326776644,2
9733,2022-02-17 15:00:00,84.68,85.39,84.54,85.14,739940.0,0.005432215399149666,0.008384506376948438,0.0016532829475673187,2
9734,2022-02-17 16:00:00,85.14,85.14,85.14,85.14,19579.0,0.0,0.0,0.0,2
9735,2022-02-17 17:00:00,85.15,85.2,85.01,85.01,2043.0,-0.0016441573693482157,0.0005871990604814698,0.0016441573693482157,2
9736,2022-02-17 18:00:00,85.18,85.2,85.15,85.2,1583.0,0.0002347969006808643,0.0002347969006808643,0.00035219535102137985,2
9737,2022-02-18 05:00:00,85.58,85.6,85.58,85.6,288.0,0.00023369946249118977,0.00023369946249118977,0.0,2
9738,2022-02-18 06:00:00,86.47,86.47,86.47,86.47,350.0,0.0,0.0,0.0,2
9739,2022-02-18 07:00:00,86.15,86.15,85.86,85.86,1086.0,-0.0033662217063262475,0.0,0.0033662217063262475,2
9740,2022-02-18 08:00:00,85.8899,86.13,84.8,84.9,9829.0,-0.011525220078262888,0.0027954392774936078,0.012689501326698485,2
9741,2022-02-18 09:00:00,84.99,85.295,83.44,84.92,374746.0,-0.0008236263089774465,0.0035886574891164473,0.01823743969878806,2
9742,2022-02-18 10:00:00,84.87,85.34,83.79,84.12,421653.0,-0.008837044892188051,0.005537881465771166,0.012725344644750775,2
9743,2022-02-18 11:00:00,84.09,84.09,83.22,83.31,265161.0,-0.009275775954334655,0.0,0.010346057795219462,2
9744,2022-02-18 12:00:00,83.36,83.95,83.22,83.46,267104.0,0.0011996161228406228,0.007077735124760118,0.0016794625719769743,2
9745,2022-02-18 13:00:00,83.45,83.9,82.96,83.83,775155.0,0.004553624925104798,0.00539245056920315,0.005871779508687946,2
9746,2022-02-18 14:00:00,83.83,84.74,83.72,84.54,363096.0,0.008469521650960371,0.01085530239770961,0.0013121794107121489,2
9747,2022-02-18 15:00:00,84.54,84.71,83.47,83.69,800237.0,-0.010054412112609516,0.002010882422521735,0.012656730541755468,2
9748,2022-02-18 16:00:00,83.69,83.69,83.69,83.69,460140.0,0.0,0.0,0.0,2
9749,2022-02-18 17:00:00,83.6,83.6,83.0,83.0,2356.0,-0.007177033492822899,0.0,0.007177033492822899,2
9750,2022-02-18 18:00:00,83.2,83.2,83.2,83.2,100.0,0.0,0.0,0.0,2
9751,2022-02-18 19:00:00,83.18,83.18,82.7,83.18,1160.0,0.0,0.0,0.0057706179370041345,2
9752,2022-02-22 04:00:00,81.21,81.21,81.21,81.21,205.0,0.0,0.0,0.0,2
9753,2022-02-22 05:00:00,81.59,82.9,81.59,82.9,1262.0,0.01605588920210813,0.01605588920210813,0.0,2
9754,2022-02-22 07:00:00,82.49,82.7,82.34,82.53,3562.0,0.00048490726148631657,0.0025457631228028607,0.0018184022305732996,2
9755,2022-02-22 08:00:00,82.1277,82.5,82.01,82.01,7720.0,-0.0014331340095972399,0.00453318429713721,0.0014331340095972399,2
9756,2022-02-22 09:00:00,82.499,84.23,82.0,83.82,367448.0,0.016012315300791502,0.020982072509969925,0.006048558164341329,2
9757,2022-02-22 10:00:00,83.89,84.765,82.93,84.19,426155.0,0.003576111574681096,0.010430325426153296,0.011443557038979542,2
9758,2022-02-22 11:00:00,84.165,84.4,83.305,83.73,468113.0,-0.005168419176617385,0.0027921344977128192,0.010218024119289484,2
9759,2022-02-22 12:00:00,83.74,84.2243,83.34,83.5,264811.0,-0.0028660138524002256,0.005783377119656134,0.004776689754000376,2
9760,2022-02-22 13:00:00,83.6,84.03,82.32,82.69,368085.0,-0.010885167464114793,0.005143540669856541,0.01531100478468901,2
9761,2022-02-22 14:00:00,82.67,84.19,82.11,83.82,511887.0,0.013910729406072232,0.01838635538889556,0.006773920406435252,2
9762,2022-02-22 15:00:00,83.82,84.36,82.825,83.05,752907.0,-0.009186351706036698,0.006442376521116754,0.011870675256501914,2
9763,2022-02-22 16:00:00,83.05,83.56,83.05,83.05,114353.0,0.0,0.006140878988561169,0.0,2
9764,2022-02-22 18:00:00,83.45,83.45,83.45,83.45,100.0,0.0,0.0,0.0,2
9765,2022-02-22 19:00:00,83.6999,83.6999,83.6999,83.6999,592.0,0.0,0.0,0.0,2
9766,2022-02-23 07:00:00,84.06,84.1,83.91,84.1,696.0,0.0004758505829168694,0.0004758505829168694,0.0017844396859386829,2
9767,2022-02-23 08:00:00,83.99,84.97,83.9,84.5,3396.0,0.006072151446600847,0.011668055720919205,0.0010715561376353042,2
9768,2022-02-23 09:00:00,84.46,84.5528,82.97,82.97,224115.0,-0.017641487094482537,0.001098744968032336,0.017641487094482537,2
9769,2022-02-23 10:00:00,82.9182,82.9182,80.98,81.23,1066803.0,-0.020359824501737796,0.0,0.023374844123485495,2
9770,2022-02-23 11:00:00,81.18,81.875,80.47,81.86,519950.0,0.008376447400837553,0.008561221975856037,0.008745996550874697,2
9771,2022-02-23 12:00:00,81.95,82.44,81.7,82.02,425598.0,0.0008541793776692273,0.0059792556436851114,0.0030506406345332518,2
9772,2022-02-23 13:00:00,82.0,82.05,80.55,80.6932,369318.0,-0.015936585365853604,0.0006097560975609409,0.017682926829268326,2
9773,2022-02-23 14:00:00,80.69,80.9981,80.23,80.495,557471.0,-0.0024166563390753894,0.0038183170157392,0.00570083033833181,2
9774,2022-02-23 15:00:00,80.55,80.62,79.82,80.07,1070512.0,-0.005959031657355729,0.0008690254500311284,0.009062693978895146,2
9775,2022-02-23 16:00:00,80.05,80.05,79.92,80.05,37969.0,0.0,0.0,0.0016239850093690876,2
9776,2022-02-23 17:00:00,80.0,80.0,79.71,79.71,873.0,-0.0036250000000000782,0.0,0.0036250000000000782,2
9777,2022-02-23 18:00:00,79.5,79.9,79.5,79.63,1421.0,0.0016352201257861063,0.005031446540880575,0.0,2
9778,2022-02-23 19:00:00,79.85,80.22,79.5,79.51,20377.0,-0.004257983719473879,0.0046336881653100135,0.004383218534752591,2
9779,2022-02-24 04:00:00,77.88,77.88,76.58,77.02,1835.0,-0.011042629686697477,0.0,0.01669234720082174,2
9780,2022-02-24 05:00:00,76.05,76.05,74.81,75.02,1213.0,-0.013543721236028945,0.0,0.016305062458908545,2
9781,2022-02-24 06:00:00,75.0,75.0,74.51,74.51,2961.0,-0.006533333333333265,0.0,0.006533333333333265,2
9782,2022-02-24 07:00:00,75.56,76.01,74.33,74.52,32818.0,-0.013763896241397648,0.00595553202752783,0.01627845420857602,2
9783,2022-02-24 08:00:00,75.2471,76.5,74.35,75.2,32772.0,-0.0006259377437801638,0.016650475566500195,0.011922054138963613,2
9784,2022-02-24 09:00:00,75.1927,77.55,75.19,77.45,752119.0,0.030020201429128104,0.03135011776409139,3.590774104406898e-05,2
9785,2022-02-24 10:00:00,77.33,78.97,76.755,78.12,780649.0,0.010215957584378718,0.0212078106814949,0.007435665330402209,2
9786,2022-02-24 11:00:00,78.04,79.06,77.82,78.605,587042.0,0.0072398769861609135,0.013070220399794925,0.002819067145053986,2
9787,2022-02-24 12:00:00,78.605,79.04,77.68,77.692,326907.0,-0.01161503721137346,0.005533999109471437,0.011767699255772496,2
9788,2022-02-24 13:00:00,77.67,79.0,77.59,78.52,430755.0,0.010943736320329526,0.017123728595339234,0.0010299987125015873,2
9789,2022-02-24 14:00:00,78.51,80.31,78.23,80.21,449987.0,0.021653292574194224,0.022927015666794,0.003566424659279087,2
9790,2022-02-24 15:00:00,80.25,81.59,80.18,81.38,967834.0,0.014080996884735146,0.016697819314641787,0.0008722741433020957,2
9791,2022-02-24 16:00:00,81.35,81.5,80.31,81.4999,44388.0,0.0018426551936078965,0.0018438844499078758,0.01278426551936069,2
9792,2022-02-24 17:00:00,80.9,81.38,80.9,81.36,5870.0,0.005686032138442444,0.00593325092707033,0.0,2
9793,2022-02-24 18:00:00,81.0,81.01,80.71,81.0,1924.0,0.0,0.00012345679012351995,0.0035802469135803243,2
9794,2022-02-24 19:00:00,81.0,81.0,80.75,80.75,2162.0,-0.0030864197530864196,0.0,0.0030864197530864196,2
9795,2022-02-25 05:00:00,80.0,80.0,80.0,80.0,210.0,0.0,0.0,0.0,2
9796,2022-02-25 07:00:00,81.29,82.03,81.29,82.03,1002.0,0.00910321072702663,0.00910321072702663,0.0,2
9797,2022-02-25 08:00:00,80.75,82.74,80.75,82.65,12077.0,0.02352941176470595,0.02464396284829715,0.0,2
9798,2022-02-25 09:00:00,82.29,83.8705,81.4101,81.46,427326.0,-0.010086280228460474,0.019206464941062103,0.010692672256653376,2
9799,2022-02-25 10:00:00,81.5,82.43,80.75,82.08,483861.0,0.0071165644171778935,0.011411042944785359,0.009202453987730062,2
9800,2022-02-25 11:00:00,82.08,82.83,81.4931,82.81,397658.0,0.008893762183235916,0.009137426900584795,0.007150341130604288,2
9801,2022-02-25 12:00:00,82.8,82.99,82.2089,82.45,349564.0,-0.0042270531400965495,0.002294685990338137,0.007138888888888856,2
9802,2022-02-25 13:00:00,82.45,82.98,82.1527,82.81,214724.0,0.004366282595512425,0.006428138265615538,0.0036058217101274347,2
9803,2022-02-25 14:00:00,82.8,83.33,82.57,83.16,299255.0,0.004347826086956515,0.006400966183574893,0.002777777777777826,2
9804,2022-02-25 15:00:00,83.14,83.805,83.01,83.75,717916.0,0.007337021890786618,0.007998556651431395,0.001563627616069226,2
9805,2022-02-25 16:00:00,83.76,83.84,83.67,83.74,21298.0,-0.00023877745940795406,0.0009551098376313072,0.0010744985673352841,2
9806,2022-02-25 18:00:00,83.41,83.41,83.4,83.4,1002.0,-0.00011988970147453429,0.0,0.00011988970147453429,2
9807,2022-02-25 19:00:00,83.45,83.8,83.45,83.47,2487.0,0.000239664469742313,0.004194128220491244,0.0,2
9808,2022-02-28 04:00:00,80.72,80.72,80.72,80.72,100.0,0.0,0.0,0.0,2
9809,2022-02-28 06:00:00,81.92,82.19,81.46,82.0,3580.0,0.0009765624999999792,0.0032958984374999514,0.005615234375000097,2
9810,2022-02-28 07:00:00,82.68,82.7,82.47,82.47,834.0,-0.002539912917271504,0.0002418964683115145,0.002539912917271504,2
9811,2022-02-28 08:00:00,82.44,82.63,81.29,82.61,3189.0,0.002062105773896188,0.002304706453178041,0.013949539058709262,2
9812,2022-02-28 09:00:00,82.59,82.9899,79.13,80.97,606545.0,-0.01961496549219039,0.004841990555757384,0.04189369173023378,2
9813,2022-02-28 10:00:00,80.8301,81.52,79.1,81.32,724880.0,0.006060860991140572,0.008535186768295405,0.021404155135277665,2
9814,2022-02-28 11:00:00,81.41,82.1,81.26,82.0,461411.0,0.007247266920525776,0.008475617246038543,0.0018425254882691497,2
9815,2022-02-28 12:00:00,81.95,82.0,79.885,80.25,492143.0,-0.020744356314826146,0.0006101281269066157,0.02519829164124463,2
9816,2022-02-28 13:00:00,80.24,81.06,80.235,80.5,322952.0,0.0032402791625125264,0.01021934197407786,6.231306081749069e-05,2
9817,2022-02-28 14:00:00,80.48,80.49,79.71,80.32,414030.0,-0.001988071570576675,0.00012425447316092078,0.00956759443339973,2
9818,2022-02-28 15:00:00,80.32,81.04,79.88,80.74,1156417.0,0.005229083665338667,0.008964143426294984,0.005478087649402363,2
9819,2022-02-28 16:00:00,80.72,80.72,80.7,80.7,95858.0,-0.00024777006937557014,0.0,0.00024777006937557014,2
9820,2022-02-28 17:00:00,80.5,80.5,80.5,80.5,265.0,0.0,0.0,0.0,2
9821,2022-02-28 18:00:00,80.8,80.94,80.8,80.8,600.0,0.0,0.0017326732673267399,0.0,2
9822,2022-02-28 19:00:00,80.8,80.8,80.7,80.75,2100.0,-0.0006188118811880837,0.0,0.0012376237623761674,2
9823,2022-03-01 05:00:00,79.86,79.86,79.86,79.86,100.0,0.0,0.0,0.0,3
9824,2022-03-01 06:00:00,80.64,80.64,80.64,80.64,570.0,0.0,0.0,0.0,3
9825,2022-03-01 07:00:00,80.71,81.0,79.5,80.0,3874.0,-0.008796927270474462,0.0035931111386446075,0.014991946475033996,3
9826,2022-03-01 08:00:00,79.5701,80.0001,79.57,80.0,545.0,0.005402783206254655,0.005404039959733704,1.2567534790495382e-06,3
9827,2022-03-01 09:00:00,79.91,79.91,76.04,76.14,1136870.0,-0.047178075334751546,0.0,0.04842948316856452,3
9828,2022-03-01 10:00:00,76.22,76.56,75.36,75.375,1558179.0,-0.01108632904749408,0.004460771451062758,0.01128312778798215,3
9829,2022-03-01 11:00:00,75.36,75.45,73.5,73.688,1181911.0,-0.02218683651804667,0.0011942675159236122,0.024681528662420373,3
9830,2022-03-01 12:00:00,73.66,75.0,73.33,74.9,810534.0,0.016834102633722633,0.018191691555796953,0.004480043442845484,3
9831,2022-03-01 13:00:00,74.88,75.1,73.13,73.53,672704.0,-0.01802884615384608,0.002938034188034173,0.023370726495726496,3
9832,2022-03-01 14:00:00,73.59,74.14,73.05,73.92,630728.0,0.0044843049327354025,0.007473841554559005,0.007337953526294418,3
9833,2022-03-01 15:00:00,73.92,74.715,73.06,73.65,1463949.0,-0.0036525974025973487,0.010754870129870153,0.011634199134199127,3
9834,2022-03-01 16:00:00,73.94,73.94,73.49,73.92,50293.0,-0.00027048958615087936,0.0,0.006086015688396036,3
9835,2022-03-01 17:00:00,73.94,73.94,73.81,73.83,5045.0,-0.0014876927238301248,0.0,0.0017581823099810043,3
9836,2022-03-01 18:00:00,73.83,73.92,73.68,73.85,1790.0,0.0002708925910875799,0.001219016659894398,0.002031694433157138,3
9837,2022-03-01 19:00:00,73.82,73.92,73.75,73.92,2359.0,0.0013546464372799856,0.0013546464372799856,0.0009482525060958166,3
9838,2022-03-02 04:00:00,75.3,75.5,74.79,75.0,8259.0,-0.003984063745019883,0.002656042496679985,0.006772908366533744,3
9839,2022-03-02 05:00:00,75.05,75.82,75.0,75.0,2668.0,-0.0006662225183210814,0.010259826782145183,0.0006662225183210814,3
9840,2022-03-02 06:00:00,75.09,75.09,74.89,74.89,755.0,-0.0026634705020642272,0.0,0.0026634705020642272,3
9841,2022-03-02 07:00:00,74.97,75.47,74.52,75.0,7559.0,0.0004001600640256254,0.006669334400426837,0.006002400960384192,3
9842,2022-03-02 08:00:00,74.5,75.5,74.03,74.5,22338.0,0.0,0.013422818791946308,0.00630872483221475,3
9843,2022-03-02 09:00:00,74.5,75.9299,74.5,75.16,502168.0,0.008859060402684518,0.019193288590604075,0.0,3
9844,2022-03-02 10:00:00,75.16,75.3,73.86,74.39,757778.0,-0.010244811069717882,0.001862692921766905,0.017296434273549724,3
9845,2022-03-02 11:00:00,74.38,75.53,74.05,75.225,558208.0,0.011360580801290656,0.01546114546921223,0.004436676525947813,3
9846,2022-03-02 12:00:00,75.225,75.32,74.54,74.89,279318.0,-0.004453306746427302,0.0012628780325689448,0.009106015287470763,3
9847,2022-03-02 13:00:00,74.9,75.64,74.9,75.58,377322.0,0.009078771695594026,0.009879839786381774,0.0,3
9848,2022-03-02 14:00:00,75.61,75.96,75.24,75.51,517124.0,-0.0013225763787857998,0.004629017325750487,0.0048935326015077975,3
9849,2022-03-02 15:00:00,75.52,75.98,75.39,75.46,942371.0,-0.000794491525423759,0.00609110169491536,0.0017213983050846857,3
9850,2022-03-02 16:00:00,75.45,75.86,75.0,75.86,60692.0,0.005434062292909166,0.005434062292909166,0.005964214711729659,3
9851,2022-03-02 18:00:00,75.1201,75.2,75.1201,75.2,900.0,0.001063630106988798,0.001063630106988798,0.0,3
9852,2022-03-02 19:00:00,75.21,75.25,74.86,75.2,5299.0,-0.0001329610424144516,0.0005318441696583734,0.0046536364845099635,3
9853,2022-03-03 04:00:00,75.6,75.6,75.6,75.6,300.0,0.0,0.0,0.0,3
9854,2022-03-03 07:00:00,75.46,75.49,75.46,75.47,2108.0,0.0001325205406838738,0.0003975616220514331,0.0,3
9855,2022-03-03 08:00:00,75.6899,76.5,75.46,76.5,15182.0,0.01070288109774231,0.01070288109774231,0.003037393364240152,3
9856,2022-03-03 09:00:00,76.45,77.18,73.31,73.65,688978.0,-0.03662524525833875,0.009548724656638377,0.041072596468279925,3
9857,2022-03-03 10:00:00,73.68,73.8495,72.14,72.14,721393.0,-0.020901194353963166,0.0023004885993485246,0.020901194353963166,3
9858,2022-03-03 11:00:00,72.18,73.24,71.83,72.77,567732.0,0.008174009420892064,0.01468550845109432,0.004848988639512448,3
9859,2022-03-03 12:00:00,72.725,73.36,72.18,72.7,459485.0,-0.0003437607425230866,0.00873152286008945,0.007493984187005673,3
9860,2022-03-03 13:00:00,72.7,72.91,72.33,72.46,448061.0,-0.0033012379642367137,0.002888583218706929,0.005089408528198136,3
9861,2022-03-03 14:00:00,72.47,72.6092,72.0,72.02,546634.0,-0.006209465985925249,0.001920794811646232,0.006485442251966315,3
9862,2022-03-03 15:00:00,72.0,72.23,71.64,71.85,1352000.0,-0.0020833333333334122,0.0031944444444444997,0.004999999999999992,3
9863,2022-03-03 16:00:00,71.85,71.88,71.7,71.7,51762.0,-0.002087682672233702,0.00041753653444677994,0.002087682672233702,3
9864,2022-03-03 17:00:00,72.0,72.18,72.0,72.0,6794.0,0.0,0.0025000000000000946,0.0,3
9865,2022-03-03 18:00:00,72.01,72.06,71.9,71.9,2900.0,-0.0015275656158866744,0.0006943480072211797,0.0015275656158866744,3
9866,2022-03-03 19:00:00,72.0,72.0,70.54,70.54,7036.0,-0.02027777777777769,0.0,0.02027777777777769,3
9867,2022-03-04 04:00:00,70.01,70.03,69.52,69.52,2077.0,-0.006999000142836867,0.0002856734752177692,0.006999000142836867,3
9868,2022-03-04 05:00:00,69.95,69.95,69.8,69.8,345.0,-0.0021443888491780656,0.0,0.0021443888491780656,3
9869,2022-03-04 06:00:00,69.95,69.98,69.95,69.98,418.0,0.0004288777698356131,0.0004288777698356131,0.0,3
9870,2022-03-04 07:00:00,69.92,70.6,69.81,70.41,3173.0,0.007008009153318004,0.009725400457665798,0.0015732265446224175,3
9871,2022-03-04 08:00:00,70.25,70.83,70.0,70.81,12106.0,0.007971530249110353,0.008256227758007093,0.0035587188612099642,3
9872,2022-03-04 09:00:00,70.89,71.02,68.26,69.47,952809.0,-0.02003103399633237,0.0018338270560021928,0.03709973197912252,3
9873,2022-03-04 10:00:00,69.47,70.49,68.74,69.54,848038.0,0.0010076291924572822,0.014682596804375933,0.010508133007053461,3
9874,2022-03-04 11:00:00,69.52,69.79,68.21,69.21,738344.0,-0.0044591484464902515,0.0038837744533948538,0.018843498273878056,3
9875,2022-03-04 12:00:00,69.2,70.35,68.81,69.7975,519816.0,0.008634393063583766,0.016618497109826467,0.005635838150289025,3
9876,2022-03-04 13:00:00,69.82,70.35,69.32,69.32,564872.0,-0.007161271841879119,0.007590948152391882,0.007161271841879119,3
9877,2022-03-04 14:00:00,69.34,69.6,68.75,68.78,588050.0,-0.008076146524372689,0.0037496394577443163,0.008508797231035526,3
9878,2022-03-04 15:00:00,68.77,69.72,68.7,69.57,1115675.0,0.011632979496873596,0.013814163152537485,0.001017885705976344,3
9879,2022-03-04 16:00:00,69.66,69.91,69.05,69.6,40020.0,-0.0008613264427218242,0.003588860178007465,0.008756818834338206,3
9880,2022-03-04 18:00:00,69.41,69.6,69.41,69.6,1183.0,0.0027373577294337666,0.0027373577294337666,0.0,3
9881,2022-03-04 19:00:00,69.58,69.58,69.4,69.44,1127.0,-0.0020120724346076543,0.0,0.002586950273066867,3
9882,2022-03-07 04:00:00,67.0,67.0,66.28,66.28,2222.0,-0.010746268656716402,0.0,0.010746268656716402,3
9883,2022-03-07 05:00:00,66.15,66.15,66.0,66.0,1741.0,-0.0022675736961452106,0.0,0.0022675736961452106,3
9884,2022-03-07 06:00:00,66.28,66.28,66.0,66.0,1300.0,-0.004224502112251073,0.0,0.004224502112251073,3
9885,2022-03-07 07:00:00,66.89,67.81,66.11,67.7,26701.0,0.012109433398116345,0.013753924353416082,0.01166093586485276,3
9886,2022-03-07 08:00:00,66.684,68.17,66.684,67.95,23031.0,0.0189850638833904,0.022284206106412397,0.0,3
9887,2022-03-07 09:00:00,68.01,69.4785,65.25,65.41,1193693.0,-0.03822967210704321,0.02159241288045863,0.04058226731363042,3
9888,2022-03-07 10:00:00,65.4,66.79,64.46,65.26,1651099.0,-0.0021406727828746264,0.021253822629969426,0.014373088685015472,3
9889,2022-03-07 11:00:00,65.23,66.3,64.43,64.81,1083563.0,-0.006438755173999719,0.016403495324237207,0.012264295569523182,3
9890,2022-03-07 12:00:00,64.8,65.17,64.5,64.695,810056.0,-0.001620370370370432,0.005709876543209947,0.004629629629629586,3
9891,2022-03-07 13:00:00,64.67,65.71,64.24,64.66,1204769.0,-0.00015463120457716276,0.016081645276016576,0.006649141796814703,3
9892,2022-03-07 14:00:00,64.64,64.82,63.45,63.51,926840.0,-0.017481435643564396,0.0027846534653464205,0.0184096534653465,3
9893,2022-03-07 15:00:00,63.53,64.04,63.05,63.27,2164199.0,-0.004092554698567574,0.008027703447190384,0.007555485597355642,3
9894,2022-03-07 16:00:00,63.27,63.37,62.98,63.2,44286.0,-0.0011063695274221635,0.0015805278963172801,0.004583530899320472,3
9895,2022-03-07 17:00:00,63.2,63.2,62.9,62.92,4882.0,-0.004430379746835461,0.0,0.004746835443038042,3
9896,2022-03-07 18:00:00,62.99,63.2,62.99,63.02,2601.0,0.00047626607398001486,0.0033338625178599914,0.0,3
9897,2022-03-07 19:00:00,63.0,63.1,62.93,62.99,8301.0,-0.00015873015873012715,0.0015873015873016099,0.0011111111111111157,3
9898,2022-03-08 04:00:00,64.44,64.44,64.4,64.4,1457.0,-0.0006207324643077598,0.0,0.0006207324643077598,3
9899,2022-03-08 05:00:00,64.34,65.27,64.33,64.48,2807.0,0.0021759403170655976,0.014454460677649869,0.0001554243083619073,3
9900,2022-03-08 06:00:00,64.89,65.0,64.48,65.0,3045.0,0.0016951764524579971,0.0016951764524579971,0.006318384959161606,3
9901,2022-03-08 07:00:00,65.0,65.7,64.7,64.7,16739.0,-0.004615384615384572,0.010769230769230812,0.004615384615384572,3
9902,2022-03-08 08:00:00,65.29,65.88,63.5,64.27,18777.0,-0.015622606831061573,0.00903660591208438,0.02741614336039219,3
9903,2022-03-08 09:00:00,64.024,65.109,61.91,62.195,848383.0,-0.02856741222041735,0.01694676996126443,0.03301886792452837,3
9904,2022-03-08 10:00:00,62.185,64.83,61.45,63.77,1269880.0,0.025488461847712484,0.04253437324113526,0.011819570636005458,3
9905,2022-03-08 11:00:00,63.77,64.02,62.92,63.31,779857.0,-0.007213423239767929,0.0039203387172650605,0.013329151638701605,3
9906,2022-03-08 12:00:00,63.36,66.24,63.21,66.06,1056109.0,0.04261363636363641,0.045454545454545386,0.00236742424242422,3
9907,2022-03-08 13:00:00,66.07,67.07,65.02,65.18,952323.0,-0.013470561525654404,0.015135462388375966,0.01589223550779472,3
9908,2022-03-08 14:00:00,65.195,65.65,64.51,65.34,668019.0,0.0022240969399495397,0.0069790628115654965,0.010506940716312418,3
9909,2022-03-08 15:00:00,65.36,65.69,64.445,64.54,897003.0,-0.012545899632802834,0.005048959608323108,0.013999388004896057,3
9910,2022-03-08 16:00:00,65.0,65.37,64.21,64.49,35432.0,-0.007846153846153925,0.005692307692307762,0.01215384615384625,3
9911,2022-03-08 17:00:00,64.49,64.49,64.23,64.49,3135.0,0.0,0.0,0.004031632811288431,3
9912,2022-03-08 18:00:00,64.35,64.5,64.35,64.35,1381.0,0.0,0.0023310023310024195,0.0,3
9913,2022-03-08 19:00:00,64.98,65.0,64.98,65.0,2830.0,0.00030778701138805815,0.00030778701138805815,0.0,3
9914,2022-03-09 04:00:00,67.8,67.98,67.01,67.98,2122.0,0.0026548672566372687,0.0026548672566372687,0.011651917404129677,3
9915,2022-03-09 05:00:00,67.97,68.42,67.97,68.42,700.0,0.006620567897601925,0.006620567897601925,0.0,3
9916,2022-03-09 06:00:00,68.2,68.2,68.2,68.2,100.0,0.0,0.0,0.0,3
9917,2022-03-09 07:00:00,67.77,67.95,67.15,67.4,11237.0,-0.005459642909841971,0.0026560424966800477,0.009148590821897453,3
9918,2022-03-09 08:00:00,67.3,68.15,67.15,68.0,37490.0,0.010401188707280875,0.012630014858841137,0.0022288261515600516,3
9919,2022-03-09 09:00:00,68.0,70.48,68.0,68.89,1005032.0,0.013088235294117656,0.03647058823529418,0.0,3
9920,2022-03-09 10:00:00,68.895,69.44,68.2,69.06,821963.0,0.0023949488351840665,0.007910588576819824,0.010087814790623314,3
9921,2022-03-09 11:00:00,69.08,69.145,67.25,67.7258,566334.0,-0.019603358425014355,0.000940938042848838,0.026491024898668187,3
9922,2022-03-09 12:00:00,67.7,69.14,67.69,68.87,540796.0,0.017282127031019227,0.0212703101920236,0.00014771048744468412,3
9923,2022-03-09 13:00:00,68.82,69.865,68.43,69.13,488269.0,0.004504504504504538,0.01518453937808779,0.005666957279860308,3
9924,2022-03-09 14:00:00,69.13,69.49,68.9,69.1,364175.0,-0.0004339649934905416,0.005207579921886293,0.003327064950093878,3
9925,2022-03-09 15:00:00,69.17,69.25,67.915,68.08,855969.0,-0.015758276709556214,0.0011565707676738223,0.01814370391788341,3
9926,2022-03-09 16:00:00,68.06,68.2,68.04,68.04,31852.0,-0.0002938583602702912,0.0020570085218924563,0.0002938583602702912,3
9927,2022-03-09 17:00:00,68.0,68.15,67.92,68.15,2760.0,0.00220588235294126,0.00220588235294126,0.001176470588235269,3
9928,2022-03-09 18:00:00,68.14,68.5,68.14,68.5,2238.0,0.00528324038743762,0.00528324038743762,0.0,3
9929,2022-03-09 19:00:00,68.06,68.2,68.06,68.2,430.0,0.0020570085218924563,0.0020570085218924563,0.0,3
9930,2022-03-10 04:00:00,67.85,67.86,67.85,67.86,850.0,0.00014738393515114395,0.00014738393515114395,0.0,3
9931,2022-03-10 05:00:00,67.55,67.55,67.55,67.55,341.0,0.0,0.0,0.0,3
9932,2022-03-10 06:00:00,67.0,67.09,66.98,67.09,342.0,0.001343283582089603,0.001343283582089603,0.00029850746268650775,3
9933,2022-03-10 07:00:00,66.8,67.1,66.8,66.8,3566.0,0.0,0.004491017964071814,0.0,3
9934,2022-03-10 08:00:00,66.8,67.1,66.5,66.7,9334.0,-0.001497005988023867,0.004491017964071814,0.004491017964071814,3
9935,2022-03-10 09:00:00,66.52,70.97,66.17,70.8359,1054316.0,0.06488123872519543,0.06689717378232116,0.005261575466025171,3
9936,2022-03-10 10:00:00,70.82,70.85,68.18,68.59,836944.0,-0.03148828014685103,0.00042360914995765516,0.03727760519627205,3
9937,2022-03-10 11:00:00,68.585,68.83,68.0,68.79,379663.0,0.0029889917620472776,0.0035722096668368386,0.008529561857548936,3
9938,2022-03-10 12:00:00,68.76,69.25,68.03,68.075,243588.0,-0.009962187318208292,0.007126236183827732,0.010616637579988422,3
9939,2022-03-10 13:00:00,68.07,68.63,67.68,68.32,382321.0,0.0036726898780666964,0.008226825326869433,0.005729396209783846,3
9940,2022-03-10 14:00:00,68.35,69.8,68.281,69.47,343518.0,0.01638624725676671,0.021214337966349715,0.0010095098756399182,3
9941,2022-03-10 15:00:00,69.5,69.67,68.71,69.52,756542.0,0.0002877697841726046,0.0024460431654676506,0.011366906474820233,3
9942,2022-03-10 16:00:00,69.52,69.7964,69.5,69.5,32006.0,-0.0002876869965476988,0.003975834292290125,0.0002876869965476988,3
9943,2022-03-10 17:00:00,69.7999,69.7999,69.7999,69.7999,1000.0,0.0,0.0,0.0,3
9944,2022-03-10 18:00:00,69.6,69.6,69.6,69.6,681.0,0.0,0.0,0.0,3
9945,2022-03-10 19:00:00,69.1,69.1,69.1,69.1,120.0,0.0,0.0,0.0,3
9946,2022-03-11 06:00:00,70.85,71.12,70.83,71.12,2392.0,0.003810868031051662,0.003810868031051662,0.00028228652081857476,3
9947,2022-03-11 07:00:00,71.12,71.79,70.9,70.9,4711.0,-0.0030933633295837856,0.00942069741282342,0.0030933633295837856,3
9948,2022-03-11 08:00:00,71.4777,71.61,70.67,70.71,10225.0,-0.010740412744114667,0.0018509269324558674,0.01130002784085102,3
9949,2022-03-11 09:00:00,70.96,71.3386,69.0,69.45,437228.0,-0.02127959413754215,0.005335400225479225,0.027621195039458764,3
9950,2022-03-11 10:00:00,69.45,69.86,68.91,69.48,304429.0,0.0004319654427645952,0.005903527717782528,0.007775377969762509,3
9951,2022-03-11 11:00:00,69.49,69.76,69.02,69.5,221847.0,0.00014390559792783303,0.003885451144049651,0.006763563102604676,3
9952,2022-03-11 12:00:00,69.48,69.81,69.01,69.57,400279.0,0.0012953367875646114,0.004749568221070787,0.006764536557282655,3
9953,2022-03-11 13:00:00,69.54,69.88,69.343,69.35,247980.0,-0.0027322404371586412,0.00488927236123079,0.002832901926948558,3
9954,2022-03-11 14:00:00,69.34,69.69,69.0691,69.14,280391.0,-0.002884338044418847,0.005047591577732828,0.003906835881165236,3
9955,2022-03-11 15:00:00,69.1399,69.18,68.29,68.46,690825.0,-0.009833685035703024,0.0005799834827647939,0.012292467880341034,3
9956,2022-03-11 16:00:00,68.43,68.43,68.43,68.43,12394.0,0.0,0.0,0.0,3
9957,2022-03-11 17:00:00,68.4,68.82,68.1248,68.1248,1700.0,-0.004023391812865677,0.0061403508771927994,0.004023391812865677,3
9958,2022-03-11 18:00:00,68.82,68.82,67.82,67.9,31817.0,-0.013368206916593833,0.0,0.014530659691950016,3
9959,2022-03-11 19:00:00,68.04,68.04,67.27,67.5,2100.0,-0.007936507936508028,0.0,0.011316872427983689,3
9960,2022-03-14 04:00:00,69.82,69.95,69.82,69.95,500.0,0.0018619306788887093,0.0018619306788887093,0.0,3
9961,2022-03-14 05:00:00,69.42,69.79,69.42,69.79,3594.0,0.005329876116393036,0.005329876116393036,0.0,3
9962,2022-03-14 06:00:00,69.65,69.65,69.65,69.65,200.0,0.0,0.0,0.0,3
9963,2022-03-14 07:00:00,69.02,69.42,68.55,68.8,2750.0,-0.003187481889307431,0.005795421616922714,0.006809620399884075,3
9964,2022-03-14 08:00:00,68.7,68.8,67.5,68.66,4255.0,-0.0005822416302766558,0.0014556040756913292,0.017467248908296984,3
9965,2022-03-14 09:00:00,69.03,69.24,66.5,68.14,457224.0,-0.012892945096334934,0.0030421555845283753,0.03665073156598582,3
9966,2022-03-14 10:00:00,68.03,70.45,67.86,69.31,597409.0,0.018815228575628416,0.03557254152579747,0.002498897545200672,3
9967,2022-03-14 11:00:00,69.34,69.45,68.23,68.47,425982.0,-0.012546870493221871,0.001586385924430335,0.016008076146524365,3
9968,2022-03-14 12:00:00,68.47,69.72,68.15,68.7,572396.0,0.0033591353877611215,0.01825617058565795,0.0046735796699283365,3
9969,2022-03-14 13:00:00,68.6504,68.69,67.43,67.49,472369.0,-0.016903033339936983,0.000576835677577887,0.01777702679081255,3
9970,2022-03-14 14:00:00,67.507,68.02,67.29,67.845,375977.0,0.005006888174559584,0.007599211933577125,0.0032144814611817845,3
9971,2022-03-14 15:00:00,67.8,68.29,67.75,68.11,816459.0,0.004572271386430712,0.007227138643067981,0.000737463126843616,3
9972,2022-03-14 16:00:00,68.12,68.2,68.12,68.2,22416.0,0.0011743981209629813,0.0011743981209629813,0.0,3
9973,2022-03-14 17:00:00,68.02,68.12,68.02,68.12,225.0,0.0014701558365187964,0.0014701558365187964,0.0,3
9974,2022-03-14 18:00:00,68.29,68.45,68.29,68.45,939.0,0.0023429491872894504,0.0023429491872894504,0.0,3
9975,2022-03-15 07:00:00,68.0,68.61,68.0,68.5,2613.0,0.007352941176470588,0.008970588235294109,0.0,3
9976,2022-03-15 08:00:00,67.5029,69.92,67.5029,69.52,11709.0,0.029881679157488038,0.03580735049901567,0.0,3
9977,2022-03-15 09:00:00,69.52,71.34,69.36,70.77,665428.0,0.017980437284234752,0.026179516685845908,0.0023014959723819993,3
9978,2022-03-15 10:00:00,70.79,71.725,70.3,71.04,699816.0,0.003531572255968357,0.013208080237321486,0.0069218816216981074,3
9979,2022-03-15 11:00:00,71.12,71.12,69.9,70.35,384383.0,-0.010826771653543451,0.0,0.017154105736782884,3
9980,2022-03-15 12:00:00,70.36,70.41,69.31,69.74,367438.0,-0.008811824900511718,0.0007106310403638027,0.014923251847640664,3
9981,2022-03-15 13:00:00,69.7795,69.92,69.1,69.3899,368237.0,-0.005583301686025287,0.0020134853359511456,0.00973781698063191,3
9982,2022-03-15 14:00:00,69.31,69.97,68.99,69.91,215068.0,0.00865675948636552,0.009522435435002115,0.004616938392728429,3
9983,2022-03-15 15:00:00,69.87,70.87,69.685,70.69,872888.0,0.011736081293831302,0.01431229426077,0.0026477744382424825,3
9984,2022-03-15 16:00:00,70.7,70.7,70.2,70.44,17830.0,-0.0036775106082037497,0.0,0.007072135785007072,3
9985,2022-03-15 17:00:00,70.0461,70.72,70.0461,70.72,310.0,0.009620806868619427,0.009620806868619427,0.0,3
9986,2022-03-15 19:00:00,70.69,70.69,70.27,70.27,371.0,-0.0059414344320271855,0.0,0.0059414344320271855,3
9987,2022-03-16 04:00:00,71.95,71.99,71.95,71.99,608.0,0.0005559416261291458,0.0005559416261291458,0.0,3
9988,2022-03-16 07:00:00,72.27,72.99,72.26,72.56,5298.0,0.0040127300401273875,0.009962640099626385,0.00013837000138357418,3
9989,2022-03-16 08:00:00,72.3501,72.64,72.26,72.35,7263.0,-1.3821680965654457e-06,0.004006905311810253,0.0012453334549640226,3
9990,2022-03-16 09:00:00,72.38,73.61,71.65,73.04,672568.0,0.009118541033434801,0.01699364465321918,0.010085659021829094,3
9991,2022-03-16 10:00:00,73.1,74.56,72.53,73.88,915019.0,0.010670314637482917,0.01997264021887836,0.0077975376196989495,3
9992,2022-03-16 11:00:00,73.87,73.9,72.83,73.43,451114.0,-0.00595640990930009,0.0004061188574522964,0.014078787058345827,3
9993,2022-03-16 12:00:00,73.44,73.8,72.88,72.98,343794.0,-0.00626361655773412,0.004901960784313718,0.007625272331154715,3
9994,2022-03-16 13:00:00,72.97,73.2,72.4739,73.11,231892.0,0.0019185966835685976,0.003151980265862738,0.0067986843908455314,3
9995,2022-03-16 14:00:00,73.03,74.22,72.05,73.87,606134.0,0.011502122415445754,0.016294673421881387,0.013419142818020046,3
9996,2022-03-16 15:00:00,73.89,74.72,73.6,74.56,1245954.0,0.009067532819055375,0.01123291379077004,0.0039247530112329985,3
9997,2022-03-16 16:00:00,73.87,74.83,73.76,74.55,43294.0,0.00920536076891827,0.012995803438472908,0.0014891024773250226,3
9998,2022-03-16 17:00:00,73.81,74.55,73.81,74.55,663.0,0.01002574176940787,0.01002574176940787,0.0,3
9999,2022-03-16 18:00:00,74.34,74.34,74.34,74.34,200.0,0.0,0.0,0.0,3
10000,2022-03-16 19:00:00,74.5,74.5,74.5,74.5,1217.0,0.0,0.0,0.0,3
10001,2022-03-17 05:00:00,74.54,74.55,74.54,74.55,200.0,0.0001341561577675195,0.0001341561577675195,0.0,3
10002,2022-03-17 06:00:00,73.73,73.73,73.73,73.73,100.0,0.0,0.0,0.0,3
10003,2022-03-17 07:00:00,73.9,73.9,73.25,73.6,648.0,-0.004059539918809355,0.0,0.00879566982408668,3
10004,2022-03-17 08:00:00,73.072,73.52,73.072,73.33,3077.0,0.0035307641777971802,0.006130939347492792,0.0,3
10005,2022-03-17 09:00:00,73.35,74.2388,72.11,74.14,324266.0,0.010770279481936009,0.012117246080436312,0.01690524880708923,3
10006,2022-03-17 10:00:00,74.1937,74.22,71.82,72.13,420192.0,-0.027815030117112522,0.0003544775365023175,0.03199328244850996,3
10007,2022-03-17 11:00:00,72.06,73.25,71.975,73.24,207121.0,0.016375242853177804,0.016514016097696333,0.0011795725784069936,3
10008,2022-03-17 12:00:00,73.23,74.06,73.23,73.93,325528.0,0.009558923938276702,0.011334152669670876,0.0,3
10009,2022-03-17 13:00:00,73.88,74.5999,73.6,74.44,201897.0,0.007579859231185738,0.009744179750947615,0.003789929615592869,3
10010,2022-03-17 14:00:00,74.41,74.79,74.27,74.5401,326018.0,0.0017484209111678375,0.0051068404784304485,0.0018814675446848618,3
10011,2022-03-17 15:00:00,74.55,74.96,74.14,74.96,607647.0,0.005499664654594187,0.005499664654594187,0.005499664654594187,3
10012,2022-03-17 16:00:00,74.96,74.96,74.14,74.14,41026.0,-0.010939167556029793,0.0,0.010939167556029793,3
10013,2022-03-17 17:00:00,74.3,74.8,74.3,74.788,1900.0,0.00656796769851951,0.006729475100942127,0.0,3
10014,2022-03-17 18:00:00,74.5,74.5,74.4,74.4,451.0,-0.0013422818791945545,0.0,0.0013422818791945545,3
10015,2022-03-17 19:00:00,74.4,74.78,74.3,74.78,1577.0,0.005107526881720369,0.005107526881720369,0.001344086021505491,3
10016,2022-03-18 04:00:00,74.7,74.9,73.73,74.7,1600.0,0.0,0.002677376171352113,0.012985274431057547,3
10017,2022-03-18 06:00:00,74.01,74.01,73.94,73.94,1241.0,-0.0009458181326848721,0.0,0.0009458181326848721,3
10018,2022-03-18 07:00:00,73.88,73.88,73.41,73.61,1351.0,-0.0036545749864644833,0.0,0.0063616675690308455,3
10019,2022-03-18 08:00:00,73.0883,73.9,73.06,73.6001,5594.0,0.007002488770432392,0.011105744695115386,0.00038720287652061337,3
10020,2022-03-18 09:00:00,73.63,75.588,73.59,75.588,430617.0,0.02659242156729592,0.02659242156729592,0.0005432568246637518,3
10021,2022-03-18 10:00:00,75.63,76.19,75.2526,76.07,433190.0,0.0058177971704349825,0.0074044691260082285,0.004990083300277594,3
10022,2022-03-18 11:00:00,76.07,76.27,75.67,76.005,310396.0,-0.000854476140396973,0.0026291573550677383,0.00525831471013529,3
10023,2022-03-18 12:00:00,76.02,76.85,76.0,76.79,402274.0,0.010128913443830706,0.010918179426466697,0.0002630886608786638,3
10024,2022-03-18 13:00:00,76.8,76.85,76.36,76.4,291291.0,-0.005208333333333223,0.0006510416666666297,0.005729166666666638,3
10025,2022-03-18 14:00:00,76.4497,76.52,76.05,76.28,283874.0,-0.002219760182185227,0.000919558873350568,0.005228274277073813,3
10026,2022-03-18 15:00:00,76.29,76.68,76.02,76.17,1185700.0,-0.0015729453401494894,0.0051120723554856536,0.003539127015336351,3
10027,2022-03-18 16:00:00,76.15,76.33,76.1,76.33,112113.0,0.0023637557452395614,0.0023637557452395614,0.0006565988181222766,3
10028,2022-03-18 17:00:00,76.18,76.4386,76.18,76.4386,350.0,0.0033945917563663304,0.0033945917563663304,0.0,3
10029,2022-03-18 18:00:00,76.18,76.18,76.18,76.18,300.0,0.0,0.0,0.0,3
10030,2022-03-18 19:00:00,76.19,76.45,76.19,76.45,4213.0,0.003412521328258369,0.003412521328258369,0.0,3
10031,2022-03-21 04:00:00,76.2,76.2,75.98,75.98,739.0,-0.0028871391076115333,0.0,0.0028871391076115333,3
10032,2022-03-21 07:00:00,75.11,75.52,75.11,75.51,970.0,0.005325522566901953,0.005458660631074379,0.0,3
10033,2022-03-21 08:00:00,75.1,75.7499,75.1,75.63,5076.0,0.00705725699067911,0.008653794940079926,0.0,3
10034,2022-03-21 09:00:00,75.75,75.75,74.25,75.3,401529.0,-0.005940594059405978,0.0,0.019801980198019802,3
10035,2022-03-21 10:00:00,75.24,75.67,74.5,75.42,455178.0,0.0023923444976077465,0.0057150451887294906,0.009835194045720294,3
10036,2022-03-21 11:00:00,75.37,75.39,74.7,75.325,274162.0,-0.0005970545309805189,0.00026535756932461217,0.008889478572376298,3
10037,2022-03-21 12:00:00,75.34,75.841,74.95,74.99,338263.0,-0.0046456065834883,0.006649853995221536,0.0051765330501725585,3
10038,2022-03-21 13:00:00,74.945,75.27,74.315,75.23,474241.0,0.0038027887117220737,0.004336513443191712,0.008406164520648416,3
10039,2022-03-21 14:00:00,75.225,75.57,74.95,75.02,271157.0,-0.0027251578597540485,0.004586241276171471,0.0036556995679626653,3
10040,2022-03-21 15:00:00,75.03,75.69,74.98,75.67,670565.0,0.008529921364787425,0.00879648140743698,0.0006664001066239792,3
10041,2022-03-21 16:00:00,75.65,75.75,75.65,75.75,33722.0,0.0013218770654328394,0.0013218770654328394,0.0,3
10042,2022-03-21 17:00:00,75.55,75.55,75.55,75.55,154.0,0.0,0.0,0.0,3
10043,2022-03-21 18:00:00,75.65,75.65,75.65,75.65,2703.0,0.0,0.0,0.0,3
10044,2022-03-22 08:00:00,75.71,75.98,75.71,75.95,2619.0,0.003169990754193754,0.0035662395984679732,0.0,3
10045,2022-03-22 09:00:00,75.72,77.45,74.99,77.36,444421.0,0.02165874273639726,0.02284733227680935,0.009640781827786635,3
10046,2022-03-22 10:00:00,77.35,77.75,76.35,77.0,592953.0,-0.004524886877827981,0.005171299288946421,0.01292824822236587,3
10047,2022-03-22 11:00:00,77.005,77.425,76.4,76.52,394348.0,-0.006298292318680598,0.005454191286280134,0.007856632686189077,3
10048,2022-03-22 12:00:00,76.53,76.89,76.25,76.735,263946.0,0.0026786880961714135,0.004704037632301051,0.0036586959362341714,3
10049,2022-03-22 13:00:00,76.76,77.29,76.76,77.1,262873.0,0.004429390307451657,0.006904637832204287,0.0,3
10050,2022-03-22 14:00:00,77.15,77.42,76.96,77.34,264809.0,0.0024627349319507157,0.003499675955929955,0.0024627349319509,3
10051,2022-03-22 15:00:00,77.305,77.52,76.81,76.9,581190.0,-0.005238988422482389,0.002781191384774454,0.006403208071922961,3
10052,2022-03-22 16:00:00,76.5,77.11,76.5,76.8,16065.0,0.003921568627450943,0.00797385620915032,0.0,3
10053,2022-03-22 17:00:00,76.76,76.76,76.76,76.76,156.0,0.0,0.0,0.0,3
10054,2022-03-22 19:00:00,76.64,77.27,76.64,77.27,366.0,0.00822025052192061,0.00822025052192061,0.0,3
10055,2022-03-23 07:00:00,76.55,76.55,76.25,76.25,997.0,-0.003919007184846468,0.0,0.003919007184846468,3
10056,2022-03-23 08:00:00,76.3,76.3001,76.25,76.3,1084.0,0.0,1.31061598955858e-06,0.0006553079947574989,3
10057,2022-03-23 09:00:00,76.14,77.08,75.85,75.99,395060.0,-0.001970055161544598,0.012345679012345649,0.0038087733123194937,3
10058,2022-03-23 10:00:00,75.955,76.15,75.545,75.68,304922.0,-0.003620564808109953,0.0025673095912054165,0.0053979329866367795,3
10059,2022-03-23 11:00:00,75.66,76.04,75.52,75.875,379891.0,0.002841660058154949,0.005022468939994841,0.0018503832936822703,3
10060,2022-03-23 12:00:00,75.93,75.965,75.53,75.95,257520.0,0.0002634005004608984,0.0004609508758066191,0.005268010009219092,3
10061,2022-03-23 13:00:00,75.925,75.955,75.44,75.84,353108.0,-0.0011195258478761112,0.0003951267698386716,0.006387882779058274,3
10062,2022-03-23 14:00:00,75.81,75.85,75.295,75.39,322629.0,-0.005540166204986172,0.0005276348766652426,0.006793299037066357,3
10063,2022-03-23 15:00:00,75.345,75.535,75.09,75.44,953623.0,0.0012608666799389324,0.002521733359877865,0.003384431614572904,3
10064,2022-03-23 16:00:00,75.46,75.46,75.31,75.31,16364.0,-0.001987808110256977,0.0,0.001987808110256977,3
10065,2022-03-23 18:00:00,75.1,75.1,75.1,75.1,1200.0,0.0,0.0,0.0,3
10066,2022-03-23 19:00:00,75.54,75.54,75.54,75.54,100.0,0.0,0.0,0.0,3
10067,2022-03-24 07:00:00,75.96,76.2,75.75,75.75,910.0,-0.002764612954186332,0.0031595576619274503,0.002764612954186332,3
10068,2022-03-24 08:00:00,76.47,76.47,75.71,75.91,1175.0,-0.007323133254871221,0.0,0.009938537988753826,3
10069,2022-03-24 09:00:00,75.71,76.34,75.06,75.665,259032.0,-0.0005943732664111411,0.008321225729758417,0.008585391625940979,3
10070,2022-03-24 10:00:00,75.69,76.25,74.985,75.5505,318826.0,-0.0018430439952437335,0.007398599550799343,0.009314308363059827,3
10071,2022-03-24 11:00:00,75.52,76.2,75.52,75.91,249530.0,0.005164194915254245,0.009004237288135684,0.0,3
10072,2022-03-24 12:00:00,75.82,76.58,75.81,76.5318,161697.0,0.009388024268003309,0.010023740437879255,0.000131891321550922,3
10073,2022-03-24 13:00:00,76.54,76.77,76.3247,76.53,222040.0,-0.00013065064018820375,0.003004964724327015,0.002812908283250577,3
10074,2022-03-24 14:00:00,76.53,76.84,76.405,76.65,358977.0,0.0015680125441004122,0.004050699072259275,0.001633346400104534,3
10075,2022-03-24 15:00:00,76.64,77.0,76.41,76.88,574052.0,0.003131524008350664,0.004697286012526089,0.003001043841336169,3
10076,2022-03-24 16:00:00,76.88,76.89,76.8,76.88,31899.0,0.0,0.00013007284079090943,0.001040582726326721,3
10077,2022-03-24 17:00:00,76.8,76.8,76.8,76.8,698.0,0.0,0.0,0.0,3
10078,2022-03-24 18:00:00,76.85,76.85,76.6,76.6,947.0,-0.0032530904359141188,0.0,0.0032530904359141188,3
10079,2022-03-24 19:00:00,76.56,76.84,76.56,76.84,1857.0,0.003657262277951948,0.003657262277951948,0.0,3
10080,2022-03-25 04:00:00,77.0,77.0,77.0,77.0,100.0,0.0,0.0,0.0,3
10081,2022-03-25 07:00:00,76.01,76.01,76.01,76.01,250.0,0.0,0.0,0.0,3
10082,2022-03-25 08:00:00,76.86,76.9749,76.86,76.9749,448.0,0.0014949258391882094,0.0014949258391882094,0.0,3
10083,2022-03-25 09:00:00,76.77,77.8,76.68,77.305,194535.0,0.0069688680474144955,0.013416699231470642,0.0011723329425555452,3
10084,2022-03-25 10:00:00,77.28,77.72,76.99,77.65,248974.0,0.004787784679089086,0.0056935817805382725,0.003752587991718507,3
10085,2022-03-25 11:00:00,77.65,77.7,76.67,76.95,520817.0,-0.009014810045074087,0.0006439150032195384,0.01262073406310372,3
10086,2022-03-25 12:00:00,76.91,77.07,76.4,76.83,512933.0,-0.0010401768300610883,0.0020803536601221766,0.0066311272916394605,3
10087,2022-03-25 13:00:00,76.83,77.02,76.61,76.83,261409.0,0.0,0.0024729923207080272,0.0028634647923987877,3
10088,2022-03-25 14:00:00,76.87,77.065,76.75,76.94,269933.0,0.0009106283335500609,0.0025367503577467566,0.001561077143228887,3
10089,2022-03-25 15:00:00,76.93,77.095,76.35,76.94,607942.0,0.000129988301052787,0.002144806967372833,0.007539321461068666,3
10090,2022-03-25 16:00:00,76.94,76.94,76.7,76.85,60326.0,-0.001169742656615589,0.0,0.0031193137509747193,3
10091,2022-03-25 18:00:00,76.8,76.81,76.8,76.81,500.0,0.00013020833333339996,0.00013020833333339996,0.0,3
10092,2022-03-25 19:00:00,76.9,77.0,76.89,76.99,2501.0,0.0011703511053314589,0.0013003901170350366,0.00013003901170357757,3
10093,2022-03-28 07:00:00,77.44,77.45,77.27,77.27,6117.0,-0.0021952479338843197,0.00012913223140502474,0.0021952479338843197,3
10094,2022-03-28 08:00:00,77.34,77.45,77.0,77.2,8587.0,-0.001810188776829591,0.0014222911817946655,0.004396172743729033,3
10095,2022-03-28 09:00:00,77.483,78.37,76.9,78.059,283011.0,0.007433888723978078,0.011447672392653877,0.007524231121665377,3
10096,2022-03-28 10:00:00,78.0,78.76,77.85,78.7,305744.0,0.00897435897435901,0.00974358974358981,0.001923076923076996,3
10097,2022-03-28 11:00:00,78.73,78.75,77.185,77.2,221377.0,-0.019433506922393002,0.00025403277022730875,0.01962403150006353,3
10098,2022-03-28 12:00:00,77.2,77.8912,77.09,77.74,245719.0,0.006994818652849638,0.008953367875647602,0.0014248704663212361,3
10099,2022-03-28 13:00:00,77.73,78.11,77.56,77.825,169214.0,0.0012221793387366378,0.004888717354946551,0.002187057764055084,3
10100,2022-03-28 14:00:00,77.88,78.09,77.56,78.03,130692.0,0.001926040061633355,0.0026964560862866973,0.004108885464817581,3
10101,2022-03-28 15:00:00,78.05,78.61,78.0038,78.55,478440.0,0.0064061499039077515,0.007174887892376711,0.0005919282511210622,3
10102,2022-03-28 16:00:00,78.54,78.58,78.46,78.58,18551.0,0.0005092946269415843,0.0005092946269415843,0.0010185892538835306,3
10103,2022-03-28 17:00:00,78.6549,78.6549,78.4,78.5,658.0,-0.0019693623664895363,0.0,0.003240738974939796,3
10104,2022-03-29 05:00:00,79.74,79.74,79.7,79.73,1318.0,-0.00012540757461739285,0.0,0.0005016302984699278,3
10105,2022-03-29 07:00:00,79.15,79.5,79.0,79.5,8138.0,0.004421983575489505,0.004421983575489505,0.0018951358180670332,3
10106,2022-03-29 08:00:00,79.3035,80.8,79.0001,80.8,27967.0,0.01887054165326874,0.01887054165326874,0.003825808444772253,3
10107,2022-03-29 09:00:00,80.55,81.2,79.67,80.18,895257.0,-0.004593420235878216,0.008069522036002554,0.01092489137181869,3
10108,2022-03-29 10:00:00,80.2,80.64,79.025,80.5,484585.0,0.0037406483790523334,0.00548628428927678,0.014650872817955076,3
10109,2022-03-29 11:00:00,80.51,80.99,80.17,80.91,335088.0,0.004968326915910961,0.005961992299093153,0.004223077878524449,3
10110,2022-03-29 12:00:00,80.88,81.0199,80.16,80.56,241217.0,-0.003956478733926721,0.001729723046488767,0.008902077151335298,3
10111,2022-03-29 13:00:00,80.54,80.57,80.29,80.4001,191689.0,-0.0017370250807053817,0.0003724857213805181,0.0031040476781723364,3
10112,2022-03-29 14:00:00,80.405,81.09,80.37,80.92,247572.0,0.006405074311299055,0.008519370685902646,0.0004352963124183395,3
10113,2022-03-29 15:00:00,80.92,81.07,80.605,80.95,699973.0,0.00037073652990609414,0.001853682649530295,0.0038927335640138124,3
10114,2022-03-29 16:00:00,81.08,81.15,80.3861,81.0,29088.0,-0.000986679822397611,0.0008633448445980192,0.008558214109521452,3
10115,2022-03-29 17:00:00,80.96,81.0,80.58,81.0,2966.0,0.0004940711462451366,0.0004940711462451366,0.0046936758893280075,3
10116,2022-03-29 18:00:00,80.79,80.98,80.7,80.98,1434.0,0.002351776209926943,0.002351776209926943,0.0011139992573338706,3
10117,2022-03-29 19:00:00,80.77,81.0,80.7,80.8,1659.0,0.0003714250340473089,0.002847591927695976,0.0008666584127769367,3
10118,2022-03-30 05:00:00,80.39,80.39,80.39,80.39,100.0,0.0,0.0,0.0,3
10119,2022-03-30 06:00:00,80.29,80.29,80.02,80.2,1905.0,-0.001120936604807615,0.0,0.0033628098144228447,3
10120,2022-03-30 07:00:00,80.88,80.88,80.5,80.74,1500.0,-0.0017309594460929844,0.0,0.004698318496538025,3
10121,2022-03-30 08:00:00,80.78,80.78,80.0,80.1,5628.0,-0.008417925229017168,0.0,0.009655855409754903,3
10122,2022-03-30 09:00:00,80.3,81.54,79.86,81.145,532661.0,0.010523038605230373,0.015442092154421036,0.005479452054794493,3
10123,2022-03-30 10:00:00,81.205,81.69,80.85,80.85,347167.0,-0.004371651991872471,0.005972538636783442,0.004371651991872471,3
10124,2022-03-30 11:00:00,80.74,81.39,80.55,81.135,396882.0,0.004892246717859924,0.008050532573693408,0.002353232598464178,3
10125,2022-03-30 12:00:00,81.12,81.5988,80.54,81.525,571555.0,0.004992603550295871,0.005902366863905234,0.00714990138067059,3
10126,2022-03-30 13:00:00,81.53,81.55,80.93,81.13,418861.0,-0.004906169508156577,0.00024530847540777653,0.0073592542622346905,3
10127,2022-03-30 14:00:00,81.13,81.36,81.01,81.11,202978.0,-0.0002465179341796625,0.002834956243066732,0.0014791076050781505,3
10128,2022-03-30 15:00:00,81.11,81.49,80.5634,81.49,752752.0,0.004684995684872339,0.004684995684872339,0.006738996424608531,3
10129,2022-03-30 16:00:00,81.5,81.53,81.47,81.5,27339.0,0.0,0.0003680981595092164,0.0003680981595092164,3
10130,2022-03-30 17:00:00,81.46,81.75,81.4,81.65,3311.0,0.0023324330959981826,0.0035600294623128687,0.000736557819788707,3
10131,2022-03-30 18:00:00,81.65,81.71,81.65,81.71,755.0,0.0007348438456826462,0.0007348438456826462,0.0,3
10132,2022-03-30 19:00:00,81.7,81.71,81.7,81.71,711.0,0.00012239902080772222,0.00012239902080772222,0.0,3
10133,2022-03-31 07:00:00,81.82,81.93,81.72,81.74,1637.0,-0.0009777560498655377,0.0013444145685653098,0.0012221950623318787,3
10134,2022-03-31 08:00:00,81.933,82.49,81.71,81.72,27133.0,-0.002599685108564413,0.006798237584367568,0.0027217360526285276,3
10135,2022-03-31 09:00:00,81.85,83.45,81.41,83.06,581335.0,0.01478313989004286,0.019547953573610367,0.005375687232742795,3
10136,2022-03-31 10:00:00,83.04,84.72,82.3216,84.4905,839768.0,0.017467485549132838,0.02023121387283228,0.008651252408477873,3
10137,2022-03-31 11:00:00,84.505,84.6699,83.79,84.475,750697.0,-0.000355008579374015,0.0019513638246257967,0.008461037808413577,3
10138,2022-03-31 12:00:00,84.47,84.6,84.1301,84.395,339105.0,-0.0008878891914289433,0.0015390079318100562,0.0040239138155558195,3
10139,2022-03-31 13:00:00,84.39,85.4,84.39,85.08,857293.0,0.008176324209029478,0.011968242682782381,0.0,3
10140,2022-03-31 14:00:00,85.1,85.11,84.38,84.76,564295.0,-0.003995299647473434,0.00011750881316104719,0.008460634547591056,3
10141,2022-03-31 15:00:00,84.78,84.8824,83.74,83.79,886256.0,-0.01167728237791926,0.001207832035857548,0.012267044114177946,3
10142,2022-03-31 16:00:00,83.78,83.8,83.44,83.8,62733.0,0.00023872045834323253,0.00023872045834323253,0.004058247791835801,3
10143,2022-03-31 17:00:00,83.9985,83.9985,83.9985,83.9985,100.0,0.0,0.0,0.0,3
10144,2022-03-31 18:00:00,83.72,83.72,83.72,83.72,200.0,0.0,0.0,0.0,3
10145,2022-03-31 19:00:00,83.75,84.01,83.75,84.01,1722.0,0.0031044776119403595,0.0031044776119403595,0.0,3
10146,2022-04-01 06:00:00,84.1,84.1,84.1,84.1,100.0,0.0,0.0,0.0,4
10147,2022-04-01 07:00:00,84.33,84.47,84.3,84.3,2020.0,-0.000355745286374969,0.0016601446697497994,0.000355745286374969,4
10148,2022-04-01 08:00:00,84.1,84.57,84.1,84.25,1287.0,0.0017835909631391878,0.005588585017835897,0.0,4
10149,2022-04-01 09:00:00,84.3,84.51,82.88,83.88,380899.0,-0.004982206405693971,0.0024911032028470696,0.016844602609727186,4
10150,2022-04-01 10:00:00,83.84,84.07,82.56,82.65,394130.0,-0.014193702290076307,0.002743320610686901,0.015267175572519097,4
10151,2022-04-01 11:00:00,82.64,83.88,82.57,83.11,279193.0,0.005687318489835417,0.015004840271055118,0.0008470474346564302,4
10152,2022-04-01 12:00:00,83.05,83.45,82.93,83.37,216516.0,0.0038531005418423526,0.004816375677302898,0.0014449127031907327,4
10153,2022-04-01 13:00:00,83.4,83.42,82.72,82.95,186309.0,-0.005395683453237444,0.0002398081534771705,0.008153477218225501,4
10154,2022-04-01 14:00:00,82.95,83.63,82.95,83.22,262430.0,0.0032549728752259916,0.00819770946353216,0.0,4
10155,2022-04-01 15:00:00,83.2,83.73,83.055,83.65,514343.0,0.00540865384615388,0.0063701923076923215,0.0017427884615384137,4
10156,2022-04-01 16:00:00,83.66,83.72,83.66,83.72,26515.0,0.0007171886206072469,0.0007171886206072469,0.0,4
10157,2022-04-01 19:00:00,83.65,83.65,83.65,83.65,310.0,0.0,0.0,0.0,4
10158,2022-04-04 09:00:00,83.325,83.42,82.29,82.805,326192.0,-0.006240624062406192,0.0011401140114011264,0.01242124212421238,4
10159,2022-04-04 10:00:00,82.81,83.41,82.13,83.215,392592.0,0.004890713681922487,0.007245501750996188,0.008211568651129172,4
10160,2022-04-04 11:00:00,83.19,83.66,82.65,82.97,337527.0,-0.0026445486236326347,0.00564971751412428,0.006491164803461859,4
10161,2022-04-04 12:00:00,82.95,83.37,82.91,83.21,169087.0,0.003134418324291632,0.005063291139240526,0.00048221820373726645,4
10162,2022-04-04 13:00:00,83.16,83.43,83.04,83.41,160313.0,0.0030062530062530063,0.00324675324675337,0.0014430014430013268,4
10163,2022-04-04 14:00:00,83.39,83.72,83.115,83.68,129732.0,0.0034776352080585953,0.003957309029859675,0.0032977575248831475,4
10164,2022-04-04 15:00:00,83.67,83.77,83.2815,83.41,425279.0,-0.0031074459184893643,0.0011951715071112025,0.004643241305127377,4
10165,2022-04-04 16:00:00,83.99,85.0,83.42,84.7,41142.0,0.008453387308012953,0.01202524110013103,0.006786522205024327,4
10166,2022-04-04 17:00:00,84.97,84.9799,84.65,84.65,3651.0,-0.0037660350712015204,0.00011651171001532066,0.0037660350712015204,4
10167,2022-04-04 19:00:00,84.65,84.8,84.65,84.65,4206.0,0.0,0.001772002362669716,0.0,4
10168,2022-04-05 04:00:00,84.94,85.43,84.93,85.4,1920.0,0.005415587473510807,0.005768777960913693,0.00011773016246751713,4
10169,2022-04-05 05:00:00,85.4,85.4,85.4,85.4,198.0,0.0,0.0,0.0,4
10170,2022-04-05 06:00:00,85.46,85.53,85.38,85.38,1627.0,-0.0009361104610343822,0.0008190966534051883,0.0009361104610343822,4
10171,2022-04-05 07:00:00,85.43,86.2,85.43,86.2,7399.0,0.009013227203558422,0.009013227203558422,0.0,4
10172,2022-04-05 08:00:00,85.995,86.6,85.25,86.03,32050.0,0.0004070004070003673,0.007035292749578344,0.008663294377580144,4
10173,2022-04-05 09:00:00,86.26,87.62,85.1,86.68,950017.0,0.0048690006955715475,0.015766287966612558,0.013447716206816725,4
10174,2022-04-05 10:00:00,86.63,86.69,83.53,83.85,897641.0,-0.03209049982684983,0.0006926007156874325,0.03578437031051592,4
10175,2022-04-05 11:00:00,83.82,84.07,82.94,84.05,464089.0,0.0027439751849201144,0.0029825817227392033,0.01049868766404194,4
10176,2022-04-05 12:00:00,84.04,84.3222,83.47,83.925,225507.0,-0.0013683960019039633,0.0033579247977152415,0.006782484531175718,4
10177,2022-04-05 13:00:00,83.93,84.48,83.585,83.68,218399.0,-0.0029786727034433456,0.006553079947575326,0.004110568330751972,4
10178,2022-04-05 14:00:00,83.68,83.86,83.35,83.41,155364.0,-0.0032265774378586304,0.0021510516252389172,0.003943594646271659,4
10179,2022-04-05 15:00:00,83.41,83.57,83.14,83.41,474839.0,0.0,0.0019182352235942524,0.0032370219398153224,4
10180,2022-04-05 16:00:00,82.65,83.44,82.65,83.4,48804.0,0.009074410163339382,0.009558378705384053,0.0,4
10181,2022-04-05 17:00:00,83.44,83.44,83.38,83.44,3004.0,0.0,0.0,0.000719079578140008,4
10182,2022-04-05 18:00:00,83.43,83.43,83.13,83.3,2050.0,-0.0015581924967039392,0.0,0.0035958288385474213,4
10183,2022-04-05 19:00:00,83.25,83.25,82.42,83.2,6972.0,-0.0006006006006005664,0.0,0.00996996996996995,4
10184,2022-04-06 04:00:00,83.19,83.19,83.19,83.19,100.0,0.0,0.0,0.0,4
10185,2022-04-06 06:00:00,82.14,82.14,82.13,82.13,200.0,-0.00012174336498667052,0.0,0.00012174336498667052,4
10186,2022-04-06 07:00:00,82.5,82.5,82.0,82.0,1505.0,-0.006060606060606061,0.0,0.006060606060606061,4
10187,2022-04-06 08:00:00,82.5015,82.95,81.6072,81.6104,3987.0,-0.010801015739107708,0.005436264795185663,0.010839802912674158,4
10188,2022-04-06 09:00:00,81.6,82.0435,79.44,79.6801,520157.0,-0.023528186274509786,0.0054350490196078466,0.02647058823529408,4
10189,2022-04-06 10:00:00,79.75,81.5,78.83,80.55,592253.0,0.01003134796238241,0.0219435736677116,0.011536050156739834,4
10190,2022-04-06 11:00:00,80.54,81.14,79.89,80.22,306287.0,-0.003973181028060682,0.007449714427613537,0.008070523963248146,4
10191,2022-04-06 12:00:00,80.2,80.48,79.98,80.26,272548.0,0.0007481296758105021,0.0034912718204488918,0.00274314214463839,4
10192,2022-04-06 13:00:00,80.26,80.88,79.9092,80.525,274353.0,0.0033017692499377094,0.007724894094193749,0.004370794916521388,4
10193,2022-04-06 14:00:00,80.41,81.04,79.83,80.95,351807.0,0.00671558263897533,0.007834846412137914,0.007213033204825249,4
10194,2022-04-06 15:00:00,80.99,81.2089,79.95,80.29,521860.0,-0.00864304235090738,0.0027028028151624274,0.012841091492776789,4
10195,2022-04-06 16:00:00,80.3,83.3,80.3,83.3,50603.0,0.03735990037359901,0.03735990037359901,0.0,4
10196,2022-04-06 17:00:00,80.3,80.3,80.0421,80.0421,2303.0,-0.0032117061021169646,0.0,0.0032117061021169646,4
10197,2022-04-06 19:00:00,80.31,80.31,80.0,80.0,2349.0,-0.003860042335948229,0.0,0.003860042335948229,4
10198,2022-04-07 07:00:00,80.25,81.02,80.25,81.02,545.0,0.009595015576323938,0.009595015576323938,0.0,4
10199,2022-04-07 08:00:00,80.3,80.95,80.3,80.36,3868.0,0.0007471980074720084,0.008094645080946521,0.0,4
10200,2022-04-07 09:00:00,80.6,80.6,78.0412,78.29,322103.0,-0.028660049627791416,0.0,0.031746898263027186,4
10201,2022-04-07 10:00:00,78.285,78.36,77.1,77.73,541559.0,-0.007089480743437346,0.0009580379383023932,0.015136999425177267,4
10202,2022-04-07 11:00:00,77.74,78.11,77.23,77.3,495887.0,-0.0056598919475173365,0.004759454592230571,0.006560329302804102,4
10203,2022-04-07 12:00:00,77.2754,77.67,76.79,77.22,354896.0,-0.0007169163795982407,0.005106411613527681,0.006281429795251768,4
10204,2022-04-07 13:00:00,77.2,78.25,77.09,78.19,370469.0,0.012823834196891124,0.013601036269430015,0.0014248704663212361,4
10205,2022-04-07 14:00:00,78.199,79.46,78.19,79.37,283127.0,0.014974616043683506,0.0161255259018657,0.00011509098581823733,4
10206,2022-04-07 15:00:00,79.33,79.75,78.8,79.2,524170.0,-0.00163872431614768,0.00529434009832348,0.0066809529812177125,4
10207,2022-04-07 16:00:00,79.19,79.46,78.7,79.25,29420.0,0.0007576714231595186,0.003409521404217654,0.006187649955802436,4
10208,2022-04-07 17:00:00,79.4399,79.4399,79.15,79.15,4487.0,-0.0036492996592391073,0.0,0.0036492996592391073,4
10209,2022-04-07 18:00:00,79.21,79.21,79.21,79.21,100.0,0.0,0.0,0.0,4
10210,2022-04-08 08:00:00,79.4312,79.44,79.26,79.26,677.0,-0.0021553243561723717,0.00011078770055083773,0.0021553243561723717,4
10211,2022-04-08 09:00:00,79.26,79.26,77.05,77.35,224594.0,-0.02409790562705035,0.0,0.02788291698208438,4
10212,2022-04-08 10:00:00,77.26,78.93,77.1828,78.93,243321.0,0.021615324877038593,0.021615324877038593,0.0009992234015014862,4
10213,2022-04-08 11:00:00,78.91,79.16,78.38,78.6,180227.0,-0.0039285261690533806,0.0031681662653656067,0.0067165124825751005,4
10214,2022-04-08 12:00:00,78.58,79.02,78.395,78.93,173723.0,0.00445405955713933,0.005599389157546421,0.0023542886230593315,4
10215,2022-04-08 13:00:00,78.95,78.95,78.1713,78.27,173277.0,-0.008613046231792359,0.0,0.009863204559848012,4
10216,2022-04-08 14:00:00,78.26,78.61,78.02,78.36,243031.0,0.0012777919754663213,0.004472271914132306,0.0030667007411194617,4
10217,2022-04-08 15:00:00,78.33,78.56,77.72,77.89,555459.0,-0.005617260308949288,0.002936295161496285,0.0077875654283160916,4
10218,2022-04-08 16:00:00,77.86,77.86,77.86,77.86,26145.0,0.0,0.0,0.0,4
10219,2022-04-08 17:00:00,77.3514,77.36,77.3514,77.36,1013.0,0.00011118092238797583,0.00011118092238797583,0.0,4
10220,2022-04-11 04:00:00,77.36,77.36,77.36,77.36,140.0,0.0,0.0,0.0,4
10221,2022-04-11 07:00:00,77.64,77.79,77.64,77.69,4315.0,0.0006439979392065579,0.001931993817619857,0.0,4
10222,2022-04-11 08:00:00,77.69,77.7,76.8,76.9,3791.0,-0.01016861886986732,0.00012871669455534967,0.011455785815420267,4
10223,2022-04-11 09:00:00,76.89,79.52,76.53,79.43,318236.0,0.03303420470802453,0.034204708024450456,0.0046820132657042456,4
10224,2022-04-11 10:00:00,79.26,79.98,79.01,79.26,303265.0,0.0,0.00908402725208174,0.0031541761291950542,4
10225,2022-04-11 11:00:00,79.26,79.28,78.42,78.8103,258279.0,-0.005673732021196152,0.00025233409033555414,0.010598031794095424,4
10226,2022-04-11 12:00:00,78.85,78.88,78.17,78.354,124564.0,-0.0062904248573239716,0.0003804692454026777,0.008623969562460275,4
10227,2022-04-11 13:00:00,78.41,79.04,78.26,78.9,151922.0,0.006249202907792489,0.008034689452876033,0.001913021298303679,4
10228,2022-04-11 14:00:00,78.94,79.18,78.45,79.1,177774.0,0.0020268558398783454,0.0030402837598176983,0.006207246009627501,4
10229,2022-04-11 15:00:00,79.12,79.3,78.56,78.76,386097.0,-0.004550050556117282,0.0022750252780585514,0.007077856420626924,4
10230,2022-04-11 16:00:00,78.75,79.4183,78.61,79.4183,10942.0,0.008486349206349234,0.008486349206349234,0.001777777777777785,4
10231,2022-04-11 17:00:00,78.75,78.75,78.62,78.62,1142.0,-0.001650793650793593,0.0,0.001650793650793593,4
10232,2022-04-11 18:00:00,78.88,78.9,78.5,78.68,409.0,-0.002535496957403507,0.00025354969574049483,0.00481744421906688,4
10233,2022-04-11 19:00:00,78.51,78.51,78.51,78.51,100.0,0.0,0.0,0.0,4
10234,2022-04-12 07:00:00,78.85,78.95,78.85,78.9,2570.0,0.000634115409004583,0.0012682308180089858,0.0,4
10235,2022-04-12 08:00:00,78.9,79.97,78.9,79.9,3237.0,0.012674271229404309,0.013561470215462524,0.0,4
10236,2022-04-12 09:00:00,80.0,80.28,78.615,79.645,243465.0,-0.00443750000000005,0.0035000000000000144,0.017312500000000064,4
10237,2022-04-12 10:00:00,79.69,79.97,79.02,79.42,288694.0,-0.003388128999874464,0.00351361525912914,0.008407579370059001,4
10238,2022-04-12 11:00:00,79.32,80.0699,79.26,79.75,216771.0,0.005421079172970334,0.009454109934442902,0.0007564296520422096,4
10239,2022-04-12 12:00:00,79.77,79.78,79.17,79.39,177534.0,-0.004763695624921593,0.00012536041118221282,0.00752162467092885,4
10240,2022-04-12 13:00:00,79.33,79.6835,78.78,78.85,142257.0,-0.006050674398084003,0.004456069582755538,0.006933064414471161,4
10241,2022-04-12 14:00:00,78.85,79.11,78.515,78.67,232083.0,-0.002282815472415886,0.003297400126823147,0.004248573240329661,4
10242,2022-04-12 15:00:00,78.68,79.05,78.48,78.77,483862.0,0.001143873919674494,0.004702592780884473,0.002541942043721439,4
10243,2022-04-12 16:00:00,78.78,79.0799,78.78,79.0799,14993.0,0.0038068037572987286,0.0038068037572987286,0.0,4
10244,2022-04-13 07:00:00,79.5,80.26,79.5,80.04,7086.0,0.006792452830188758,0.00955974842767302,0.0,4
10245,2022-04-13 08:00:00,79.9,80.4299,79.56,79.56,5497.0,-0.004255319148936213,0.00663204005006255,0.004255319148936213,4
10246,2022-04-13 09:00:00,79.67,81.85,79.67,81.6826,356592.0,0.025261704531191063,0.02736287184636617,0.0,4
10247,2022-04-13 10:00:00,81.64,82.54,81.26,82.17,431337.0,0.006491915727584532,0.011024007839294534,0.004654581087702051,4
10248,2022-04-13 11:00:00,82.21,82.43,81.905,81.96,259827.0,-0.003040992579978105,0.0026760734703808915,0.0037100109475731984,4
10249,2022-04-13 12:00:00,81.92,82.35,81.72,82.255,248373.0,0.004089355468749924,0.00524902343749991,0.0024414062500000347,4
10250,2022-04-13 13:00:00,82.22,82.47,81.96,82.115,251117.0,-0.0012770615422038917,0.0030406227195329603,0.003162247628314341,4
10251,2022-04-13 14:00:00,82.13,82.29,81.885,81.885,158597.0,-0.0029830756118347786,0.0019481310118106758,0.0029830756118347786,4
10252,2022-04-13 15:00:00,81.8862,82.2,81.73,82.0,531189.0,0.0013897335570584258,0.003832147541343969,0.0019075253217269617,4
10253,2022-04-13 16:00:00,82.38,82.38,81.76,81.76,17462.0,-0.007526098567613382,0.0,0.007526098567613382,4
10254,2022-04-13 17:00:00,81.99,81.99,81.95,81.95,450.0,-0.0004878643737040132,0.0,0.0004878643737040132,4
10255,2022-04-13 18:00:00,81.9,81.9,81.87,81.88,600.0,-0.0002442002442003691,0.0,0.0003663003663003802,4
10256,2022-04-13 19:00:00,81.99,81.99,81.87,81.97,854.0,-0.0002439321868520066,0.0,0.001463593121112213,4
10257,2022-04-14 06:00:00,82.75,82.95,82.75,82.95,241.0,0.0024169184290030554,0.0024169184290030554,0.0,4
10258,2022-04-14 07:00:00,82.39,82.55,82.39,82.55,772.0,0.001941983250394424,0.001941983250394424,0.0,4
10259,2022-04-14 08:00:00,82.0101,82.14,82.0,82.14,746.0,0.0015839512450296531,0.0015839512450296531,0.00012315556254649396,4
10260,2022-04-14 09:00:00,82.04,84.38,82.04,84.159,356530.0,0.025828863968795704,0.02852267186738163,0.0,4
10261,2022-04-14 10:00:00,84.24,84.89,82.9,82.96,538630.0,-0.015194681861348543,0.0077160493827161175,0.015906932573599115,4
10262,2022-04-14 11:00:00,82.89,83.42,82.78,82.86,191279.0,-0.00036192544335868183,0.00639401616600315,0.0013270599589817762,4
10263,2022-04-14 12:00:00,82.89,83.1,82.476,82.84,152722.0,-0.0006032090722644126,0.002533478103510601,0.004994571118349638,4
10264,2022-04-14 13:00:00,82.85,83.07,82.63,83.07,165699.0,0.0026554013277006504,0.0026554013277006504,0.0026554013277006504,4
10265,2022-04-14 14:00:00,83.065,83.31,82.59,82.63,184882.0,-0.005236862697887225,0.002949497381568706,0.005718413290796296,4
10266,2022-04-14 15:00:00,82.62,82.935,82.35,82.58,471034.0,-0.00048414427499402385,0.0038126361655773143,0.003267973856209274,4
10267,2022-04-14 16:00:00,82.32,82.58,82.32,82.3635,15627.0,0.0005284256559767828,0.003158406219630772,0.0,4
10268,2022-04-14 17:00:00,82.5,82.5,82.5,82.5,108.0,0.0,0.0,0.0,4
10269,2022-04-14 18:00:00,82.59,82.59,82.51,82.51,300.0,-0.0009686402712192553,0.0,0.0009686402712192553,4
10270,2022-04-18 04:00:00,81.27,81.27,81.27,81.27,199.0,0.0,0.0,0.0,4
10271,2022-04-18 07:00:00,82.16,82.16,81.94,81.95,965.0,-0.0025559883154819105,0.0,0.0026777020447906388,4
10272,2022-04-18 08:00:00,81.9142,81.9142,81.9,81.9,839.0,-0.0001733521172151864,0.0,0.0001733521172151864,4
10273,2022-04-18 09:00:00,82.06,82.74,81.5,82.205,157535.0,0.001766999756275847,0.008286619546673075,0.006824274920789694,4
10274,2022-04-18 10:00:00,82.24,82.93,82.13,82.33,198111.0,0.001094357976653738,0.008390077821011819,0.0013375486381322888,4
10275,2022-04-18 11:00:00,82.33,82.51,81.2016,81.435,161065.0,-0.010870885460949787,0.0021863233329285415,0.013705818049313728,4
10276,2022-04-18 12:00:00,81.41,81.47,81.0451,81.41,106918.0,0.0,0.0007370101953077297,0.004482250337796236,4
10277,2022-04-18 13:00:00,81.435,81.88,81.33,81.73,117915.0,0.003622521029041588,0.005464480874316856,0.00128937189169281,4
10278,2022-04-18 14:00:00,81.76,81.9,81.54,81.56,110995.0,-0.0024461839530333027,0.0017123287671232945,0.002690802348336581,4
10279,2022-04-18 15:00:00,81.58,81.77,80.985,81.37,316392.0,-0.002574160333414976,0.0023290022064231153,0.007293454278009303,4
10280,2022-04-18 16:00:00,81.32,81.7,81.32,81.7,11582.0,0.004672897196261802,0.004672897196261802,0.0,4
10281,2022-04-18 18:00:00,81.85,81.85,81.62,81.62,385.0,-0.0028100183262063506,0.0,0.0028100183262063506,4
10282,2022-04-19 07:00:00,81.98,81.98,81.98,81.98,300.0,0.0,0.0,0.0,4
10283,2022-04-19 08:00:00,81.9899,82.22,81.9,82.22,6032.0,0.0028064432326419847,0.0028064432326419847,0.0010964765172295622,4
10284,2022-04-19 09:00:00,81.82,83.43,81.45,83.27,224413.0,0.017721828403813283,0.019677340503544534,0.004522121730628091,4
10285,2022-04-19 10:00:00,83.295,84.25,83.1326,84.13,392996.0,0.01002461132120768,0.011465274026051964,0.001949696860555918,4
10286,2022-04-19 11:00:00,84.1,84.9009,84.07,84.51,396512.0,0.00487514863258039,0.009523186682520793,0.00035671819262783757,4
10287,2022-04-19 12:00:00,84.46,84.67,84.04,84.55,254428.0,0.0010655931802036871,0.002486384087141937,0.004972768174283537,4
10288,2022-04-19 13:00:00,84.6,84.85,84.24,84.24,210335.0,-0.004255319148936164,0.0029550827423167852,0.004255319148936164,4
10289,2022-04-19 14:00:00,84.22,84.35,83.95,84.29,146025.0,0.0008311564948944121,0.0015435763476608342,0.0032058893374494898,4
10290,2022-04-19 15:00:00,84.3,84.655,84.09,84.47,615656.0,0.002016607354685667,0.004211150652431839,0.002491103202846901,4
10291,2022-04-19 16:00:00,84.23,84.48,83.92,83.92,17093.0,-0.003680398907752609,0.0029680636352843403,0.003680398907752609,4
10292,2022-04-19 17:00:00,84.0,84.35,84.0,84.33,698.0,0.003928571428571408,0.004166666666666599,0.0,4
10293,2022-04-19 18:00:00,84.3,84.3,84.3,84.3,521.0,0.0,0.0,0.0,4
10294,2022-04-19 19:00:00,84.08,84.08,84.04,84.04,280.0,-0.00047573739295899195,0.0,0.00047573739295899195,4
10295,2022-04-20 05:00:00,84.47,84.48,84.44,84.47,954.0,0.0,0.00011838522552391519,0.0003551556765715773,4
10296,2022-04-20 06:00:00,84.47,84.47,84.47,84.47,300.0,0.0,0.0,0.0,4
10297,2022-04-20 07:00:00,84.11,84.7,84.1,84.7,979.0,0.007014623707050332,0.007014623707050332,0.00011889192723820135,4
10298,2022-04-20 08:00:00,84.274,84.9647,84.01,84.7,2328.0,0.005054939839096304,0.008195884851792873,0.003132638773524406,4
10299,2022-04-20 09:00:00,84.8,85.98,84.0,84.57,292562.0,-0.0027122641509434433,0.013915094339622722,0.00943396226415091,4
10300,2022-04-20 10:00:00,84.54,85.35,84.47,85.18,305609.0,0.007570380884788272,0.009581263307310007,0.000828010409273804,4
10301,2022-04-20 11:00:00,85.14,85.34,84.69,85.29,197685.0,0.0017618040873855496,0.0023490721165140105,0.005285412262156481,4
10302,2022-04-20 12:00:00,85.3,85.46,84.9196,85.29,190481.0,-0.00011723329425546196,0.0018757327080890574,0.004459554513481765,4
10303,2022-04-20 13:00:00,85.31,85.44,85.02,85.11,128917.0,-0.0023443910444262434,0.0015238541788769834,0.003399367014418078,4
10304,2022-04-20 14:00:00,85.07,85.12,84.38,84.48,179323.0,-0.006935464911249432,0.0005877512636653506,0.008110967438579968,4
10305,2022-04-20 15:00:00,84.51,84.76,84.29,84.35,366529.0,-0.0018932670689860466,0.002958229795290498,0.0026032422198556246,4
10306,2022-04-20 16:00:00,84.35,85.44,84.06,85.44,86930.0,0.012922347362181428,0.012922347362181428,0.0034380557202133024,4
10307,2022-04-20 17:00:00,85.4,85.99,85.35,85.7,3049.0,0.0035128805620608565,0.00690866510538629,0.000585480093676948,4
10308,2022-04-20 18:00:00,85.95,85.97,85.25,85.25,5209.0,-0.00814426992437467,0.0002326934264106576,0.00814426992437467,4
10309,2022-04-20 19:00:00,85.26,85.26,85.26,85.26,250.0,0.0,0.0,0.0,4
10310,2022-04-21 07:00:00,85.59,86.91,85.57,86.89,15603.0,0.015188690267554587,0.015422362425516919,0.00023367215796249831,4
10311,2022-04-21 08:00:00,86.5688,86.9399,86.05,86.75,29229.0,0.0020931328607997806,0.004286763822531887,0.005992921237212469,4
10312,2022-04-21 09:00:00,86.75,87.68,85.99,86.02,1082796.0,-0.008414985590778143,0.010720461095100943,0.008760806916426571,4
10313,2022-04-21 10:00:00,86.01,86.36,85.54,85.785,507268.0,-0.002615974886641187,0.004069294268108294,0.005464480874316926,4
10314,2022-04-21 11:00:00,85.77,85.9,85.16,85.16,241397.0,-0.007112043838171849,0.0015156814737088686,0.007112043838171849,4
10315,2022-04-21 12:00:00,85.17,85.49,84.97,85.24,299219.0,0.0008218856404836583,0.0037571914993541526,0.0023482446870964286,4
10316,2022-04-21 13:00:00,85.21,85.43,84.59,84.77,181205.0,-0.005163713179204292,0.002581856589602313,0.007276141297969609,4
10317,2022-04-21 14:00:00,84.7,84.8,83.3901,83.45,209410.0,-0.014757969303423848,0.0011806375442738408,0.015465171192443906,4
10318,2022-04-21 15:00:00,83.45,83.78,83.09,83.36,669805.0,-0.001078490113840664,0.003954463750748931,0.004313960455362486,4
10319,2022-04-21 16:00:00,83.4,83.4,83.4,83.4,169657.0,0.0,0.0,0.0,4
10320,2022-04-21 17:00:00,83.4,83.5,83.3,83.5,335201.0,0.001199040767386023,0.001199040767386023,0.0011990407673861932,4
10321,2022-04-21 18:00:00,83.3,83.3,83.3,83.3,101.0,0.0,0.0,0.0,4
10322,2022-04-21 19:00:00,83.3,83.3,83.3,83.3,801.0,0.0,0.0,0.0,4
10323,2022-04-22 08:00:00,83.2,83.89,83.2,83.37,2892.0,0.0020432692307692513,0.008293269230769203,0.0,4
10324,2022-04-22 09:00:00,83.34,83.6961,82.6,83.09,169341.0,-0.002999760019198464,0.004272858171346266,0.008879289656827563,4
10325,2022-04-22 10:00:00,83.21,83.44,82.22,82.59,278993.0,-0.007451027520730566,0.0027640908544646556,0.011897608460521512,4
10326,2022-04-22 11:00:00,82.7,83.29,81.96,82.065,183184.0,-0.007678355501813846,0.007134220072551431,0.00894800483675948,4
10327,2022-04-22 12:00:00,82.02,82.55,81.77,81.84,158809.0,-0.002194586686174014,0.006461838575957098,0.0030480370641307,4
10328,2022-04-22 13:00:00,81.86,81.96,81.15,81.15,178967.0,-0.00867334473491319,0.0012215978499877146,0.00867334473491319,4
10329,2022-04-22 14:00:00,81.15,81.86,81.13,81.35,203947.0,0.002464571780652971,0.008749229821318469,0.00024645717806543723,4
10330,2022-04-22 15:00:00,81.375,82.16,81.21,81.72,553866.0,0.004239631336405516,0.00964669738863283,0.00202764976958533,4
10331,2022-04-22 16:00:00,81.8,82.0601,81.35,81.74,23927.0,-0.0007334963325183652,0.0031797066014670958,0.0055012224938875654,4
10332,2022-04-22 17:00:00,81.65,81.65,81.5,81.5,301.0,-0.0018371096142070504,0.0,0.0018371096142070504,4
10333,2022-04-22 18:00:00,81.65,81.65,81.65,81.65,300.0,0.0,0.0,0.0,4
10334,2022-04-22 19:00:00,81.53,81.53,81.3,81.3,3190.0,-0.0028210474671900403,0.0,0.0028210474671900403,4
10335,2022-04-25 07:00:00,81.0,81.0,80.25,80.4,2273.0,-0.0074074074074073374,0.0,0.009259259259259259,4
10336,2022-04-25 08:00:00,80.215,80.53,80.01,80.53,6117.0,0.003926946331733438,0.003926946331733438,0.002555631739699536,4
10337,2022-04-25 09:00:00,80.7488,80.9597,79.65,79.78,268332.0,-0.011997701513830566,0.002611803519061524,0.013607632559245426,4
10338,2022-04-25 10:00:00,79.67,81.78,79.67,80.56,256023.0,0.011171080707920177,0.026484247521024216,0.0,4
10339,2022-04-25 11:00:00,80.54,81.35,80.405,81.05,166723.0,0.006332257263471454,0.010057114477278223,0.0016761857462131253,4
10340,2022-04-25 12:00:00,81.01,81.6,80.78,81.2,202621.0,0.0023453894580915654,0.0072830514751263935,0.002839155659795136,4
10341,2022-04-25 13:00:00,81.22,81.85,80.9,81.67,298849.0,0.005540507264220671,0.0077567101699088335,0.0039399162767790345,4
10342,2022-04-25 14:00:00,81.71,82.1,81.435,81.64,212031.0,-0.0008566882878471813,0.004772977603720482,0.0033655611308284357,4
10343,2022-04-25 15:00:00,81.64,82.47,81.33,82.43,610375.0,0.009676629103380772,0.010166585007349318,0.00379715825575701,4
10344,2022-04-25 16:00:00,82.43,82.43,82.38,82.38,57653.0,-0.0006065752759918885,0.0,0.0006065752759918885,4
10345,2022-04-25 17:00:00,82.48,82.5,82.41,82.41,1500.0,-0.0008486905916586735,0.00024248302618811858,0.0008486905916586735,4
10346,2022-04-25 18:00:00,82.41,82.41,82.4,82.4,1197.0,-0.00012134449702694946,0.0,0.00012134449702694946,4
10347,2022-04-25 19:00:00,82.4,82.4,82.4,82.4,600.0,0.0,0.0,0.0,4
10348,2022-04-26 08:00:00,82.01,82.55,81.95,82.55,2862.0,0.006584562858187928,0.006584562858187928,0.0007316180953542528,4
10349,2022-04-26 09:00:00,82.32,82.33,80.92,81.135,119771.0,-0.014395043731778282,0.00012147716229355098,0.017006802721088333,4
10350,2022-04-26 10:00:00,81.1335,81.55,79.91,80.0456,236155.0,-0.0134087645670408,0.005133514516198601,0.015080084058989213,4
10351,2022-04-26 11:00:00,79.94,79.99,78.715,78.72,323843.0,-0.015261446084563408,0.0006254691018263343,0.015323992994745989,4
10352,2022-04-26 12:00:00,78.73,79.92,78.68,79.86,423726.0,0.014352851517845744,0.015114949828527851,0.0006350819255683622,4
10353,2022-04-26 13:00:00,79.9,79.9,78.9,79.19,220080.0,-0.008886107634543278,0.0,0.012515644555694618,4
10354,2022-04-26 14:00:00,79.19,79.5,78.83,79.25,205927.0,0.0007576714231595186,0.00391463568632406,0.004546028538956932,4
10355,2022-04-26 15:00:00,79.26,79.32,78.58,78.58,591568.0,-0.008579359071410633,0.0007570022710066623,0.008579359071410633,4
10356,2022-04-26 16:00:00,78.61,78.67,78.13,78.14,44502.0,-0.005978883093753961,0.0007632616715430896,0.006106093372344536,4
10357,2022-04-26 17:00:00,78.16,78.26,78.0,78.12,3249.0,-0.0005117707267143301,0.001279426816786189,0.002047082906857684,4
10358,2022-04-26 18:00:00,78.55,78.99,78.13,78.99,3643.0,0.005601527689369799,0.005601527689369799,0.005346912794398495,4
10359,2022-04-26 19:00:00,78.45,78.45,78.38,78.38,1098.0,-0.0008922880815807187,0.0,0.0008922880815807187,4
10360,2022-04-27 05:00:00,79.6,79.6,79.6,79.6,192.0,0.0,0.0,0.0,4
10361,2022-04-27 07:00:00,79.5,79.52,78.9,78.9,2874.0,-0.007547169811320683,0.0002515723270439751,0.007547169811320683,4
10362,2022-04-27 08:00:00,79.0985,79.2201,78.87,78.87,3190.0,-0.0028888032010720406,0.0015373237166318048,0.0028888032010720406,4
10363,2022-04-27 09:00:00,79.1334,80.305,78.321,79.73,191637.0,0.007539168037769253,0.014805379270952749,0.010266208705805599,4
10364,2022-04-27 10:00:00,79.7,79.77,77.85,79.05,437600.0,-0.008155583437892166,0.0008782936010036785,0.0232120451693853,4
10365,2022-04-27 11:00:00,79.11,79.76,78.85,79.52,184763.0,0.005182657059790123,0.008216407533813749,0.0032865630135255355,4
10366,2022-04-27 12:00:00,79.65,80.3897,79.35,79.97,165842.0,0.004017576898932745,0.009286880100439411,0.0037664783427496717,4
10367,2022-04-27 13:00:00,79.91,80.265,79.38,79.92,171824.0,0.000125140783381368,0.004442497810036341,0.0066324615192091246,4
10368,2022-04-27 14:00:00,79.85,80.43,79.65,79.89,162006.0,0.0005009392611146682,0.0072636192861617105,0.002504696305572807,4
10369,2022-04-27 15:00:00,79.87,79.97,79.44,79.6,494776.0,-0.0033804933016152523,0.0012520345561536786,0.00538374859146121,4
10370,2022-04-27 16:00:00,79.69,79.75,79.6,79.75,54678.0,0.0007529175555276983,0.0007529175555276983,0.0011293763332915474,4
10371,2022-04-27 17:00:00,79.63,79.63,79.63,79.63,100.0,0.0,0.0,0.0,4
10372,2022-04-27 18:00:00,79.94,80.0,79.62,80.0,4176.0,0.0007505629221916722,0.0007505629221916722,0.0040030022516886815,4
10373,2022-04-27 19:00:00,80.02,80.02,79.93,80.02,1545.0,0.0,0.0,0.0011247188202947913,4
10374,2022-04-28 07:00:00,80.53,80.8,80.53,80.8,311.0,0.0033527877809511487,0.0033527877809511487,0.0,4
10375,2022-04-28 08:00:00,81.0,81.0,80.72,80.9,1943.0,-0.0012345679012344976,0.0,0.003456790123456804,4
10376,2022-04-28 09:00:00,80.51,81.18,79.83,80.24,122368.0,-0.0033536206682400972,0.008321947584151057,0.008446155757048898,4
10377,2022-04-28 10:00:00,80.16,80.18,78.62,78.865,225524.0,-0.016155189620758504,0.00024950099800411966,0.019211576846307286,4
10378,2022-04-28 11:00:00,78.89,79.36,78.73,78.8,151381.0,-0.00114082900240846,0.005957662568132829,0.002028140448726031,4
10379,2022-04-28 12:00:00,78.79,80.53,78.61,80.4,217941.0,0.020434065236705157,0.02208402081482415,0.002284553877395695,4
10380,2022-04-28 13:00:00,80.39,80.79,80.1702,80.64,461887.0,0.003109839532280134,0.004975743251648286,0.0027341709167807743,4
10381,2022-04-28 14:00:00,80.67,81.33,80.66,81.19,353449.0,0.006446014627494682,0.008181480104127887,0.00012396181975957748,4
10382,2022-04-28 15:00:00,81.17,81.3,80.48,80.7,686089.0,-0.005790316619440666,0.0016015769372920469,0.008500677590242672,4
10383,2022-04-28 16:00:00,80.33,80.69,79.06,80.47,19507.0,0.0017428109050168128,0.004481513755757493,0.01580978463836669,4
10384,2022-04-28 17:00:00,80.47,80.47,79.22,79.22,1015.0,-0.015533739281719895,0.0,0.015533739281719895,4
10385,2022-04-28 19:00:00,80.33,80.33,79.47,79.47,575.0,-0.0107058384165318,0.0,0.0107058384165318,4
10386,2022-04-29 04:00:00,80.72,80.72,80.69,80.69,371.0,-0.0003716551040634432,0.0,0.0003716551040634432,4
10387,2022-04-29 08:00:00,80.04,80.66,80.01,80.01,1090.0,-0.0003748125937031626,0.0077461269365316126,0.0003748125937031626,4
10388,2022-04-29 09:00:00,80.02,81.51,80.0,81.19,182635.0,0.014621344663834064,0.018620344913771673,0.00024993751562104504,4
10389,2022-04-29 10:00:00,81.205,81.32,80.0355,80.4321,226377.0,-0.00951788682962863,0.0014161689551135384,0.01440182254787266,4
10390,2022-04-29 11:00:00,80.41,80.92,80.17,80.45,174974.0,0.0004974505658500965,0.006342494714587802,0.0029847033951000486,4
10391,2022-04-29 12:00:00,80.43,80.43,79.53,79.58,106891.0,-0.01056819594678613,0.0,0.011189854531891155,4
10392,2022-04-29 13:00:00,79.5615,79.85,79.23,79.32,206914.0,-0.003035387718934435,0.003626125701501343,0.004166588111083769,4
10393,2022-04-29 14:00:00,79.31,79.38,78.36,78.61,311696.0,-0.008826125330979736,0.0008826125330978839,0.01197831294918677,4
10394,2022-04-29 15:00:00,78.58,78.59,77.12,77.74,1307131.0,-0.010689742937134174,0.00012725884448975714,0.018579791295494957,4
10395,2022-04-29 16:00:00,77.74,77.9,77.73,77.73,62295.0,-0.00012863390789800497,0.00205814252637009,0.00012863390789800497,4
10396,2022-04-29 17:00:00,77.88,78.2316,77.88,77.98,1000.0,0.001284026707755631,0.004514637904468475,0.0,4
10397,2022-04-29 18:00:00,77.88,78.86,77.88,78.86,2104.0,0.012583461736004161,0.012583461736004161,0.0,4
10398,2022-04-29 19:00:00,77.98,77.98,77.88,77.88,444.0,-0.0012823800974609966,0.0,0.0012823800974609966,4
10399,2022-05-02 07:00:00,78.5,79.11,77.68,77.71,2119.0,-0.010063694267516004,0.007770700636942668,0.010445859872611377,5
10400,2022-05-02 08:00:00,77.71,78.77,77.71,77.75,4447.0,0.0005147342684340015,0.013640458113498937,0.0,5
10401,2022-05-02 09:00:00,77.74,78.8,76.7,78.43,327004.0,0.008875739644970569,0.013635194237200957,0.013377926421404581,5
10402,2022-05-02 10:00:00,78.33,78.4,77.14,77.21,290742.0,-0.014298480786416502,0.000893655049151122,0.015192135835567442,5
10403,2022-05-02 11:00:00,77.28,77.28,76.45,76.925,429713.0,-0.004593685300207091,0.0,0.010740165631469957,5
10404,2022-05-02 12:00:00,76.92,77.09,76.34,76.42,247004.0,-0.006500260010400416,0.0022100884035361635,0.00754030161206446,5
10405,2022-05-02 13:00:00,76.46,76.875,76.14,76.64,432909.0,0.002354172116139247,0.0054276746010986955,0.0041851948731361915,5
10406,2022-05-02 14:00:00,76.62,76.93,76.14,76.73,311665.0,0.0014356564865570273,0.004045941007569854,0.006264682850430748,5
10407,2022-05-02 15:00:00,76.74,78.45,76.72,78.4,756330.0,0.02163148292937205,0.02228303362001574,0.000260620276257441,5
10408,2022-05-02 16:00:00,78.38,78.4,77.14,78.2,22784.0,-0.0022965042102576247,0.00025516713447321044,0.015820362337330886,5
10409,2022-05-02 17:00:00,78.3,78.3,78.3,78.3,135.0,0.0,0.0,0.0,5
10410,2022-05-02 18:00:00,78.44,78.44,78.44,78.44,451.0,0.0,0.0,0.0,5
10411,2022-05-03 04:00:00,79.42,79.43,78.74,78.74,1952.0,-0.008562075044069589,0.00012591286829520418,0.008562075044069589,5
10412,2022-05-03 06:00:00,78.74,78.74,78.23,78.38,838.0,-0.004572009144018281,0.0,0.006477012954025793,5
10413,2022-05-03 07:00:00,78.38,78.51,78.3,78.51,1728.0,0.0016585863740751425,0.0016585863740751425,0.0010206685378922977,5
10414,2022-05-03 08:00:00,78.5,78.99,78.5,78.65,9639.0,0.0019108280254777794,0.006242038216560444,0.0,5
10415,2022-05-03 09:00:00,78.65,79.29,77.25,77.66,262395.0,-0.012587412587412703,0.008137317228226327,0.017800381436745144,5
10416,2022-05-03 10:00:00,77.72,78.12,76.31,76.725,418544.0,-0.012802367472979987,0.005146680391147783,0.018142048378795635,5
10417,2022-05-03 11:00:00,76.735,77.53,76.615,77.32,238609.0,0.00762363979930923,0.010360331009317804,0.0015638235485763282,5
10418,2022-05-03 12:00:00,77.33,77.545,76.75,77.115,199544.0,-0.002780292253976509,0.002780292253976509,0.007500323289796952,5
10419,2022-05-03 13:00:00,77.05,78.15,77.05,77.99,259252.0,0.012199870214146629,0.014276443867618541,0.0,5
10420,2022-05-03 14:00:00,77.97,78.0,77.0,77.9,245721.0,-0.0008977811978965395,0.0003847633705271404,0.012440682313710387,5
10421,2022-05-03 15:00:00,77.895,78.02,77.4033,77.54,428557.0,-0.004557417035753126,0.0016047243083638233,0.006312343539379864,5
10422,2022-05-03 16:00:00,77.6,77.65,77.02,77.6,44744.0,0.0,0.0006443298969073631,0.00747422680412369,5
10423,2022-05-03 17:00:00,77.65,77.65,77.25,77.65,1417.0,0.0,0.0,0.005151320025756673,5
10424,2022-05-03 18:00:00,77.23,77.64,77.23,77.4,3032.0,0.0022012171435970697,0.005308817816910482,0.0,5
10425,2022-05-03 19:00:00,77.6,77.65,77.59,77.65,1870.0,0.0006443298969073631,0.0006443298969073631,0.0001288659793813261,5
10426,2022-05-04 07:00:00,78.08,78.1,77.0,77.77,1293.0,-0.003970286885245931,0.0002561475409835556,0.013831967213114733,5
10427,2022-05-04 08:00:00,78.1097,78.1097,77.5,77.5,836.0,-0.0078056886660684095,0.0,0.0078056886660684095,5
10428,2022-05-04 09:00:00,77.4999,78.1201,76.8976,76.98,188020.0,-0.006708395752768619,0.008002590971085086,0.007771622931126358,5
10429,2022-05-04 10:00:00,76.975,77.215,76.42,76.67,347847.0,-0.003962325430334429,0.0031178954205912193,0.007210133160116826,5
10430,2022-05-04 11:00:00,76.65,76.69,75.575,75.65,497464.0,-0.01304631441617743,0.0005218525766469933,0.014024787997390773,5
10431,2022-05-04 12:00:00,75.645,76.26,75.51,76.08,269558.0,0.005750545310331183,0.008130081300813129,0.0017846519928612719,5
10432,2022-05-04 13:00:00,76.02,76.285,75.55,76.27,261109.0,0.0032886082609839516,0.003485924756642996,0.006182583530649814,5
10433,2022-05-04 14:00:00,76.21,76.735,74.08,76.4,894978.0,0.0024931111402704625,0.006888859729694341,0.027949088046188106,5
10434,2022-05-04 15:00:00,76.45,78.03,76.35,77.86,976747.0,0.018443427076520556,0.020667102681491148,0.001308044473512211,5
10435,2022-05-04 16:00:00,77.81,77.81,77.4,77.58,31141.0,-0.0029559182624341856,0.0,0.005269245598252109,5
10436,2022-05-04 17:00:00,77.6799,77.6799,77.53,77.65,2788.0,-0.00038491295689100806,0.0,0.0019297141216711449,5
10437,2022-05-04 18:00:00,77.52,77.72,77.5,77.72,2595.0,0.0025799793601651556,0.0025799793601651556,0.00025799793601646056,5
10438,2022-05-04 19:00:00,77.74,78.0,77.51,78.0,7389.0,0.0033444816053512364,0.0033444816053512364,0.0029585798816566733,5
10439,2022-05-05 04:00:00,78.01,78.01,78.0,78.0,200.0,-0.00012818869375727618,0.0,0.00012818869375727618,5
10440,2022-05-05 06:00:00,78.0,78.0,77.9,77.9,533.0,-0.0012820512820512092,0.0,0.0012820512820512092,5
10441,2022-05-05 07:00:00,78.0,78.0,77.13,77.63,2009.0,-0.004743589743589802,0.0,0.011153846153846212,5
10442,2022-05-05 08:00:00,77.9,78.13,75.3,75.91,49130.0,-0.02554557124518625,0.002952503209242487,0.03337612323491667,5
10443,2022-05-05 09:00:00,75.89,78.97,75.89,76.415,476076.0,0.006917907497694106,0.04058505731980496,0.0,5
10444,2022-05-05 10:00:00,76.42,76.575,74.22,74.37,976871.0,-0.026825438366919616,0.002028264852132964,0.02878827532059674,5
10445,2022-05-05 11:00:00,74.28,75.13,73.78,74.6,594076.0,0.004308023694130226,0.011443187937533579,0.006731287022078621,5
10446,2022-05-05 12:00:00,74.58,74.64,73.92,74.38,382945.0,-0.0026816840976133394,0.0008045052292840209,0.008849557522123849,5
10447,2022-05-05 13:00:00,74.47,75.83,74.45,75.26,338293.0,0.010608298643749245,0.018262387538606144,0.0002685645226265076,5
10448,2022-05-05 14:00:00,75.25,75.28,73.97,74.06,394991.0,-0.015813953488372064,0.00039867109634553004,0.017009966777408653,5
10449,2022-05-05 15:00:00,74.0214,74.0599,72.95,73.65,851770.0,-0.005017467921438857,0.0005201198572304643,0.014474192598356651,5
10450,2022-05-05 16:00:00,73.59,74.07,73.59,73.59,12641.0,0.0,0.0065226253567059345,0.0,5
10451,2022-05-05 17:00:00,73.59,73.88,73.59,73.78,25907.0,0.0025818725370294567,0.003940752819676478,0.0,5
10452,2022-05-05 18:00:00,73.65,73.7899,73.6,73.7899,2334.0,0.0018995247793618091,0.0018995247793618091,0.0006788866259336235,5
10453,2022-05-05 19:00:00,73.79,73.79,73.78,73.78,385.0,-0.00013551971811905564,0.0,0.00013551971811905564,5
10454,2022-05-06 05:00:00,72.05,72.05,72.05,72.05,200.0,0.0,0.0,0.0,5
10455,2022-05-06 06:00:00,73.44,73.44,73.44,73.44,757.0,0.0,0.0,0.0,5
10456,2022-05-06 07:00:00,73.34,73.35,72.91,72.91,1600.0,-0.005863103354240617,0.00013635124079616724,0.005863103354240617,5
10457,2022-05-06 08:00:00,72.89,73.572,72.89,73.572,6211.0,0.009356564686513955,0.009356564686513955,0.0,5
10458,2022-05-06 09:00:00,73.01,73.195,70.14,70.29,352471.0,-0.03725517052458566,0.0025338994658264356,0.03930968360498568,5
10459,2022-05-06 10:00:00,70.19,73.15,70.18,72.91,498600.0,0.038751958968514015,0.04217124946573597,0.0001424704373841132,5
10460,2022-05-06 11:00:00,72.96,73.08,71.52,71.53,384273.0,-0.019599780701754287,0.0016447368421053257,0.01973684210526313,5
10461,2022-05-06 12:00:00,71.52,72.39,71.1,72.28,274580.0,0.0106263982102909,0.012164429530201406,0.0058724832214765346,5
10462,2022-05-06 13:00:00,72.32,72.33,70.39,70.44,346152.0,-0.025995575221238878,0.00013827433628325658,0.026686946902654766,5
10463,2022-05-06 14:00:00,70.45,70.62,69.745,70.23,567697.0,-0.0031227821149751433,0.002413058907026284,0.010007097232079465,5
10464,2022-05-06 15:00:00,70.29,70.49,69.78,69.85,1068217.0,-0.006259780907668401,0.0028453549580308526,0.007255655142979159,5
10465,2022-05-06 16:00:00,71.69,71.69,69.5688,69.5688,78040.0,-0.029588506067791908,0.0,0.029588506067791908,5
10466,2022-05-06 17:00:00,70.02,70.02,69.85,69.85,1660.0,-0.0024278777492145348,0.0,0.0024278777492145348,5
10467,2022-05-06 18:00:00,69.85,69.85,69.7,69.85,1598.0,0.0,0.0,0.0021474588403721045,5
10468,2022-05-06 19:00:00,69.84,69.84,69.75,69.84,1039.0,0.0,0.0,0.0012886597938144818,5
10469,2022-05-09 04:00:00,69.0,69.0,69.0,69.0,245.0,0.0,0.0,0.0,5
10470,2022-05-09 05:00:00,68.6,68.6,68.59,68.6,1037.0,0.0,0.0,0.00014577259475205402,5
10471,2022-05-09 06:00:00,68.16,68.16,68.1,68.1,520.0,-0.0008802816901408785,0.0,0.0008802816901408785,5
10472,2022-05-09 07:00:00,68.75,68.75,68.08,68.2,6361.0,-0.007999999999999959,0.0,0.009745454545454571,5
10473,2022-05-09 08:00:00,68.1371,69.0,68.08,68.5,10118.0,0.005326026496578167,0.012664172675385306,0.0008380162936198558,5
10474,2022-05-09 09:00:00,68.527,69.7,67.02,67.195,561952.0,-0.019437593941074437,0.01711734061027043,0.02199133188378311,5
10475,2022-05-09 10:00:00,67.13,67.54,63.92,64.34,1213093.0,-0.04156115000744812,0.006107552510055278,0.04781766721287046,5
10476,2022-05-09 11:00:00,64.27,64.78,63.36,64.61,678107.0,0.00529018204449982,0.00793527306674973,0.014159016648514029,5
10477,2022-05-09 12:00:00,64.5,65.0,63.91,63.99,512979.0,-0.007906976744186016,0.007751937984496124,0.009147286821705479,5
10478,2022-05-09 13:00:00,63.98,64.11,63.33,63.53,576264.0,-0.0070334479524850856,0.002031884964051306,0.010159424820256308,5
10479,2022-05-09 14:00:00,63.5,63.64,62.75,62.96,563443.0,-0.008503937007874003,0.002204724409448828,0.011811023622047244,5
10480,2022-05-09 15:00:00,63.01,63.05,61.16,61.4,1501274.0,-0.025551499761942542,0.0006348198698619132,0.029360418981114134,5
10481,2022-05-09 16:00:00,61.49,62.83,61.0,61.71,47368.0,0.0035778175313058848,0.021792161327044986,0.007968775410635908,5
10482,2022-05-09 17:00:00,61.7,61.74,61.5,61.74,50594.0,0.0006482982171798889,0.0006482982171798889,0.0032414910858995596,5
10483,2022-05-09 18:00:00,61.75,62.33,61.75,61.99,4222.0,0.0038866396761133926,0.00939271255060726,0.0,5
10484,2022-05-09 19:00:00,61.97,62.0,61.41,61.41,6795.0,-0.009036630627723129,0.0004841052121994697,0.009036630627723129,5
10485,2022-05-10 06:00:00,63.41,63.6,63.21,63.21,1772.0,-0.0031540766440623837,0.0029963728118594045,0.0031540766440623837,5
10486,2022-05-10 07:00:00,63.27,63.53,62.1,62.71,14488.0,-0.008850956219377308,0.00410937253042513,0.018492176386913254,5
10487,2022-05-10 08:00:00,62.5999,63.95,62.11,63.95,17259.0,0.021567127104036982,0.021567127104036982,0.007825891095672655,5
10488,2022-05-10 09:00:00,63.93,66.68,62.91,64.83,969302.0,0.01407789770061002,0.04301579852964191,0.015954950727358096,5
10489,2022-05-10 10:00:00,64.9,65.0,62.29,62.4,640053.0,-0.03852080123266575,0.0015408320493065378,0.04021571648690302,5
10490,2022-05-10 11:00:00,62.39,62.44,60.8001,61.3,565668.0,-0.017470748517390663,0.0008014104824490649,0.025483250520916816,5
10491,2022-05-10 12:00:00,61.34,61.63,60.0689,60.14,404622.0,-0.019563090968373047,0.004727746984023461,0.020722204108249168,5
10492,2022-05-10 13:00:00,60.115,62.01,60.08,61.96,505405.0,0.030691175247442384,0.03152291441403969,0.00058221741661821,5
10493,2022-05-10 14:00:00,62.0,62.25,61.5435,61.9,531631.0,-0.0016129032258064746,0.004032258064516129,0.007362903225806425,5
10494,2022-05-10 15:00:00,61.93,62.15,60.83,60.92,1105082.0,-0.01630873566930402,0.0035523978685612603,0.017761989342806418,5
10495,2022-05-10 16:00:00,60.92,61.75,60.86,61.0,45690.0,0.0013131976362442267,0.013624425476034114,0.0009848982271832283,5
10496,2022-05-10 17:00:00,61.09,61.2,60.99,60.99,2113.0,-0.0016369291209690853,0.0018006220330659588,0.0016369291209690853,5
10497,2022-05-10 18:00:00,61.0,61.0,60.92,60.92,600.0,-0.0013114754098360376,0.0,0.0013114754098360376,5
10498,2022-05-10 19:00:00,61.0,61.2,61.0,61.2,2772.0,0.0032786885245902103,0.0032786885245902103,0.0,5
10499,2022-05-11 06:00:00,62.4,62.79,62.4,62.79,306.0,0.006250000000000009,0.006250000000000009,0.0,5
10500,2022-05-11 07:00:00,62.55,63.0,62.55,62.82,2086.0,0.004316546762589978,0.007194244604316592,0.0,5
10501,2022-05-11 08:00:00,62.9999,63.14,60.7,60.7,36285.0,-0.03650640715302713,0.0022238130536715757,0.03650640715302713,5
10502,2022-05-11 09:00:00,60.59,63.34,60.375,63.208,668561.0,0.043208450239313335,0.045387027562304005,0.003548440336689279,5
10503,2022-05-11 10:00:00,63.22,64.54,62.46,62.62,749674.0,-0.009490667510281579,0.020879468522619543,0.01202151217968994,5
10504,2022-05-11 11:00:00,62.62,62.8,61.9216,62.19,336072.0,-0.0068668157138294435,0.002874480996486741,0.011152986266368565,5
10505,2022-05-11 12:00:00,62.1514,62.24,61.28,61.37,463998.0,-0.01257252451272224,0.001425551154117197,0.014020601305843493,5
10506,2022-05-11 13:00:00,61.31,61.4,60.07,60.215,495545.0,-0.017860055455879934,0.0014679497634969222,0.020225085630402904,5
10507,2022-05-11 14:00:00,60.24,61.37,60.09,60.83,338101.0,0.009794156706507242,0.01875830013280205,0.0024900398406374267,5
10508,2022-05-11 15:00:00,60.79,60.86,59.82,59.95,827016.0,-0.013818062181279756,0.0011515051817733227,0.015956571804573102,5
10509,2022-05-11 16:00:00,59.95,60.35,59.9,60.31,80909.0,0.006005004170141775,0.0066722268557130706,0.0008340283569642079,5
10510,2022-05-11 17:00:00,60.32,60.35,60.02,60.02,2791.0,-0.004973474801060961,0.0004973474801061197,0.004973474801060961,5
10511,2022-05-11 18:00:00,60.2,60.27,60.0,60.02,1839.0,-0.0029900332225913573,0.0011627906976744234,0.0033222591362126715,5
10512,2022-05-11 19:00:00,60.0,60.9,60.0,60.9,2066.0,0.014999999999999977,0.014999999999999977,0.0,5
10513,2022-05-12 07:00:00,59.8,59.89,59.0,59.0,7435.0,-0.013377926421404635,0.001505016722408084,0.013377926421404635,5
10514,2022-05-12 08:00:00,59.8899,59.9999,58.77,59.48,5009.0,-0.006844225821048297,0.001836703684594555,0.018699313239794926,5
10515,2022-05-12 09:00:00,59.29,59.5,56.15,56.985,736054.0,-0.03887670770787653,0.003541912632821738,0.052960026986001024,5
10516,2022-05-12 10:00:00,56.88,59.87,56.575,59.84,904963.0,0.05203938115330522,0.05256680731364267,0.005362165963431781,5
10517,2022-05-12 11:00:00,59.85,60.34,58.28,58.3,539950.0,-0.02589807852965755,0.00818713450292401,0.026232247284878867,5
10518,2022-05-12 12:00:00,58.29,59.12,57.765,58.64,541180.0,0.006004460456339019,0.0142391490821753,0.009006690684508468,5
10519,2022-05-12 13:00:00,58.66,58.93,57.5,57.7481,368711.0,-0.015545516535969925,0.0046027957722469,0.01977497442891232,5
10520,2022-05-12 14:00:00,57.73,57.9737,57.05,57.135,433265.0,-0.010306599688203688,0.004221375368092916,0.011778971072232804,5
10521,2022-05-12 15:00:00,57.135,57.86,56.87,57.77,1737202.0,0.011114028178874686,0.01268924477115606,0.004638137743939802,5
10522,2022-05-12 16:00:00,57.77,57.78,57.22,57.78,44461.0,0.00017310022503025808,0.00017310022503025808,0.009520512376666164,5
10523,2022-05-12 17:00:00,57.5502,57.72,57.35,57.6,4623.0,0.0008653314845127338,0.002950467591772091,0.0034787020722776858,5
10524,2022-05-12 18:00:00,57.71,58.68,57.71,57.93,3092.0,0.0038121642696239623,0.016808178825160263,0.0,5
10525,2022-05-12 19:00:00,57.8,58.81,57.8,58.8099,1299.0,0.017472318339100377,0.017474048442906665,0.0,5
10526,2022-05-13 06:00:00,59.4,59.4,59.4,59.4,245.0,0.0,0.0,0.0,5
10527,2022-05-13 07:00:00,58.81,59.3,58.81,59.3,2191.0,0.008331916340758288,0.008331916340758288,0.0,5
10528,2022-05-13 08:00:00,59.5,59.99,59.0,59.75,22700.0,0.004201680672268907,0.008235294117647092,0.008403361344537815,5
10529,2022-05-13 09:00:00,59.81,60.13,58.6839,59.84,436983.0,0.0005015883631499939,0.005350275873599737,0.018827955191439573,5
10530,2022-05-13 10:00:00,59.93,60.85,59.72,60.5,643934.0,0.009511096278992163,0.015351243116969827,0.0035040881027865985,5
10531,2022-05-13 11:00:00,60.47,61.699,60.275,61.62,396316.0,0.019017694724656833,0.02032412766661153,0.0032247395402679063,5
10532,2022-05-13 12:00:00,61.62,62.57,61.59,62.0826,446520.0,0.007507302823758551,0.015417072379097741,0.0004868549172345672,5
10533,2022-05-13 13:00:00,62.11,62.28,61.16,61.26,435448.0,-0.013685396876509442,0.0027370793753019114,0.015295443567863514,5
10534,2022-05-13 14:00:00,61.26,61.29,60.47,60.99,733379.0,-0.00440744368266399,0.0004897159647404691,0.012895853738165184,5
10535,2022-05-13 15:00:00,61.02,61.82,60.88,61.67,1112913.0,0.010652245165519478,0.013110455588331647,0.0022943297279580557,5
10536,2022-05-13 16:00:00,61.63,62.0,61.63,61.9,160169.0,0.004380983287359987,0.006003569690085956,0.0,5
10537,2022-05-13 17:00:00,61.28,61.899,61.28,61.35,1938.0,0.001142297650130553,0.010101174934725845,0.0,5
10538,2022-05-13 18:00:00,61.9,62.0,61.88,62.0,4594.0,0.0016155088852988922,0.0016155088852988922,0.00032310177705970956,5
10539,2022-05-13 19:00:00,61.97,61.97,61.8,61.8,1560.0,-0.002743262869130252,0.0,0.002743262869130252,5
10540,2022-05-16 04:00:00,61.62,61.62,61.62,61.62,324.0,0.0,0.0,0.0,5
10541,2022-05-16 05:00:00,63.86,63.86,63.86,63.86,200.0,0.0,0.0,0.0,5
10542,2022-05-16 07:00:00,61.5,62.25,61.5,62.25,1354.0,0.012195121951219513,0.012195121951219513,0.0,5
10543,2022-05-16 08:00:00,61.63,62.85,61.63,62.41,4832.0,0.012656173941262274,0.019795554113256512,0.0,5
10544,2022-05-16 09:00:00,62.4,63.04,61.25,62.435,357837.0,0.0005608974358974952,0.010256410256410265,0.018429487179487156,5
10545,2022-05-16 10:00:00,62.32,63.0,61.54,61.565,506139.0,-0.012114890885751003,0.010911424903722718,0.012516046213093728,5
10546,2022-05-16 11:00:00,61.555,62.36,61.13,62.195,365191.0,0.01039720575095444,0.013077735358622366,0.006904394443993131,5
10547,2022-05-16 12:00:00,62.195,62.26,61.24,61.55,318569.0,-0.010370608569820776,0.0010451000884315095,0.015354932068494224,5
10548,2022-05-16 13:00:00,61.55,62.35,61.45,62.155,382038.0,0.009829406986190154,0.012997562956945643,0.0016246953696181044,5
10549,2022-05-16 14:00:00,62.16,62.41,61.71,61.86,384678.0,-0.004826254826254781,0.004021879021879022,0.007239382239382171,5
10550,2022-05-16 15:00:00,61.86,61.95,61.18,61.4,935627.0,-0.00743614613643713,0.0014548981571290561,0.010992563853863558,5
10551,2022-05-16 16:00:00,61.39,61.78,61.39,61.73,27167.0,0.005538361296628055,0.006352826193191083,0.0,5
10552,2022-05-16 17:00:00,61.73,61.73,61.48,61.5,2090.0,-0.00372590312651866,0.0,0.004049894702737729,5
10553,2022-05-16 18:00:00,61.0,61.0,61.0,61.0,300.0,0.0,0.0,0.0,5
10554,2022-05-16 19:00:00,61.35,61.35,61.35,61.35,1000.0,0.0,0.0,0.0,5
10555,2022-05-17 04:00:00,62.2,62.47,62.2,62.26,1350.0,0.0009646302250803081,0.0043408360128616725,0.0,5
10556,2022-05-17 05:00:00,63.15,63.15,63.15,63.15,851.0,0.0,0.0,0.0,5
10557,2022-05-17 06:00:00,63.17,63.17,63.16,63.16,1558.0,-0.0001583029919266284,0.0,0.0001583029919266284,5
10558,2022-05-17 07:00:00,63.23,63.35,63.0,63.05,5702.0,-0.0028467499604618017,0.0018978333069746094,0.003637513838367814,5
10559,2022-05-17 08:00:00,62.8,63.1,62.6,63.0999,10084.0,0.004775477707006385,0.004777070063694336,0.0031847133757961104,5
10560,2022-05-17 09:00:00,63.1,64.46,63.1,63.77,573256.0,0.01061806656101429,0.02155309033280495,0.0,5
10561,2022-05-17 10:00:00,63.78,63.85,61.9,62.13,442286.0,-0.025870178739416723,0.0010975227343995027,0.029476324866729423,5
10562,2022-05-17 11:00:00,62.135,63.045,62.06,62.88,231743.0,0.011990021726885082,0.014645529894584433,0.0012070491671360062,5
10563,2022-05-17 12:00:00,62.89,63.29,62.6728,63.12,220821.0,0.0036571792017808377,0.006360311655271085,0.0034536492288121845,5
10564,2022-05-17 13:00:00,63.125,63.47,62.87,63.07,196582.0,-0.0008712871287128667,0.005465346534653448,0.0040396039603960805,5
10565,2022-05-17 14:00:00,63.06,63.44,62.43,63.29,288251.0,0.0036473200126862807,0.0060260069774816915,0.009990485252140859,5
10566,2022-05-17 15:00:00,63.26,63.94,63.235,63.94,868761.0,0.010749288650015804,0.010749288650015804,0.0003951944356623234,5
10567,2022-05-17 16:00:00,63.01,63.96,63.01,63.92,29280.0,0.014442152039358891,0.015076971909220804,0.0,5
10568,2022-05-17 17:00:00,63.57,63.95,63.57,63.95,16200.0,0.005977662419380251,0.005977662419380251,0.0,5
10569,2022-05-17 18:00:00,63.93,64.17,63.93,64.17,3905.0,0.0037541060534960423,0.0037541060534960423,0.0,5
10570,2022-05-17 19:00:00,64.15,64.17,64.0,64.0,4375.0,-0.0023382696804365656,0.00031176929072480154,0.0023382696804365656,5
10571,2022-05-18 07:00:00,63.85,63.85,63.0,63.0,1012.0,-0.013312451057165253,0.0,0.013312451057165253,5
10572,2022-05-18 08:00:00,63.4,63.465,62.5,63.0,5954.0,-0.006309148264984205,0.001025236593060013,0.014195583596214489,5
10573,2022-05-18 09:00:00,62.9,63.92,61.5,61.84,332113.0,-0.016852146263910895,0.016216216216216266,0.022257551669316353,5
10574,2022-05-18 10:00:00,61.885,63.12,61.88,62.14,288751.0,0.004120546174355701,0.019956370687565637,8.079502302650808e-05,5
10575,2022-05-18 11:00:00,62.195,62.205,60.5,60.56,549001.0,-0.026288286839778085,0.00016078462898943662,0.027252994613714932,5
10576,2022-05-18 12:00:00,60.5,60.71,59.97,60.63,365560.0,0.0021487603305785545,0.0034710743801653035,0.008760330578512415,5
10577,2022-05-18 13:00:00,60.62,60.62,59.25,59.3,270254.0,-0.02177499175189707,0.0,0.02259980204552949,5
10578,2022-05-18 14:00:00,59.33,59.6312,59.08,59.21,303629.0,-0.0020225855385133567,0.005076689701668658,0.004213719871902916,5
10579,2022-05-18 15:00:00,59.17,59.6,58.95,59.6,810338.0,0.007267196214297781,0.007267196214297781,0.003718100388710476,5
10580,2022-05-18 16:00:00,59.6,59.7,59.0,59.6,27306.0,0.0,0.0016778523489933124,0.010067114093959755,5
10581,2022-05-18 17:00:00,59.45,59.45,59.3,59.45,1626.0,0.0,0.0,0.002523128679562753,5
10582,2022-05-18 18:00:00,59.21,59.5,59.21,59.5,607.0,0.00489782131396722,0.00489782131396722,0.0,5
10583,2022-05-18 19:00:00,59.41,59.55,59.21,59.21,1726.0,-0.0033664366268304283,0.0023565056387813595,0.0033664366268304283,5
10584,2022-05-19 04:00:00,58.85,58.85,58.8,58.8,601.0,-0.000849617672047651,0.0,0.000849617672047651,5
10585,2022-05-19 05:00:00,58.64,58.64,58.64,58.64,124.0,0.0,0.0,0.0,5
10586,2022-05-19 07:00:00,58.84,59.0,58.5,59.0,900.0,0.002719238613188249,0.002719238613188249,0.00577838205302521,5
10587,2022-05-19 08:00:00,58.7593,59.2,58.51,58.7001,13429.0,-0.001007500089347629,0.007500089347558593,0.004242732639769452,5
10588,2022-05-19 09:00:00,58.89,59.79,58.07,58.3,511100.0,-0.010018678892851136,0.01528273051451857,0.013924265579894724,5
10589,2022-05-19 10:00:00,58.28,59.0589,57.27,57.66,964943.0,-0.010638297872340503,0.013364790665751547,0.017330130404941628,5
10590,2022-05-19 11:00:00,57.65,59.02,57.51,58.87,602635.0,0.02116218560277535,0.023764093668690454,0.0024284475281873474,5
10591,2022-05-19 12:00:00,58.9099,59.08,57.96,58.26,325946.0,-0.011032101565271752,0.0028874603419798356,0.016124624214266185,5
10592,2022-05-19 13:00:00,58.29,58.78,57.855,58.65,458578.0,0.006176016469377242,0.008406244638874627,0.007462686567164218,5
10593,2022-05-19 14:00:00,58.64,58.67,57.75,58.18,655087.0,-0.00784447476125513,0.0005115961800818748,0.015177353342428385,5
10594,2022-05-19 15:00:00,58.17,58.3,57.36,57.41,1217257.0,-0.013065153859377773,0.0022348289496303153,0.013924703455389415,5
10595,2022-05-19 16:00:00,57.41,58.32,57.41,57.95,38031.0,0.009406026824595128,0.01585089705626204,0.0,5
10596,2022-05-19 17:00:00,57.43,57.45,57.42,57.42,9173.0,-0.0001741250217655931,0.0003482500435313099,0.0001741250217655931,5
10597,2022-05-19 18:00:00,57.43,57.55,57.43,57.55,3787.0,0.002089500261187488,0.002089500261187488,0.0,5
10598,2022-05-19 19:00:00,57.63,57.77,57.63,57.68,1057.0,0.0008676036786395481,0.0024292903001908828,0.0,5
10599,2022-05-20 05:00:00,59.4,59.4,59.4,59.4,143.0,0.0,0.0,0.0,5
10600,2022-05-20 07:00:00,58.32,58.32,58.32,58.32,1192.0,0.0,0.0,0.0,5
10601,2022-05-20 08:00:00,58.32,58.7427,58.32,58.4,23780.0,0.001371742112482824,0.007247942386831258,0.0,5
10602,2022-05-20 09:00:00,58.41,59.0,57.09,57.24,438721.0,-0.020030816640986042,0.01010101010101016,0.02259887005649706,5
10603,2022-05-20 10:00:00,57.2,57.2,55.92,55.955,546989.0,-0.021765734265734343,0.0,0.022377622377622395,5
10604,2022-05-20 11:00:00,55.95,56.15,55.4,55.52,590404.0,-0.007685433422698833,0.0035746201966040344,0.00983020554066138,5
10605,2022-05-20 12:00:00,55.54,55.64,54.3564,54.38,574828.0,-0.020885848037450427,0.0018005041411595503,0.021310767014764104,5
10606,2022-05-20 13:00:00,54.38,54.5099,53.58,54.47,707586.0,0.0016550202280249413,0.002388745862449416,0.014711290915777938,5
10607,2022-05-20 14:00:00,54.4696,54.5794,53.59,54.03,541222.0,-0.00807055678763932,0.002015803310470426,0.016148457121036255,5
10608,2022-05-20 15:00:00,54.05,55.44,53.97,55.4,1053090.0,0.02497687326549494,0.025716928769657737,0.001480111008325593,5
10609,2022-05-20 16:00:00,55.36,55.5,55.35,55.5,59339.0,0.0025289017341040567,0.0025289017341040567,0.0001806358381502531,5
10610,2022-05-20 17:00:00,55.742,55.742,55.41,55.41,19550.0,-0.005956011624986559,0.0,0.005956011624986559,5
10611,2022-05-20 18:00:00,55.41,55.55,55.41,55.55,2345.0,0.002526619743728579,0.002526619743728579,0.0,5
10612,2022-05-20 19:00:00,55.4,55.54,55.3,55.54,5929.0,0.0025270758122743786,0.0025270758122743786,0.0018050541516245744,5
10613,2022-05-23 05:00:00,56.2,56.2,56.2,56.2,150.0,0.0,0.0,0.0,5
10614,2022-05-23 07:00:00,55.78,56.5,55.78,56.11,899.0,0.005916098960200758,0.0129078522768017,0.0,5
10615,2022-05-23 08:00:00,56.7805,56.7805,55.67,56.03,6855.0,-0.013217565889698088,0.0,0.01955777071353725,5
10616,2022-05-23 09:00:00,55.91,56.25,53.7,53.7,346297.0,-0.03952781255589329,0.0060812019316759695,0.03952781255589329,5
10617,2022-05-23 10:00:00,53.73,55.13,53.57,54.28,550423.0,0.010236367020286697,0.02605620696072968,0.0029778522240833166,5
10618,2022-05-23 11:00:00,54.28,55.09,54.18,54.98,405420.0,0.012896094325718418,0.014922623434045731,0.0018422991893883827,5
10619,2022-05-23 12:00:00,54.98,55.4899,54.88,55.45,310341.0,0.008548563113859695,0.009274281556929826,0.001818843215714702,5
10620,2022-05-23 13:00:00,55.45,55.71,55.13,55.71,251518.0,0.00468890892696119,0.00468890892696119,0.005770964833183053,5
10621,2022-05-23 14:00:00,55.73,55.79,55.24,55.37,251649.0,-0.006459716490220697,0.0010766194150368255,0.008792391889466983,5
10622,2022-05-23 15:00:00,55.29,55.56,55.0,55.39,746640.0,0.0018086453246518616,0.004883342376560013,0.005245071441490308,5
10623,2022-05-23 16:00:00,55.38,55.41,55.38,55.41,182311.0,0.0005417118093173353,0.0005417118093173353,0.0,5
10624,2022-05-23 17:00:00,55.3801,55.3801,55.38,55.38,808.0,-1.805702770421401e-06,0.0,1.805702770421401e-06,5
10625,2022-05-23 19:00:00,54.48,54.48,54.48,54.48,375.0,0.0,0.0,0.0,5
10626,2022-05-24 05:00:00,54.9,54.9,54.9,54.9,100.0,0.0,0.0,0.0,5
10627,2022-05-24 07:00:00,54.6,54.9,54.56,54.9,675.0,0.005494505494505442,0.005494505494505442,0.000732600732600717,5
10628,2022-05-24 08:00:00,54.9,54.9,54.57,54.6108,3472.0,-0.005267759562841549,0.0,0.006010928961748603,5
10629,2022-05-24 09:00:00,54.67,54.76,52.9,52.913,433334.0,-0.032138284250960394,0.0016462410828607336,0.03237607462959581,5
10630,2022-05-24 10:00:00,52.915,52.92,51.03,51.13,837711.0,-0.03373334593215528,9.449116507611374e-05,0.035623169233676616,5
10631,2022-05-24 11:00:00,51.075,51.37,50.61,51.0,745171.0,-0.0014684287812041672,0.005775819872736066,0.009104258443465558,5
10632,2022-05-24 12:00:00,50.98,51.285,50.21,50.39,824680.0,-0.011573165947430294,0.00598273832875637,0.015103962338171755,5
10633,2022-05-24 13:00:00,50.36,50.4061,49.75,49.83,585355.0,-0.010524225575853875,0.0009154090548054546,0.01211278792692612,5
10634,2022-05-24 14:00:00,49.83,50.19,49.4818,49.58,662394.0,-0.0050170579971904475,0.007224563515954233,0.006987758378486825,5
10635,2022-05-24 15:00:00,49.57,50.2,49.17,49.73,1640569.0,0.003227758725035235,0.012709299979826559,0.00806939681258823,5
10636,2022-05-24 16:00:00,49.71,50.23,49.55,49.82,81271.0,0.002212834439750542,0.010460671897002534,0.003218668276000879,5
10637,2022-05-24 17:00:00,50.15,50.15,50.05,50.08,3970.0,-0.0013958125623130665,0.0,0.001994017946161544,5
10638,2022-05-24 18:00:00,50.08,50.18,50.08,50.18,5923.0,0.001996805111821115,0.001996805111821115,0.0,5
10639,2022-05-24 19:00:00,50.17,50.23,50.17,50.17,4364.0,0.0,0.0011959338249949206,0.0,5
10640,2022-05-25 06:00:00,49.8,49.8,49.8,49.8,100.0,0.0,0.0,0.0,5
10641,2022-05-25 07:00:00,49.9,50.0,49.12,49.12,7517.0,-0.015631262525050125,0.0020040080160320926,0.015631262525050125,5
10642,2022-05-25 08:00:00,49.25,49.4,49.0,49.38,9439.0,0.0026395939086294937,0.0030456852791877886,0.005076142131979695,5
10643,2022-05-25 09:00:00,49.38,50.31,48.9,49.96,748105.0,0.011745646010530544,0.01883353584447144,0.009720534629404698,5
10644,2022-05-25 10:00:00,49.94,51.72,49.6829,51.54,1348171.0,0.03203844613536246,0.03564277132559073,0.005148177813376076,5
10645,2022-05-25 11:00:00,51.53,51.635,50.74,50.99,537094.0,-0.010479332427711995,0.002037647972055053,0.015330875218319408,5
10646,2022-05-25 12:00:00,51.0,51.42,50.8,50.95,699874.0,-0.0009803921568626894,0.008235294117647092,0.003921568627451036,5
10647,2022-05-25 13:00:00,50.92,50.93,50.15,50.315,503733.0,-0.011881382560879889,0.0001963864886095446,0.015121759622938004,5
10648,2022-05-25 14:00:00,50.33,50.98,49.74,50.74,811975.0,0.00814623484999014,0.012914762567057394,0.01172263063779051,5
10649,2022-05-25 15:00:00,50.73,51.51,50.68,51.09,1052391.0,0.00709639266706104,0.015375517445298663,0.0009856100926472927,5
10650,2022-05-25 16:00:00,51.09,51.09,50.895,51.0,8727.0,-0.0017615971814445763,0.0,0.0038167938931297765,5
10651,2022-05-25 18:00:00,51.04,51.04,50.98,50.98,521.0,-0.0011755485893417373,0.0,0.0011755485893417373,5
10652,2022-05-25 19:00:00,51.04,51.42,51.04,51.09,1371.0,0.0009796238244514943,0.007445141065830771,0.0,5
10653,2022-05-26 07:00:00,51.71,52.2,51.68,52.1,5811.0,0.007542061496809139,0.009475923419067916,0.0005801585766776471,5
10654,2022-05-26 08:00:00,51.9991,52.47,51.7299,51.95,12296.0,-0.0009442471119691631,0.009055925967949451,0.005177012679065559,5
10655,2022-05-26 09:00:00,51.97,53.76,51.76,53.605,787186.0,0.03146045795651334,0.03444294785453145,0.00404079276505678,5
10656,2022-05-26 10:00:00,53.6,55.03,53.2,54.6701,973242.0,0.019964552238805906,0.026679104477611935,0.007462686567164152,5
10657,2022-05-26 11:00:00,54.72,55.6746,54.72,55.3287,656904.0,0.011123903508771911,0.01744517543859648,0.0,5
10658,2022-05-26 12:00:00,55.34,56.16,55.25,56.145,576831.0,0.014546440187929159,0.01481749186844946,0.001626310083122577,5
10659,2022-05-26 13:00:00,56.1455,56.17,55.45,55.91,490643.0,-0.004194459039460007,0.0004363662270351729,0.012387457587874283,5
10660,2022-05-26 14:00:00,55.905,55.905,55.22,55.39,466444.0,-0.009212056166711396,0.0,0.0122529290761113,5
10661,2022-05-26 15:00:00,55.39,55.595,54.86,55.53,1209004.0,0.002527532045495587,0.003701029066618492,0.009568514172233275,5
10662,2022-05-26 16:00:00,55.53,55.74,55.28,55.74,27398.0,0.0037817396002161148,0.0037817396002161148,0.0045020709526382135,5
10663,2022-05-26 17:00:00,55.5,55.51,55.5,55.51,963.0,0.00018018018018014432,0.00018018018018014432,0.0,5
10664,2022-05-26 18:00:00,55.51,55.51,55.5,55.5,1393.0,-0.00018014772113129186,0.0,0.00018014772113129186,5
10665,2022-05-26 19:00:00,55.3,55.51,55.29,55.51,1450.0,0.003797468354430395,0.003797468354430395,0.00018083182640141069,5
10666,2022-05-27 04:00:00,54.09,54.09,54.09,54.09,450.0,0.0,0.0,0.0,5
10667,2022-05-27 06:00:00,55.94,55.95,55.84,55.9,1100.0,-0.000715051841258476,0.00017876296031471426,0.0017876296031461266,5
10668,2022-05-27 07:00:00,55.5,55.65,55.35,55.35,2543.0,-0.0027027027027026773,0.0027027027027026773,0.0027027027027026773,5
10669,2022-05-27 08:00:00,55.7672,56.05,55.5,56.05,22517.0,0.005071081209025998,0.005071081209025998,0.004791346884907303,5
10670,2022-05-27 09:00:00,56.28,57.3,56.0,57.26,453304.0,0.01741293532338303,0.01812366737739865,0.004975124378109473,5
10671,2022-05-27 10:00:00,57.19,57.79,56.83,57.1082,688208.0,-0.0014303199860115617,0.010491344640671472,0.006294806784402858,5
10672,2022-05-27 11:00:00,57.12,57.905,57.08,57.785,414812.0,0.011642156862745084,0.013742997198879617,0.0007002801120448031,5
10673,2022-05-27 12:00:00,57.77,58.135,57.75,58.065,522778.0,0.0051064566383935365,0.006318158213605589,0.00034620045006063916,5
10674,2022-05-27 13:00:00,58.06,58.06,57.58,57.71,320942.0,-0.006028246641405467,0.0,0.008267309679641819,5
10675,2022-05-27 14:00:00,57.7,58.14,57.65,58.04,436153.0,0.005892547660311894,0.007625649913344848,0.0008665511265165384,5
10676,2022-05-27 15:00:00,58.02,58.21,57.91,58.2,941294.0,0.0031023784901757965,0.0032747328507410846,0.001895897966218658,5
10677,2022-05-27 16:00:00,58.2,58.62,57.86,58.62,71326.0,0.0072164948453607314,0.0072164948453607314,0.005841924398625488,5
10678,2022-05-27 17:00:00,58.5,58.5,58.22,58.3479,300.0,-0.0025999999999999526,0.0,0.004786324786324805,5
10679,2022-05-27 18:00:00,58.47,58.68,58.44,58.55,1513.0,0.0013682230203522882,0.0035915854284248477,0.0005130836326321385,5
10680,2022-05-27 19:00:00,58.63,58.63,58.45,58.45,540.0,-0.003070100631076236,0.0,0.003070100631076236,5
10681,2022-05-31 04:00:00,58.25,59.79,58.25,58.63,670.0,0.006523605150214636,0.026437768240343332,0.0,5
10682,2022-05-31 05:00:00,58.7,59.0,58.15,58.15,3012.0,-0.009369676320272644,0.005110732538330445,0.009369676320272644,5
10683,2022-05-31 06:00:00,58.0,58.0,58.0,58.0,228.0,0.0,0.0,0.0,5
10684,2022-05-31 07:00:00,58.145,58.25,57.99,57.99,1079.0,-0.0026657494195545814,0.0018058302519562623,0.0026657494195545814,5
10685,2022-05-31 08:00:00,58.15,59.0,57.1101,57.2514,18733.0,-0.015453138435081717,0.014617368873602776,0.017883061049011106,5
10686,2022-05-31 09:00:00,57.2601,58.68,57.2601,58.15,496988.0,0.01554136300844737,0.024797371992015354,0.0,5
10687,2022-05-31 10:00:00,58.1,58.82,57.417,58.53,1228224.0,0.0074010327022375165,0.012392426850258155,0.011755593803786572,5
10688,2022-05-31 11:00:00,58.54,58.65,57.69,58.39,309500.0,-0.0025623505295524185,0.001879057055005115,0.014519986334130534,5
10689,2022-05-31 12:00:00,58.41,58.77,58.1,58.57,320991.0,0.0027392569765451757,0.006163328197226614,0.0053073103920560725,5
10690,2022-05-31 13:00:00,58.55,58.705,57.92,58.69,282721.0,0.002391118701964143,0.0026473099914603097,0.010760034158838522,5
10691,2022-05-31 14:00:00,58.68,58.75,57.57,57.665,375759.0,-0.017297205180640773,0.001192910702113161,0.018916155419222893,5
10692,2022-05-31 15:00:00,57.6837,58.27,57.5407,58.07,779548.0,0.006696865839049828,0.010164049809564944,0.002479036538918285,5
10693,2022-05-31 16:00:00,58.07,58.07,57.86,57.86,87320.0,-0.0036163251248493345,0.0,0.0036163251248493345,5
10694,2022-05-31 18:00:00,58.0,58.23,57.96,58.23,4200.0,0.003965517241379257,0.003965517241379257,0.0006896551724137784,5
10695,2022-05-31 19:00:00,58.29,58.31,58.29,58.31,1408.0,0.0003431120260765676,0.0003431120260765676,0.0,5
10696,2022-06-01 07:00:00,57.81,58.75,57.81,58.68,3246.0,0.01504929942916446,0.016260162601625976,0.0,6
10697,2022-06-01 08:00:00,58.68,58.7,58.28,58.35,3687.0,-0.005623721881390564,0.00034083162917524076,0.006816632583503725,6
10698,2022-06-01 09:00:00,58.4,59.13,56.53,56.66,449473.0,-0.02979452054794524,0.012500000000000068,0.03202054794520544,6
10699,2022-06-01 10:00:00,56.78,57.06,55.47,55.9,535861.0,-0.015498414934836254,0.004931313842902451,0.023071504050722124,6
10700,2022-06-01 11:00:00,55.88,55.88,54.75,54.82,496990.0,-0.018969219756621372,0.0,0.02022190408017184,6
10701,2022-06-01 12:00:00,54.85,55.1,54.5501,54.99,345483.0,0.0025524156791248962,0.004557885141294439,0.005467639015496827,6
10702,2022-06-01 13:00:00,55.02,55.83,55.01,55.73,483314.0,0.012904398400581493,0.014721919302071885,0.00018175209014912967,6
10703,2022-06-01 14:00:00,55.72,56.24,55.58,55.92,308165.0,0.003589375448671982,0.009332376166547076,0.002512562814070362,6
10704,2022-06-01 15:00:00,55.93,56.32,55.54,55.57,733314.0,-0.0064366172000715075,0.006973001966744155,0.006973001966744155,6
10705,2022-06-01 16:00:00,55.57,55.57,55.43,55.4331,37157.0,-0.002463559474536569,0.0,0.00251934497030773,6
10706,2022-06-01 17:00:00,55.57,55.57,55.51,55.51,750.0,-0.0010797192729890637,0.0,0.0010797192729890637,6
10707,2022-06-01 18:00:00,55.45,55.55,55.42,55.55,2705.0,0.0018034265103695998,0.0018034265103695998,0.0005410279531109312,6
10708,2022-06-01 19:00:00,55.38,55.39,55.38,55.39,444.0,0.00018057060310577844,0.00018057060310577844,0.0,6
10709,2022-06-02 07:00:00,55.61,55.84,55.61,55.84,1124.0,0.004135946772163351,0.004135946772163351,0.0,6
10710,2022-06-02 08:00:00,56.2439,56.2439,55.7,55.94,4904.0,-0.005403252619395148,0.0,0.009670382032540305,6
10711,2022-06-02 09:00:00,56.18,56.578,55.2954,55.73,268554.0,-0.00800996796012821,0.007084371662513408,0.015745817016731913,6
10712,2022-06-02 10:00:00,55.67,56.66,55.56,56.65,488065.0,0.01760373630321532,0.01778336626549299,0.0019759295850547767,6
10713,2022-06-02 11:00:00,56.63,57.17,56.5401,56.61,383120.0,-0.00035316969803996336,0.009535581847077505,0.0015874977926893887,6
10714,2022-06-02 12:00:00,56.63,57.65,56.46,57.28,342992.0,0.01147801518629699,0.018011654600035246,0.0030019424333392495,6
10715,2022-06-02 13:00:00,57.32,57.72,57.2,57.56,229673.0,0.004187020237264515,0.006978367062107442,0.0020935101186321955,6
10716,2022-06-02 14:00:00,57.565,57.78,57.37,57.48,362326.0,-0.0014765916789716122,0.003734908364457629,0.0033874750282289635,6
10717,2022-06-02 15:00:00,57.47,57.79,57.198,57.75,680688.0,0.0048721071863581196,0.005568122498694976,0.004732904123890699,6
10718,2022-06-02 16:00:00,57.75,57.75,56.87,57.7,38841.0,-0.0008658008658008166,0.0,0.015238095238095283,6
10719,2022-06-02 17:00:00,57.6,57.74,57.6,57.61,420.0,0.00017361111111107656,0.0024305555555555656,0.0,6
10720,2022-06-02 18:00:00,57.74,57.82,57.73,57.8,1650.0,0.0010391409767924345,0.0013855213023899946,0.00017319016279884161,6
10721,2022-06-02 19:00:00,57.78,57.82,57.78,57.82,1026.0,0.000692281066112827,0.000692281066112827,0.0,6
10722,2022-06-03 07:00:00,57.32,57.32,56.66,56.9,1797.0,-0.0073272854152128695,0.0,0.011514305652477385,6
10723,2022-06-03 08:00:00,56.7101,57.1,56.7101,56.8201,5013.0,0.001939689755440379,0.006875318505874692,0.0,6
10724,2022-06-03 09:00:00,56.782,57.25,55.8376,56.58,275531.0,-0.003557465393962844,0.00824204853650811,0.016632031277517428,6
10725,2022-06-03 10:00:00,56.52,56.71,55.83,55.885,389356.0,-0.011234961075725497,0.0033616418966737035,0.012208067940552101,6
10726,2022-06-03 11:00:00,55.875,56.06,55.52,56.01,315273.0,0.0024161073825503,0.0033109619686801303,0.0063534675615211965,6
10727,2022-06-03 12:00:00,56.02,56.61,55.9,56.59,376942.0,0.010174937522313464,0.010531952873973514,0.0021420921099608095,6
10728,2022-06-03 13:00:00,56.58,56.855,55.951,56.04,412589.0,-0.009544008483563082,0.004860374690703404,0.011117002474372532,6
10729,2022-06-03 14:00:00,56.03,56.145,55.77,55.83,293064.0,-0.003569516330537263,0.0020524718900589325,0.00464037122969834,6
10730,2022-06-03 15:00:00,55.835,56.4062,55.79,56.33,1002845.0,0.00886540700277599,0.010230142383809393,0.0008059460911614884,6
10731,2022-06-03 16:00:00,56.33,56.44,56.14,56.44,40384.0,0.0019527782709035937,0.0019527782709035937,0.003372980649742548,6
10732,2022-06-03 17:00:00,56.2,56.2,56.14,56.15,1215.0,-0.000889679715302567,0.0,0.0010676156583630297,6
10733,2022-06-03 19:00:00,56.15,56.16,56.13,56.14,1408.0,-0.00017809439002667874,0.00017809439002667874,0.0003561887800533575,6
10734,2022-06-06 07:00:00,57.01,57.01,57.01,57.01,215.0,0.0,0.0,0.0,6
10735,2022-06-06 08:00:00,57.2899,57.2899,57.0,57.15,3300.0,-0.0024419662104490382,0.0,0.0050602287663271,6
10736,2022-06-06 09:00:00,57.15,57.34,55.9,56.65,240648.0,-0.008748906386701663,0.0033245844269467165,0.021872265966754158,6
10737,2022-06-06 10:00:00,56.68,57.4716,56.65,57.02,307394.0,0.005998588567395967,0.01396612561750181,0.000529287226534953,6
10738,2022-06-06 11:00:00,57.03,57.12,56.46,57.0,170708.0,-0.0005260389268806091,0.0015781167806417026,0.009994739610731199,6
10739,2022-06-06 12:00:00,56.98,57.0,56.22,56.63,156160.0,-0.006142506142506043,0.0003510003510004059,0.013338013338013304,6
10740,2022-06-06 13:00:00,56.62,57.11,56.285,57.11,257477.0,0.008654185800070682,0.008654185800070682,0.005916637230660559,6
10741,2022-06-06 14:00:00,57.1299,57.1299,56.39,56.66,151290.0,-0.008225115044836463,0.0,0.012951186681580025,6
10742,2022-06-06 15:00:00,56.54,56.92,56.504,56.8,354507.0,0.00459851432614075,0.006720905553590424,0.0006367173682349021,6
10743,2022-06-06 16:00:00,56.8,56.8,56.75,56.75,32546.0,-0.0008802816901407951,0.0,0.0008802816901407951,6
10744,2022-06-06 18:00:00,56.85,56.85,56.85,56.85,100.0,0.0,0.0,0.0,6
10745,2022-06-06 19:00:00,56.85,56.85,56.85,56.85,100.0,0.0,0.0,0.0,6
10746,2022-06-07 04:00:00,55.0,55.0,55.0,55.0,125.0,0.0,0.0,0.0,6
10747,2022-06-07 07:00:00,56.02,56.02,56.02,56.02,100.0,0.0,0.0,0.0,6
10748,2022-06-07 08:00:00,57.0812,57.0812,56.01,56.06,24436.0,-0.017890303637625,0.0,0.018766248782436327,6
10749,2022-06-07 09:00:00,56.34,56.57,55.4263,56.05,248393.0,-0.0051473198438055775,0.004082357117500832,0.01621760738374167,6
10750,2022-06-07 10:00:00,56.0525,57.19,55.855,56.89,662156.0,0.014941349627581259,0.02029347486731182,0.0035234824494894093,6
10751,2022-06-07 11:00:00,56.9,57.06,55.69,55.99,573957.0,-0.01599297012302279,0.0028119507908612247,0.021265377855887536,6
10752,2022-06-07 12:00:00,55.99,56.59,55.59,56.59,616577.0,0.010716199321307402,0.010716199321307402,0.007144132880871559,6
10753,2022-06-07 13:00:00,56.59,56.92,56.21,56.21,582720.0,-0.006714967308711831,0.0058314189786181,0.006714967308711831,6
10754,2022-06-07 14:00:00,56.19,56.41,55.99,56.085,508676.0,-0.0018686599038974351,0.003915287417689961,0.0035593521978999065,6
10755,2022-06-07 15:00:00,56.085,57.19,56.07,56.74,1602535.0,0.011678701970223788,0.019702237674957598,0.0002674511901578063,6
10756,2022-06-07 16:00:00,57.0,57.0,56.48,56.48,54021.0,-0.009122807017543914,0.0,0.009122807017543914,6
10757,2022-06-07 17:00:00,56.6601,56.6601,56.6601,56.6601,103.0,0.0,0.0,0.0,6
10758,2022-06-07 18:00:00,56.66,56.85,56.66,56.74,2060.0,0.0014119308153901413,0.0033533356865514444,0.0,6
10759,2022-06-07 19:00:00,56.6,56.6,56.6,56.6,302.0,0.0,0.0,0.0,6
10760,2022-06-08 06:00:00,55.55,55.55,55.0,55.26,2616.0,-0.0052205220522052054,0.0,0.00990099009900985,6
10761,2022-06-08 07:00:00,55.59,56.01,55.57,55.75,9265.0,0.002878215506385979,0.007555315704263259,0.0003597769382983113,6
10762,2022-06-08 08:00:00,55.7857,55.93,55.45,55.45,8128.0,-0.0060176711953062465,0.0025866844011996123,0.0060176711953062465,6
10763,2022-06-08 09:00:00,55.44,56.455,54.82,56.16,516202.0,0.012987012987012967,0.01830808080808082,0.011183261183261137,6
10764,2022-06-08 10:00:00,56.125,56.15,54.25,54.29,774837.0,-0.032694877505567946,0.00044543429844095465,0.0334075723830735,6
10765,2022-06-08 11:00:00,54.29,54.77,54.23,54.55,514088.0,0.004789095597715933,0.008841407257321864,0.0011051759071652658,6
10766,2022-06-08 12:00:00,54.535,54.98,54.1,54.53,440527.0,-9.168423947915015e-05,0.00815989731365179,0.007976528834693228,6
10767,2022-06-08 13:00:00,54.52,54.55,53.82,54.21,520797.0,-0.005685986793837166,0.0005502567865002573,0.012839325018341945,6
10768,2022-06-08 14:00:00,54.2,54.33,53.83,53.99,470864.0,-0.0038745387453874695,0.0023985239852397683,0.0068265682656827404,6
10769,2022-06-08 15:00:00,53.99,54.18,53.78,53.84,1224162.0,-0.0027782922763474453,0.0035191702167067553,0.003889609186886476,6
10770,2022-06-08 16:00:00,53.83,54.2399,53.83,53.9,116214.0,0.0013003901170351158,0.007614712985324176,0.0,6
10771,2022-06-08 17:00:00,53.8999,53.9799,53.85,53.85,926.0,-0.0009257902148241637,0.001484232809337277,0.0009257902148241637,6
10772,2022-06-08 18:00:00,53.98,53.98,53.82,53.82,2000.0,-0.0029640607632455836,0.0,0.0029640607632455836,6
10773,2022-06-08 19:00:00,53.84,53.98,53.82,53.98,2084.0,0.0026002971768200865,0.0026002971768200865,0.00037147102526008776,6
10774,2022-06-09 07:00:00,54.26,54.26,54.01,54.01,969.0,-0.004607445632141541,0.0,0.004607445632141541,6
10775,2022-06-09 08:00:00,54.5,54.5,53.6001,53.6001,10594.0,-0.016511926605504632,0.0,0.016511926605504632,6
10776,2022-06-09 09:00:00,53.65,53.73,51.2,51.46,739399.0,-0.04082013047530285,0.0014911463187324938,0.04566635601118352,6
10777,2022-06-09 10:00:00,51.45,51.9,50.57,50.89,1008702.0,-0.010884353741496643,0.008746355685131112,0.017103984450923274,6
10778,2022-06-09 11:00:00,50.87,51.08,50.625,50.98,634845.0,0.0021623746805582746,0.004128169844702199,0.004816198152152495,6
10779,2022-06-09 12:00:00,50.98,51.05,50.601,50.86,558728.0,-0.0023538642604942614,0.001373087485288354,0.007434287956061158,6
10780,2022-06-09 13:00:00,50.88,50.8861,50.2702,50.625,503318.0,-0.005011792452830239,0.0001198899371068483,0.011985062893081759,6
10781,2022-06-09 14:00:00,50.63,50.83,50.355,50.36,628188.0,-0.005332806636381654,0.003950227138060354,0.005431562314833215,6
10782,2022-06-09 15:00:00,50.35,50.38,49.35,49.37,2024700.0,-0.01946375372393255,0.0005958291956306085,0.019860973187686197,6
10783,2022-06-09 16:00:00,49.8,49.9,49.37,49.51,116875.0,-0.0058232931726907465,0.0020080321285140847,0.008634538152610437,6
10784,2022-06-09 17:00:00,49.6,49.6399,49.5,49.54,3813.0,-0.0012096774193548845,0.0008044354838708836,0.002016129032258093,6
10785,2022-06-09 18:00:00,49.5,49.71,49.42,49.66,6857.0,0.0032323232323231634,0.004242424242424259,0.0016161616161615817,6
10786,2022-06-09 19:00:00,49.65,49.69,49.6,49.65,2041.0,0.0,0.0008056394763343233,0.0010070493454178682,6
10787,2022-06-10 05:00:00,49.99,49.99,49.99,49.99,255.0,0.0,0.0,0.0,6
10788,2022-06-10 06:00:00,49.69,49.7,49.6,49.6,2600.0,-0.0018112296236666595,0.00020124773596307338,0.0018112296236666595,6
10789,2022-06-10 07:00:00,49.49,50.03,49.49,49.79,7126.0,0.006061830672863147,0.01091129521115375,0.0,6
10790,2022-06-10 08:00:00,49.7899,49.8,48.35,48.4,25055.0,-0.027915300090982392,0.00020285238572469966,0.028919519822293304,6
10791,2022-06-10 09:00:00,48.38,49.47,47.53,47.94,1621041.0,-0.009094667217858718,0.02252997106242241,0.017569243489045087,6
10792,2022-06-10 10:00:00,47.92,48.01,46.76,47.01,1434144.0,-0.01898998330550926,0.0018781302170283035,0.02420701168614365,6
10793,2022-06-10 11:00:00,47.0,47.0,46.1333,46.46,889023.0,-0.01148936170212764,0.0,0.01844042553191493,6
10794,2022-06-10 12:00:00,46.44,46.59,45.73,45.95,779987.0,-0.010551248923341836,0.003229974160206841,0.015288544358311819,6
10795,2022-06-10 13:00:00,45.94,46.145,45.76,45.87,656928.0,-0.0015237265999129362,0.004462342185459413,0.003918154114061814,6
10796,2022-06-10 14:00:00,45.87,46.7,45.81,46.59,1099084.0,0.015696533682145325,0.018094615216917492,0.0013080444735119941,6
10797,2022-06-10 15:00:00,46.58,46.97,45.62,45.75,2422591.0,-0.017818806354658615,0.008372692142550464,0.02060970373550882,6
10798,2022-06-10 16:00:00,45.73,46.29,45.73,46.24,163099.0,0.011152416356877436,0.012245790509512406,0.0,6
10799,2022-06-10 17:00:00,46.02,46.2,45.75,46.0,7665.0,-0.0004345936549327059,0.003911342894393735,0.0058670143415906805,6
10800,2022-06-10 18:00:00,45.96,46.0,45.86,45.86,2558.0,-0.0021758050478677417,0.0008703220191470659,0.0021758050478677417,6
10801,2022-06-10 19:00:00,45.95,45.98,45.83,45.95,1359.0,0.0,0.0006528835690967145,0.0026115342763874763,6
10802,2022-06-13 04:00:00,45.0,45.3,43.0,43.86,6110.0,-0.025333333333333347,0.006666666666666604,0.044444444444444446,6
10803,2022-06-13 07:00:00,44.28,45.1,43.75,43.75,12805.0,-0.011969286359530287,0.018518518518518524,0.011969286359530287,6
10804,2022-06-13 08:00:00,44.265,45.02,43.7,43.89,28233.0,-0.008471704506946797,0.017056365073986276,0.012764034790466457,6
10805,2022-06-13 09:00:00,43.89,44.41,42.43,42.44,928921.0,-0.03303713830029626,0.01184780132148544,0.033264980633401706,6
10806,2022-06-13 10:00:00,42.44,43.09,41.1001,41.53,1365830.0,-0.021442035815268535,0.015315739868049145,0.031571630537229035,6
10807,2022-06-13 11:00:00,41.53,42.5195,41.505,42.19,983541.0,0.015892126173850146,0.02382614977124969,0.0006019744762821714,6
10808,2022-06-13 12:00:00,42.185,42.68,41.77,42.01,831976.0,-0.004148393978902555,0.011734028683181165,0.009837620007111511,6
10809,2022-06-13 13:00:00,42.01,42.085,41.5,41.955,721958.0,-0.0013092120923589555,0.001785289216853198,0.012139966674601238,6
10810,2022-06-13 14:00:00,41.955,42.08,41.49,41.655,666887.0,-0.0071505184125848446,0.0029793826719103802,0.011083303539506527,6
10811,2022-06-13 15:00:00,41.65,41.68,40.92,41.295,1704440.0,-0.008523409363745424,0.0007202881152461257,0.017527010804321654,6
10812,2022-06-13 16:00:00,41.3,41.65,41.25,41.32,14026.0,0.0004842615012107295,0.008474576271186475,0.0012106537530265657,6
10813,2022-06-13 17:00:00,41.36,41.9,41.3,41.75,19574.0,0.00942940038684721,0.013056092843326865,0.0014506769825919311,6
10814,2022-06-13 18:00:00,41.5,41.75,41.5,41.6,3894.0,0.0024096385542169015,0.006024096385542169,0.0,6
10815,2022-06-13 19:00:00,41.6,41.75,41.31,41.34,3247.0,-0.006249999999999952,0.0036057692307691963,0.006971153846153826,6
10816,2022-06-14 04:00:00,41.3,41.98,41.3,41.98,621.0,0.016464891041162222,0.016464891041162222,0.0,6
10817,2022-06-14 05:00:00,41.6,41.65,41.6,41.65,250.0,0.0012019230769230085,0.0012019230769230085,0.0,6
10818,2022-06-14 06:00:00,41.51,41.51,41.44,41.45,870.0,-0.0014454348349794066,0.0,0.0016863406408094504,6
10819,2022-06-14 07:00:00,41.69,41.72,41.44,41.5,1938.0,-0.004557447829215585,0.0007195970256656546,0.005996641880546894,6
10820,2022-06-14 08:00:00,41.4501,41.83,41.44,41.83,7560.0,0.009165237237063343,0.009165237237063343,0.00024366648090116383,6
10821,2022-06-14 09:00:00,41.53,42.17,40.12,41.25,884148.0,-0.0067421141343607304,0.015410546592824478,0.033951360462316484,6
10822,2022-06-14 10:00:00,41.27,41.38,39.89,40.41,1434661.0,-0.02083838139084096,0.00266537436394474,0.03343833292948879,6
10823,2022-06-14 11:00:00,40.4,40.74,40.075,40.56,711259.0,0.003960396039604052,0.008415841584158501,0.008044554455445439,6
10824,2022-06-14 12:00:00,40.55,40.55,39.88,39.9,705982.0,-0.016029593094944478,0.0,0.016522811344019596,6
10825,2022-06-14 13:00:00,39.91,40.31,39.52,39.61,639910.0,-0.007516913054372267,0.01002255073916326,0.009771986970683877,6
10826,2022-06-14 14:00:00,39.63,39.94,39.385,39.385,637003.0,-0.00618218521322242,0.007822356800403612,0.00618218521322242,6
10827,2022-06-14 15:00:00,39.385,39.63,39.0,39.49,1374059.0,0.002665989589945512,0.0062206423765394075,0.009775295163133123,6
10828,2022-06-14 16:00:00,39.49,39.57,39.41,39.56,29024.0,0.0017726006583945373,0.00202582932387942,0.0020258293238795996,6
10829,2022-06-14 17:00:00,39.49,39.59,39.4,39.41,14443.0,-0.0020258293238795996,0.0025322866548493648,0.0022790579893644824,6
10830,2022-06-14 18:00:00,39.4,39.87,39.34,39.6801,6564.0,0.007109137055837677,0.011928934010152256,0.001522842639593786,6
10831,2022-06-14 19:00:00,39.8,40.1,39.68,40.0,2586.0,0.005025125628140776,0.0075376884422111625,0.0030150753768843582,6
10832,2022-06-15 04:00:00,40.2,40.32,40.2,40.2,11587.0,0.0,0.002985074626865608,0.0,6
10833,2022-06-15 05:00:00,40.1,40.44,40.1,40.1,8300.0,0.0,0.008478802992518611,0.0,6
10834,2022-06-15 06:00:00,40.3,40.43,40.24,40.3,8287.0,0.0,0.003225806451612967,0.0014888337468981433,6
10835,2022-06-15 07:00:00,40.3,40.33,40.24,40.33,2523.0,0.0007444168734491598,0.0007444168734491598,0.0014888337468981433,6
10836,2022-06-15 08:00:00,40.42,40.4479,40.1399,40.23,15291.0,-0.004700643245917982,0.0006902523503215085,0.006929737753587443,6
10837,2022-06-15 09:00:00,40.2101,40.3999,39.5301,39.87,874206.0,-0.008458073966490997,0.004720207112143599,0.01691117405825899,6
10838,2022-06-15 10:00:00,39.87,40.29,39.16,39.26,1318778.0,-0.015299724103335828,0.010534236267870622,0.017807875595686,6
10839,2022-06-15 11:00:00,39.27,39.92,39.07,39.89,590523.0,0.01578813343519219,0.01655207537560475,0.00509294626941693,6
10840,2022-06-15 12:00:00,39.88,40.39,39.62,39.67,1093481.0,-0.005265797392176551,0.012788365095285806,0.0065195586760282125,6
10841,2022-06-15 13:00:00,39.66,40.16,39.65,40.01,600199.0,0.008825012607160903,0.01260716086737267,0.00025214321734740323,6
10842,2022-06-15 14:00:00,40.01,40.32,38.8,39.36,1395459.0,-0.016245938515371122,0.007748062984253993,0.030242439390152486,6
10843,2022-06-15 15:00:00,39.37,40.405,39.345,39.72,2039698.0,0.008890017780035597,0.02628905257810525,0.0006350012700025039,6
10844,2022-06-15 16:00:00,39.54,39.8,39.54,39.65,215759.0,0.002781992918563466,0.006575619625695448,0.0,6
10845,2022-06-15 17:00:00,39.7899,39.98,39.77,39.98,10307.0,0.004777594314134841,0.004777594314134841,0.000500126916629592,6
10846,2022-06-15 18:00:00,40.08,40.48,40.0,40.35,30788.0,0.006736526946107863,0.009980039920159646,0.0019960079840318935,6
10847,2022-06-15 19:00:00,40.47,40.49,40.1,40.25,8282.0,-0.005436125525080279,0.0004941932295528323,0.009142574746725907,6
10848,2022-06-16 04:00:00,39.7,39.7,38.65,38.65,1609.0,-0.02644836272040313,0.0,0.02644836272040313,6
10849,2022-06-16 05:00:00,38.6,38.88,38.4,38.88,3724.0,0.007253886010362724,0.007253886010362724,0.00518134715025914,6
10850,2022-06-16 06:00:00,38.34,38.56,38.34,38.36,2918.0,0.0005216484089722489,0.0057381324986958485,0.0,6
10851,2022-06-16 07:00:00,38.35,38.76,37.78,37.95,44044.0,-0.010430247718383275,0.010691003911342804,0.014863102998696226,6
10852,2022-06-16 08:00:00,38.5001,38.7499,37.4,38.49,48627.0,-0.0002623369809429412,0.0064882948355976565,0.028573951755969586,6
10853,2022-06-16 09:00:00,38.5,38.65,36.85,36.85,935828.0,-0.04285714285714282,0.0038961038961038592,0.04285714285714282,6
10854,2022-06-16 10:00:00,36.85,36.85,36.02,36.1,1695403.0,-0.020352781546811395,0.0,0.022523744911804568,6
10855,2022-06-16 11:00:00,36.12,36.795,36.05,36.2,1042024.0,0.0022148394241418993,0.018687707641196132,0.001937984496124039,6
10856,2022-06-16 12:00:00,36.22,36.28,35.56,35.76,1115919.0,-0.012700165654334645,0.0016565433462176222,0.018221976808393058,6
10857,2022-06-16 13:00:00,35.76,35.99,35.305,35.325,1115736.0,-0.012164429530201208,0.006431767337807718,0.012723713646532391,6
10858,2022-06-16 14:00:00,35.3018,35.44,34.835,35.0097,1526707.0,-0.008274365613084823,0.003914814542034618,0.013223121767161993,6
10859,2022-06-16 15:00:00,34.99,35.52,34.98,35.1505,1975047.0,0.004587024864246898,0.01514718490997431,0.0002857959416977741,6
10860,2022-06-16 16:00:00,35.49,35.49,35.16,35.33,84559.0,-0.004508312200619997,0.0,0.009298393913778681,6
10861,2022-06-16 17:00:00,35.27,35.4,35.27,35.4,64798.0,0.0036858519988657626,0.0036858519988657626,0.0,6
10862,2022-06-16 18:00:00,35.4,35.6,35.3501,35.3501,5060.0,-0.0014096045197740381,0.005649717514124374,0.0014096045197740381,6
10863,2022-06-16 19:00:00,35.45,35.5,35.26,35.26,9245.0,-0.0053596614950636055,0.001410437235542938,0.0053596614950636055,6
10864,2022-06-17 04:00:00,35.77,35.85,35.76,35.85,2100.0,0.002236511042773226,0.002236511042773226,0.0002795638803468022,6
10865,2022-06-17 05:00:00,35.76,35.92,35.76,35.85,907.0,0.0025167785234900286,0.0044742729306488736,0.0,6
10866,2022-06-17 06:00:00,36.06,36.18,36.06,36.12,4860.0,0.0016638935108151736,0.0033277870216305446,0.0,6
10867,2022-06-17 07:00:00,36.0,36.27,35.92,35.92,12943.0,-0.002222222222222175,0.0075000000000000865,0.002222222222222175,6
10868,2022-06-17 08:00:00,36.19,36.28,35.64,35.85,27579.0,-0.009394860458690145,0.0024868748273004534,0.015197568389057673,6
10869,2022-06-17 09:00:00,35.75,35.95,34.66,35.4385,1999719.0,-0.00871328671328678,0.005594405594405674,0.030489510489510586,6
10870,2022-06-17 10:00:00,35.44,35.49,34.1,35.42,1279458.0,-0.0005643340857786688,0.001410835214447073,0.037810383747178225,6
10871,2022-06-17 11:00:00,35.41,36.3,35.175,35.7,1495141.0,0.0081897768991812,0.025134142897486604,0.006636543349336331,6
10872,2022-06-17 12:00:00,35.68,36.26,35.56,36.2,1036390.0,0.014573991031390222,0.016255605381165873,0.0033632286995514977,6
10873,2022-06-17 13:00:00,36.2,36.94,36.13,36.938,1133324.0,0.0203867403314917,0.0204419889502761,0.0019337016574585712,6
10874,2022-06-17 14:00:00,36.96,37.45,36.9324,37.09,1329638.0,0.0035173160173160864,0.013257575757575812,0.0007467532467532366,6
10875,2022-06-17 15:00:00,37.0982,37.46,36.68,37.298,1945223.0,0.005385706045037315,0.009752494730202607,0.011272784124297103,6
10876,2022-06-17 16:00:00,37.2,37.5,37.2,37.49,53089.0,0.007795698924731159,0.008064516129032182,0.0,6
10877,2022-06-17 17:00:00,37.5,37.73,37.49,37.55,42913.0,0.0013333333333332576,0.00613333333333325,0.0002666666666666136,6
10878,2022-06-17 18:00:00,37.55,37.55,37.55,37.55,500.0,0.0,0.0,0.0,6
10879,2022-06-17 19:00:00,37.68,37.88,37.61,37.88,7895.0,0.005307855626327039,0.005307855626327039,0.001857749469214445,6
10880,2022-06-21 04:00:00,38.92,39.21,38.34,38.79,6813.0,-0.0033401849948613196,0.007451181911613544,0.014902363823227087,6
10881,2022-06-21 05:00:00,38.62,38.7,38.61,38.61,1630.0,-0.0002589331952355777,0.0020714655618851736,0.0002589331952355777,6
10882,2022-06-21 06:00:00,38.63,38.63,38.41,38.47,11936.0,-0.004141858659073355,0.0,0.005695055656225885,6
10883,2022-06-21 07:00:00,38.61,38.61,38.07,38.25,9791.0,-0.00932400932400931,0.0,0.013986013986013963,6
10884,2022-06-21 08:00:00,38.4785,38.65,38.07,38.34,31444.0,-0.003599412659017202,0.004457034447808562,0.010616318203672091,6
10885,2022-06-21 09:00:00,38.31,38.4,36.41,37.51,1456624.0,-0.020882276168102433,0.002349256068911415,0.04959540589924316,6
10886,2022-06-21 10:00:00,37.51,37.7488,37.105,37.45,1450005.0,-0.0015995734470806498,0.006366302319381626,0.010797120767795286,6
10887,2022-06-21 11:00:00,37.435,37.4629,36.6,36.7794,821521.0,-0.01751302257245892,0.0007452918391878021,0.022305329237344754,6
10888,2022-06-21 12:00:00,36.77,37.61,36.7399,37.59,658865.0,0.02230078868642916,0.02284471036170781,0.0008186021212946547,6
10889,2022-06-21 13:00:00,37.59,37.61,37.14,37.315,468452.0,-0.0073157754722002035,0.0005320563979780798,0.011971268954509253,6
10890,2022-06-21 14:00:00,37.2929,37.4311,37.18,37.19,543990.0,-0.002759238353681406,0.0037057992271986796,0.003027385909918599,6
10891,2022-06-21 15:00:00,37.18,37.44,37.0,37.03,1008788.0,-0.00403442711135015,0.006993006993006939,0.004841312533620219,6
10892,2022-06-21 16:00:00,37.0,37.16,36.9,36.9,87618.0,-0.002702702702702741,0.0043243243243242325,0.002702702702702741,6
10893,2022-06-21 17:00:00,37.03,37.03,36.95,36.95,31951.0,-0.002160410477990772,0.0,0.002160410477990772,6
10894,2022-06-21 18:00:00,36.95,36.95,36.85,36.86,1418.0,-0.002435723951285613,0.0,0.0027063599458728394,6
10895,2022-06-21 19:00:00,36.9,36.9,36.77,36.84,5378.0,-0.0016260162601624707,0.0,0.0035230352303521804,6
10896,2022-06-22 04:00:00,36.5,36.5,35.93,35.93,620.0,-0.015616438356164391,0.0,0.015616438356164391,6
10897,2022-06-22 05:00:00,35.75,35.76,35.6,35.76,9488.0,0.00027972027972022405,0.00027972027972022405,0.004195804195804156,6
10898,2022-06-22 06:00:00,35.51,36.2,35.41,36.0,19912.0,0.013798929878907407,0.01943114615601253,0.002816108138552561,6
10899,2022-06-22 07:00:00,36.19,36.35,36.01,36.02,11079.0,-0.004697430229344974,0.00442111080408963,0.004973749654600711,6
10900,2022-06-22 08:00:00,36.1999,36.36,35.73,36.1,14266.0,-0.0027596761317019687,0.004422664151005939,0.012980698841709581,6
10901,2022-06-22 09:00:00,36.02,37.24,35.97,36.835,721347.0,0.022626318711826698,0.03387007218212101,0.0013881177123821282,6
10902,2022-06-22 10:00:00,36.835,37.72,36.4,37.3515,1181519.0,0.014021989955205663,0.024026062169132563,0.011809420388217789,6
10903,2022-06-22 11:00:00,37.35,37.35,36.8401,36.98,794796.0,-0.009906291834002798,0.0,0.013651941097724277,6
10904,2022-06-22 12:00:00,36.98,37.47,36.98,37.44,464829.0,0.012439156300703106,0.013250405624662034,0.0,6
10905,2022-06-22 13:00:00,37.46,37.57,37.25,37.34,471833.0,-0.0032034169781099157,0.00293646556326747,0.0056059797116924945,6
10906,2022-06-22 14:00:00,37.36,37.57,37.14,37.24,373717.0,-0.003211991434689439,0.005620985010706661,0.0058886509635974,6
10907,2022-06-22 15:00:00,37.25,37.29,36.67,36.67,946278.0,-0.015570469798657673,0.0010738255033556818,0.015570469798657673,6
10908,2022-06-22 16:00:00,36.67,36.96,36.6,36.96,78531.0,0.007908371966184869,0.007908371966184869,0.0019089173711480851,6
10909,2022-06-22 17:00:00,36.78,36.78,36.74,36.74,2766.0,-0.0010875475802066107,0.0,0.0010875475802066107,6
10910,2022-06-22 18:00:00,36.69,36.69,36.55,36.55,377.0,-0.003815753611338255,0.0,0.003815753611338255,6
10911,2022-06-22 19:00:00,36.41,36.55,36.25,36.3,8122.0,-0.0030211480362537613,0.0038450975006866406,0.004394397143641763,6
10912,2022-06-23 04:00:00,36.0,36.0,36.0,36.0,638.0,0.0,0.0,0.0,6
10913,2022-06-23 07:00:00,36.95,36.95,36.95,36.95,700.0,0.0,0.0,0.0,6
10914,2022-06-23 08:00:00,36.95,37.0,36.75,36.7999,12238.0,-0.004062246278755125,0.0013531799729363234,0.005412719891745679,6
10915,2022-06-23 09:00:00,36.8,36.9599,35.32,35.905,638685.0,-0.024320652173912938,0.004345108695652185,0.04021739130434775,6
10916,2022-06-23 10:00:00,35.88,36.27,35.31,36.12,1142940.0,0.006688963210702198,0.01086956521739132,0.015886287625418067,6
10917,2022-06-23 11:00:00,36.13,36.32,35.7,35.74,786161.0,-0.010794353722668158,0.005258787711043391,0.011901466924993071,6
10918,2022-06-23 12:00:00,35.75,35.77,35.25,35.27,678399.0,-0.01342657342657334,0.0005594405594406469,0.013986013986013986,6
10919,2022-06-23 13:00:00,35.26,35.34,34.86,35.07,569098.0,-0.005388542257515535,0.002268859897901458,0.011344299489506483,6
10920,2022-06-23 14:00:00,35.07,35.53,35.04,35.51,555250.0,0.012546335899629248,0.013116623895067034,0.0008554319931565764,6
10921,2022-06-23 15:00:00,35.51,36.235,35.495,36.07,1283752.0,0.01577020557589418,0.020416784004505813,0.0004224162207828941,6
10922,2022-06-23 16:00:00,36.01,36.07,35.95,35.95,59678.0,-0.0016662038322686802,0.0016662038322688775,0.0016662038322686802,6
10923,2022-06-23 17:00:00,36.06,36.07,36.04,36.05,3380.0,-0.0002773155851360265,0.0002773155851358294,0.000554631170271856,6
10924,2022-06-23 18:00:00,36.12,36.12,35.86,36.05,10824.0,-0.001937984496124039,0.0,0.007198228128460632,6
10925,2022-06-23 19:00:00,36.0,36.05,36.0,36.05,1337.0,0.00138888888888881,0.00138888888888881,0.0,6
10926,2022-06-24 04:00:00,36.8,36.8,36.74,36.74,300.0,-0.0016304347826085644,0.0,0.0016304347826085644,6
10927,2022-06-24 07:00:00,36.5,36.74,36.43,36.6,15232.0,0.0027397260273972993,0.006575342465753479,0.00191780821917809,6
10928,2022-06-24 08:00:00,36.5,36.7,36.35,36.59,11279.0,0.002465753424657628,0.005479452054794599,0.004109589041095852,6
10929,2022-06-24 09:00:00,36.55,39.84,36.0,39.67,1755028.0,0.08536251709986334,0.09001367989056105,0.015047879616962988,6
10930,2022-06-24 10:00:00,39.71,40.99,39.28,40.645,2422692.0,0.023545706371191192,0.032233694283555804,0.010828506673382012,6
10931,2022-06-24 11:00:00,40.66,40.9799,40.41,40.89,1374301.0,0.005656665027053713,0.007867683226758586,0.006148548942449582,6
10932,2022-06-24 12:00:00,40.86,41.61,40.59,41.5,1605291.0,0.015663240332843872,0.018355359765051395,0.006607929515418405,6
10933,2022-06-24 13:00:00,41.5,41.59,40.945,41.1799,1042191.0,-0.007713253012048109,0.0021686746987952627,0.013373493975903608,6
10934,2022-06-24 14:00:00,41.185,41.67,41.15,41.585,1189391.0,0.009712273886123553,0.011776132086924837,0.0008498239650359037,6
10935,2022-06-24 15:00:00,41.58,41.8,41.445,41.78,2292538.0,0.004810004810004879,0.005291005291005264,0.003246753246753199,6
10936,2022-06-24 16:00:00,41.71,41.77,41.6,41.76,66602.0,0.0011987532965714975,0.0014385039558859332,0.0026372572524574305,6
10937,2022-06-24 17:00:00,41.6201,41.81,41.62,41.81,3574.0,0.0045626992727072135,0.0045626992727072135,2.402685241105131e-06,6
10938,2022-06-24 18:00:00,41.81,41.87,41.76,41.87,12400.0,0.0014350633819659212,0.0014350633819659212,0.0011958861516384658,6
10939,2022-06-24 19:00:00,41.88,42.0,41.75,41.88,7148.0,0.0,0.0028653295128939216,0.0031041069723018754,6
10940,2022-06-27 04:00:00,42.37,42.99,42.3,42.3,11119.0,-0.0016521123436393742,0.014632995043663078,0.0016521123436393742,6
10941,2022-06-27 05:00:00,42.3,42.3,42.02,42.02,300.0,-0.006619385342789458,0.0,0.006619385342789458,6
10942,2022-06-27 06:00:00,42.34,42.34,41.92,41.99,1670.0,-0.008266414737836594,0.0,0.009919697685403912,6
10943,2022-06-27 07:00:00,42.28,42.3,42.06,42.06,5692.0,-0.005203405865657494,0.00047303689687786237,0.005203405865657494,6
10944,2022-06-27 08:00:00,42.2403,42.281,41.76,41.77,25078.0,-0.011133917136005063,0.0009635348233795942,0.011370657878850287,6
10945,2022-06-27 09:00:00,41.9,41.96,39.4496,40.115,1519271.0,-0.042601431980906844,0.0014319809069212955,0.058482100238663536,6
10946,2022-06-27 10:00:00,40.11,40.34,38.925,40.12,1391115.0,0.0002493143854399903,0.005734230865121016,0.029543754674644783,6
10947,2022-06-27 11:00:00,40.15,40.73,40.12,40.33,876637.0,0.004483188044831873,0.01444582814445824,0.0007471980074720084,6
10948,2022-06-27 12:00:00,40.33,40.47,39.85,40.47,644160.0,0.003471361269526421,0.003471361269526421,0.011901810066947604,6
10949,2022-06-27 13:00:00,40.48,40.62,40.16,40.39,493929.0,-0.002223320158102676,0.0034584980237154293,0.007905138339920957,6
10950,2022-06-27 14:00:00,40.4,40.79,40.3,40.52,553996.0,0.002970297029703083,0.009653465346534667,0.0024752475247525104,6
10951,2022-06-27 15:00:00,40.515,40.73,40.22,40.34,1149019.0,-0.004319387881031646,0.005306676539553161,0.007281253856596365,6
10952,2022-06-27 16:00:00,40.57,40.57,40.15,40.35,40996.0,-0.0054227261523292795,0.0,0.010352477199901447,6
10953,2022-06-27 17:00:00,40.35,40.39,40.35,40.36,3734.0,0.00024783147459722454,0.0009913258983890742,0.0,6
10954,2022-06-27 18:00:00,40.39,40.4,40.35,40.35,3920.0,-0.000990344144590224,0.000247586036147512,0.000990344144590224,6
10955,2022-06-27 19:00:00,40.41,40.41,40.35,40.41,1764.0,0.0,0.0,0.001484780994803147,6
10956,2022-06-28 04:00:00,40.54,40.54,40.54,40.54,750.0,0.0,0.0,0.0,6
10957,2022-06-28 05:00:00,40.65,40.65,40.63,40.64,3775.0,-0.0002460024600245513,0.0,0.0004920049200491026,6
10958,2022-06-28 06:00:00,40.64,40.64,40.64,40.64,200.0,0.0,0.0,0.0,6
10959,2022-06-28 07:00:00,40.64,40.75,40.64,40.65,3236.0,0.0002460629921259353,0.002706692913385813,0.0,6
10960,2022-06-28 08:00:00,40.6,40.8,40.45,40.65,6532.0,0.001231527093595989,0.0049261083743841316,0.003694581280788142,6
10961,2022-06-28 09:00:00,40.6,42.81,40.52,42.45,924042.0,0.04556650246305422,0.05443349753694583,0.0019704433497536524,6
10962,2022-06-28 10:00:00,42.44,42.5399,41.55,42.05,964348.0,-0.00918944392082942,0.0023539114043356554,0.02097078228086712,6
10963,2022-06-28 11:00:00,42.04,42.22,40.73,40.865,844378.0,-0.02794957183634627,0.004281636536631773,0.031160799238820227,6
10964,2022-06-28 12:00:00,40.86,41.51,40.835,41.3299,509786.0,0.011500244738130265,0.01590797846304451,0.0006118453255016784,6
10965,2022-06-28 13:00:00,41.32,41.3433,40.32,40.3224,576077.0,-0.024143272023233263,0.0005638915779283395,0.02420135527589545,6
10966,2022-06-28 14:00:00,40.325,40.48,39.97,40.21,610448.0,-0.0028518288902666332,0.0038437693738374214,0.008803471791692597,6
10967,2022-06-28 15:00:00,40.22,40.57,40.06,40.16,1147763.0,-0.0014917951268026424,0.008702138239681786,0.003978120338140144,6
10968,2022-06-28 16:00:00,40.02,40.3,40.02,40.1,58926.0,0.0019990004997500824,0.006996501749125287,0.0,6
10969,2022-06-28 17:00:00,40.14,40.3,40.14,40.3,98135.0,0.003986048829098071,0.003986048829098071,0.0,6
10970,2022-06-28 18:00:00,40.33,40.4,40.27,40.4,2564.0,0.0017356806347632106,0.0017356806347632106,0.0014877262583683404,6
10971,2022-06-28 19:00:00,40.4,40.49,40.13,40.4,10097.0,0.0,0.002227722772277312,0.006683168316831585,6
10972,2022-06-29 04:00:00,38.82,39.24,38.41,38.51,4244.0,-0.00798557444616183,0.010819165378670833,0.010561566202988246,6
10973,2022-06-29 05:00:00,38.68,38.68,38.31,38.32,2248.0,-0.009307135470527389,0.0,0.009565667011375322,6
10974,2022-06-29 06:00:00,38.16,38.32,38.15,38.19,8055.0,0.0007861635220126085,0.004192872117400517,0.00026205450733747407,6
10975,2022-06-29 07:00:00,38.44,38.77,38.36,38.77,8474.0,0.00858480749219577,0.00858480749219577,0.002081165452653442,6
10976,2022-06-29 08:00:00,38.5056,38.8,38.1,38.5451,53126.0,0.0010258248150917465,0.007645641153494452,0.010533532784841678,6
10977,2022-06-29 09:00:00,38.41,38.88,36.68,36.69,1477006.0,-0.04478000520697732,0.0122363967716742,0.0450403540744597,6
10978,2022-06-29 10:00:00,36.68,36.9,35.86,35.94,2507799.0,-0.02017448200654313,0.00599781897491818,0.022355507088331523,6
10979,2022-06-29 11:00:00,35.94,36.62,35.9029,36.58,1386911.0,0.017807456872565405,0.01892042292710072,0.0010322760155813927,6
10980,2022-06-29 12:00:00,36.58,36.7,35.5901,35.7878,1574835.0,-0.02165664297430293,0.003280481137233585,0.02706123564789499,6
10981,2022-06-29 13:00:00,35.7886,35.94,35.55,35.72,1118831.0,-0.0019168114986337422,0.004230397389112603,0.0066669274573468995,6
10982,2022-06-29 14:00:00,35.72,36.3,35.64,36.18,1270711.0,0.012877939529675276,0.016237402015677443,0.0022396416573347787,6
10983,2022-06-29 15:00:00,36.17,36.285,35.76,36.02,1935872.0,-0.004147083218136538,0.003179430467237901,0.01133536079624008,6
10984,2022-06-29 16:00:00,36.02,36.25,36.02,36.25,34407.0,0.006385341476957159,0.006385341476957159,0.0,6
10985,2022-06-29 17:00:00,36.12,36.25,36.12,36.25,13016.0,0.0035991140642304144,0.0035991140642304144,0.0,6
10986,2022-06-29 18:00:00,36.25,36.33,36.0601,36.3,7633.0,0.0013793103448275078,0.0022068965517240908,0.005238620689655214,6
10987,2022-06-29 19:00:00,36.3,36.31,36.15,36.17,6332.0,-0.003581267217630729,0.0002754820936640528,0.004132231404958639,6
10988,2022-06-30 04:00:00,36.0,36.0,35.53,35.53,2501.0,-0.013055555555555523,0.0,0.013055555555555523,6
10989,2022-06-30 05:00:00,35.53,35.53,35.11,35.13,5273.0,-0.01125809175344775,0.0,0.011820996341120228,6
10990,2022-06-30 06:00:00,35.13,35.13,35.13,35.13,692.0,0.0,0.0,0.0,6
10991,2022-06-30 07:00:00,35.42,35.42,35.15,35.2,18518.0,-0.00621118012422357,0.0,0.0076228119706381455,6
10992,2022-06-30 08:00:00,35.1301,35.42,35.05,35.11,31373.0,-0.0005721589178510548,0.00825218260124517,0.0022800959860632794,6
10993,2022-06-30 09:00:00,35.1501,35.44,33.46,33.76,1472230.0,-0.039547540405290564,0.008247487204872698,0.04808236676424821,6
10994,2022-06-30 10:00:00,33.76,33.99,33.0,33.51,1796716.0,-0.00740521327014218,0.006812796208530924,0.02251184834123217,6
10995,2022-06-30 11:00:00,33.51,34.69,33.41,34.6845,1061210.0,0.0350492390331245,0.03521336914353924,0.0029841838257237074,6
10996,2022-06-30 12:00:00,34.68,35.11,34.11,34.93,934225.0,0.00720876585928489,0.012399077277970003,0.01643598615916956,6
10997,2022-06-30 13:00:00,34.93,35.48,34.3,35.23,954440.0,0.00858860578299448,0.01574577726882328,0.01803607214428865,6
10998,2022-06-30 14:00:00,35.24,35.25,34.905,35.015,863901.0,-0.0063847900113507775,0.0002837684449488652,0.0095062429057889,6
10999,2022-06-30 15:00:00,35.01,35.09,34.54,34.91,1786600.0,-0.0028563267637818175,0.0022850614110255757,0.013424735789774319,6
11000,2022-06-30 16:00:00,34.88,35.0,34.78,35.0,39485.0,0.0034403669724769907,0.0034403669724769907,0.0028669724770642607,6
11001,2022-06-30 17:00:00,34.99,34.99,34.87,34.87,1678.0,-0.0034295513003716645,0.0,0.0034295513003716645,6
11002,2022-06-30 18:00:00,34.85,34.92,34.75,34.85,9118.0,0.0,0.0020086083213773395,0.002869440459110514,6
11003,2022-06-30 19:00:00,34.8,35.0,34.8,35.0,1632.0,0.0057471264367816915,0.0057471264367816915,0.0,6
11004,2022-07-01 04:00:00,35.94,35.95,34.4,35.95,2329.0,0.00027824151363397653,0.00027824151363397653,0.04284919309961044,7
11005,2022-07-01 05:00:00,35.24,35.24,35.24,35.24,120.0,0.0,0.0,0.0,7
11006,2022-07-01 06:00:00,34.41,34.41,34.25,34.25,380.0,-0.004649811101423906,0.0,0.004649811101423906,7
11007,2022-07-01 07:00:00,34.96,34.96,34.55,34.55,1079.0,-0.011727688787185461,0.0,0.011727688787185461,7
11008,2022-07-01 08:00:00,35.065,35.065,34.4,34.48,5191.0,-0.016683302438328843,0.0,0.018964779694852395,7
11009,2022-07-01 09:00:00,34.91,35.84,34.56,35.37,953647.0,0.013176740189057602,0.026639931251790518,0.010025780578630603,7
11010,2022-07-01 10:00:00,35.37,35.56,34.12,34.545,1199595.0,-0.02332485156912626,0.0053717839977383336,0.03534068419564603,7
11011,2022-07-01 11:00:00,34.53,35.025,34.2864,34.355,716072.0,-0.00506805676223586,0.014335360556038153,0.007054735013032166,7
11012,2022-07-01 12:00:00,34.37,34.77,34.175,34.175,669818.0,-0.005673552516729715,0.011638056444573922,0.005673552516729715,7
11013,2022-07-01 13:00:00,34.19,35.17,34.071,35.15,784957.0,0.028078385492834187,0.028663351857268326,0.0034805498683825615,7
11014,2022-07-01 14:00:00,35.16,35.52,34.97,35.2599,695738.0,0.002841296928327793,0.010238907849829539,0.005403868031854316,7
11015,2022-07-01 15:00:00,35.26,35.42,35.04,35.29,1483499.0,0.0008508224617130215,0.0045377197958027145,0.006239364719228556,7
11016,2022-07-01 16:00:00,35.5,35.5,35.1,35.24,57939.0,-0.0073239436619717746,0.0,0.011267605633802778,7
11017,2022-07-01 17:00:00,35.508,35.508,35.29,35.34,3449.0,-0.00473132815140248,0.0,0.006139461529796201,7
11018,2022-07-01 18:00:00,35.3,35.33,35.22,35.33,5896.0,0.0008498583569405422,0.0008498583569405422,0.0022662889518413115,7
11019,2022-07-01 19:00:00,35.35,35.35,35.34,35.34,703.0,-0.0002828854314002266,0.0,0.0002828854314002266,7
11020,2022-07-05 04:00:00,35.93,35.93,34.4,34.7,7874.0,-0.03423323128305029,0.0,0.04258279988867245,7
11021,2022-07-05 05:00:00,34.91,34.91,34.6,34.6,1567.0,-0.008879977083929968,0.0,0.008879977083929968,7
11022,2022-07-05 06:00:00,34.5,34.53,34.5,34.53,437.0,0.0008695652173913373,0.0008695652173913373,0.0,7
11023,2022-07-05 07:00:00,34.65,34.7,34.45,34.45,6495.0,-0.005772005772005649,0.0014430014430015662,0.005772005772005649,7
11024,2022-07-05 08:00:00,34.7,34.866,34.1,34.4,21957.0,-0.008645533141210497,0.0047838616714696485,0.01729106628242079,7
11025,2022-07-05 09:00:00,34.26,34.45,32.64,33.55,1372649.0,-0.020723876240513743,0.0055458260361939534,0.047285464098073486,7
11026,2022-07-05 10:00:00,33.5,34.82,32.77,34.56,1180341.0,0.031641791044776185,0.039402985074626876,0.02179104477611931,7
11027,2022-07-05 11:00:00,34.54,35.29,34.34,35.14,1049550.0,0.017371163867979197,0.021713954834973945,0.005790387955992928,7
11028,2022-07-05 12:00:00,35.14,36.17,35.11,35.53,1308662.0,0.011098463289698365,0.02931132612407516,0.0008537279453614438,7
11029,2022-07-05 13:00:00,35.52,36.4776,35.52,36.24,1237988.0,0.020270270270270237,0.026959459459459437,0.0,7
11030,2022-07-05 14:00:00,36.25,36.29,35.815,35.93,692613.0,-0.008827586206896559,0.0011034482758620454,0.012000000000000063,7
11031,2022-07-05 15:00:00,35.94,36.478,35.84,36.35,1870333.0,0.011407902058987304,0.014969393433500386,0.0027824151363381837,7
11032,2022-07-05 16:00:00,36.3,36.35,36.3,36.35,74806.0,0.0013774104683196768,0.0013774104683196768,0.0,7
11033,2022-07-05 17:00:00,36.3,36.3,36.0501,36.0501,4189.0,-0.0068842975206610665,0.0,0.0068842975206610665,7
11034,2022-07-05 18:00:00,36.27,36.36,36.15,36.33,3525.0,0.0016542597187757144,0.00248138957816367,0.0033085194375518205,7
11035,2022-07-05 19:00:00,36.34,36.34,36.05,36.25,8299.0,-0.0024766097963677325,0.0,0.00798018712162923,7
11036,2022-07-06 04:00:00,36.25,36.25,36.15,36.15,5115.0,-0.0027586206896552117,0.0,0.0027586206896552117,7
11037,2022-07-06 05:00:00,36.69,36.83,36.69,36.83,301.0,0.003815753611338255,0.003815753611338255,0.0,7
11038,2022-07-06 06:00:00,36.11,36.65,36.11,36.65,511.0,0.014954306286347249,0.014954306286347249,0.0,7
11039,2022-07-06 07:00:00,36.31,36.31,35.68,35.8,1529.0,-0.01404571743321413,0.0,0.01735059212338206,7
11040,2022-07-06 08:00:00,36.11,36.2,35.85,36.2,18037.0,0.002492384381057973,0.002492384381057973,0.0072002215452782615,7
11041,2022-07-06 09:00:00,36.12,36.7,35.36,35.695,890080.0,-0.011766334440752967,0.016057585825027837,0.021040974529346567,7
11042,2022-07-06 10:00:00,35.65,35.75,34.61,34.65,1470758.0,-0.028050490883590466,0.002805049088359086,0.029172510518934058,7
11043,2022-07-06 11:00:00,34.65,34.7,34.0564,34.15,811132.0,-0.01443001443001443,0.0014430014430015662,0.01713131313131319,7
11044,2022-07-06 12:00:00,34.1642,34.38,33.95,34.06,576909.0,-0.0030499762909712135,0.00631655358533206,0.006269720935950444,7
11045,2022-07-06 13:00:00,34.06,34.18,33.81,34.13,792824.0,0.0020551967116852693,0.003523194362888944,0.00733998825601879,7
11046,2022-07-06 14:00:00,34.11,34.38,33.74,34.09,1061648.0,-0.0005863383172089129,0.007915567282321992,0.010847258868366972,7
11047,2022-07-06 15:00:00,34.1,34.1801,33.67,33.68,1555240.0,-0.012316715542522044,0.0023489736070381705,0.012609970674486794,7
11048,2022-07-06 16:00:00,33.82,34.02,33.69,33.81,46014.0,-0.00029568302779414576,0.005913660555884177,0.0038438793613247355,7
11049,2022-07-06 17:00:00,33.88,33.88,33.76,33.78,18387.0,-0.0029515938606848114,0.0,0.0035419126328218578,7
11050,2022-07-06 18:00:00,33.78,33.85,33.77,33.83,5461.0,0.0014801657785671154,0.0020722320899940875,0.000296033155713381,7
11051,2022-07-06 19:00:00,33.84,33.85,33.78,33.85,6200.0,0.00029550827423161966,0.00029550827423161966,0.0017730496453901379,7
11052,2022-07-07 07:00:00,33.94,34.15,33.94,34.15,1198.0,0.006187389510901617,0.006187389510901617,0.0,7
11053,2022-07-07 08:00:00,34.3179,34.33,33.85,34.2,19061.0,-0.0034355249009991513,0.0003525856768624149,0.013634284149088382,7
11054,2022-07-07 09:00:00,34.1,35.3,34.1,34.81,1316371.0,0.02082111436950149,0.035190615835777,0.0,7
11055,2022-07-07 10:00:00,34.79,35.21,34.28,35.11,1394736.0,0.009198045415349246,0.012072434607645925,0.014659384880712792,7
11056,2022-07-07 11:00:00,35.12,35.37,34.84,35.17,756851.0,0.001423690205011511,0.007118451025056948,0.007972665148063612,7
11057,2022-07-07 12:00:00,35.16,35.38,35.07,35.255,574589.0,0.00270193401592736,0.006257110352673663,0.002559726962457233,7
11058,2022-07-07 13:00:00,35.2485,35.55,35.17,35.5499,541450.0,0.008550718470289544,0.008553555470445472,0.0022270451224874316,7
11059,2022-07-07 14:00:00,35.54,35.75,35.42,35.66,799560.0,0.0033764772087787687,0.0059088351153629955,0.0033764772087787687,7
11060,2022-07-07 15:00:00,35.67,35.83,35.4546,35.5,1677816.0,-0.004765909728062846,0.004485562097000184,0.006038687973086696,7
11061,2022-07-07 16:00:00,35.35,35.6,35.35,35.4,49612.0,0.001414427157001334,0.007072135785007072,0.0,7
11062,2022-07-07 17:00:00,35.48,35.48,35.337,35.47,2939.0,-0.00028184892897401383,0.0,0.004030439684329019,7
11063,2022-07-07 18:00:00,35.35,35.45,35.35,35.4,1350.0,0.001414427157001334,0.002828854314002869,0.0,7
11064,2022-07-07 19:00:00,35.07,35.4,35.0,35.0,6553.0,-0.001996007984031944,0.009409751924721935,0.001996007984031944,7
11065,2022-07-08 04:00:00,35.01,35.01,35.0,35.0,1120.0,-0.00028563267637812085,0.0,0.00028563267637812085,7
11066,2022-07-08 07:00:00,35.01,35.15,35.01,35.15,590.0,0.003998857469294504,0.003998857469294504,0.0,7
11067,2022-07-08 08:00:00,35.2,35.38,34.91,34.91,9649.0,-0.00823863636363654,0.005113636363636355,0.00823863636363654,7
11068,2022-07-08 09:00:00,35.2,35.87,34.13,34.16,760370.0,-0.029545454545454722,0.019034090909090754,0.030397727272727278,7
11069,2022-07-08 10:00:00,34.17,35.17,33.89,35.1,1267430.0,0.027216856892010526,0.029265437518290898,0.008194322505121485,7
11070,2022-07-08 11:00:00,35.12,35.46,34.57,34.87,880081.0,-0.007118451025056948,0.009681093394077547,0.015660592255125207,7
11071,2022-07-08 12:00:00,34.89,34.89,34.08,34.21,714789.0,-0.01948982516480366,0.0,0.02321582115219267,7
11072,2022-07-08 13:00:00,34.21,34.55,34.03,34.42,539113.0,0.006138555977784298,0.009938614440222048,0.005261619409529369,7
11073,2022-07-08 14:00:00,34.42,34.67,34.385,34.6,452524.0,0.005229517722254494,0.007263219058686809,0.0010168506682162607,7
11074,2022-07-08 15:00:00,34.59,34.6599,34.3426,34.43,926795.0,-0.004625614339404558,0.002020815264527232,0.007152356172304308,7
11075,2022-07-08 16:00:00,34.44,34.5099,34.3201,34.43,20300.0,-0.0002903600464575497,0.0020296167247387943,0.003481416957026749,7
11076,2022-07-08 17:00:00,34.45,34.51,34.3501,34.4,7618.0,-0.0014513788098694995,0.0017416545718431107,0.002899854862119164,7
11077,2022-07-08 18:00:00,34.46,34.47,34.4,34.4,1897.0,-0.0017411491584446393,0.00029019152640737117,0.0017411491584446393,7
11078,2022-07-08 19:00:00,34.43,34.43,34.33,34.4199,3901.0,-0.00029334882370030005,0.0,0.0029044437990125302,7
11079,2022-07-11 07:00:00,34.15,34.15,34.0,34.0,2378.0,-0.0043923865300146,0.0,0.0043923865300146,7
11080,2022-07-11 08:00:00,34.0,34.27,33.96,34.1,38996.0,0.002941176470588277,0.007941176470588326,0.001176470588235269,7
11081,2022-07-11 09:00:00,34.06,34.0999,32.26,32.85,1151498.0,-0.035525543159130965,0.0011714621256604764,0.05284791544333541,7
11082,2022-07-11 10:00:00,32.83,33.97,32.37,32.37,1148390.0,-0.014011574779165424,0.034724337496192526,0.014011574779165424,7
11083,2022-07-11 11:00:00,32.37,32.6,32.28,32.52,715502.0,0.004633920296571075,0.007105344454742169,0.0027803521779424254,7
11084,2022-07-11 12:00:00,32.52,32.71,32.33,32.58,540537.0,0.001845018450184353,0.005842558425584185,0.005842558425584404,7
11085,2022-07-11 13:00:00,32.57,32.86,32.52,32.81,421410.0,0.007368744243168621,0.00890389929382865,0.0015351550506600294,7
11086,2022-07-11 14:00:00,32.81,32.85,32.53,32.62,468712.0,-0.005790917403230869,0.0012191405059432839,0.008533983541603203,7
11087,2022-07-11 15:00:00,32.62,32.75,32.45,32.6,1135504.0,-0.0006131207847944826,0.0039852851011650085,0.005211526670753973,7
11088,2022-07-11 16:00:00,32.33,32.72,32.33,32.64,36234.0,0.009588617383235456,0.01206309928858647,0.0,7
11089,2022-07-11 17:00:00,32.62,32.7,32.6,32.6,2942.0,-0.0006131207847944826,0.0024524831391785837,0.0006131207847944826,7
11090,2022-07-11 18:00:00,32.64,32.64,32.6,32.6,4921.0,-0.0012254901960784053,0.0,0.0012254901960784053,7
11091,2022-07-11 19:00:00,32.62,32.62,32.59,32.59,4490.0,-0.000919681177191724,0.0,0.000919681177191724,7
11092,2022-07-12 04:00:00,32.3,32.3,32.2,32.3,1072.0,0.0,0.0,0.0030959752321979665,7
11093,2022-07-12 05:00:00,32.3,32.3,32.2,32.2,746.0,-0.0030959752321979665,0.0,0.0030959752321979665,7
11094,2022-07-12 06:00:00,32.3,32.31,32.2,32.2,1562.0,-0.0030959752321979665,0.00030959752321997266,0.0030959752321979665,7
11095,2022-07-12 07:00:00,32.44,32.6,32.4,32.58,7926.0,0.004315659679408156,0.004932182490752272,0.0012330456226880132,7
11096,2022-07-12 08:00:00,32.24,32.8,32.0212,32.5,16054.0,0.008064516129032195,0.01736972704714625,0.006786600496277967,7
11097,2022-07-12 09:00:00,32.7282,32.99,32.011,32.67,1226105.0,-0.0017782829486497687,0.007999217799940141,0.021913823552777063,7
11098,2022-07-12 10:00:00,32.65,33.55,32.33,33.52,1517185.0,0.02664624808575818,0.027565084226646205,0.009800918836140897,7
11099,2022-07-12 11:00:00,33.53,33.84,33.16,33.78,1148475.0,0.007456009543692216,0.009245451834178416,0.011034894124664615,7
11100,2022-07-12 12:00:00,33.78,33.85,33.63,33.84,791435.0,0.0017761989342807067,0.0020722320899940875,0.004440497335701557,7
11101,2022-07-12 13:00:00,33.84,34.03,33.59,33.8451,700236.0,0.00015070921985811973,0.005614657210401824,0.0073877068557919616,7
11102,2022-07-12 14:00:00,33.85,33.88,33.4178,33.4499,525534.0,-0.011819793205317633,0.0008862629246676849,0.012768094534712015,7
11103,2022-07-12 15:00:00,33.46,33.51,33.12,33.345,1302926.0,-0.003436939629408308,0.0014943215780035015,0.01016138673042449,7
11104,2022-07-12 16:00:00,33.33,33.46,33.29,33.33,42893.0,0.0,0.0039003900390039772,0.0012001200120011746,7
11105,2022-07-12 17:00:00,33.33,33.46,33.33,33.38,519.0,0.0015001500150016282,0.0039003900390039772,0.0,7
11106,2022-07-12 18:00:00,33.34,33.42,33.34,33.42,2577.0,0.0023995200959807525,0.0023995200959807525,0.0,7
11107,2022-07-12 19:00:00,33.3,33.4,33.16,33.4,3192.0,0.003003003003003046,0.003003003003003046,0.004204204204204222,7
11108,2022-07-13 05:00:00,33.52,33.52,33.5,33.5,1100.0,-0.0005966587112172769,0.0,0.0005966587112172769,7
11109,2022-07-13 06:00:00,33.5,33.5,33.45,33.45,2684.0,-0.001492537313432751,0.0,0.001492537313432751,7
11110,2022-07-13 07:00:00,33.45,33.46,33.0,33.2,6500.0,-0.007473841554559043,0.00029895366218230223,0.013452914798206362,7
11111,2022-07-13 08:00:00,33.0,34.0,32.38,32.55,49940.0,-0.013636363636363722,0.030303030303030304,0.01878787878787871,7
11112,2022-07-13 09:00:00,32.75,33.23,31.87,32.415,964602.0,-0.010229007633587812,0.014656488549618225,0.026870229007633556,7
11113,2022-07-13 10:00:00,32.4,32.755,31.76,32.61,1138597.0,0.006481481481481508,0.010956790123456914,0.019753086419752996,7
11114,2022-07-13 11:00:00,32.6,32.87,32.36,32.41,623782.0,-0.005828220858895853,0.008282208588956933,0.00736196319018411,7
11115,2022-07-13 12:00:00,32.4298,32.66,32.31,32.52,506571.0,0.0027813924230184256,0.0070984094875699635,0.0036941331738092097,7
11116,2022-07-13 13:00:00,32.52,32.94,32.43,32.83,562912.0,0.00953259532595311,0.012915129151291345,0.0027675276752768575,7
11117,2022-07-13 14:00:00,32.84,32.89,32.57,32.83,628701.0,-0.00030450669914753697,0.0015225334957368196,0.008221680876979389,7
11118,2022-07-13 15:00:00,32.855,32.9153,32.52,32.61,901595.0,-0.007457008065743341,0.0018353370872014954,0.010196317151118362,7
11119,2022-07-13 16:00:00,32.62,32.69,32.58,32.58,207180.0,-0.001226241569589183,0.0021459227467811245,0.001226241569589183,7
11120,2022-07-13 17:00:00,32.62,32.62,32.55,32.55,1104.0,-0.0021459227467811245,0.0,0.0021459227467811245,7
11121,2022-07-13 18:00:00,32.61,32.61,32.5,32.55,2595.0,-0.001839926402943952,0.0,0.0033731984053971,7
11122,2022-07-13 19:00:00,32.55,32.55,32.43,32.45,2151.0,-0.003072196620583543,0.0,0.0036866359447003828,7
11123,2022-07-14 04:00:00,32.29,32.29,32.29,32.29,400.0,0.0,0.0,0.0,7
11124,2022-07-14 07:00:00,32.32,32.32,32.19,32.21,3664.0,-0.0034034653465346357,0.0,0.004022277227722851,7
11125,2022-07-14 08:00:00,32.1,32.28,32.03,32.1,25707.0,0.0,0.00560747663551401,0.0021806853582554604,7
11126,2022-07-14 09:00:00,32.2388,32.705,31.54,32.36,968097.0,0.0037594451406380435,0.014460836011265948,0.021675744754767502,7
11127,2022-07-14 10:00:00,32.35,32.38,31.31,31.49,906403.0,-0.026584234930448314,0.0009273570324575312,0.03214837712519328,7
11128,2022-07-14 11:00:00,31.53,31.8399,31.41,31.79,758061.0,0.008246114811290771,0.009828734538534695,0.003805899143672724,7
11129,2022-07-14 12:00:00,31.81,31.83,31.205,31.32,613162.0,-0.015403961018547577,0.0006287331027978489,0.019019176359635348,7
11130,2022-07-14 13:00:00,31.32,31.4,31.15,31.27,729576.0,-0.0015964240102171363,0.0025542784163473274,0.005427841634738241,7
11131,2022-07-14 14:00:00,31.26,31.62,31.2,31.33,748813.0,0.0022392834293025183,0.011516314779270615,0.0019193857965451781,7
11132,2022-07-14 15:00:00,31.32,31.46,31.09,31.28,1186029.0,-0.0012771392081736637,0.004469987228607936,0.0073435504469987365,7
11133,2022-07-14 16:00:00,31.35,31.35,31.28,31.34,48182.0,-0.00031897926634773726,0.0,0.002232854864433821,7
11134,2022-07-14 17:00:00,31.3,31.33,31.28,31.28,3346.0,-0.000638977635782734,0.0009584664536740442,0.000638977635782734,7
11135,2022-07-14 18:00:00,31.28,31.5,31.28,31.5,7661.0,0.007033248081841395,0.007033248081841395,0.0,7
11136,2022-07-14 19:00:00,31.37,31.88,31.3501,31.52,10144.0,0.00478163850812874,0.016257570927637806,0.0006343640420784127,7
11137,2022-07-15 06:00:00,31.38,31.51,31.38,31.5,1200.0,0.003824091778202709,0.004142766093052982,0.0,7
11138,2022-07-15 07:00:00,31.5,31.64,31.49,31.64,2975.0,0.004444444444444463,0.004444444444444463,0.00031746031746036706,7
11139,2022-07-15 08:00:00,31.65,31.78,31.38,31.78,17640.0,0.00410742496050561,0.00410742496050561,0.008530805687203779,7
11140,2022-07-15 09:00:00,31.7799,32.26,31.1,31.29,790882.0,-0.015415404076161416,0.015107033061777936,0.02139402578359277,7
11141,2022-07-15 10:00:00,31.33,32.29,31.22,31.94,994518.0,0.019470156399617078,0.030641557612512,0.0035110118097669784,7
11142,2022-07-15 11:00:00,31.94,32.55,31.86,32.5,728251.0,0.017532874139010605,0.01909830932999361,0.002504696305573007,7
11143,2022-07-15 12:00:00,32.495,32.59,32.31,32.32,555569.0,-0.00538544391444829,0.002923526696415017,0.005693183566702421,7
11144,2022-07-15 13:00:00,32.32,32.74,32.29,32.55,719476.0,0.0071163366336632694,0.012995049504950548,0.0009282178217822134,7
11145,2022-07-15 14:00:00,32.56,32.77,32.4499,32.65,507347.0,0.0027641277641276504,0.006449631449631475,0.0033814496314497158,7
11146,2022-07-15 15:00:00,32.65,32.78,32.55,32.73,1093783.0,0.00245022970903517,0.0039816232771823145,0.003062787136294071,7
11147,2022-07-15 16:00:00,32.74,32.81,32.66,32.78,52416.0,0.0012217470983506152,0.002138057422113631,0.0024434941967014477,7
11148,2022-07-15 17:00:00,32.71,32.71,32.66,32.69,5029.0,-0.0006114338122899152,0.0,0.0015285845307246794,7
11149,2022-07-15 18:00:00,32.67,32.7,32.6,32.6,7250.0,-0.0021426385062748785,0.0009182736455464076,0.0021426385062748785,7
11150,2022-07-15 19:00:00,32.58,32.67,32.58,32.64,4152.0,0.0018416206261510828,0.002762430939226624,0.0,7
11151,2022-07-18 06:00:00,33.32,33.33,33.32,33.33,387.0,0.000300120048019148,0.000300120048019148,0.0,7
11152,2022-07-18 07:00:00,33.21,33.5,33.16,33.37,6444.0,0.004817825956037235,0.00873230954531765,0.0015055706112617965,7
11153,2022-07-18 08:00:00,33.33,33.81,33.05,33.4,52385.0,0.002100210021002109,0.014401440144014522,0.008400840084008435,7
11154,2022-07-18 09:00:00,33.4,35.11,33.35,34.89,1664122.0,0.044610778443113834,0.05119760479041919,0.001497005988023867,7
11155,2022-07-18 10:00:00,34.96,35.805,34.59,35.76,1479454.0,0.02288329519450793,0.024170480549199052,0.01058352402745988,7
11156,2022-07-18 11:00:00,35.7674,35.8226,35.33,35.7,1170005.0,-0.0018843975240022824,0.0015433047971057233,0.012229013011848883,7
11157,2022-07-18 12:00:00,35.7,35.76,35.22,35.25,916526.0,-0.012605042016806801,0.0016806722689074276,0.013445378151260614,7
11158,2022-07-18 13:00:00,35.24,35.37,34.64,34.71,722630.0,-0.01503972758229288,0.0036889897843358525,0.01702610669693534,7
11159,2022-07-18 14:00:00,34.7,34.92,34.09,34.2259,643733.0,-0.013662824207492793,0.0063400576368875744,0.017579250720461077,7
11160,2022-07-18 15:00:00,34.21,34.76,34.185,34.36,1266551.0,0.00438468284127444,0.016077170418006347,0.0007307804735457052,7
11161,2022-07-18 16:00:00,34.36,34.75,34.36,34.55,45911.0,0.005529685681024381,0.011350407450523882,0.0,7
11162,2022-07-18 17:00:00,34.57,34.6,34.36,34.6,7916.0,0.0008678044547295672,0.0008678044547295672,0.006074631183106765,7
11163,2022-07-18 18:00:00,34.46,34.6,34.46,34.55,4556.0,0.002611723737666753,0.004062681369704021,0.0,7
11164,2022-07-18 19:00:00,34.6,35.17,34.46,34.51,2659.0,-0.0026011560693642603,0.016473988439306367,0.00404624277456649,7
11165,2022-07-19 07:00:00,35.08,35.25,34.83,35.1,7062.0,0.0005701254275941598,0.00484606613454965,0.007126567844925884,7
11166,2022-07-19 08:00:00,35.0,35.25,34.82,35.14,19965.0,0.0040000000000000166,0.007142857142857143,0.005142857142857135,7
11167,2022-07-19 09:00:00,35.08,36.86,35.08,35.84,1295929.0,0.021664766248574833,0.050741163055872326,0.0,7
11168,2022-07-19 10:00:00,35.82,36.5,35.72,36.0,1097380.0,0.005025125628140696,0.018983807928531538,0.002791736460078208,7
11169,2022-07-19 11:00:00,36.0301,36.48,35.8601,36.44,703087.0,0.011376599010271979,0.012486781885146018,0.004718277218214621,7
11170,2022-07-19 12:00:00,36.44,36.75,36.26,36.4312,717876.0,-0.00024149286498355673,0.008507135016465486,0.004939626783754109,7
11171,2022-07-19 13:00:00,36.435,36.712,36.1781,36.7,982358.0,0.007273226293399219,0.007602579936873913,0.00705091258405384,7
11172,2022-07-19 14:00:00,36.69,36.85,36.4,36.51,1008461.0,-0.004905968928863443,0.004360861270100946,0.007904061052057758,7
11173,2022-07-19 15:00:00,36.52,36.71,36.01,36.34,1751116.0,-0.004928806133625402,0.005202628696604538,0.013964950711938803,7
11174,2022-07-19 16:00:00,36.32,36.65,36.12,36.62,58134.0,0.00825991189427305,0.009085903083700393,0.005506607929515497,7
11175,2022-07-19 17:00:00,36.67,36.7999,36.61,36.75,16782.0,0.0021816198527406135,0.0035424052358876256,0.0016362148895555568,7
11176,2022-07-19 18:00:00,36.65,36.74,36.5,36.56,6599.0,-0.002455661664392805,0.002455661664392999,0.004092769440654805,7
11177,2022-07-19 19:00:00,36.79,36.79,36.56,36.74,2331.0,-0.0013590649633051688,0.0,0.0062516988312040465,7
11178,2022-07-20 04:00:00,37.0,37.0,36.68,36.68,630.0,-0.008648648648648656,0.0,0.008648648648648656,7
11179,2022-07-20 05:00:00,36.97,36.98,36.92,36.92,875.0,-0.0013524479307545892,0.00027048958615087936,0.0013524479307545892,7
11180,2022-07-20 06:00:00,36.79,36.79,36.01,36.01,2490.0,-0.02120141342756187,0.0,0.02120141342756187,7
11181,2022-07-20 07:00:00,36.5,36.62,36.36,36.51,5849.0,0.0002739726027396715,0.0032876712328766423,0.00383561643835618,7
11182,2022-07-20 08:00:00,36.1252,36.9688,36.1252,36.45,28935.0,0.008990953683301498,0.023352119849855562,0.0,7
11183,2022-07-20 09:00:00,36.5,37.5699,36.1001,37.095,813140.0,0.016301369863013667,0.029312328767123204,0.01095616438356171,7
11184,2022-07-20 10:00:00,37.0868,38.95,37.06,38.7899,1597758.0,0.04592199920187254,0.05023889901528324,0.0007226290755739073,7
11185,2022-07-20 11:00:00,38.77,39.09,38.52,39.05,862091.0,0.007222078927005262,0.008253804488006196,0.006448284756254836,7
11186,2022-07-20 12:00:00,39.0399,39.065,38.07,38.35,772808.0,-0.017671664117992144,0.0006429319747231624,0.024843813636817782,7
11187,2022-07-20 13:00:00,38.34,38.41,37.88,38.1,690472.0,-0.006259780907668283,0.0018257694314030562,0.011997913406364132,7
11188,2022-07-20 14:00:00,38.09,38.65,38.06,38.565,611709.0,0.012470464688894572,0.014702021527959967,0.0007876082961407492,7
11189,2022-07-20 15:00:00,38.577,38.98,38.56,38.96,1269749.0,0.009928195556938142,0.010446639189154125,0.00044067708738356815,7
11190,2022-07-20 16:00:00,38.88,39.0,37.0,37.08,329153.0,-0.046296296296296405,0.0030864197530863537,0.04835390946502064,7
11191,2022-07-20 17:00:00,37.15,38.96,36.9,37.15,123233.0,0.0,0.04872139973082106,0.006729475100942127,7
11192,2022-07-20 18:00:00,37.15,37.24,37.05,37.22,14221.0,0.0018842530282638032,0.0024226110363392574,0.002691790040376889,7
11193,2022-07-20 19:00:00,37.24,37.24,37.03,37.24,15723.0,0.0,0.0,0.0056390977443609245,7
11194,2022-07-21 04:00:00,36.78,36.83,36.76,36.76,6364.0,-0.000543773790103402,0.0013594344752582152,0.000543773790103402,7
11195,2022-07-21 05:00:00,36.98,37.1,36.98,37.1,933.0,0.00324499729583571,0.00324499729583571,0.0,7
11196,2022-07-21 06:00:00,37.13,37.21,37.0,37.0,4725.0,-0.0035012119579855253,0.0021545919741448503,0.0035012119579855253,7
11197,2022-07-21 07:00:00,37.27,37.27,36.52,36.65,67539.0,-0.01663536356318767,0.0,0.020123423665146228,7
11198,2022-07-21 08:00:00,37.0151,37.08,36.52,36.9,126908.0,-0.003109541781597192,0.0017533385023950096,0.013375622381136177,7
11199,2022-07-21 09:00:00,36.75,36.82,35.29,36.01,2541774.0,-0.020136054421768763,0.0019047619047619126,0.03972789115646261,7
11200,2022-07-21 10:00:00,35.99,36.22,35.06,35.6055,1816054.0,-0.010683523200889212,0.0063906640733536225,0.02584051125312586,7
11201,2022-07-21 11:00:00,35.6,35.6301,35.165,35.38,1153549.0,-0.006179775280898844,0.0008455056179774537,0.012219101123595569,7
11202,2022-07-21 12:00:00,35.39,35.73,35.39,35.64,838008.0,0.007064142413111048,0.009607233681830921,0.0,7
11203,2022-07-21 13:00:00,35.645,35.645,35.05,35.275,833474.0,-0.010380137466685497,0.0,0.016692383223453667,7
11204,2022-07-21 14:00:00,35.305,35.5732,35.205,35.365,701865.0,0.0016994759949016365,0.007596657697210033,0.00283245999150266,7
11205,2022-07-21 15:00:00,35.365,35.8,35.325,35.7401,1883896.0,0.010606531881803936,0.012300296903718227,0.0011310617842499404,7
11206,2022-07-21 16:00:00,35.73,35.81,35.5,35.71,23386.0,-0.0005597537083682066,0.002239014833473423,0.006437167646235569,7
11207,2022-07-21 17:00:00,35.58,35.68,35.3,35.63,11974.0,0.001405283867341323,0.002810567734682446,0.007869589657110768,7
11208,2022-07-21 18:00:00,35.6,35.6099,35.5,35.51,3813.0,-0.002528089887640545,0.00027808988764049987,0.0028089887640449836,7
11209,2022-07-21 19:00:00,35.54,35.63,35.4901,35.5001,8657.0,-0.0011226786719188472,0.002532357906584227,0.0014040517726505613,7
11210,2022-07-22 06:00:00,35.75,35.94,35.73,35.93,6048.0,0.005034965034965027,0.005314685314685251,0.0005594405594406469,7
11211,2022-07-22 07:00:00,35.76,35.92,35.7,35.91,22451.0,0.004194630872483182,0.0044742729306488736,0.0016778523489931535,7
11212,2022-07-22 08:00:00,35.9,36.02,35.71,36.02,10931.0,0.003342618384401241,0.003342618384401241,0.005292479108635034,7
11213,2022-07-22 09:00:00,36.09,36.59,35.365,35.51,884554.0,-0.016070933776669585,0.013854253255749514,0.020088667220836836,7
11214,2022-07-22 10:00:00,35.5424,36.08,35.355,35.74,896386.0,0.005559557036103395,0.01512559647069409,0.00527257585306574,7
11215,2022-07-22 11:00:00,35.74,35.82,35.09,35.13,798309.0,-0.017067711247901494,0.002238388360380478,0.018186905428091732,7
11216,2022-07-22 12:00:00,35.1281,35.1899,34.655,34.85,830033.0,-0.007916739020897857,0.001759275337977234,0.013467850524224261,7
11217,2022-07-22 13:00:00,34.845,34.845,34.44,34.52,569198.0,-0.009327019658487467,0.0,0.011622901420576873,7
11218,2022-07-22 14:00:00,34.52,35.05,34.46,35.01,674103.0,0.014194669756662654,0.015353418308226941,0.0017381228273465315,7
11219,2022-07-22 15:00:00,35.005,35.195,34.75,34.8675,1269995.0,-0.003928010284245189,0.005427796029138629,0.007284673618054636,7
11220,2022-07-22 16:00:00,34.86,35.01,34.79,34.94,23591.0,0.0022948938611588726,0.004302925989672937,0.0020080321285140643,7
11221,2022-07-22 17:00:00,34.92,34.95,34.82,34.82,4000.0,-0.0028636884306987805,0.0008591065292096545,0.0028636884306987805,7
11222,2022-07-22 18:00:00,34.87,34.87,34.82,34.85,1113.0,-0.0005735589331802702,0.0,0.0014338973329508793,7
11223,2022-07-22 19:00:00,34.8,34.83,34.75,34.75,2399.0,-0.0014367816091953207,0.0008620689655172741,0.0014367816091953207,7
11224,2022-07-25 05:00:00,34.84,34.84,34.84,34.84,100.0,0.0,0.0,0.0,7
11225,2022-07-25 06:00:00,34.9,35.92,34.9,35.92,602.0,0.029226361031518714,0.029226361031518714,0.0,7
11226,2022-07-25 07:00:00,35.04,35.29,35.04,35.29,6567.0,0.0071347031963470324,0.0071347031963470324,0.0,7
11227,2022-07-25 08:00:00,35.25,35.27,34.95,35.0,19823.0,-0.0070921985815602835,0.0005673758865249114,0.008510638297872259,7
11228,2022-07-25 09:00:00,35.0,35.1,33.314,34.3799,849599.0,-0.01771714285714288,0.002857142857142898,0.048171428571428566,7
11229,2022-07-25 10:00:00,34.36,34.63,34.16,34.21,779087.0,-0.0043655413271245225,0.007857974388824305,0.005820721769499501,7
11230,2022-07-25 11:00:00,34.21,34.86,34.2,34.8,467588.0,0.01724641917567952,0.019000292312189377,0.00029231218941824056,7
11231,2022-07-25 12:00:00,34.8087,34.82,34.4,34.52,476485.0,-0.00829390353561031,0.0003246314858066671,0.011741317544177265,7
11232,2022-07-25 13:00:00,34.55,34.6188,34.1605,34.205,407121.0,-0.009985528219971024,0.001991316931982723,0.011273516642546982,7
11233,2022-07-25 14:00:00,34.2,34.4,34.1,34.135,476050.0,-0.0019005847953217786,0.005847953216374144,0.002923976608187176,7
11234,2022-07-25 15:00:00,34.13,34.45,34.03,34.425,1054297.0,0.008643422209199959,0.009375915616759456,0.0029299736302373694,7
11235,2022-07-25 16:00:00,34.42,34.57,34.38,34.5,44904.0,0.0023242300987797297,0.004357931435212044,0.0011621150493898648,7
11236,2022-07-25 17:00:00,34.2801,34.42,34.28,34.42,3716.0,0.004081084944326427,0.004081084944326427,2.917144348943388e-06,7
11237,2022-07-25 18:00:00,34.41,34.41,34.39,34.39,318.0,-0.000581226387677885,0.0,0.000581226387677885,7
11238,2022-07-25 19:00:00,34.4,34.4,34.26,34.3,4291.0,-0.002906976744186088,0.0,0.0040697674418604815,7
11239,2022-07-26 04:00:00,34.65,35.0,34.65,34.98,7799.0,0.009523809523809474,0.010101010101010142,0.0,7
11240,2022-07-26 05:00:00,34.97,34.97,34.97,34.97,110.0,0.0,0.0,0.0,7
11241,2022-07-26 06:00:00,34.95,35.0,34.71,34.71,22244.0,-0.006866952789699627,0.0014306151645206624,0.006866952789699627,7
11242,2022-07-26 07:00:00,34.62,34.62,34.5,34.55,9383.0,-0.0020219526285384253,0.0,0.0034662045060657844,7
11243,2022-07-26 08:00:00,34.5,34.68,34.31,34.31,11992.0,-0.0055072463768115285,0.005217391304347818,0.0055072463768115285,7
11244,2022-07-26 09:00:00,34.31,34.31,33.32,33.358,537656.0,-0.027747012532789425,0.0,0.028854561352375456,7
11245,2022-07-26 10:00:00,33.34,33.49,33.0,33.405,725247.0,0.0019496100779843348,0.0044991001799639645,0.010197960407918517,7
11246,2022-07-26 11:00:00,33.44,33.52,33.05,33.17,541176.0,-0.008074162679425718,0.002392344497607817,0.011662679425837338,7
11247,2022-07-26 12:00:00,33.18,33.51,33.13,33.39,368819.0,0.006329113924050659,0.009945750452079514,0.0015069318866786365,7
11248,2022-07-26 13:00:00,33.38,33.4363,33.25,33.36,404257.0,-0.0005991611743559953,0.0016866387058118704,0.0038945476333134377,7
11249,2022-07-26 14:00:00,33.37,33.5568,33.1658,33.25,411774.0,-0.0035960443512135887,0.0055978423733894275,0.006119268804315258,7
11250,2022-07-26 15:00:00,33.245,33.3255,33.01,33.12,978463.0,-0.0037599639043465185,0.0024214167543991786,0.007068732140171438,7
11251,2022-07-26 16:00:00,33.12,33.53,33.12,33.2,73900.0,0.002415458937198231,0.012379227053140209,0.0,7
11252,2022-07-26 17:00:00,33.28,33.35,33.17,33.35,9202.0,0.002103365384615393,0.002103365384615393,0.003305288461538444,7
11253,2022-07-26 18:00:00,33.41,33.52,33.4,33.48,10621.0,0.0020951810835079404,0.0032924274169412317,0.00029931158335821646,7
11254,2022-07-26 19:00:00,33.3,33.43,33.3,33.43,687.0,0.003903903903903981,0.003903903903903981,0.0,7
11255,2022-07-27 04:00:00,33.35,33.35,33.35,33.35,200.0,0.0,0.0,0.0,7
11256,2022-07-27 06:00:00,33.6,33.6,33.6,33.6,550.0,0.0,0.0,0.0,7
11257,2022-07-27 07:00:00,33.85,33.85,33.6,33.7,8613.0,-0.004431314623338215,0.0,0.007385524372230428,7
11258,2022-07-27 08:00:00,33.8,33.95,33.6,33.95,20178.0,0.0044378698224853755,0.0044378698224853755,0.0059171597633134836,7
11259,2022-07-27 09:00:00,33.95,34.64,33.8431,34.12,635445.0,0.005007363770250209,0.02032400589101613,0.0031487481590575287,7
11260,2022-07-27 10:00:00,34.125,34.14,33.61,33.9624,767213.0,-0.0047648351648350955,0.0004395604395604562,0.015091575091575108,7
11261,2022-07-27 11:00:00,33.98,34.059,33.63,33.82,718616.0,-0.004708652148322443,0.0023248969982342742,0.010300176574455396,7
11262,2022-07-27 12:00:00,33.82,33.9,33.66,33.72,725280.0,-0.0029568302779420883,0.0023654642223535863,0.004730928444707383,7
11263,2022-07-27 13:00:00,33.72,33.96,33.53,33.82,690861.0,0.0029655990510083457,0.007117437722419988,0.005634638196915709,7
11264,2022-07-27 14:00:00,33.84,34.63,33.68,34.48,1033716.0,0.01891252955082723,0.02334515366430257,0.004728132387706964,7
11265,2022-07-27 15:00:00,34.495,34.95,34.46,34.89,2229481.0,0.011450934918104165,0.013190317437309912,0.0010146398028698825,7
11266,2022-07-27 16:00:00,34.95,34.95,34.5,34.7,27276.0,-0.007153075822603719,0.0,0.012875536480686775,7
11267,2022-07-27 17:00:00,34.7,34.8,34.6231,34.71,4312.0,0.0002881844380402885,0.002881844380403294,0.0022161383285303157,7
11268,2022-07-27 18:00:00,34.71,34.78,34.62,34.77,1976.0,0.0017286084701815694,0.0020167098818784294,0.002592912705272354,7
11269,2022-07-27 19:00:00,34.77,34.78,34.66,34.73,9983.0,-0.001150417026172167,0.00028760425654293957,0.0031636468219731527,7
11270,2022-07-28 06:00:00,34.62,34.62,34.62,34.62,144.0,0.0,0.0,0.0,7
11271,2022-07-28 07:00:00,34.77,34.89,34.65,34.86,5161.0,0.002588438308886865,0.003451251078515888,0.0034512510785160923,7
11272,2022-07-28 08:00:00,34.9,36.68,34.62,36.5,163259.0,0.045845272206303765,0.051002865329512925,0.008022922636103184,7
11273,2022-07-28 09:00:00,36.4,38.29,36.07,36.71,1825884.0,0.00851648351648358,0.05192307692307694,0.00906593406593402,7
11274,2022-07-28 10:00:00,36.76,36.9,35.345,36.71,2037478.0,-0.0013601741022850153,0.0038084874863982747,0.038492927094668096,7
11275,2022-07-28 11:00:00,36.74,37.51,36.42,37.19,1367427.0,0.012248230811104946,0.02095808383233522,0.008709853021230275,7
11276,2022-07-28 12:00:00,37.22,37.27,36.68,36.78,816818.0,-0.01182160128962917,0.0013433637829125273,0.014508328855454035,7
11277,2022-07-28 13:00:00,36.8,37.17,36.59,36.85,931679.0,0.001358695652174029,0.01005434782608708,0.005706521739130266,7
11278,2022-07-28 14:00:00,36.845,37.2,36.7188,37.1901,829264.0,0.009366264079250975,0.009634957253358773,0.003425159451757286,7
11279,2022-07-28 15:00:00,37.21,37.9,37.18,37.86,2032815.0,0.017468422467078703,0.018543402311206603,0.0008062348830959725,7
11280,2022-07-28 16:00:00,37.8753,37.97,37.33,37.55,54947.0,-0.00858871084849508,0.002500310228565741,0.014397245698384027,7
11281,2022-07-28 17:00:00,37.65,37.945,37.6316,37.8,9273.0,0.003984063745019883,0.007835325365205889,0.0004887118193891036,7
11282,2022-07-28 18:00:00,37.92,37.97,37.8,37.85,10742.0,-0.001845991561181442,0.0013185654008438068,0.003164556962025436,7
11283,2022-07-28 19:00:00,37.85,37.85,37.62,37.78,11873.0,-0.0018494055482166521,0.0,0.006076618229854795,7
11284,2022-07-29 04:00:00,38.0,38.0,38.0,38.0,474.0,0.0,0.0,0.0,7
11285,2022-07-29 05:00:00,37.93,37.93,37.93,37.93,100.0,0.0,0.0,0.0,7
11286,2022-07-29 06:00:00,37.89,37.89,37.78,37.79,1332.0,-0.002639218791237831,0.0,0.0029031406703615577,7
11287,2022-07-29 07:00:00,37.89,37.89,37.54,37.55,7320.0,-0.008973343890208587,0.0,0.009237265769332315,7
11288,2022-07-29 08:00:00,37.86,37.94,37.07,37.19,36980.0,-0.017696777601690483,0.0021130480718435894,0.02086634970945587,7
11289,2022-07-29 09:00:00,37.4654,37.97,36.385,37.82,952060.0,0.009464732793457371,0.013468426868523927,0.028837273858013112,7
11290,2022-07-29 10:00:00,37.81,38.45,37.75,38.04,1025496.0,0.0060830468130123475,0.01692673895794765,0.0015868817773076506,7
11291,2022-07-29 11:00:00,38.05,38.16,37.65,37.65,663638.0,-0.010512483574244379,0.0028909329829171996,0.010512483574244379,7
11292,2022-07-29 12:00:00,37.66,38.0599,37.565,38.0,708385.0,0.009028146574615068,0.010618693574083972,0.0025225703664365075,7
11293,2022-07-29 13:00:00,38.0003,38.35,38.0,38.25,461078.0,0.0065710007552571194,0.009202558927166326,7.8946745158026e-06,7
11294,2022-07-29 14:00:00,38.25,38.63,38.24,38.28,633182.0,0.0007843137254902258,0.009934640522875883,0.00026143790849668,7
11295,2022-07-29 15:00:00,38.28,38.75,38.27,38.73,1555074.0,0.011755485893416816,0.012277951933124316,0.00026123301985365755,7
11296,2022-07-29 16:00:00,38.71,38.7424,38.5,38.57,111178.0,-0.0036166365280289477,0.0008369930250581929,0.005424954792043421,7
11297,2022-07-29 17:00:00,38.55,38.71,38.55,38.7,2021.0,0.0038910505836577355,0.004150453955901523,0.0,7
11298,2022-07-29 18:00:00,38.7099,38.71,38.6,38.71,1108.0,2.583318479337835e-06,2.583318479337835e-06,0.0028390670086979332,7
11299,2022-07-29 19:00:00,38.7,38.78,38.7,38.71,3213.0,0.00025839793281648605,0.0020671834625322553,0.0,7
11300,2022-08-01 04:00:00,38.5,38.5,38.5,38.5,1112.0,0.0,0.0,0.0,8
11301,2022-08-01 05:00:00,38.3,38.3,38.3,38.3,205.0,0.0,0.0,0.0,8
11302,2022-08-01 06:00:00,38.95,39.0,38.95,39.0,959.0,0.0012836970474967176,0.0012836970474967176,0.0,8
11303,2022-08-01 07:00:00,39.07,39.2,37.0,37.48,69354.0,-0.0406961863322243,0.003327361146659907,0.05298182748912209,8
11304,2022-08-01 08:00:00,39.3393,39.3917,36.4,36.4,278108.0,-0.07471663196854043,0.0013320013320012982,0.07471663196854043,8
11305,2022-08-01 09:00:00,36.38,37.3,34.83,35.055,3332714.0,-0.03642111050027495,0.025288620120945425,0.04260582737768016,8
11306,2022-08-01 10:00:00,35.0599,35.37,34.51,35.34,4514733.0,0.007989184224712691,0.008844862649351495,0.01568458552363244,8
11307,2022-08-01 11:00:00,35.335,35.57,35.0423,35.2901,2586195.0,-0.001270694778548136,0.006650629687278886,0.008283571529644927,8
11308,2022-08-01 12:00:00,35.29,35.3,35.01,35.1,1524600.0,-0.005383961462170522,0.000283366392745764,0.007934258996883003,8
11309,2022-08-01 13:00:00,35.1,35.14,34.51,34.67,2065565.0,-0.012250712250712241,0.0011396011396011152,0.016809116809116904,8
11310,2022-08-01 14:00:00,34.67,35.63,34.61,35.53,2446158.0,0.024805307182001714,0.027689645226420558,0.001730602826651349,8
11311,2022-08-01 15:00:00,35.525,35.865,35.015,35.78,5522988.0,0.007178043631245674,0.009570724841660898,0.014356087262491149,8
11312,2022-08-01 16:00:00,35.58,35.8,35.11,35.75,56374.0,0.004777965148960138,0.006183249016301262,0.013209668353007277,8
11313,2022-08-01 17:00:00,35.79,35.79,35.65,35.7501,8852.0,-0.001114836546521258,0.0,0.003911707180776769,8
11314,2022-08-01 18:00:00,35.76,35.7899,35.65,35.78,3084.0,0.0005592841163311837,0.0008361297539151265,0.0030760626398210135,8
11315,2022-08-01 19:00:00,35.78,35.8,35.65,35.8,7290.0,0.0005589714924537736,0.0005589714924537736,0.003633314700950323,8
11316,2022-08-02 04:00:00,35.7,35.79,35.23,35.23,3437.0,-0.013165266106442744,0.002521008403361241,0.013165266106442744,8
11317,2022-08-02 05:00:00,35.26,35.26,35.14,35.14,901.0,-0.0034032898468518845,0.0,0.0034032898468518845,8
11318,2022-08-02 06:00:00,35.06,35.14,35.06,35.14,1189.0,0.002281802624072969,0.002281802624072969,0.0,8
11319,2022-08-02 07:00:00,35.15,35.48,35.03,35.35,20317.0,0.005689900426742613,0.009388335704125129,0.0034139402560454464,8
11320,2022-08-02 08:00:00,35.3401,35.73,35.28,35.46,166634.0,0.0033927464834565047,0.011032792776477635,0.001700617711890982,8
11321,2022-08-02 09:00:00,35.47,36.2779,35.1,36.01,2555356.0,0.015224133070200145,0.02277699464336069,0.010431350436988934,8
11322,2022-08-02 10:00:00,36.03,36.3,35.92,36.2,2344970.0,0.00471829031362758,0.007493755203996559,0.003053011379406035,8
11323,2022-08-02 11:00:00,36.19,37.75,36.18,37.44,2576770.0,0.03453992815694944,0.04310583033987296,0.0002763194252555405,8
11324,2022-08-02 12:00:00,37.4227,37.63,37.08,37.3899,3110153.0,-0.0008764733704409815,0.005539418588183204,0.009157543416161866,8
11325,2022-08-02 13:00:00,37.385,37.4,36.76,36.97,1514562.0,-0.011100708840444007,0.00040123044001606447,0.01671793500066872,8
11326,2022-08-02 14:00:00,36.95,37.1288,36.56,36.57,1150665.0,-0.010284167794316713,0.004838971583220443,0.010554803788903938,8
11327,2022-08-02 15:00:00,36.56,36.9,36.5,36.65,2144956.0,0.0024617067833697017,0.009299781181619154,0.0016411378555799309,8
11328,2022-08-02 16:00:00,36.66,36.8,36.5101,36.71,31811.0,0.0013638843426078632,0.003818876159301707,0.004088925259137896,8
11329,2022-08-02 17:00:00,36.7,36.75,36.68,36.68,3535.0,-0.0005449591280654802,0.0013623978201634103,0.0005449591280654802,8
11330,2022-08-02 18:00:00,36.68,36.9699,36.68,36.9,1296.0,0.00599781897491818,0.007903489640130941,0.0,8
11331,2022-08-02 19:00:00,36.9,36.9,36.9,36.9,3365.0,0.0,0.0,0.0,8
11332,2022-08-03 06:00:00,36.74,36.74,36.72,36.72,1100.0,-0.0005443658138269767,0.0,0.0005443658138269767,8
11333,2022-08-03 07:00:00,37.0,37.43,36.91,37.29,6689.0,0.007837837837837815,0.011621621621621614,0.0024324324324325247,8
11334,2022-08-03 08:00:00,37.04,37.3797,37.0,37.35,24603.0,0.008369330453563776,0.00917116630669548,0.0010799136069114242,8
11335,2022-08-03 09:00:00,37.37,38.89,36.7,38.6348,1915157.0,0.03384533047899387,0.04067433770404076,0.017928819909017787,8
11336,2022-08-03 10:00:00,38.62,38.8,37.9901,38.0,1539906.0,-0.016053858104608947,0.004660797514241318,0.016310201967892266,8
11337,2022-08-03 11:00:00,38.01,38.98,38.0,38.885,1248438.0,0.02302025782688766,0.025519600105235435,0.0002630886608786638,8
11338,2022-08-03 12:00:00,38.88,39.065,38.69,38.865,887230.0,-0.0003858024691358171,0.004758230452674772,0.004886831275720289,8
11339,2022-08-03 13:00:00,38.88,38.93,38.67,38.87,1078696.0,-0.00025720164609066657,0.0012860082304526016,0.005401234567901256,8
11340,2022-08-03 14:00:00,38.86,38.98,38.51,38.53,965043.0,-0.008492022645393678,0.00308800823468856,0.00900669068450853,8
11341,2022-08-03 15:00:00,38.525,39.09,38.4837,38.84,2355977.0,0.008176508760545226,0.014665801427644513,0.0010720311486047936,8
11342,2022-08-03 16:00:00,38.61,39.0,38.51,38.76,186842.0,0.003885003885003848,0.010101010101010116,0.0025900025900026267,8
11343,2022-08-03 17:00:00,38.76,38.9,38.76,38.9,2690.0,0.003611971104231181,0.003611971104231181,0.0,8
11344,2022-08-03 18:00:00,38.8,38.96,38.8,38.8,3182.0,0.0,0.004123711340206281,0.0,8
11345,2022-08-03 19:00:00,38.8,38.82,38.8,38.82,1670.0,0.0005154639175258538,0.0005154639175258538,0.0,8
11346,2022-08-04 04:00:00,38.82,38.82,38.82,38.82,283.0,0.0,0.0,0.0,8
11347,2022-08-04 05:00:00,39.29,39.45,39.29,39.45,1000.0,0.004072283023670239,0.004072283023670239,0.0,8
11348,2022-08-04 06:00:00,39.44,39.53,39.44,39.5,4422.0,0.0015212981744422483,0.0022819472616633727,0.0,8
11349,2022-08-04 07:00:00,39.4,39.69,39.2,39.2,27894.0,-0.0050761421319795875,0.007360406091370537,0.0050761421319795875,8
11350,2022-08-04 08:00:00,39.6,39.7953,39.2,39.62,28867.0,0.0005050505050504045,0.0049318181818180816,0.010101010101010065,8
11351,2022-08-04 09:00:00,39.5,39.5,38.63,39.06,1152949.0,-0.011139240506329057,0.0,0.022025316455696137,8
11352,2022-08-04 10:00:00,39.06,39.32,38.0931,38.76,1621772.0,-0.007680491551459402,0.00665642601126467,0.024754224270353366,8
11353,2022-08-04 11:00:00,38.7695,39.49,38.69,39.39,929289.0,0.01600484917267439,0.018584196339906402,0.0020505809979494967,8
11354,2022-08-04 12:00:00,39.39,39.67,39.11,39.325,627586.0,-0.0016501650165015925,0.007108403148007137,0.007108403148007137,8
11355,2022-08-04 13:00:00,39.3299,39.758,39.3299,39.7,613945.0,0.009410143427773798,0.010884848423209838,0.0,8
11356,2022-08-04 14:00:00,39.7,39.745,39.3581,39.51,598336.0,-0.00478589420654924,0.0011335012594457076,0.008612090680100819,8
11357,2022-08-04 15:00:00,39.5,39.69,39.4,39.47,1507602.0,-0.0007594936708861048,0.004810126582278423,0.002531645569620289,8
11358,2022-08-04 16:00:00,39.45,39.5,39.19,39.35,106819.0,-0.0025348542458808977,0.0012674271229403589,0.00659062103929037,8
11359,2022-08-04 17:00:00,39.438,39.44,39.27,39.4,8973.0,-0.0009635377047518587,5.071251077629035e-05,0.004259850905218299,8
11360,2022-08-04 18:00:00,39.41,39.41,39.32,39.41,3258.0,0.0,0.0,0.0022836843440750144,8
11361,2022-08-04 19:00:00,39.33,39.57,39.33,39.45,7917.0,0.003051106025934517,0.006102212051868853,0.0,8
11362,2022-08-05 07:00:00,39.01,39.35,39.0,39.1,5428.0,0.002307100743399216,0.008715713919507907,0.0002563445270442966,8
11363,2022-08-05 08:00:00,38.7661,39.35,38.7661,38.8,39365.0,0.0008744753792616642,0.015062129025101824,0.0,8
11364,2022-08-05 09:00:00,38.8,39.75,38.36,39.75,695073.0,0.024484536082474303,0.024484536082474303,0.011340206185566953,8
11365,2022-08-05 10:00:00,39.73,40.9632,39.54,40.1,1404076.0,0.009312861817266664,0.031039516737981467,0.004782280392650333,8
11366,2022-08-05 11:00:00,40.11,40.11,39.42,39.7,940298.0,-0.010221889803041551,0.0,0.017202692595362695,8
11367,2022-08-05 12:00:00,39.7,40.34,39.69,40.32,1074644.0,0.015617128463476005,0.01612090680100757,0.0002518891687658719,8
11368,2022-08-05 13:00:00,40.32,40.42,39.71,39.86,720397.0,-0.01140873015873018,0.0024801587301587656,0.01512896825396824,8
11369,2022-08-05 14:00:00,39.84,39.9596,39.51,39.83,579326.0,-0.00025100401606438543,0.003002008032128473,0.008283132530120616,8
11370,2022-08-05 15:00:00,39.82,39.8287,39.55,39.675,1031431.0,-0.0036413862380713993,0.00021848317428421616,0.006780512305374262,8
11371,2022-08-05 16:00:00,39.67,39.7,39.64,39.69,152454.0,0.0005041593143432321,0.0007562389715150274,0.0007562389715150274,8
11372,2022-08-05 17:00:00,39.67,39.69,39.63,39.6694,1482.0,-1.5124779430264725e-05,0.0005041593143432321,0.0010083186286866433,8
11373,2022-08-05 18:00:00,39.63,39.66,39.61,39.61,751.0,-0.0005046681806712875,0.0007570022710066623,0.0005046681806712875,8
11374,2022-08-05 19:00:00,39.65,39.66,39.61,39.66,2527.0,0.0002522068095838086,0.0002522068095838086,0.0010088272383354136,8
11375,2022-08-08 07:00:00,40.11,40.13,40.1,40.1,1416.0,-0.0002493143854399903,0.0004986287708801578,0.0002493143854399903,8
11376,2022-08-08 08:00:00,40.4891,40.58,40.0,40.58,21965.0,0.0022450486674190774,0.0022450486674190774,0.012079794315013189,8
11377,2022-08-08 09:00:00,40.32,41.2,40.32,40.985,714421.0,0.016493055555555535,0.02182539682539689,0.0,8
11378,2022-08-08 10:00:00,40.9999,42.25,40.84,41.79,1385430.0,0.019270778709216424,0.030490318269069033,0.003900009512218159,8
11379,2022-08-08 11:00:00,41.79,41.89,40.47,41.03,1353077.0,-0.018186168939937738,0.0023929169657813214,0.031586503948313,8
11380,2022-08-08 12:00:00,41.02,41.2517,39.98,40.31,1412876.0,-0.017308629936616304,0.005648464163822439,0.025353486104339497,8
11381,2022-08-08 13:00:00,40.32,40.63,40.1862,40.62,447624.0,0.00744047619047612,0.0076884920634921194,0.003318452380952401,8
11382,2022-08-08 14:00:00,40.63,40.68,40.26,40.39,471711.0,-0.005906965296578931,0.0012306177701205305,0.009106571498892555,8
11383,2022-08-08 15:00:00,40.38,40.49,40.095,40.23,1155012.0,-0.0037147102526004375,0.00272412085190687,0.007057949479940656,8
11384,2022-08-08 16:00:00,40.23,40.71,40.12,40.5,253015.0,0.006711409395973232,0.011931394481730152,0.0027342779020631232,8
11385,2022-08-08 17:00:00,40.44,40.44,40.27,40.35,3869.0,-0.0022255192878337365,0.0,0.004203758654797097,8
11386,2022-08-08 18:00:00,40.35,40.69,40.25,40.69,5003.0,0.008426270136307219,0.008426270136307219,0.0024783147459727737,8
11387,2022-08-08 19:00:00,40.53,40.7,40.4,40.65,5851.0,0.0029607698001479755,0.004194423883543096,0.003207500616827105,8
11388,2022-08-09 05:00:00,40.8,40.8,40.6,40.6,7418.0,-0.004901960784313621,0.0,0.004901960784313621,8
11389,2022-08-09 07:00:00,40.38,40.38,39.0,39.2,21588.0,-0.02922238732045566,0.0,0.03417533432392279,8
11390,2022-08-09 08:00:00,40.2501,40.2501,39.0,39.23,38966.0,-0.025344036412332054,0.0,0.03105830792966982,8
11391,2022-08-09 09:00:00,39.1,39.4,38.29,38.475,1013602.0,-0.0159846547314578,0.007672634271099672,0.020716112531969366,8
11392,2022-08-09 10:00:00,38.47,38.71,37.53,37.76,1398172.0,-0.018455939693267503,0.006238627501949623,0.024434624382635762,8
11393,2022-08-09 11:00:00,37.7591,37.885,37.44,37.63,814774.0,-0.0034190433564357733,0.0033342955737822528,0.008450942951500402,8
11394,2022-08-09 12:00:00,37.64,37.82,37.29,37.71,669914.0,0.0018597236981934189,0.004782146652497336,0.009298618490967093,8
11395,2022-08-09 13:00:00,37.71,37.97,37.5275,37.92,333597.0,0.005568814638027071,0.006894722885176293,0.004839565102094867,8
11396,2022-08-09 14:00:00,37.91,38.04,37.71,38.01,464686.0,0.0026378264310208763,0.0034291743603271584,0.005275652862041565,8
11397,2022-08-09 15:00:00,38.0,38.015,37.62,37.99,918982.0,-0.00026315789473678973,0.0003947368421052781,0.010000000000000068,8
11398,2022-08-09 16:00:00,38.01,38.01,37.5601,37.9999,81189.0,-0.0002657195474875383,0.0,0.011836358852933427,8
11399,2022-08-09 17:00:00,38.0,38.11,38.0,38.0,3561.0,0.0,0.002894736842105248,0.0,8
11400,2022-08-09 18:00:00,37.97,38.07,37.8,37.8,4189.0,-0.004477218856992407,0.0026336581511720155,0.004477218856992407,8
11401,2022-08-09 19:00:00,37.95,38.0999,37.95,38.0999,4085.0,0.003949934123847042,0.003949934123847042,0.0,8
11402,2022-08-10 04:00:00,38.1,38.1,38.1,38.1,290.0,0.0,0.0,0.0,8
11403,2022-08-10 05:00:00,38.47,38.47,38.17,38.27,1911.0,-0.005198856251624532,0.0,0.00779828437743689,8
11404,2022-08-10 06:00:00,38.16,38.23,38.1,38.1,1905.0,-0.0015723270440250307,0.0018343815513626911,0.0015723270440250307,8
11405,2022-08-10 07:00:00,38.08,38.08,38.05,38.08,1176.0,0.0,0.0,0.0007878151260504501,8
11406,2022-08-10 08:00:00,38.25,39.33,38.0,39.1301,77549.0,0.023009150326797352,0.028235294117647015,0.006535947712418301,8
11407,2022-08-10 09:00:00,39.14,41.0,39.0,40.55,1540772.0,0.03602452733776179,0.04752171691364332,0.003576903423607577,8
11408,2022-08-10 10:00:00,40.53,41.78,40.51,41.765,1859978.0,0.030471255859856883,0.0308413520848754,0.0004934616333580836,8
11409,2022-08-10 11:00:00,41.77,42.39,41.68,42.35,1537882.0,0.013885563801771564,0.014843188891548896,0.002154656451999124,8
11410,2022-08-10 12:00:00,42.3601,42.5295,41.67,41.87,900402.0,-0.01156984992953287,0.003999046272317487,0.016291274099919522,8
11411,2022-08-10 13:00:00,41.86,42.1381,41.76,41.9367,788090.0,0.0018322981366460209,0.006643573817486909,0.0023889154323937273,8
11412,2022-08-10 14:00:00,41.93,42.0,41.47,41.62,586527.0,-0.007393274505127648,0.0016694490818030118,0.010970665394705481,8
11413,2022-08-10 15:00:00,41.63,41.7583,41.365,41.67,1395152.0,0.0009608455440787688,0.0030819120826326173,0.0063656017295219925,8
11414,2022-08-10 16:00:00,41.52,41.69,41.36,41.68,76404.0,0.0038535645472060833,0.004094412331406421,0.0038535645472062546,8
11415,2022-08-10 17:00:00,41.69,41.7388,41.55,41.7199,5622.0,0.0007171983689135266,0.0011705444950827527,0.0033581194531062744,8
11416,2022-08-10 18:00:00,41.65,41.72,41.63,41.6999,11301.0,0.0011980792316926999,0.0016806722689075698,0.0004801920768306368,8
11417,2022-08-10 19:00:00,41.6,41.87,41.6,41.87,2680.0,0.0064903846153845195,0.0064903846153845195,0.0,8
11418,2022-08-11 04:00:00,42.48,42.48,42.48,42.48,177.0,0.0,0.0,0.0,8
11419,2022-08-11 05:00:00,42.45,42.45,42.45,42.45,399.0,0.0,0.0,0.0,8
11420,2022-08-11 06:00:00,42.44,42.44,42.44,42.44,198.0,0.0,0.0,0.0,8
11421,2022-08-11 07:00:00,42.15,42.89,42.15,42.86,21961.0,0.016844602609727186,0.017556346381969207,0.0,8
11422,2022-08-11 08:00:00,42.4388,43.7,42.08,43.5,95142.0,0.025005419568885065,0.029718088164604143,0.00845452746071996,8
11423,2022-08-11 09:00:00,43.6799,43.93,42.04,42.8257,1706925.0,-0.019555905576707038,0.005725745709124705,0.03754358411992711,8
11424,2022-08-11 10:00:00,42.9044,43.47,42.28,42.33,1226774.0,-0.013387904270890729,0.013182797102395005,0.01455328591006986,8
11425,2022-08-11 11:00:00,42.34,42.3499,41.355,41.52,1206763.0,-0.01936702881435995,0.00023382144544153733,0.023264052905054476,8
11426,2022-08-11 12:00:00,41.52,42.1,41.43,42.0122,889776.0,0.011854527938342891,0.013969171483622308,0.0021676300578035504,8
11427,2022-08-11 13:00:00,42.025,42.17,41.8234,41.955,591153.0,-0.001665675193337306,0.0034503271861987656,0.0047971445568114005,8
11428,2022-08-11 14:00:00,41.955,42.03,41.51,41.67,454438.0,-0.006792992491955586,0.001787629603146296,0.010606602312000961,8
11429,2022-08-11 15:00:00,41.685,41.81,41.49,41.7,1025996.0,0.0003598416696653609,0.0029986805805445604,0.004677941705649521,8
11430,2022-08-11 16:00:00,41.81,41.9,41.72,41.78,39795.0,-0.0007175316909830456,0.002152595072948967,0.0021525950729491365,8
11431,2022-08-11 17:00:00,41.8898,41.89,41.76,41.76,5577.0,-0.003098606343310377,4.774431961946199e-06,0.003098606343310377,8
11432,2022-08-11 18:00:00,41.85,41.88,41.7999,41.7999,3502.0,-0.0011971326164874666,0.0007168458781362278,0.0011971326164874666,8
11433,2022-08-11 19:00:00,41.8,41.8,41.61,41.8,2111.0,0.0,0.0,0.0045454545454544915,8
11434,2022-08-12 06:00:00,42.11,42.11,42.11,42.11,265.0,0.0,0.0,0.0,8
11435,2022-08-12 07:00:00,42.15,42.15,41.99,42.0,7106.0,-0.003558718861209931,0.0,0.003795966785290548,8
11436,2022-08-12 08:00:00,42.0,42.4,41.92,42.15,13558.0,0.0035714285714285375,0.00952380952380949,0.0019047619047618642,8
11437,2022-08-12 09:00:00,42.2,42.456,41.63,42.29,699436.0,0.00213270142180086,0.006066350710900479,0.013507109004739342,8
11438,2022-08-12 10:00:00,42.27,42.5343,41.84,42.35,886172.0,0.001892595221197026,0.006252661462029776,0.010172699313934224,8
11439,2022-08-12 11:00:00,42.35,42.42,41.8,41.8712,452367.0,-0.011305785123966934,0.0016528925619834778,0.012987012987013087,8
11440,2022-08-12 12:00:00,41.88,42.1,41.85,42.005,494790.0,0.0029847182425978987,0.0052531041069722745,0.0007163323782235228,8
11441,2022-08-12 13:00:00,42.01,42.25,41.92,42.1,706283.0,0.0021423470602238374,0.005712925493930064,0.0021423470602236682,8
11442,2022-08-12 14:00:00,42.11,42.1199,41.94,42.0,590813.0,-0.0026122061268107205,0.0002350985514130087,0.004037045832343902,8
11443,2022-08-12 15:00:00,42.01,42.38,41.93,42.36,1616551.0,0.008331349678647975,0.008807426803142218,0.0019043084979766317,8
11444,2022-08-12 16:00:00,42.0,42.49,42.0,42.36,55186.0,0.008571428571428558,0.011666666666666714,0.0,8
11445,2022-08-12 17:00:00,42.28,42.36,42.28,42.2808,1678.0,1.892147587507416e-05,0.0018921475875117856,0.0,8
11446,2022-08-12 18:00:00,42.35,42.42,42.27,42.42,2227.0,0.0016528925619834778,0.0016528925619834778,0.0018890200708382124,8
11447,2022-08-12 19:00:00,42.42,42.42,42.0,42.0,12184.0,-0.009900990099009941,0.0,0.009900990099009941,8
11448,2022-08-15 04:00:00,42.3,42.37,42.04,42.04,2443.0,-0.006146572104018866,0.0016548463356974063,0.006146572104018866,8
11449,2022-08-15 05:00:00,41.62,41.62,41.6,41.6,400.0,-0.000480538202787026,0.0,0.000480538202787026,8
11450,2022-08-15 06:00:00,41.7,41.7,41.51,41.51,1200.0,-0.004556354916067261,0.0,0.004556354916067261,8
11451,2022-08-15 07:00:00,41.68,41.88,41.56,41.88,3797.0,0.004798464491362832,0.004798464491362832,0.002879078694817597,8
11452,2022-08-15 08:00:00,41.75,42.27,41.5,41.51,35664.0,-0.005748502994012024,0.012455089820359356,0.005988023952095809,8
11453,2022-08-15 09:00:00,41.55,42.69,41.15,42.55,782637.0,0.024067388688327317,0.027436823104693156,0.009626955475330892,8
11454,2022-08-15 10:00:00,42.57,42.715,41.97,42.56,796149.0,-0.00023490721165135095,0.00340615456894534,0.014094432699083895,8
11455,2022-08-15 11:00:00,42.51,43.03,42.36,42.945,695843.0,0.010232886379675425,0.012232415902140747,0.003528581510232853,8
11456,2022-08-15 12:00:00,42.9526,42.98,42.46,42.67,366780.0,-0.006579345604224077,0.0006379124895815409,0.01146845592583443,8
11457,2022-08-15 13:00:00,42.66,42.87,42.55,42.71,331566.0,0.0011720581340835506,0.0049226441631505125,0.002578527894983578,8
11458,2022-08-15 14:00:00,42.69,42.86,42.48,42.67,553855.0,-0.00046849379245715675,0.003982197235886665,0.004919184820801145,8
11459,2022-08-15 15:00:00,42.67,42.89,42.38,42.4,1199122.0,-0.006327630653855241,0.005155847199437517,0.006796344035622196,8
11460,2022-08-15 16:00:00,42.39,42.72,42.28,42.65,55641.0,0.006133522057088889,0.00778485491861284,0.0025949516395376133,8
11461,2022-08-15 17:00:00,42.64,42.65,42.4101,42.65,1330.0,0.00023452157598494394,0.00023452157598494394,0.00539165103189495,8
11462,2022-08-15 18:00:00,42.46,42.47,42.41,42.45,3990.0,-0.00023551577955718348,0.00023551577955718348,0.0011775788977862521,8
11463,2022-08-15 19:00:00,42.45,42.45,42.2,42.2,9123.0,-0.005889281507656065,0.0,0.005889281507656065,8
11464,2022-08-16 07:00:00,42.38,42.48,42.33,42.45,1387.0,0.0016517225106182228,0.002359603586597317,0.0011798017932988264,8
11465,2022-08-16 08:00:00,42.0116,42.6,41.9,42.322,16548.0,0.007388435574936477,0.014005655580839578,0.002656409182225928,8
11466,2022-08-16 09:00:00,42.4,42.71,41.76,42.11,587825.0,-0.006839622641509414,0.007311320754717035,0.015094339622641523,8
11467,2022-08-16 10:00:00,42.1,42.52,41.62,42.15,972369.0,0.0011876484560569395,0.0099762470308789,0.011401425178147363,8
11468,2022-08-16 11:00:00,42.13,42.87,42.06,42.86,523420.0,0.01732732019938279,0.01756468075005922,0.0016615238547353496,8
11469,2022-08-16 12:00:00,42.8601,43.64,42.8399,43.265,1291409.0,0.009447014822643852,0.01819641111429973,0.00047130081357725853,8
11470,2022-08-16 13:00:00,43.27,44.29,43.14,44.24,956770.0,0.022417379246591145,0.023572914259301962,0.0030043910330483604,8
11471,2022-08-16 14:00:00,44.25,44.405,43.185,43.6263,1287169.0,-0.014094915254237277,0.003502824858757088,0.02406779661016944,8
11472,2022-08-16 15:00:00,43.64,44.11,43.49,44.07,1459304.0,0.009853345554537115,0.010769935838680083,0.0034372135655361727,8
11473,2022-08-16 16:00:00,44.16,44.17,43.75,44.15,63711.0,-0.0002264492753622738,0.00022644927536243472,0.009284420289854996,8
11474,2022-08-16 17:00:00,44.15,44.15,43.85,44.1,8389.0,-0.0011325028312570138,0.0,0.006795016987542405,8
11475,2022-08-16 18:00:00,44.14,44.22,44.01,44.22,4142.0,0.0018124150430448185,0.0018124150430448185,0.002945174444947951,8
11476,2022-08-16 19:00:00,44.12,44.24,44.0,44.15,8009.0,0.0006799637352674782,0.002719854941069913,0.002719854941069752,8
11477,2022-08-17 04:00:00,44.51,44.51,44.17,44.17,2064.0,-0.007638732869018116,0.0,0.007638732869018116,8
11478,2022-08-17 05:00:00,44.1,44.1,44.1,44.1,152.0,0.0,0.0,0.0,8
11479,2022-08-17 06:00:00,43.88,43.89,43.6,43.89,1169.0,0.00022789425706467662,0.00022789425706467662,0.00638103919781224,8
11480,2022-08-17 07:00:00,43.98,44.1,43.52,43.72,30998.0,-0.00591177808094584,0.0027285129604366657,0.010459299681673346,8
11481,2022-08-17 08:00:00,43.52,43.89,43.48,43.48,46485.0,-0.0009191176470589672,0.008501838235294058,0.0009191176470589672,8
11482,2022-08-17 09:00:00,43.48,43.52,42.2,42.645,856902.0,-0.01920423183072663,0.000919963201472085,0.02943882244710198,8
11483,2022-08-17 10:00:00,42.635,42.82,41.89,41.9,970969.0,-0.017239357335522447,0.004339157968805026,0.01747390641491726,8
11484,2022-08-17 11:00:00,41.9,42.04,41.2,41.36,811802.0,-0.01288782816229115,0.003341288782816243,0.016706443914081045,8
11485,2022-08-17 12:00:00,41.36,41.931,41.35,41.83,588710.0,0.011363636363636336,0.013805609284332639,0.00024177949709859792,8
11486,2022-08-17 13:00:00,41.84,42.075,41.7701,41.99,362966.0,0.003585086042064975,0.005616634799235167,0.0016706500956023915,8
11487,2022-08-17 14:00:00,42.01,42.61,41.96,42.2299,634317.0,0.005234467983813441,0.014282313734825075,0.0011901928112353526,8
11488,2022-08-17 15:00:00,42.22,42.44,41.83,41.86,1090998.0,-0.00852676456655612,0.005210800568450944,0.009237328280435827,8
11489,2022-08-17 16:00:00,41.88,42.21,41.86,41.91,175660.0,0.0007163323782233531,0.007879656160458411,0.00047755491881573843,8
11490,2022-08-17 17:00:00,42.0,42.0,41.87,41.87,6022.0,-0.003095238095238156,0.0,0.003095238095238156,8
11491,2022-08-17 18:00:00,41.87,41.98,41.86,41.87,1939.0,0.0,0.0026271793647002495,0.00023883448769997638,8
11492,2022-08-17 19:00:00,41.86,41.86,41.3,41.3,37740.0,-0.013377926421404738,0.0,0.013377926421404738,8
11493,2022-08-18 04:00:00,41.3,41.3,41.3,41.3,100.0,0.0,0.0,0.0,8
11494,2022-08-18 05:00:00,41.67,41.7,41.67,41.7,1432.0,0.0007199424046076587,0.0007199424046076587,0.0,8
11495,2022-08-18 06:00:00,42.07,42.37,41.86,41.86,1449.0,-0.004991680532445943,0.007130972189208395,0.004991680532445943,8
11496,2022-08-18 07:00:00,42.0,42.04,41.86,41.99,5648.0,-0.00023809523809519072,0.0009523809523809321,0.003333333333333347,8
11497,2022-08-18 08:00:00,42.2,42.4199,41.57,42.0,16237.0,-0.004739336492891062,0.0052109004739335435,0.014928909952606696,8
11498,2022-08-18 09:00:00,42.0,42.01,40.81,41.0,521298.0,-0.023809523809523808,0.00023809523809519072,0.02833333333333328,8
11499,2022-08-18 10:00:00,41.0226,41.54,40.55,41.32,695153.0,0.0072496623812240875,0.012612559906003084,0.011520478955502575,8
11500,2022-08-18 11:00:00,41.33,41.55,41.1,41.48,356379.0,0.0036293249455600918,0.005323009920154824,0.0055649649165254505,8
11501,2022-08-18 12:00:00,41.5,41.61,41.04,41.13,404463.0,-0.008915662650602348,0.0026506024096385407,0.011084337349397611,8
11502,2022-08-18 13:00:00,41.13,41.2718,40.97,41.23,333504.0,0.0024313153415996673,0.003447605154388436,0.0038901045465597785,8
11503,2022-08-18 14:00:00,41.21,41.52,41.16,41.5,308773.0,0.007037126910943925,0.00752244600825048,0.001213297743266301,8
11504,2022-08-18 15:00:00,41.485,41.87,41.48,41.83,772502.0,0.008316258888754945,0.009280462817885936,0.00012052549114143807,8
11505,2022-08-18 16:00:00,41.81,41.839,41.7,41.79,21180.0,-0.00047835446065542034,0.0006936139679501641,0.0026309495336043873,8
11506,2022-08-18 17:00:00,41.6129,41.79,41.6129,41.79,2409.0,0.004255891802782209,0.004255891802782209,0.0,8
11507,2022-08-18 18:00:00,41.61,41.8,41.61,41.8,2236.0,0.0045662100456620456,0.0045662100456620456,0.0,8
11508,2022-08-18 19:00:00,41.7999,41.7999,41.69,41.7,8160.0,-0.002389957870712564,0.0,0.0026291928928060407,8
11509,2022-08-19 04:00:00,41.83,41.83,40.27,41.0,5006.0,-0.01984221850346637,0.0,0.03729380827157531,8
11510,2022-08-19 05:00:00,41.11,41.11,40.5,40.6,1434.0,-0.01240574069569443,0.0,0.014838238871320833,8
11511,2022-08-19 06:00:00,40.8,40.95,40.78,40.78,1206.0,-0.0004901960784312751,0.0036764705882354337,0.0004901960784312751,8
11512,2022-08-19 07:00:00,40.78,40.79,40.56,40.71,8956.0,-0.0017165277096616058,0.0002452182442373225,0.00539480137322214,8
11513,2022-08-19 08:00:00,40.5681,40.88,40.5,40.5,38746.0,-0.0016786588477153517,0.007688306822355531,0.0016786588477153517,8
11514,2022-08-19 09:00:00,40.89,41.07,39.59,39.95,948491.0,-0.02298850574712638,0.004402054292002928,0.031792614331132237,8
11515,2022-08-19 10:00:00,39.95,40.0299,39.36,39.39,1291306.0,-0.014017521902378028,0.0019999999999998743,0.014768460575719735,8
11516,2022-08-19 11:00:00,39.39,39.5188,39.02,39.14,804761.0,-0.0063467885250063465,0.0032698654480832253,0.009393247017009328,8
11517,2022-08-19 12:00:00,39.12,39.6992,39.11,39.63,640808.0,0.013036809815951051,0.014805725971370148,0.00025562372188133977,8
11518,2022-08-19 13:00:00,39.625,39.64,39.38,39.55,342775.0,-0.00189274447949534,0.00037854889589906797,0.006182965299684478,8
11519,2022-08-19 14:00:00,39.53,39.84,39.4,39.735,359633.0,0.0051859347331140474,0.007842145206172584,0.003288641538072415,8
11520,2022-08-19 15:00:00,39.7445,39.795,39.55,39.64,1229908.0,-0.002629294619381338,0.0012706160600837737,0.004893758884877278,8
11521,2022-08-19 16:00:00,39.1,39.65,39.1,39.6033,43905.0,0.012872122762148231,0.01406649616368279,0.0,8
11522,2022-08-19 17:00:00,39.6,39.6,39.5,39.5,7329.0,-0.002525252525252561,0.0,0.002525252525252561,8
11523,2022-08-19 18:00:00,39.49,39.51,39.24,39.49,7186.0,0.0,0.000506457330969765,0.006330716637123322,8
11524,2022-08-19 19:00:00,39.51,39.51,39.24,39.39,4503.0,-0.0030372057706909,0.0,0.006833712984054569,8
11525,2022-08-22 04:00:00,39.1,39.1,38.5,38.5,1179.0,-0.015345268542199524,0.0,0.015345268542199524,8
11526,2022-08-22 05:00:00,38.74,38.74,38.25,38.25,963.0,-0.012648425400103303,0.0,0.012648425400103303,8
11527,2022-08-22 06:00:00,38.26,38.49,38.1,38.1,345.0,-0.004181913225300486,0.006011500261369681,0.004181913225300486,8
11528,2022-08-22 07:00:00,38.5,38.8,38.04,38.04,8024.0,-0.01194805194805197,0.0077922077922077185,0.01194805194805197,8
11529,2022-08-22 08:00:00,38.51,38.84,37.88,37.9,54656.0,-0.015840041547649945,0.008569202804466512,0.016359387172162957,8
11530,2022-08-22 09:00:00,37.9,38.44,37.72,38.1557,1101949.0,0.006746701846965818,0.014248021108179397,0.004749340369393133,8
11531,2022-08-22 10:00:00,38.15,38.23,37.78,38.0105,1242390.0,-0.0036566186107470037,0.0020969855832240706,0.009698558322411467,8
11532,2022-08-22 11:00:00,38.01,38.3907,37.9999,38.26,1397079.0,0.006577216521967903,0.010015785319652842,0.0002657195474875383,8
11533,2022-08-22 12:00:00,38.26,38.26,37.955,38.14,504125.0,-0.0031364349189753646,0.0,0.007971772085729214,8
11534,2022-08-22 13:00:00,38.14,38.17,37.855,37.89,499046.0,-0.006554798112218143,0.0007865757734662071,0.007472469847928781,8
11535,2022-08-22 14:00:00,37.895,38.05,37.8,37.93,706222.0,0.0009236046971895128,0.004090249373268084,0.002506927035229079,8
11536,2022-08-22 15:00:00,37.93,38.0375,37.74,37.81,1316742.0,-0.0031637226469812137,0.0028341682045874427,0.0050092275243869685,8
11537,2022-08-22 16:00:00,38.37,38.37,37.78,37.9399,35908.0,-0.011209278081834662,0.0,0.015376596299191981,8
11538,2022-08-22 17:00:00,37.89,37.89,37.78,37.85,21405.0,-0.001055687516495095,0.0,0.0029031406703615577,8
11539,2022-08-22 18:00:00,37.89,37.9,37.83,37.89,2631.0,0.0,0.00026392187912372686,0.0015835312747427362,8
11540,2022-08-22 19:00:00,38.0,38.03,37.92,37.92,4869.0,-0.002105263157894692,0.0007894736842105562,0.002105263157894692,8
11541,2022-08-23 04:00:00,38.7,38.7,38.7,38.7,175.0,0.0,0.0,0.0,8
11542,2022-08-23 06:00:00,38.06,38.06,38.06,38.06,240.0,0.0,0.0,0.0,8
11543,2022-08-23 07:00:00,38.02,38.21,38.02,38.09,3140.0,0.0018411362440820694,0.004997369805365537,0.0,8
11544,2022-08-23 08:00:00,38.3998,38.3999,37.93,38.12,26860.0,-0.007286496283834853,2.604180230191815e-06,0.012234438721034989,8
11545,2022-08-23 09:00:00,37.91,39.23,37.9,38.96,781481.0,0.027697177525718923,0.034819308889475084,0.00026378264310203143,8
11546,2022-08-23 10:00:00,38.94,39.37,38.8,38.83,786328.0,-0.0028248587570621326,0.011042629686697477,0.0035952747817154743,8
11547,2022-08-23 11:00:00,38.83,39.16,38.7,39.08,629935.0,0.006438320885912954,0.008498583569405055,0.003347926860674619,8
11548,2022-08-23 12:00:00,39.06,39.2859,38.9301,39.26,476388.0,0.005120327700972753,0.005783410138248739,0.0033256528417818544,8
11549,2022-08-23 13:00:00,39.25,39.3871,38.98,39.3633,643217.0,0.0028866242038217173,0.0034929936305731634,0.0068789808917198245,8
11550,2022-08-23 14:00:00,39.36,39.6001,39.16,39.2,955940.0,-0.004065040650406418,0.006100101626016215,0.005081300813008202,8
11551,2022-08-23 15:00:00,39.2,39.22,38.86,38.96,906054.0,-0.006122448979591887,0.0005102040816325515,0.008673469387755189,8
11552,2022-08-23 16:00:00,38.96,39.1,38.86,38.86,35445.0,-0.0025667351129363813,0.0035934291581108976,0.0025667351129363813,8
11553,2022-08-23 17:00:00,38.9,39.01,38.9,39.01,219.0,0.0028277634961439446,0.0028277634961439446,0.0,8
11554,2022-08-23 18:00:00,39.01,39.01,38.86,39.0,4221.0,-0.0002563445270442966,0.0,0.003845167905665178,8
11555,2022-08-23 19:00:00,39.01,39.1,39.01,39.05,2160.0,0.0010253781081773685,0.002307100743399216,0.0,8
11556,2022-08-24 04:00:00,38.0,38.51,38.0,38.5,1071.0,0.013157894736842105,0.013421052631578894,0.0,8
11557,2022-08-24 05:00:00,39.22,39.25,38.95,38.95,1403.0,-0.006884242733299236,0.0007649158592555109,0.006884242733299236,8
11558,2022-08-24 06:00:00,39.0,39.21,39.0,39.21,227.0,0.005384615384615406,0.005384615384615406,0.0,8
11559,2022-08-24 07:00:00,39.19,39.19,39.0,39.0,1178.0,-0.004848175554988459,0.0,0.004848175554988459,8
11560,2022-08-24 08:00:00,39.1799,39.1799,38.9,39.01,6715.0,-0.0043364071883798955,0.0,0.007143969229120159,8
11561,2022-08-24 09:00:00,39.09,40.568,38.93,40.37,728727.0,0.03274494755691977,0.03781018163213083,0.004093118444615085,8
11562,2022-08-24 10:00:00,40.4,41.215,40.33,41.15,1127133.0,0.018564356435643563,0.020173267326732795,0.0017326732673267399,8
11563,2022-08-24 11:00:00,41.1501,41.8699,41.09,41.76,933241.0,0.014821349158325158,0.017492059557570924,0.0014605067788413268,8
11564,2022-08-24 12:00:00,41.76,41.775,41.25,41.45,1062864.0,-0.007423371647509463,0.00035919540229886423,0.012212643678160872,8
11565,2022-08-24 13:00:00,41.435,41.72,41.33,41.6002,482921.0,0.003986967539519697,0.006878243031253688,0.0025340895378304328,8
11566,2022-08-24 14:00:00,41.62,41.7,41.36,41.44,310960.0,-0.004324843825084088,0.0019221528111486163,0.006246996636232533,8
11567,2022-08-24 15:00:00,41.42,41.99,41.21,41.93,1339851.0,0.012312892322549444,0.013761467889908263,0.005070014485755694,8
11568,2022-08-24 16:00:00,41.45,42.0,41.45,41.96,52458.0,0.012303980699638069,0.013268998793727314,0.0,8
11569,2022-08-24 17:00:00,41.86,41.94,41.85,41.85,1967.0,-0.0002388915432393218,0.001911132345914914,0.0002388915432393218,8
11570,2022-08-24 18:00:00,42.04,42.04,41.91,41.91,451.0,-0.0030922930542341236,0.0,0.0030922930542341236,8
11571,2022-08-24 19:00:00,42.03,42.03,41.88,41.88,2911.0,-0.0035688793718771966,0.0,0.0035688793718771966,8
11572,2022-08-25 04:00:00,42.55,42.55,42.55,42.55,200.0,0.0,0.0,0.0,8
11573,2022-08-25 05:00:00,42.57,42.81,42.56,42.56,6372.0,-0.00023490721165135095,0.005637773079633592,0.00023490721165135095,8
11574,2022-08-25 07:00:00,42.32,42.65,42.15,42.59,21609.0,0.006379962192816709,0.00779773156899807,0.004017013232514218,8
11575,2022-08-25 08:00:00,42.5,42.67,42.42,42.5931,35576.0,0.0021905882352941117,0.00400000000000004,0.0018823529411764305,8
11576,2022-08-25 09:00:00,42.59,44.08,42.35,44.0,1090831.0,0.03310636299600837,0.03498473820145562,0.00563512561634191,8
11577,2022-08-25 10:00:00,44.02,44.64,43.4401,43.83,1979874.0,-0.004316219900045543,0.014084507042253462,0.013173557473875558,8
11578,2022-08-25 11:00:00,43.837,43.99,43.47,43.95,924342.0,0.002577731140360872,0.0034902023404885982,0.00837192326117217,8
11579,2022-08-25 12:00:00,43.9302,44.07,43.61,44.07,573971.0,0.003182321045658819,0.003182321045658819,0.007288835470815062,8
11580,2022-08-25 13:00:00,44.06,44.34,44.0071,44.15,548854.0,0.0020426690876077236,0.006354970494779871,0.0012006354970495018,8
11581,2022-08-25 14:00:00,44.147,44.147,43.15,43.54,1174681.0,-0.013749518653589131,0.0,0.022583641017509683,8
11582,2022-08-25 15:00:00,43.53,44.12,43.42,44.12,1165105.0,0.013553870893636487,0.013553870893636487,0.002526992878474602,8
11583,2022-08-25 16:00:00,43.81,44.1636,43.81,43.93,56726.0,0.002739100661949268,0.008071216617210684,0.0,8
11584,2022-08-25 17:00:00,43.9,44.08,43.9,44.0779,1648.0,0.0040523917995444435,0.004100227790432795,0.0,8
11585,2022-08-25 18:00:00,44.01,44.07,43.82,43.9,8247.0,-0.002499431947284695,0.0013633265167008015,0.00431720063621899,8
11586,2022-08-25 19:00:00,44.0,44.0,43.87,43.87,702.0,-0.0029545454545455126,0.0,0.0029545454545455126,8
11587,2022-08-26 05:00:00,43.72,43.72,43.71,43.72,1641.0,0.0,0.0,0.00022872827081422715,8
11588,2022-08-26 06:00:00,43.28,43.28,43.28,43.28,150.0,0.0,0.0,0.0,8
11589,2022-08-26 07:00:00,43.71,43.72,43.28,43.5,2122.0,-0.004804392587508598,0.00022878059940512492,0.009837565774422323,8
11590,2022-08-26 08:00:00,43.493,44.1,43.28,44.1,12456.0,0.013956268824868353,0.013956268824868353,0.00489733980180721,8
11591,2022-08-26 09:00:00,44.1,44.93,43.74,44.25,575264.0,0.003401360544217655,0.018820861678004498,0.008163265306122436,8
11592,2022-08-26 10:00:00,44.1874,44.621,42.7,42.76,1638884.0,-0.032303326287584214,0.009812752051489917,0.033661179431240446,8
11593,2022-08-26 11:00:00,42.75,43.11,42.4116,42.9273,979364.0,0.004147368421052689,0.008421052631578933,0.007915789473684211,8
11594,2022-08-26 12:00:00,42.93,43.1036,42.69,42.92,447501.0,-0.0002329373398555325,0.004043792219892858,0.005590496156533939,8
11595,2022-08-26 13:00:00,42.9,43.04,42.8,42.91,566028.0,0.00023310023310018672,0.003263403263403277,0.0023310023310023644,8
11596,2022-08-26 14:00:00,42.93,42.98,42.51,42.595,400528.0,-0.007803400885161911,0.001164686699277828,0.009783368273934352,8
11597,2022-08-26 15:00:00,42.59,42.7,42.28,42.305,1251896.0,-0.00669171166940605,0.0025827659074900075,0.007278703921108294,8
11598,2022-08-26 16:00:00,42.31,42.45,42.02,42.0811,58697.0,-0.005410068541715976,0.003308910423067846,0.00685417159064049,8
11599,2022-08-26 17:00:00,42.45,42.45,42.15,42.15,3487.0,-0.007067137809187379,0.0,0.007067137809187379,8
11600,2022-08-26 18:00:00,42.16,42.16,42.05,42.05,1260.0,-0.002609108159392776,0.0,0.002609108159392776,8
11601,2022-08-26 19:00:00,42.25,42.25,41.97,42.25,4005.0,0.0,0.0,0.00662721893491127,8
11602,2022-08-29 04:00:00,42.0,42.0,41.51,41.51,6482.0,-0.011666666666666714,0.0,0.011666666666666714,8
11603,2022-08-29 05:00:00,41.6,41.6,41.25,41.49,430.0,-0.0026442307692307555,0.0,0.008413461538461573,8
11604,2022-08-29 06:00:00,41.36,41.5,41.36,41.5,2499.0,0.0033849129593810584,0.0033849129593810584,0.0,8
11605,2022-08-29 07:00:00,41.53,41.53,41.38,41.4,3218.0,-0.003130267276667531,0.0,0.0036118468576931996,8
11606,2022-08-29 08:00:00,41.47,41.77,41.26,41.28,23064.0,-0.004581625271280389,0.007234145165179751,0.005063901615625774,8
11607,2022-08-29 09:00:00,41.26,42.09,41.1,41.87,582330.0,0.014784294716432366,0.020116335433834353,0.0038778477944739842,8
11608,2022-08-29 10:00:00,41.86,42.31,41.4,41.85,873084.0,-0.0002388915432393218,0.010750119445771688,0.010989010989011009,8
11609,2022-08-29 11:00:00,41.84,42.31,41.84,42.24,605710.0,0.009560229445506658,0.011233269598470335,0.0,8
11610,2022-08-29 12:00:00,42.25,42.44,42.07,42.35,422642.0,0.002366863905325477,0.004497041420118289,0.004260355029585792,8
11611,2022-08-29 13:00:00,42.35,42.89,42.3,42.86,346987.0,0.012042502951593812,0.012750885478158185,0.0011806375442740085,8
11612,2022-08-29 14:00:00,42.86,42.92,42.52,42.72,500653.0,-0.003266448903406453,0.0013999066728885273,0.007932804479701266,8
11613,2022-08-29 15:00:00,42.72,42.82,42.15,42.17,867274.0,-0.012874531835205927,0.0023408239700374867,0.01334269662921349,8
11614,2022-08-29 16:00:00,42.19,42.75,42.02,42.02,28216.0,-0.004029390850912411,0.013273287508888417,0.004029390850912411,8
11615,2022-08-29 17:00:00,42.21,42.54,42.19,42.19,3039.0,-0.0004738213693438315,0.007818052594171957,0.0004738213693438315,8
11616,2022-08-29 18:00:00,42.65,42.65,42.65,42.65,450.0,0.0,0.0,0.0,8
11617,2022-08-29 19:00:00,42.64,42.64,42.2,42.3,2200.0,-0.00797373358348976,0.0,0.010318949343339533,8
11618,2022-08-30 04:00:00,43.39,43.39,43.39,43.39,133.0,0.0,0.0,0.0,8
11619,2022-08-30 07:00:00,42.72,43.15,42.72,42.97,4132.0,0.005852059925093633,0.010065543071161042,0.0,8
11620,2022-08-30 08:00:00,43.1,43.2495,42.72,42.98,23552.0,-0.002784222737819131,0.0034686774941994473,0.008816705336426972,8
11621,2022-08-30 09:00:00,42.9,43.99,42.45,42.5,706843.0,-0.009324009324009291,0.02540792540792549,0.010489510489510391,8
11622,2022-08-30 10:00:00,42.48,42.52,41.236,41.7362,1181159.0,-0.01750941619585688,0.0009416195856875296,0.029284369114877588,8
11623,2022-08-30 11:00:00,41.73,41.8401,41.39,41.7,559403.0,-0.0007189072609631928,0.002638389647735508,0.00814761562425105,8
11624,2022-08-30 12:00:00,41.71,41.82,41.02,41.03,651948.0,-0.016303044833373286,0.0026372572524574305,0.01654279549268755,8
11625,2022-08-30 13:00:00,41.03,41.2217,40.84,40.96,481231.0,-0.0017060687301974234,0.004672191079697716,0.004630757981964361,8
11626,2022-08-30 14:00:00,40.95,41.76,40.889,41.66,415159.0,0.017338217338217183,0.01978021978021966,0.001489621489621488,8
11627,2022-08-30 15:00:00,41.6695,42.0,41.36,41.75,1441664.0,0.0019318686329329769,0.00793146066067509,0.007427494930344734,8
11628,2022-08-30 16:00:00,41.74,42.01,41.74,41.74,27837.0,0.0,0.006468615237182463,0.0,8
11629,2022-08-30 17:00:00,41.84,41.84,41.74,41.74,370.0,-0.002390057361376707,0.0,0.002390057361376707,8
11630,2022-08-30 18:00:00,41.84,41.84,41.84,41.84,483.0,0.0,0.0,0.0,8
11631,2022-08-30 19:00:00,41.8,41.8,41.74,41.74,4415.0,-0.0014354066985644777,0.0,0.0014354066985644777,8
11632,2022-08-31 07:00:00,42.01,42.02,41.75,42.02,3893.0,0.0002380385622472058,0.0002380385622472058,0.006189002618424137,8
11633,2022-08-31 08:00:00,42.1408,42.3,41.75,42.3,11552.0,0.0037778115270711153,0.0037778115270711153,0.009273673019971115,8
11634,2022-08-31 09:00:00,42.3,43.0,41.75,42.201,653444.0,-0.0023404255319148144,0.016548463356974064,0.013002364066193787,8
11635,2022-08-31 10:00:00,42.16,42.22,41.37,41.39,635650.0,-0.018263757115749433,0.0014231499051233936,0.018738140417457288,8
11636,2022-08-31 11:00:00,41.38,41.42,40.9,41.17,646111.0,-0.005074915418076385,0.0009666505558240489,0.011599806669888931,8
11637,2022-08-31 12:00:00,41.19,41.23,40.67,40.795,431347.0,-0.009589706239378394,0.0009711094925952694,0.012624423403738675,8
11638,2022-08-31 13:00:00,40.7801,41.12,40.76,41.06,379055.0,0.006863641825302168,0.008334947682815886,0.000492887462267119,8
11639,2022-08-31 14:00:00,41.04,41.19,40.53,40.66,492124.0,-0.009259259259259321,0.0036549707602338837,0.012426900584795274,8
11640,2022-08-31 15:00:00,40.66,41.15,40.59,40.84,1046336.0,0.004426955238563867,0.01205115592720123,0.0017215937038857153,8
11641,2022-08-31 16:00:00,40.85,40.85,40.78,40.85,75784.0,0.0,0.0,0.0017135862913096765,8
11642,2022-08-31 17:00:00,40.6001,40.8,40.6001,40.75,2079.0,0.0036921091327361847,0.00492363319302168,0.0,8
11643,2022-08-31 18:00:00,40.87,40.87,40.54,40.54,6471.0,-0.008074382187423497,0.0,0.008074382187423497,8
11644,2022-08-31 19:00:00,40.5401,40.5401,40.35,40.35,5158.0,-0.004689184289135968,0.0,0.004689184289135968,8
11645,2022-09-01 04:00:00,40.69,40.69,40.0,40.12,1786.0,-0.014008355861391012,0.0,0.01695748341115748,9
11646,2022-09-01 07:00:00,40.21,40.69,40.14,40.69,3000.0,0.011937329022631109,0.011937329022631109,0.0017408604824670551,9
11647,2022-09-01 08:00:00,40.2,41.0,40.0,40.25,8928.0,0.0012437810945272925,0.019900497512437738,0.004975124378109523,9
11648,2022-09-01 09:00:00,40.25,40.3,39.39,39.52,739018.0,-0.01813664596273284,0.0012422360248446499,0.02136645962732918,9
11649,2022-09-01 10:00:00,39.47,39.5,38.81,39.225,851316.0,-0.006207246009627501,0.0007600709399544246,0.01672156067899662,9
11650,2022-09-01 11:00:00,39.22,39.28,38.8,39.07,601115.0,-0.0038245792962773736,0.0015298317185110219,0.01070882202957679,9
11651,2022-09-01 12:00:00,39.08,39.8,39.08,39.7972,313546.0,0.018352098259979487,0.01842374616171952,0.0,9
11652,2022-09-01 13:00:00,39.81,40.2287,39.75,39.99,552654.0,0.004521477015825162,0.010517457925144465,0.0015071590052751136,9
11653,2022-09-01 14:00:00,40.01,40.63,39.94,40.47,606745.0,0.011497125718570379,0.015496125968507987,0.0017495626093476703,9
11654,2022-09-01 15:00:00,40.46,41.01,40.45,40.96,1062590.0,0.012357884330202669,0.013593672763222866,0.0002471576866040042,9
11655,2022-09-01 16:00:00,40.98,41.0,40.92,40.92,47426.0,-0.001464128843338096,0.00048804294777948093,0.001464128843338096,9
11656,2022-09-01 17:00:00,40.9,41.0,40.89,40.89,5026.0,-0.0002444987775060638,0.0024449877750611594,0.0002444987775060638,9
11657,2022-09-01 18:00:00,41.0,41.0,41.0,41.0,3063.0,0.0,0.0,0.0,9
11658,2022-09-01 19:00:00,41.0,41.24,40.95,41.24,9635.0,0.005853658536585414,0.005853658536585414,0.0012195121951218818,9
11659,2022-09-02 04:00:00,40.88,40.92,40.88,40.92,350.0,0.0009784735812132864,0.0009784735812132864,0.0,9
11660,2022-09-02 06:00:00,40.93,40.93,40.88,40.88,335.0,-0.0012215978499877146,0.0,0.0012215978499877146,9
11661,2022-09-02 07:00:00,41.0,41.0,41.0,41.0,965.0,0.0,0.0,0.0,9
11662,2022-09-02 08:00:00,40.92,41.99,40.9,41.48,36166.0,0.013685239491690987,0.026148582600195508,0.0004887585532747587,9
11663,2022-09-02 09:00:00,41.49,42.36,40.3814,40.6566,575330.0,-0.020086767895878634,0.020968908170643466,0.02671969149192583,9
11664,2022-09-02 10:00:00,40.66,41.73,40.42,41.575,625678.0,0.022503689129365626,0.02631578947368422,0.005902606984751473,9
11665,2022-09-02 11:00:00,41.58,42.16,41.56,42.08,529912.0,0.012025012025012025,0.013949013949013909,0.00048100048100038534,9
11666,2022-09-02 12:00:00,42.09,42.155,40.89,41.135,544382.0,-0.02268947493466394,0.001544309812306907,0.028510334996436272,9
11667,2022-09-02 13:00:00,41.12,41.12,40.49,40.7,451908.0,-0.010214007782101037,0.0,0.015321011673151641,9
11668,2022-09-02 14:00:00,40.6871,41.25,40.68,40.96,490252.0,0.0067072856015788765,0.013834851832644721,0.0001745024835881942,9
11669,2022-09-02 15:00:00,40.95,41.25,40.73,41.06,826308.0,0.0026862026862026723,0.007326007326007256,0.005372405372405518,9
11670,2022-09-02 16:00:00,41.0,41.0,40.725,41.0,31239.0,0.0,0.0,0.006707317073170697,9
11671,2022-09-02 17:00:00,41.01,41.04,40.9,41.0,6300.0,-0.00024384296513040748,0.0007315288953913957,0.0026822726164350023,9
11672,2022-09-02 18:00:00,41.0,41.0,41.0,41.0,2020.0,0.0,0.0,0.0,9
11673,2022-09-02 19:00:00,41.02,41.02,40.91,40.91,530.0,-0.002681618722574513,0.0,0.002681618722574513,9
11674,2022-09-06 07:00:00,42.2,42.2,41.3,41.35,10375.0,-0.02014218009478676,0.0,0.021327014218009612,9
11675,2022-09-06 08:00:00,41.97,41.98,41.33,41.69,14343.0,-0.006671431975220423,0.0002382654276863953,0.015248987371932346,9
11676,2022-09-06 09:00:00,41.58,42.612,40.4417,40.635,763051.0,-0.022727272727272735,0.024819624819624908,0.0273761423761424,9
11677,2022-09-06 10:00:00,40.6,40.79,40.1916,40.635,644212.0,0.0008620689655171573,0.0046798029556649684,0.010059113300492618,9
11678,2022-09-06 11:00:00,40.61,41.635,40.56,41.33,694634.0,0.017729623245506004,0.025240088648116193,0.0012312238364934045,9
11679,2022-09-06 12:00:00,41.33,41.5982,40.96,41.12,377596.0,-0.005081054923784197,0.00648923300266151,0.008952334865714916,9
11680,2022-09-06 13:00:00,41.11,41.12,40.78,41.11,368824.0,0.0,0.00024324981756258844,0.008027243979566974,9
11681,2022-09-06 14:00:00,41.09,41.52,41.0475,41.37,560513.0,0.00681431005110718,0.010464833292771956,0.0010343149184717443,9
11682,2022-09-06 15:00:00,41.385,41.88,41.23,41.87,1122108.0,0.011719221940316526,0.011960855382385033,0.003745318352059953,9
11683,2022-09-06 16:00:00,41.82,41.84,41.76,41.76,112759.0,-0.001434720229555291,0.000478240076518487,0.001434720229555291,9
11684,2022-09-06 17:00:00,41.81,42.0,41.77,42.0,1025.0,0.004544367376225729,0.004544367376225729,0.0009567089213106708,9
11685,2022-09-06 18:00:00,41.97,41.97,41.97,41.97,240.0,0.0,0.0,0.0,9
11686,2022-09-06 19:00:00,41.7701,41.7701,41.75,41.75,460.0,-0.0004812054555770597,0.0,0.0004812054555770597,9
11687,2022-09-07 05:00:00,41.83,41.83,41.83,41.83,414.0,0.0,0.0,0.0,9
11688,2022-09-07 06:00:00,41.83,41.83,41.83,41.83,606.0,0.0,0.0,0.0,9
11689,2022-09-07 08:00:00,41.8,41.8,41.52,41.52,5494.0,-0.006698564593301293,0.0,0.006698564593301293,9
11690,2022-09-07 09:00:00,41.63,43.33,41.63,42.78,726304.0,0.027624309392265158,0.04083593562334844,0.0,9
11691,2022-09-07 10:00:00,42.75,42.75,41.94,42.3645,634123.0,-0.009017543859649133,0.0,0.018947368421052685,9
11692,2022-09-07 11:00:00,42.38,43.0,42.32,42.93,643651.0,0.012977819726285917,0.01462954223690414,0.0014157621519585246,9
11693,2022-09-07 12:00:00,42.93,43.17,42.4574,42.97,491157.0,0.0009317493594222956,0.005590496156533939,0.011008618681574654,9
11694,2022-09-07 13:00:00,42.97,43.31,42.8701,43.28,742034.0,0.007214335582964912,0.007912497090993797,0.0023248778217360507,9
11695,2022-09-07 14:00:00,43.27,43.99,43.25,43.94,684610.0,0.015484169170325735,0.01663970418303672,0.0004622140050844263,9
11696,2022-09-07 15:00:00,43.94,44.06,43.73,43.8,1201012.0,-0.003186162949476572,0.002730996813837154,0.004779244424214858,9
11697,2022-09-07 16:00:00,43.77,44.0451,43.72,44.0,44381.0,0.005254740689970228,0.0062851267991774,0.0011423349326023363,9
11698,2022-09-07 17:00:00,44.0,44.0,43.75,43.75,2339.0,-0.005681818181818182,0.0,0.005681818181818182,9
11699,2022-09-07 18:00:00,43.88,43.88,43.8,43.8,1710.0,-0.0018231540565178987,0.0,0.0018231540565178987,9
11700,2022-09-07 19:00:00,43.88,43.89,43.8,43.88,3098.0,0.0,0.00022789425706467662,0.0018231540565178987,9
11701,2022-09-08 07:00:00,43.85,43.93,43.75,43.75,2346.0,-0.002280501710376315,0.0018244013683009874,0.002280501710376315,9
11702,2022-09-08 08:00:00,43.7001,43.9,43.2,43.2,23400.0,-0.011443909739336894,0.004574360241738566,0.011443909739336894,9
11703,2022-09-08 09:00:00,43.2,44.6499,42.6,44.48,768704.0,0.02962962962962949,0.03356249999999999,0.013888888888888921,9
11704,2022-09-08 10:00:00,44.5,45.03,44.05,44.305,993150.0,-0.004382022471910119,0.011910112359550588,0.010112359550561861,9
11705,2022-09-08 11:00:00,44.3523,44.8277,44.07,44.1,730906.0,-0.005688543773378116,0.010718722591613073,0.006364946124552714,9
11706,2022-09-08 12:00:00,44.08,44.74,43.28,44.7299,920413.0,0.014743647912885717,0.014972776769510067,0.0181488203266787,9
11707,2022-09-08 13:00:00,44.73,45.16,44.47,44.87,721894.0,0.003129890453834129,0.009613234965347635,0.005812653699977599,9
11708,2022-09-08 14:00:00,44.885,44.98,44.48,44.74,469062.0,-0.0032304778879357473,0.002116519995544143,0.009023058928372534,9
11709,2022-09-08 15:00:00,44.76,45.175,44.71,45.16,1009108.0,0.008936550491510245,0.009271671134941893,0.0011170688114387213,9
11710,2022-09-08 16:00:00,44.75,45.23,44.75,45.1,63796.0,0.007821229050279361,0.010726256983240154,0.0,9
11711,2022-09-08 17:00:00,45.23,45.25,45.12,45.16,5538.0,-0.0015476453681185119,0.0004421843908910707,0.0024320141499004962,9
11712,2022-09-08 18:00:00,45.12,45.16,45.11,45.16,610.0,0.0008865248226950166,0.0008865248226950166,0.0002216312056737148,9
11713,2022-09-08 19:00:00,45.16,45.25,45.15,45.2,5597.0,0.0008857395925599259,0.0019929140832595973,0.00022143489813990282,9
11714,2022-09-09 04:00:00,45.85,45.86,45.85,45.86,547.0,0.00021810250817880066,0.00021810250817880066,0.0,9
11715,2022-09-09 05:00:00,45.95,46.57,45.95,46.57,1096.0,0.013492927094668062,0.013492927094668062,0.0,9
11716,2022-09-09 07:00:00,46.0,46.18,45.85,45.91,4813.0,-0.001956521739130509,0.003913043478260864,0.0032608695652173603,9
11717,2022-09-09 08:00:00,45.8745,46.31,45.85,46.1,14263.0,0.004915584911007288,0.009493291480016233,0.0005340657663842918,9
11718,2022-09-09 09:00:00,46.01,46.38,45.66,46.24,654243.0,0.004998913279721886,0.008041730058682995,0.00760704194740277,9
11719,2022-09-09 10:00:00,46.27,46.87,46.27,46.65,1129842.0,0.008212664793602668,0.012967365463583192,0.0,9
11720,2022-09-09 11:00:00,46.67,47.08,46.4637,46.98,895398.0,0.006642382686950828,0.008785086779515675,0.0044203985429611915,9
11721,2022-09-09 12:00:00,46.97,47.45,46.82,47.351,864689.0,0.00811156057057697,0.010219288907813583,0.0031935277836916878,9
11722,2022-09-09 13:00:00,47.36,47.625,47.19,47.42,725404.0,0.0012668918918919399,0.005595439189189201,0.0035895270270270632,9
11723,2022-09-09 14:00:00,47.41,47.59,47.02,47.18,792933.0,-0.0048512971946846,0.003796667369753361,0.008226112634465165,9
11724,2022-09-09 15:00:00,47.18,47.3,46.9511,47.22,2009963.0,0.0008478168715557259,0.002543450614667178,0.004851632047477808,9
11725,2022-09-09 16:00:00,47.2,47.24,47.06,47.13,105095.0,-0.001483050847457633,0.0008474576271186259,0.002966101694915266,9
11726,2022-09-09 17:00:00,47.1301,47.2,47.1301,47.2,1177.0,0.0014831286163195935,0.0014831286163195935,0.0,9
11727,2022-09-09 18:00:00,47.19,47.25,47.19,47.24,3806.0,0.001059546514092059,0.0012714558169104105,0.0,9
11728,2022-09-09 19:00:00,47.21,47.24,47.1401,47.24,912.0,0.0006354585892819559,0.0006354585892819559,0.0014806185130269872,9
11729,2022-09-12 04:00:00,47.3,47.56,47.0,47.56,928.0,0.005496828752642815,0.005496828752642815,0.006342494714587678,9
11730,2022-09-12 05:00:00,47.7,47.7,47.21,47.21,2061.0,-0.010272536687631069,0.0,0.010272536687631069,9
11731,2022-09-12 06:00:00,47.56,47.78,47.56,47.69,969.0,0.00273338940285945,0.004625735912531515,0.0,9
11732,2022-09-12 07:00:00,47.69,47.99,47.69,47.99,12445.0,0.006290626965821017,0.006290626965821017,0.0,9
11733,2022-09-12 08:00:00,47.65,48.02,47.5,48.02,51844.0,0.007764952780692645,0.007764952780692645,0.0031479538300104633,9
11734,2022-09-12 09:00:00,47.95,48.84,47.72,48.47,1025971.0,0.01084462982273193,0.018561001042752878,0.004796663190823857,9
11735,2022-09-12 10:00:00,48.48,48.52,47.38,47.4217,1209114.0,-0.021829620462046114,0.0008250825082509541,0.022689768976897572,9
11736,2022-09-12 11:00:00,47.45,47.97,47.13,47.22,748371.0,-0.004847207586933698,0.010958904109588956,0.006743940990516339,9
11737,2022-09-12 12:00:00,47.23,48.0,47.17,47.98,741800.0,0.01587973745500741,0.01630319712047434,0.0012703789964004907,9
11738,2022-09-12 13:00:00,47.98,48.155,47.73,48.025,558193.0,0.0009378907878282974,0.0036473530637766627,0.005210504376823677,9
11739,2022-09-12 14:00:00,48.03,48.09,47.79,48.01,505220.0,-0.00041640641265882,0.0012492192379763122,0.004996876951905101,9
11740,2022-09-12 15:00:00,48.02,48.245,47.85,48.11,2473763.0,0.001874219075385179,0.004685547688463022,0.0035401915868388525,9
11741,2022-09-12 16:00:00,48.04,48.15,47.9087,48.15,40948.0,0.002289758534554526,0.002289758534554526,0.002733139050790924,9
11742,2022-09-12 17:00:00,48.15,48.15,48.05,48.15,4203.0,0.0,0.0,0.002076843198338555,9
11743,2022-09-12 18:00:00,48.15,48.15,48.05,48.13,2600.0,-0.00041536863966762247,0.0,0.002076843198338555,9
11744,2022-09-12 19:00:00,48.15,48.15,48.15,48.15,3900.0,0.0,0.0,0.0,9
11745,2022-09-13 06:00:00,48.25,48.5,48.25,48.49,1931.0,0.004974093264248746,0.0051813471502590676,0.0,9
11746,2022-09-13 07:00:00,48.5,48.6,48.29,48.6,1146.0,0.002061855670103122,0.002061855670103122,0.004329896907216513,9
11747,2022-09-13 08:00:00,48.46,48.88,45.83,46.19,126426.0,-0.046842756912917935,0.00866694180767647,0.05427156417664058,9
11748,2022-09-13 09:00:00,45.99,47.03,45.36,46.82,1049240.0,0.018047401609045405,0.022613611654707527,0.013698630136986356,9
11749,2022-09-13 10:00:00,46.86,47.41,45.9,46.23,1536348.0,-0.013444302176696598,0.011737089201877873,0.020486555697823323,9
11750,2022-09-13 11:00:00,46.23,46.74,46.04,46.51,978323.0,0.0060566731559593585,0.011031797534068898,0.004109885355829499,9
11751,2022-09-13 12:00:00,46.51,46.8859,46.46,46.7,585853.0,0.004085142980004404,0.008082132874650644,0.00107503762631686,9
11752,2022-09-13 13:00:00,46.69,47.06,46.58,47.0,683030.0,0.006639537374170107,0.007924609124009522,0.0023559648747054924,9
11753,2022-09-13 14:00:00,47.025,47.29,46.45,46.57,750188.0,-0.009675704412546482,0.00563530037214249,0.012227538543327927,9
11754,2022-09-13 15:00:00,46.56,46.69,46.15,46.43,1596357.0,-0.002792096219931326,0.0027920962199311735,0.008805841924398705,9
11755,2022-09-13 16:00:00,46.35,47.33,46.34,46.35,34380.0,0.0,0.021143473570657968,0.00021574973031279418,9
11756,2022-09-13 17:00:00,46.41,46.41,46.35,46.35,2900.0,-0.001292824822236483,0.0,0.001292824822236483,9
11757,2022-09-13 18:00:00,46.37,46.5,46.37,46.5,211.0,0.0028035367694630702,0.0028035367694630702,0.0,9
11758,2022-09-13 19:00:00,46.33,46.33,46.33,46.33,600.0,0.0,0.0,0.0,9
11759,2022-09-14 06:00:00,46.51,46.51,46.51,46.51,100.0,0.0,0.0,0.0,9
11760,2022-09-14 07:00:00,46.46,46.5,46.31,46.35,5749.0,-0.0023676280671545294,0.0008609556607834512,0.0032285837279379804,9
11761,2022-09-14 08:00:00,46.39,46.6193,46.1,46.6,16841.0,0.004526837680534616,0.0049428756197456795,0.006251347273119188,9
11762,2022-09-14 09:00:00,46.6499,47.08,46.12,46.9,694830.0,0.005361211921140157,0.009219741092692501,0.011359081155586719,9
11763,2022-09-14 10:00:00,46.91,47.26,45.93,47.13,940047.0,0.004689831592411127,0.007461095715199349,0.020891068002558025,9
11764,2022-09-14 11:00:00,47.12,48.21,46.93,48.06,825677.0,0.019949066213922007,0.02313242784380313,0.004032258064516081,9
11765,2022-09-14 12:00:00,48.05,48.36,47.82,48.3,541118.0,0.005202913631633715,0.006451612903225854,0.004786680541102953,9
11766,2022-09-14 13:00:00,48.305,48.42,47.87,48.01,465016.0,-0.006107028257944348,0.002380705931063078,0.009005278956629796,9
11767,2022-09-14 14:00:00,48.02,48.415,47.95,48.03,640404.0,0.0002082465639316537,0.008225739275301874,0.0014577259475218717,9
11768,2022-09-14 15:00:00,48.04,49.01,47.7428,48.93,1614679.0,0.018526228143214002,0.020191507077435448,0.006186511240632735,9
11769,2022-09-14 16:00:00,48.8911,49.0,48.86,49.0,52837.0,0.0022273992608061273,0.0022273992608061273,0.0006361075942247593,9
11770,2022-09-14 17:00:00,49.13,49.25,48.96,49.21,6065.0,0.0016283329940972582,0.0024424994911458873,0.0034602076124567818,9
11771,2022-09-14 18:00:00,49.25,49.4,49.01,49.39,8284.0,0.002842639593908641,0.0030456852791877886,0.004873096446700548,9
11772,2022-09-14 19:00:00,49.3,49.4,49.28,49.31,8015.0,0.00020283975659239587,0.00202839756592295,0.0004056795131845035,9
11773,2022-09-15 06:00:00,48.93,49.05,48.93,49.05,1622.0,0.002452483139178366,0.002452483139178366,0.0,9
11774,2022-09-15 07:00:00,49.03,49.16,48.75,49.12,11967.0,0.0018356108504996188,0.0026514378951661317,0.005710789312665738,9
11775,2022-09-15 08:00:00,48.7734,49.1788,48.7504,49.1,11522.0,0.006696272968462299,0.008311907720191747,0.00047156851890586344,9
11776,2022-09-15 09:00:00,49.11,51.29,48.59,51.1,1371072.0,0.04052127876196298,0.044390144573406634,0.010588474852372144,9
11777,2022-09-15 10:00:00,51.085,51.86,50.52,50.62,1560266.0,-0.009102476265048516,0.01517079377508072,0.011059998042478179,9
11778,2022-09-15 11:00:00,50.62,51.72,50.295,51.19,1104198.0,0.011260371394705657,0.021730541288028475,0.006420387198735594,9
11779,2022-09-15 12:00:00,51.18,51.72,50.94,51.7025,852039.0,0.010209066041422448,0.010550996483001156,0.004689331770222782,9
11780,2022-09-15 13:00:00,51.69,52.11,51.6,51.935,888467.0,0.0047397949313214265,0.008125362739408042,0.001741149158444502,9
11781,2022-09-15 14:00:00,51.92,51.99,51.6,51.65,674718.0,-0.005200308166409921,0.0013482280431433029,0.006163328197226508,9
11782,2022-09-15 15:00:00,51.66,51.775,50.79,50.83,2059187.0,-0.016066589237320912,0.0022260936895083625,0.016840882694541183,9
11783,2022-09-15 16:00:00,51.58,51.58,50.5,50.83,289128.0,-0.014540519581233037,0.0,0.02093834819697554,9
11784,2022-09-15 17:00:00,50.5001,50.83,50.49,50.5,7496.0,-1.9801940986912827e-06,0.006532660331365581,0.0001999996039612066,9
11785,2022-09-15 18:00:00,50.5,50.5,50.05,50.2,8920.0,-0.005940594059405884,0.0,0.008910891089108967,9
11786,2022-09-15 19:00:00,50.1,50.23,50.05,50.05,4131.0,-0.0009980039920160532,0.002594810379241426,0.0009980039920160532,9
11787,2022-09-16 04:00:00,50.0,50.06,49.08,49.08,1544.0,-0.018400000000000034,0.0012000000000000454,0.018400000000000034,9
11788,2022-09-16 05:00:00,49.24,49.5,49.23,49.5,1664.0,0.005280259951259098,0.005280259951259098,0.00020308692120237846,9
11789,2022-09-16 06:00:00,49.41,49.72,49.41,49.71,3538.0,0.006071645415907797,0.0062740335964380145,0.0,9
11790,2022-09-16 07:00:00,49.69,50.07,49.69,50.05,5115.0,0.007244918494666924,0.007647413966592928,0.0,9
11791,2022-09-16 08:00:00,49.75,50.07,49.26,49.5,30588.0,-0.005025125628140704,0.006432160804020106,0.00984924623115582,9
11792,2022-09-16 09:00:00,49.3,49.89,48.82,49.26,1171763.0,-0.0008113590263691511,0.011967545638945302,0.009736308316429958,9
11793,2022-09-16 10:00:00,49.27,51.04,49.24,50.47,1094314.0,0.02435559163791345,0.035924497665922386,0.0006088897909478615,9
11794,2022-09-16 11:00:00,50.46,50.86,49.88,50.3,443926.0,-0.0031708283789140643,0.00792707094728495,0.011494252873563184,9
11795,2022-09-16 12:00:00,50.31,50.525,49.8033,50.465,504987.0,0.0030808984297356614,0.0042735042735042,0.01007155635062616,9
11796,2022-09-16 13:00:00,50.49,50.515,49.94,50.34,510318.0,-0.002970885323826472,0.0004951475539710553,0.010893246187363918,9
11797,2022-09-16 14:00:00,50.3301,50.37,49.8,50.22,506113.0,-0.002187557743775648,0.0007927661578259497,0.010532464668260235,9
11798,2022-09-16 15:00:00,50.21,50.6446,50.08,50.43,1798931.0,0.004381597291376198,0.0086556462856004,0.002589125672176908,9
11799,2022-09-16 16:00:00,50.5,50.5,50.01,50.24,665458.0,-0.005148514851485109,0.0,0.009702970297029743,9
11800,2022-09-16 17:00:00,50.34,50.5,50.34,50.5,2382.0,0.0031783869686133606,0.0031783869686133606,0.0,9
11801,2022-09-16 18:00:00,50.41,50.45,50.41,50.41,653.0,0.0,0.0007934933544932803,0.0,9
11802,2022-09-16 19:00:00,50.45,50.45,50.4,50.45,5264.0,0.0,0.0,0.0009910802775025622,9
11803,2022-09-19 04:00:00,49.9,49.9,49.9,49.9,150.0,0.0,0.0,0.0,9
11804,2022-09-19 05:00:00,49.56,49.56,49.52,49.52,1100.0,-0.000807102502017739,0.0,0.000807102502017739,9
11805,2022-09-19 06:00:00,49.53,49.6,49.5,49.6,2896.0,0.0014132848778518126,0.0014132848778518126,0.0006056935190793688,9
11806,2022-09-19 07:00:00,49.65,49.79,49.53,49.6,5132.0,-0.0010070493454178682,0.002819738167170203,0.0024169184290029695,9
11807,2022-09-19 08:00:00,49.49,50.1,49.11,50.1,13068.0,0.01232572236815517,0.01232572236815517,0.007678318852293444,9
11808,2022-09-19 09:00:00,50.16,52.42,49.885,51.74,1276648.0,0.03149920255183424,0.04505582137161095,0.005482456140350849,9
11809,2022-09-19 10:00:00,51.75,51.86,50.13,50.68,1153983.0,-0.020676328502415464,0.0021256038647342887,0.03130434782608691,9
11810,2022-09-19 11:00:00,50.7,50.97,50.47,50.64,947535.0,-0.0011834319526627666,0.0053254437869821696,0.004536489151873845,9
11811,2022-09-19 12:00:00,50.68,50.7601,50.22,50.72,391235.0,0.0007892659826361316,0.001580505130228919,0.009076558800315724,9
11812,2022-09-19 13:00:00,50.7013,50.8,50.27,50.39,362175.0,-0.0061398820148596345,0.0019466956468570586,0.008506685232923026,9
11813,2022-09-19 14:00:00,50.4,50.92,50.31,50.83,382499.0,0.008531746031746026,0.01031746031746038,0.0017857142857142124,9
11814,2022-09-19 15:00:00,50.84,51.21,50.67,50.75,1217704.0,-0.0017702596380803188,0.007277734067663207,0.0033438237608182865,9
11815,2022-09-19 16:00:00,50.72,50.9266,50.7,50.8,100965.0,0.0015772870662460231,0.004073343848580475,0.00039432176656143574,9
11816,2022-09-19 17:00:00,50.73,50.95,50.73,50.95,1883.0,0.004336684407648452,0.004336684407648452,0.0,9
11817,2022-09-19 18:00:00,50.93,51.1,50.85,51.1,2668.0,0.003337914784999052,0.003337914784999052,0.0015707834282347986,9
11818,2022-09-19 19:00:00,51.0,51.14,51.0,51.0,575.0,0.0,0.0027450980392156976,0.0,9
11819,2022-09-20 04:00:00,50.5,50.5,50.5,50.5,160.0,0.0,0.0,0.0,9
11820,2022-09-20 05:00:00,50.5,50.5,50.5,50.5,9900.0,0.0,0.0,0.0,9
11821,2022-09-20 06:00:00,50.65,50.75,50.65,50.75,2750.0,0.001974333662388972,0.001974333662388972,0.0,9
11822,2022-09-20 07:00:00,50.47,51.6,50.47,51.27,13314.0,0.015851000594412606,0.022389538339607738,0.0,9
11823,2022-09-20 08:00:00,51.49,51.64,51.0,51.2,32034.0,-0.005632161584773726,0.0029131870266070805,0.009516410953583259,9
11824,2022-09-20 09:00:00,51.15,51.37,49.75,50.5,685780.0,-0.012707722385141713,0.004301075268817183,0.02737047898338218,9
11825,2022-09-20 10:00:00,50.47,51.48,50.445,50.89,773442.0,0.008321775312066609,0.02001188825044577,0.0004953437685753632,9
11826,2022-09-20 11:00:00,50.84,51.035,50.33,50.67,756798.0,-0.0033438237608182865,0.0038355625491737445,0.01003147128245486,9
11827,2022-09-20 12:00:00,50.67,50.82,49.68,49.72,590258.0,-0.018748766528517917,0.002960331557134371,0.019538188277087074,9
11828,2022-09-20 13:00:00,49.68,49.68,48.85,48.94,930141.0,-0.014895330112721457,0.0,0.016706924315619934,9
11829,2022-09-20 14:00:00,48.9799,49.45,48.9,49.08,605719.0,0.0020436954750825877,0.009597814613749766,0.0016312814031878807,9
11830,2022-09-20 15:00:00,49.09,49.8,49.02,49.47,1288536.0,0.0077408840904460265,0.014463230800570253,0.0014259523324506066,9
11831,2022-09-20 16:00:00,49.45,49.8649,49.45,49.49,47140.0,0.0008088978766430565,0.008390293225480199,0.0,9
11832,2022-09-20 17:00:00,49.56,49.56,49.49,49.49,2617.0,-0.001412429378531079,0.0,0.001412429378531079,9
11833,2022-09-20 18:00:00,49.49,49.5,49.49,49.49,2695.0,0.0,0.00020206102242873328,0.0,9
11834,2022-09-20 19:00:00,49.41,49.54,49.4,49.54,1553.0,0.0026310463468933935,0.0026310463468933935,0.0002023881805302168,9
11835,2022-09-21 05:00:00,49.05,49.38,48.8,48.85,5896.0,-0.004077471967380138,0.006727828746177481,0.0050968399592252805,9
11836,2022-09-21 07:00:00,48.9,49.35,48.8,49.3,7124.0,0.00817995910020447,0.00920245398773012,0.002044989775051154,9
11837,2022-09-21 08:00:00,49.15,49.8299,48.75,49.41,14780.0,0.005289928789420102,0.013833163784333745,0.008138351983723268,9
11838,2022-09-21 09:00:00,49.54,49.5999,46.65,46.7,1166660.0,-0.05732741219216787,0.0012091239402502816,0.05833669761808641,9
11839,2022-09-21 10:00:00,46.69,47.44,45.9093,47.32,1993062.0,0.0134932533733134,0.016063396872992075,0.016720925251659798,9
11840,2022-09-21 11:00:00,47.33,47.54,46.89,47.46,935129.0,0.0027466723008663122,0.004436932178322435,0.009296429326008826,9
11841,2022-09-21 12:00:00,47.46,47.93,47.325,47.45,596317.0,-0.00021070375052671745,0.009903076274757667,0.0028445006321112095,9
11842,2022-09-21 13:00:00,47.45,48.05,47.43,48.0,494939.0,0.011591148577449887,0.012644889357218005,0.0004214963119073367,9
11843,2022-09-21 14:00:00,47.94,49.1725,46.83,48.63,1879230.0,0.014392991239048912,0.025709219858156065,0.023153942428035035,9
11844,2022-09-21 15:00:00,48.64,48.78,46.7,46.73,2017803.0,-0.03926809210526323,0.002878289473684222,0.039884868421052586,9
11845,2022-09-21 16:00:00,46.73,46.76,46.39,46.62,129287.0,-0.002353948213139299,0.0006419858763107455,0.007275839931521428,9
11846,2022-09-21 17:00:00,46.76,46.76,46.43,46.49,4122.0,-0.005774165953806588,0.0,0.007057313943541452,9
11847,2022-09-21 18:00:00,46.51,46.7,46.46,46.46,7223.0,-0.00107503762631686,0.004085142980004404,0.00107503762631686,9
11848,2022-09-21 19:00:00,46.45,46.5,46.25,46.4,10265.0,-0.0010764262648009528,0.0010764262648008,0.004305705059203506,9
11849,2022-09-22 04:00:00,46.49,47.29,46.28,47.29,1007.0,0.01720800172080011,0.01720800172080011,0.004517100451710063,9
11850,2022-09-22 05:00:00,46.81,46.81,46.8,46.8,779.0,-0.00021362956633208963,0.0,0.00021362956633208963,9
11851,2022-09-22 06:00:00,46.69,46.8,46.69,46.8,2240.0,0.0023559648747054924,0.0023559648747054924,0.0,9
11852,2022-09-22 07:00:00,46.89,47.05,46.37,47.03,11508.0,0.0029857112390701762,0.0034122414160801147,0.011089784602260677,9
11853,2022-09-22 08:00:00,46.7499,48.0,46.36,47.54,32636.0,0.016900570910312163,0.026740164150083817,0.008340124791710726,9
11854,2022-09-22 09:00:00,47.54,48.55,46.62,46.875,1477235.0,-0.013988220445940244,0.021245267143458098,0.019352124526714382,9
11855,2022-09-22 10:00:00,46.86,47.57,46.54,46.6518,1109532.0,-0.004443021766965385,0.01515151515151517,0.006828851899274441,9
11856,2022-09-22 11:00:00,46.64,48.29,46.18,47.77,1686605.0,0.024228130360205886,0.03537735849056601,0.009862778730703277,9
11857,2022-09-22 12:00:00,47.76,48.1,47.195,47.54,870776.0,-0.004606365159128954,0.007118927973199402,0.011829983249581193,9
11858,2022-09-22 13:00:00,47.52,47.84,47.35,47.55,661192.0,0.0006313131313130057,0.00673400673400674,0.003577441077441113,9
11859,2022-09-22 14:00:00,47.54,47.57,46.82,47.1,764228.0,-0.009255363904080726,0.0006310475389146222,0.015145140933950333,9
11860,2022-09-22 15:00:00,47.1,47.51,46.95,46.98,1421609.0,-0.0025477707006370393,0.008704883227176148,0.003184713375796148,9
11861,2022-09-22 16:00:00,46.9,47.42,46.9,47.02,30519.0,0.002558635394456387,0.01108742004264399,0.0,9
11862,2022-09-22 17:00:00,47.08,47.2,47.07,47.2,2430.0,0.0025488530161428325,0.0025488530161428325,0.0002124044180118524,9
11863,2022-09-22 18:00:00,47.19,47.4299,47.14,47.14,7711.0,-0.0010595465140919086,0.0050837041746133885,0.0010595465140919086,9
11864,2022-09-22 19:00:00,47.14,47.29,47.14,47.17,1708.0,0.0006364022061943389,0.0031820110309715437,0.0,9
11865,2022-09-23 04:00:00,47.0,47.0,46.46,46.46,861.0,-0.01148936170212764,0.0,0.01148936170212764,9
11866,2022-09-23 05:00:00,46.21,46.21,45.4,45.74,21519.0,-0.01017095866695518,0.0,0.017528673447305826,9
11867,2022-09-23 06:00:00,45.45,45.45,45.2,45.2,2281.0,-0.0055005500550055,0.0,0.0055005500550055,9
11868,2022-09-23 07:00:00,45.21,45.6,45.15,45.4,15383.0,0.00420261004202605,0.008626410086264113,0.0013271400132714504,9
11869,2022-09-23 08:00:00,45.141,46.0125,45.03,45.35,52352.0,0.004629937307547533,0.019306173988170503,0.0024589619193194014,9
11870,2022-09-23 09:00:00,45.25,46.0399,44.5371,44.61,1353243.0,-0.014143646408839791,0.017456353591160285,0.015754696132596634,9
11871,2022-09-23 10:00:00,44.58,45.74,44.13,44.61,2150319.0,0.0006729475100942381,0.026020637056976305,0.010094212651413095,9
11872,2022-09-23 11:00:00,44.6,44.66,43.92,44.11,1252627.0,-0.010986547085201838,0.0013452914798205194,0.015246636771300441,9
11873,2022-09-23 12:00:00,44.095,44.1202,43.2701,43.87,1092636.0,-0.005102619344596926,0.0005714933665948093,0.018707336432702112,9
11874,2022-09-23 13:00:00,43.87,44.13,43.54,43.845,1088121.0,-0.0005698655117391972,0.0059266013220881045,0.007522224754957792,9
11875,2022-09-23 14:00:00,43.83,44.07,43.42,43.495,1285068.0,-0.007643166780743803,0.0054757015742642485,0.009354323522701269,9
11876,2022-09-23 15:00:00,43.49,44.51,43.49,44.42,2101639.0,0.021384226258910087,0.02345366750977227,0.0,9
11877,2022-09-23 16:00:00,44.45,44.51,44.02,44.5,34617.0,0.001124859392575864,0.0013498312710910048,0.009673790776152973,9
11878,2022-09-23 17:00:00,44.5,44.5,44.05,44.21,27551.0,-0.006516853932584251,0.0,0.010112359550561861,9
11879,2022-09-23 18:00:00,44.45,44.51,44.45,44.51,2823.0,0.0013498312710910048,0.0013498312710910048,0.0,9
11880,2022-09-23 19:00:00,44.5,44.5,44.22,44.35,4818.0,-0.0033707865168539006,0.0,0.006292134831460699,9
11881,2022-09-26 04:00:00,44.5,44.6,44.42,44.42,555.0,-0.0017977528089887257,0.002247191011235987,0.0017977528089887257,9
11882,2022-09-26 05:00:00,44.29,44.29,44.29,44.29,412.0,0.0,0.0,0.0,9
11883,2022-09-26 07:00:00,44.35,44.5,43.99,44.29,44624.0,-0.0013528748590755867,0.0033821871476888065,0.0081172491544532,9
11884,2022-09-26 08:00:00,44.0143,44.48,43.482,44.36,16848.0,0.007854265545515908,0.010580652197126802,0.012093796788770907,9
11885,2022-09-26 09:00:00,44.0508,46.11,44.05,46.07,781485.0,0.045837987051313436,0.04674602958402565,1.816085065436362e-05,9
11886,2022-09-26 10:00:00,46.0803,46.28,44.8,45.06,1166245.0,-0.022141782931100685,0.004333739146663541,0.027784107308329243,9
11887,2022-09-26 11:00:00,45.06,45.12,44.31,44.56,886952.0,-0.011096316023080336,0.0013315579227695332,0.016644474034620504,9
11888,2022-09-26 12:00:00,44.56,44.75,44.05,44.61,560594.0,0.0011220825852782126,0.004263913824057399,0.011445242369838534,9
11889,2022-09-26 13:00:00,44.61,44.63,44.02,44.045,687331.0,-0.01266532167675404,0.000448329970858622,0.013225734140327199,9
11890,2022-09-26 14:00:00,44.03,44.7,43.9855,44.515,642596.0,0.011015216897569825,0.015216897569838784,0.0010106745400862893,9
11891,2022-09-26 15:00:00,44.51,44.67,43.99,44.04,1530594.0,-0.01055942484834866,0.0035946978207145293,0.011682767917321861,9
11892,2022-09-26 16:00:00,44.04,44.04,43.75,43.75,35917.0,-0.006584922797456838,0.0,0.006584922797456838,9
11893,2022-09-26 17:00:00,43.7517,43.9,43.75,43.9,1534.0,0.0033895825762198725,0.0033895825762198725,3.885563303824973e-05,9
11894,2022-09-26 18:00:00,44.0,44.03,44.0,44.03,2361.0,0.0006818181818182077,0.0006818181818182077,0.0,9
11895,2022-09-26 19:00:00,44.04,44.15,44.04,44.15,2826.0,0.002497729336966381,0.002497729336966381,0.0,9
11896,2022-09-27 07:00:00,44.99,45.27,44.93,45.27,2660.0,0.006223605245610161,0.006223605245610161,0.0013336296954879366,9
11897,2022-09-27 08:00:00,45.2,45.65,44.95,45.4,22850.0,0.004424778761061852,0.009955752212389285,0.0055309734513274336,9
11898,2022-09-27 09:00:00,45.4,47.14,45.32,46.94,1136621.0,0.03392070484581496,0.03832599118942736,0.0017621145374448965,9
11899,2022-09-27 10:00:00,46.975,47.75,45.66,46.98,1595256.0,0.00010643959552944018,0.016498137307078203,0.02799361362426833,9
11900,2022-09-27 11:00:00,47.0,47.074,45.97,46.01,1089762.0,-0.021063829787234086,0.0015744680851063418,0.0219148936170213,9
11901,2022-09-27 12:00:00,46.01,46.01,44.88,45.14,1053535.0,-0.018908932840686753,0.0,0.024559878287328744,9
11902,2022-09-27 13:00:00,45.13,45.26,44.75,45.2301,654775.0,0.0022180367826279113,0.0028805672501660854,0.008420119654331986,9
11903,2022-09-27 14:00:00,45.22,45.66,44.87,45.62,757726.0,0.00884564352056609,0.009730207872622684,0.007739938080495387,9
11904,2022-09-27 15:00:00,45.62,45.82,45.32,45.76,1264053.0,0.003068829460762836,0.0043840420868040955,0.006576063130205988,9
11905,2022-09-27 16:00:00,45.76,45.9,45.76,45.9,66338.0,0.003059440559440572,0.003059440559440572,0.0,9
11906,2022-09-27 17:00:00,45.86,46.0,45.8,45.91,10691.0,0.0010902747492367458,0.003052769297863074,0.001308329699084219,9
11907,2022-09-27 18:00:00,45.9,45.9,45.9,45.9,600.0,0.0,0.0,0.0,9
11908,2022-09-27 19:00:00,45.9,46.45,45.81,46.43,3901.0,0.011546840958605689,0.011982570806100311,0.00196078431372541,9
11909,2022-09-28 04:00:00,45.5,45.5,45.2,45.2,300.0,-0.006593406593406531,0.0,0.006593406593406531,9
11910,2022-09-28 05:00:00,45.19,45.19,45.19,45.19,350.0,0.0,0.0,0.0,9
11911,2022-09-28 06:00:00,45.0,46.5,44.62,46.5,2966.0,0.03333333333333333,0.03333333333333333,0.008444444444444501,9
11912,2022-09-28 07:00:00,45.26,45.3,45.05,45.05,4811.0,-0.004639858594785702,0.0008837825894829684,0.004639858594785702,9
11913,2022-09-28 08:00:00,45.3957,46.3,45.02,46.29,57633.0,0.01970010375432037,0.0199203889355159,0.008276114257517668,9
11914,2022-09-28 09:00:00,46.18,47.32,45.45,47.195,652609.0,0.02197921177999135,0.02468601126028585,0.01580770896491981,9
11915,2022-09-28 10:00:00,47.17,47.37,46.5,46.51,1117121.0,-0.013991944032223948,0.00423998304006775,0.014203943184227298,9
11916,2022-09-28 11:00:00,46.5,47.46,46.4152,47.22,862545.0,0.015483870967741911,0.020645161290322598,0.001823655913978523,9
11917,2022-09-28 12:00:00,47.21,47.23,46.39,46.62,1214332.0,-0.012497352255878063,0.00042363905952120357,0.01736920144037281,9
11918,2022-09-28 13:00:00,46.64,46.86,46.415,46.58,497588.0,-0.0012864493996569955,0.004716981132075447,0.004824185248713581,9
11919,2022-09-28 14:00:00,46.58,47.19,46.58,47.11,607709.0,0.011378273937312175,0.01309574924860454,0.0,9
11920,2022-09-28 15:00:00,47.1,47.65,47.06,47.39,1403040.0,0.006157112526539259,0.01167728237791926,0.0008492569002122961,9
11921,2022-09-28 16:00:00,47.33,47.5,47.2,47.39,57564.0,0.0012676949080921672,0.0035918022395943737,0.002746672300866162,9
11922,2022-09-28 17:00:00,47.48,47.48,47.2,47.2,11541.0,-0.005897219882055477,0.0,0.005897219882055477,9
11923,2022-09-28 18:00:00,47.39,47.78,47.39,47.39,8411.0,0.0,0.008229584300485347,0.0,9
11924,2022-09-28 19:00:00,47.39,47.39,47.25,47.39,2858.0,0.0,0.0,0.0029542097488921833,9
11925,2022-09-29 06:00:00,47.5,47.5,47.5,47.5,428.0,0.0,0.0,0.0,9
11926,2022-09-29 07:00:00,46.57,47.16,46.55,46.9,8033.0,0.00708610693579554,0.012669100279149588,0.00042946102641192024,9
11927,2022-09-29 08:00:00,47.17,47.17,46.2398,46.5,26519.0,-0.014203943184227298,0.0,0.019720161119355505,9
11928,2022-09-29 09:00:00,46.45,46.5,44.615,44.97,1275787.0,-0.03186221743810557,0.0010764262648008,0.03950484391819162,9
11929,2022-09-29 10:00:00,44.97,45.23,44.58,45.08,1237760.0,0.002446075161218578,0.005781632199243897,0.008672448298865924,9
11930,2022-09-29 11:00:00,45.08,45.69,45.0701,45.54,676908.0,0.010204081632653081,0.013531499556344265,0.0002196095829636601,9
11931,2022-09-29 12:00:00,45.53,45.63,44.735,44.7938,600213.0,-0.016169558532835575,0.0021963540522732575,0.01746101471557219,9
11932,2022-09-29 13:00:00,44.79,44.79,43.66,43.67,1043352.0,-0.025005581603036335,0.0,0.025228845724492133,9
11933,2022-09-29 14:00:00,43.68,43.78,43.33,43.46,1427640.0,-0.005036630036630011,0.002289377289377322,0.008012820512820545,9
11934,2022-09-29 15:00:00,43.45,43.98,43.45,43.66,2765650.0,0.0048331415420021576,0.012197928653624719,0.0,9
11935,2022-09-29 16:00:00,44.36,44.36,43.2,43.74,61313.0,-0.013976555455365136,0.0,0.02614968440036061,9
11936,2022-09-29 17:00:00,43.69,43.75,43.69,43.7,2692.0,0.00022888532845056345,0.00137331197070273,0.0,9
11937,2022-09-29 18:00:00,43.74,43.78,43.66,43.7,4611.0,-0.0009144947416552159,0.0009144947416552159,0.0018289894833105943,9
11938,2022-09-29 19:00:00,43.88,44.0,43.8,44.0,4908.0,0.0027347310847766052,0.0027347310847766052,0.0018231540565178987,9
11939,2022-09-30 06:00:00,45.0,45.2,44.5,44.5,4092.0,-0.011111111111111112,0.004444444444444508,0.011111111111111112,9
11940,2022-09-30 07:00:00,44.49,44.69,44.31,44.31,2631.0,-0.004045853000674302,0.004495392222971358,0.004045853000674302,9
11941,2022-09-30 08:00:00,44.5,44.66,43.86,43.9,61061.0,-0.013483146067415762,0.0035955056179774515,0.014382022471910125,9
11942,2022-09-30 09:00:00,44.22,44.22,40.15,41.62,2786070.0,-0.05879692446856629,0.0,0.09203980099502489,9
11943,2022-09-30 10:00:00,41.64,41.72,37.72,40.14,5919832.0,-0.03602305475504323,0.0019212295869355978,0.09414024975984635,9
11944,2022-09-30 11:00:00,40.14,40.29,38.63,38.79,2922174.0,-0.03363228699551573,0.0037369207772794863,0.037618335824613804,9
11945,2022-09-30 12:00:00,38.785,39.07,38.35,39.035,1770024.0,0.006445790898543252,0.007348201624339403,0.011215676163465133,9
11946,2022-09-30 13:00:00,39.05,39.1601,38.57,38.6622,1302115.0,-0.00993085787451981,0.0028194622279130027,0.012291933418693902,9
11947,2022-09-30 14:00:00,38.66,38.75,38.02,38.27,2220172.0,-0.010087946197620112,0.0023279875840663067,0.01655457837558183,9
11948,2022-09-30 15:00:00,38.27,38.465,37.9,37.905,2699343.0,-0.009537496733734047,0.005095374967337347,0.009668147373922251,9
11949,2022-09-30 16:00:00,38.02,38.06,37.81,37.93,234195.0,-0.002367175170962741,0.0010520778537611557,0.005523408732246209,9
11950,2022-09-30 17:00:00,37.93,38.09,37.9,38.09,19290.0,0.004218296862641806,0.004218296862641806,0.0007909306617453503,9
11951,2022-09-30 18:00:00,38.05,38.09,37.91,38.0,5226.0,-0.0013140604467804773,0.001051248357424606,0.0036793692509855605,9
11952,2022-09-30 19:00:00,38.0,38.1,37.93,38.03,7884.0,0.0007894736842105562,0.0026315789473684583,0.0018421052631579023,9
11953,2022-10-03 04:00:00,38.03,38.03,37.5,37.51,7688.0,-0.013673415724428165,0.0,0.01393636602682096,10
11954,2022-10-03 05:00:00,37.5,37.5,37.49,37.5,1212.0,0.0,0.0,0.0002666666666666136,10
11955,2022-10-03 06:00:00,37.69,37.9,37.61,37.9,2819.0,0.005571769700185749,0.005571769700185749,0.0021225789334040407,10
11956,2022-10-03 07:00:00,37.92,38.3,37.9,38.3,5508.0,0.010021097046413381,0.010021097046413381,0.0005274261603376352,10
11957,2022-10-03 08:00:00,38.3151,38.69,37.82,38.61,79136.0,0.007696704432456091,0.009784654091989755,0.01292179845543926,10
11958,2022-10-03 09:00:00,38.6001,38.9396,36.92,37.69,1734586.0,-0.023577659125235427,0.008795314001777224,0.04352579397462691,10
11959,2022-10-03 10:00:00,37.656,39.2,37.656,38.7678,2371711.0,0.02952517527087323,0.041002761844062145,0.0,10
11960,2022-10-03 11:00:00,38.79,39.36,38.0,38.1,1354213.0,-0.017788089713843717,0.014694508894044864,0.02036607373034285,10
11961,2022-10-03 12:00:00,38.12,38.35,37.9827,38.205,900746.0,0.0022298006295907885,0.006033578174186883,0.0036017838405035733,10
11962,2022-10-03 13:00:00,38.22,38.3474,37.955,38.04,698607.0,-0.004709576138147559,0.003333333333333373,0.006933542647828377,10
11963,2022-10-03 14:00:00,38.04,38.61,37.95,38.405,988686.0,0.009595162986330232,0.014984227129337547,0.002365930599368988,10
11964,2022-10-03 15:00:00,38.4,38.455,37.463,37.58,2054253.0,-0.021354166666666674,0.0014322916666666594,0.024401041666666606,10
11965,2022-10-03 16:00:00,37.65,37.93,37.5,37.7,34652.0,0.0013280212483400868,0.007436918990703882,0.003984063745019883,10
11966,2022-10-03 17:00:00,37.64,37.73,37.62,37.7,2124.0,0.0015940488841658415,0.0023910733262485734,0.0005313496280553434,10
11967,2022-10-03 18:00:00,37.7,37.73,37.4,37.55,16321.0,-0.003978779840848956,0.0007957559681696029,0.007957559681697726,10
11968,2022-10-03 19:00:00,37.5,37.6899,37.42,37.6,4402.0,0.0026666666666667047,0.005064000000000041,0.002133333333333288,10
11969,2022-10-04 05:00:00,38.5,38.5,38.45,38.45,456.0,-0.001298701298701225,0.0,0.001298701298701225,10
11970,2022-10-04 06:00:00,38.86,39.0,38.86,39.0,1270.0,0.0036026762738034113,0.0036026762738034113,0.0,10
11971,2022-10-04 07:00:00,38.71,38.71,38.52,38.7,8930.0,-0.00025833118057344383,0.0,0.004908292430896351,10
11972,2022-10-04 08:00:00,38.6501,38.95,38.51,38.85,31118.0,0.0051720435393439994,0.007759358966729735,0.0036248289137674645,10
11973,2022-10-04 09:00:00,38.85,40.31,38.68,39.8,1989600.0,0.024453024453024344,0.0375804375804376,0.004375804375804419,10
11974,2022-10-04 10:00:00,39.78,41.3,39.51,41.28,2107268.0,0.03770739064856712,0.03821015585721458,0.00678733031674216,10
11975,2022-10-04 11:00:00,41.27,42.63,41.135,42.59,2396174.0,0.03198449236733705,0.03295371940877149,0.0032711412648414127,10
11976,2022-10-04 12:00:00,42.58,42.61,41.93,42.41,1481578.0,-0.003992484734617232,0.0007045561296383546,0.015265382808830405,10
11977,2022-10-04 13:00:00,42.41,42.99,42.135,42.76,1241380.0,0.008252770572978105,0.013676019806649503,0.006484319735911309,10
11978,2022-10-04 14:00:00,42.76,43.56,42.58,43.3414,1181776.0,0.013596819457436907,0.01870907390084201,0.004209541627689423,10
11979,2022-10-04 15:00:00,43.35,44.009,43.0,43.83,3464885.0,0.011072664359861518,0.015201845444059952,0.00807381776239911,10
11980,2022-10-04 16:00:00,43.89,43.92,43.75,43.76,241115.0,-0.0029619503303714412,0.0006835269993164989,0.003189792663476887,10
11981,2022-10-04 17:00:00,43.76,43.85,43.6301,43.79,10647.0,0.0006855575868373203,0.002056672760511961,0.0029684643510054674,10
11982,2022-10-04 18:00:00,43.76,43.76,43.51,43.61,13511.0,-0.0034277879341864394,0.0,0.005712979890310786,10
11983,2022-10-04 19:00:00,43.52,43.6,43.51,43.5501,4239.0,0.0006916360294117038,0.0018382352941176078,0.0002297794117648234,10
11984,2022-10-05 04:00:00,43.0,43.0,43.0,43.0,340.0,0.0,0.0,0.0,10
11985,2022-10-05 05:00:00,43.27,43.27,43.27,43.27,100.0,0.0,0.0,0.0,10
11986,2022-10-05 06:00:00,42.72,42.72,42.65,42.65,632.0,-0.0016385767790262238,0.0,0.0016385767790262238,10
11987,2022-10-05 07:00:00,43.09,43.09,42.65,43.0,6034.0,-0.002088651659317786,0.0,0.01021118588999779,10
11988,2022-10-05 08:00:00,43.04,43.16,42.82,42.82,61551.0,-0.005111524163568747,0.0027881040892192713,0.005111524163568747,10
11989,2022-10-05 09:00:00,42.72,43.27,41.81,42.77,1513962.0,0.0011704119850188264,0.012874531835206093,0.021301498127340744,10
11990,2022-10-05 10:00:00,42.73,42.83,41.465,41.52,1737115.0,-0.028317341446290518,0.0023402761525860385,0.029604493330212815,10
11991,2022-10-05 11:00:00,41.515,42.42,41.47,42.045,876458.0,0.012766469950620285,0.02179934963266292,0.0010839455618451572,10
11992,2022-10-05 12:00:00,42.06,42.805,41.8,42.68,857027.0,0.014740846409890571,0.01771279125059433,0.006181645268663935,10
11993,2022-10-05 13:00:00,42.67,43.25,42.65,42.9135,896735.0,0.005706585423013766,0.013592688071244393,0.0004687133817671227,10
11994,2022-10-05 14:00:00,42.92,43.3401,42.6301,43.1,969201.0,0.004193849021435221,0.009787977632805171,0.006754426840633806,10
11995,2022-10-05 15:00:00,43.11,43.78,43.11,43.42,1465637.0,0.007190906982138767,0.015541637671074037,0.0,10
11996,2022-10-05 16:00:00,43.47,43.55,43.15,43.47,40816.0,0.0,0.0018403496664365837,0.007361398665746499,10
11997,2022-10-05 17:00:00,43.4,43.55,43.4,43.55,3767.0,0.0034562211981566493,0.0034562211981566493,0.0,10
11998,2022-10-05 18:00:00,43.4,43.4,43.4,43.4,200.0,0.0,0.0,0.0,10
11999,2022-10-05 19:00:00,43.47,43.55,43.3,43.55,2874.0,0.0018403496664365837,0.0018403496664365837,0.003910743041177863,10
12000,2022-10-06 05:00:00,42.94,43.24,42.46,43.24,1924.0,0.006986492780624226,0.006986492780624226,0.01117838844899853,10
12001,2022-10-06 06:00:00,42.81,42.81,42.81,42.81,400.0,0.0,0.0,0.0,10
12002,2022-10-06 07:00:00,42.87,43.0,42.87,43.0,1956.0,0.0030324236062515175,0.0030324236062515175,0.0,10
12003,2022-10-06 08:00:00,42.8,43.68,42.6,43.5599,26691.0,0.017754672897196306,0.020560747663551465,0.004672897196261583,10
12004,2022-10-06 09:00:00,43.36,44.9,43.0,43.35,1024708.0,-0.00023062730627301686,0.035516605166051644,0.008302583025830245,10
12005,2022-10-06 10:00:00,43.35,43.69,42.61,43.59,1889303.0,0.005536332179930842,0.007843137254901876,0.017070357554786666,10
12006,2022-10-06 11:00:00,43.59,44.32,43.36,43.89,1068163.0,0.006882312456985481,0.016746960311998092,0.005276439550355677,10
12007,2022-10-06 12:00:00,43.89,45.19,43.64,44.76,1182819.0,0.019822282980177658,0.029619503303713764,0.005696058327637275,10
12008,2022-10-06 13:00:00,44.75,45.5,44.69,45.4,1091501.0,0.014525139664804438,0.01675977653631285,0.0013407821229050787,10
12009,2022-10-06 14:00:00,45.41,45.41,44.38,44.45,771588.0,-0.02114071790354534,0.0,0.022682228584012202,10
12010,2022-10-06 15:00:00,44.45,44.595,43.89,44.01,1340708.0,-0.009898762654668275,0.0032620922384701016,0.012598425196850444,10
12011,2022-10-06 16:00:00,44.02,44.3,44.0,44.02,57130.0,0.0,0.0063607451158562926,0.0004543389368469588,10
12012,2022-10-06 17:00:00,44.3,44.3,44.02,44.02,10016.0,-0.006320541760722213,0.0,0.006320541760722213,10
12013,2022-10-06 18:00:00,44.0,44.3099,44.0,44.16,3100.0,0.0036363636363635587,0.007043181818181795,0.0,10
12014,2022-10-06 19:00:00,44.02,44.0501,44.02,44.0501,9725.0,0.0006837800999545059,0.0006837800999545059,0.0,10
12015,2022-10-07 07:00:00,44.45,44.46,44.45,44.45,4335.0,0.0,0.00022497187851514084,0.0,10
12016,2022-10-07 08:00:00,44.04,44.45,43.0675,43.71,72974.0,-0.007493188010899144,0.009309718437783917,0.022082198001816454,10
12017,2022-10-07 09:00:00,43.53,44.2484,42.7,42.745,806642.0,-0.018033540087296202,0.01650356076269229,0.01906730990121751,10
12018,2022-10-07 10:00:00,42.72,43.59,42.685,43.415,1412441.0,0.016268726591760308,0.02036516853932595,0.0008192883895130288,10
12019,2022-10-07 11:00:00,43.43,43.53,43.0,43.47,1301747.0,0.000921022334791599,0.0023025558369790793,0.009900990099009894,10
12020,2022-10-07 12:00:00,43.47,43.57,42.55,43.01,838751.0,-0.010582010582010602,0.0023004370830458113,0.021164021164021204,10
12021,2022-10-07 13:00:00,43.0,43.0862,42.68,42.98,516795.0,-0.00046511627906984016,0.0020046511627906526,0.0074418604651162856,10
12022,2022-10-07 14:00:00,42.94,43.34,42.92,43.24,706374.0,0.006986492780624226,0.009315323707498968,0.00046576618537484915,10
12023,2022-10-07 15:00:00,43.25,43.67,43.2,43.57,1774357.0,0.007398843930635845,0.009710982658959578,0.001156069364161784,10
12024,2022-10-07 16:00:00,43.44,43.75,43.44,43.6,95904.0,0.003683241252302111,0.007136279926335228,0.0,10
12025,2022-10-07 17:00:00,43.4306,43.6,43.43,43.59,4478.0,0.0036702232987802404,0.0039004757014640162,1.3815144160997124e-05,10
12026,2022-10-07 18:00:00,43.43,43.6,43.43,43.5,1450.0,0.0016117890858853392,0.003914344922864419,0.0,10
12027,2022-10-07 19:00:00,43.5,43.59,43.43,43.43,2419.0,-0.001609195402298857,0.002068965517241458,0.001609195402298857,10
12028,2022-10-10 04:00:00,42.78,42.78,42.78,42.78,150.0,0.0,0.0,0.0,10
12029,2022-10-10 07:00:00,43.43,43.43,43.2,43.2,408.0,-0.0052958784250517355,0.0,0.0052958784250517355,10
12030,2022-10-10 08:00:00,42.86,43.5,42.86,43.5,938.0,0.014932337844143738,0.014932337844143738,0.0,10
12031,2022-10-10 09:00:00,43.8485,43.87,42.44,42.4855,634070.0,-0.0310843016294742,0.0004903246405235317,0.03212196540360568,10
12032,2022-10-10 10:00:00,42.48,42.54,41.56,41.85,1168948.0,-0.014830508474576166,0.001412429378531127,0.02165725047080967,10
12033,2022-10-10 11:00:00,41.84,41.84,41.37,41.52,665613.0,-0.0076481835564053595,0.0,0.011233269598470505,10
12034,2022-10-10 12:00:00,41.52,41.57,40.51,40.52,723203.0,-0.024084778420038533,0.0012042389210018582,0.024325626204239042,10
12035,2022-10-10 13:00:00,40.51,41.13,40.21,40.88,786053.0,0.009133547272278563,0.015304862996791029,0.007405578869414889,10
12036,2022-10-10 14:00:00,40.89,41.09,40.62,41.0,501484.0,0.002690144289557335,0.0048911714355588855,0.006603081438004478,10
12037,2022-10-10 15:00:00,41.01,41.36,40.905,40.98,1195767.0,-0.0007315288953913957,0.008534503779565994,0.0025603511338697115,10
12038,2022-10-10 16:00:00,41.0,41.12,40.95,40.95,29733.0,-0.0012195121951218818,0.0029268292682926205,0.0012195121951218818,10
12039,2022-10-10 17:00:00,40.95,40.99,40.81,40.95,3000.0,0.0,0.000976800976800956,0.0034188034188034322,10
12040,2022-10-10 18:00:00,40.9499,41.15,40.8,41.0,3555.0,0.0012234462111018704,0.004886458819191233,0.003660570599684062,10
12041,2022-10-10 19:00:00,41.02,41.02,40.77,40.77,3456.0,-0.006094588005850804,0.0,0.006094588005850804,10
12042,2022-10-11 04:00:00,40.5,40.82,40.5,40.67,1348.0,0.0041975308641975725,0.007901234567901242,0.0,10
12043,2022-10-11 05:00:00,40.35,40.35,40.35,40.35,100.0,0.0,0.0,0.0,10
12044,2022-10-11 07:00:00,40.19,40.8,40.19,40.73,5093.0,0.013436178153769573,0.015177904951480454,0.0,10
12045,2022-10-11 08:00:00,40.0,41.4163,40.0,41.0,40840.0,0.025,0.035407499999999995,0.0,10
12046,2022-10-11 09:00:00,40.72,41.59,38.93,39.65,964810.0,-0.026277013752455804,0.021365422396856695,0.04395874263261295,10
12047,2022-10-11 10:00:00,39.63,39.9094,38.84,39.26,1362330.0,-0.009336361342417474,0.0070502144839766695,0.01993439313651272,10
12048,2022-10-11 11:00:00,39.24,41.38,39.24,41.06,869979.0,0.046381243628950054,0.05453618756371051,0.0,10
12049,2022-10-11 12:00:00,41.07,41.45,40.73,40.93,893674.0,-0.0034088142196250443,0.009252495738982288,0.008278548819089442,10
12050,2022-10-11 13:00:00,40.93,40.98,40.385,40.5,626958.0,-0.010505741509894936,0.0012215978499877146,0.013315416564866888,10
12051,2022-10-11 14:00:00,40.49,40.6346,39.777,39.81,719327.0,-0.016794270190170404,0.0035712521610273386,0.01760928624351694,10
12052,2022-10-11 15:00:00,39.79,40.72,39.76,40.685,1577980.0,0.02249308871575781,0.023372706710228695,0.000753958280975148,10
12053,2022-10-11 16:00:00,40.69,40.72,40.55,40.66,27959.0,-0.0007372818874416599,0.0007372818874416599,0.003440648808060963,10
12054,2022-10-11 17:00:00,40.69,40.7,40.69,40.69,1210.0,0.0,0.00024576062914733637,0.0,10
12055,2022-10-11 18:00:00,40.69,40.72,40.69,40.69,609.0,0.0,0.0007372818874416599,0.0,10
12056,2022-10-11 19:00:00,40.71,41.63,40.62,40.62,6521.0,-0.0022107590272661118,0.022598870056497217,0.0022107590272661118,10
12057,2022-10-12 06:00:00,41.07,41.07,41.05,41.05,2300.0,-0.000486973459946509,0.0,0.000486973459946509,10
12058,2022-10-12 07:00:00,41.5,41.5,41.24,41.25,1876.0,-0.006024096385542169,0.0,0.006265060240963807,10
12059,2022-10-12 08:00:00,41.05,41.7,40.81,41.0,25579.0,-0.0012180267965894557,0.015834348355663965,0.005846528623629596,10
12060,2022-10-12 09:00:00,40.87,42.669,40.27,41.15,1039718.0,0.006850990946904848,0.04401761683386346,0.014680694886224477,10
12061,2022-10-12 10:00:00,41.16,42.0202,40.75,41.94,1091086.0,0.018950437317784286,0.020898931000971968,0.009961127308066002,10
12062,2022-10-12 11:00:00,41.93,43.47,41.91,43.43,1380721.0,0.03577390889577868,0.03672787979966609,0.0004769854519437903,10
12063,2022-10-12 12:00:00,43.44,43.71,43.1,43.58,1317506.0,0.003222836095764286,0.006215469613259741,0.00782688766114172,10
12064,2022-10-12 13:00:00,43.58,44.48,43.55,44.3714,1693634.0,0.018159706287287816,0.02065167508031204,0.0006883891693437617,10
12065,2022-10-12 14:00:00,44.39,45.46,44.24,45.06,2033001.0,0.015093489524667757,0.024104528046857407,0.003379139445821099,10
12066,2022-10-12 15:00:00,45.07,45.65,44.99,45.31,2554664.0,0.005325049922343066,0.012868870645662266,0.0017750166407809694,10
12067,2022-10-12 16:00:00,45.31,45.36,45.1627,45.28,74062.0,-0.0006621054954756375,0.001103509159125958,0.003250937982785286,10
12068,2022-10-12 17:00:00,45.36,45.4,45.3,45.4,9326.0,0.0008818342151675297,0.0008818342151675297,0.001322751322751373,10
12069,2022-10-12 18:00:00,45.4,45.4,45.32,45.32,2783.0,-0.0017621145374448965,0.0,0.0017621145374448965,10
12070,2022-10-12 19:00:00,45.35,45.45,45.34,45.39,3673.0,0.000882028665931624,0.002205071664829138,0.00022050716648286682,10
12071,2022-10-13 05:00:00,44.68,44.68,44.61,44.61,1151.0,-0.0015666965085049302,0.0,0.0015666965085049302,10
12072,2022-10-13 06:00:00,45.26,45.3,45.26,45.3,1994.0,0.0008837825894829684,0.0008837825894829684,0.0,10
12073,2022-10-13 07:00:00,45.32,45.9,45.32,45.9,7848.0,0.012797881729920527,0.012797881729920527,0.0,10
12074,2022-10-13 08:00:00,45.5,45.99,43.54,43.77,128895.0,-0.03802197802197795,0.010769230769230812,0.043076923076923096,10
12075,2022-10-13 09:00:00,43.7,45.385,43.1201,44.79,1281309.0,0.024942791762013646,0.03855835240274588,0.013270022883295242,10
12076,2022-10-13 10:00:00,44.7935,45.3366,44.04,44.5212,2160283.0,-0.006079006998783335,0.012124526996104244,0.016821637067878207,10
12077,2022-10-13 11:00:00,44.545,45.989,44.28,45.43,1798575.0,0.019867549668874128,0.03241665731282962,0.005949040296329567,10
12078,2022-10-13 12:00:00,45.425,45.705,44.21,44.87,1133296.0,-0.012217941662080347,0.006164006604292816,0.02674738580077042,10
12079,2022-10-13 13:00:00,44.88,45.69,44.84,45.32,1018199.0,0.0098039215686274,0.01804812834224588,0.0008912655971479311,10
12080,2022-10-13 14:00:00,45.34,45.34,44.68,44.98,979255.0,-0.007940008822232168,0.0,0.014556682840758792,10
12081,2022-10-13 15:00:00,44.97,45.299,44.67,44.77,1685892.0,-0.004447409384033705,0.007315988436735615,0.006671114076050638,10
12082,2022-10-13 16:00:00,44.77,44.9,44.65,44.65,36400.0,-0.0026803663167300545,0.002903730176457347,0.0026803663167300545,10
12083,2022-10-13 17:00:00,44.65,44.6509,44.65,44.6509,1055.0,2.015677491604603e-05,2.015677491604603e-05,0.0,10
12084,2022-10-13 18:00:00,44.66,44.75,44.66,44.75,2013.0,0.002015226153157264,0.002015226153157264,0.0,10
12085,2022-10-13 19:00:00,44.74,44.76,44.66,44.66,2232.0,-0.0017881090746536745,0.0004470272686632995,0.0017881090746536745,10
12086,2022-10-14 05:00:00,44.3,44.39,44.3,44.39,432.0,0.002031602708803689,0.002031602708803689,0.0,10
12087,2022-10-14 07:00:00,45.11,45.11,44.99,45.1,2000.0,-0.00022168033695406806,0.0,0.0026601640434492893,10
12088,2022-10-14 08:00:00,45.0482,45.45,44.75,45.2225,15203.0,0.003869189002002194,0.008919335289756337,0.0066195763648714346,10
12089,2022-10-14 09:00:00,45.7961,46.4981,44.52,45.57,1212370.0,-0.0049371016309249565,0.015328816209240485,0.02786481818320773,10
12090,2022-10-14 10:00:00,45.55,45.64,44.51,45.63,1129316.0,0.0017563117453349155,0.0019758507135017216,0.02283205268935234,10
12091,2022-10-14 11:00:00,45.61,46.0636,44.98,45.09,1049031.0,-0.011401008550756327,0.009945187458890628,0.013812760359570325,10
12092,2022-10-14 12:00:00,45.08,45.72,44.71,45.27,822605.0,0.0042147293700089804,0.014196983141082533,0.008207630878438276,10
12093,2022-10-14 13:00:00,45.26,45.6,45.02,45.1807,414044.0,-0.001752098983649942,0.007512152010605466,0.0053026955368978106,10
12094,2022-10-14 14:00:00,45.16,45.17,44.62,45.03,622975.0,-0.0028786536758192084,0.00022143489814006016,0.011957484499557112,10
12095,2022-10-14 15:00:00,45.03,45.165,44.52,44.65,1386564.0,-0.0084388185654009,0.0029980013324449922,0.011325782811458983,10
12096,2022-10-14 16:00:00,45.23,45.23,44.61,44.61,50819.0,-0.013707716117620993,0.0,0.013707716117620993,10
12097,2022-10-14 17:00:00,44.52,44.52,44.52,44.52,500.0,0.0,0.0,0.0,10
12098,2022-10-14 18:00:00,44.5,44.7,44.5,44.7,3957.0,0.004494382022471974,0.004494382022471974,0.0,10
12099,2022-10-14 19:00:00,44.51,44.51,44.14,44.14,514.0,-0.0083127387104021,0.0,0.0083127387104021,10
12100,2022-10-17 04:00:00,44.51,44.51,44.51,44.51,108.0,0.0,0.0,0.0,10
12101,2022-10-17 05:00:00,45.5,45.5,45.5,45.5,100.0,0.0,0.0,0.0,10
12102,2022-10-17 06:00:00,45.5,45.5,45.5,45.5,188.0,0.0,0.0,0.0,10
12103,2022-10-17 07:00:00,45.18,45.51,45.18,45.45,2931.0,0.00597609561752995,0.007304116865869816,0.0,10
12104,2022-10-17 08:00:00,45.7,45.97,45.0,45.85,18957.0,0.003282275711159706,0.00590809628008744,0.015317286652078837,10
12105,2022-10-17 09:00:00,45.92,46.43,45.1506,45.24,824223.0,-0.014808362369337972,0.01110627177700344,0.016755226480836334,10
12106,2022-10-17 10:00:00,45.22,46.3,45.0,45.52,876128.0,0.006634232640424685,0.02388323750552849,0.004865103936311342,10
12107,2022-10-17 11:00:00,45.48,45.74,44.965,45.53,864193.0,0.0010993843447670243,0.005716798592788151,0.011323658751099242,10
12108,2022-10-17 12:00:00,45.52,45.79,45.385,45.46,662335.0,-0.0013181019332162186,0.005931458699472671,0.002965729349736492,10
12109,2022-10-17 13:00:00,45.44,45.54,45.13,45.13,539125.0,-0.006822183098591443,0.002200704225352144,0.006822183098591443,10
12110,2022-10-17 14:00:00,45.13,45.37,44.9,45.26,473970.0,0.0028805672501660854,0.005317970307999,0.005096388211832572,10
12111,2022-10-17 15:00:00,45.2299,45.309,44.755,45.13,1073448.0,-0.00220871591579902,0.0017488431325295179,0.010499691575705409,10
12112,2022-10-17 16:00:00,45.11,45.11,44.86,44.86,62366.0,-0.005542008423852805,0.0,0.005542008423852805,10
12113,2022-10-17 18:00:00,45.15,45.31,45.15,45.31,3832.0,0.0035437430786268813,0.0035437430786268813,0.0,10
12114,2022-10-17 19:00:00,45.4,45.5,45.4,45.4,3060.0,0.0,0.002202643171806199,0.0,10
12115,2022-10-18 04:00:00,46.02,46.02,46.02,46.02,269.0,0.0,0.0,0.0,10
12116,2022-10-18 05:00:00,45.9,45.98,45.9,45.98,317.0,0.0017429193899781764,0.0017429193899781764,0.0,10
12117,2022-10-18 07:00:00,46.01,46.31,46.01,46.1,4140.0,0.0019560965007607784,0.00652032166920244,0.0,10
12118,2022-10-18 08:00:00,46.2,47.03,46.0,46.92,183680.0,0.015584415584415558,0.017965367965367927,0.004329004329004391,10
12119,2022-10-18 09:00:00,46.8,48.54,46.52,48.08,1536278.0,0.027350427350427375,0.03717948717948722,0.005982905982905856,10
12120,2022-10-18 10:00:00,48.1,48.63,47.0,47.56,1983114.0,-0.011226611226611208,0.011018711018711042,0.022869022869022898,10
12121,2022-10-18 11:00:00,47.545,48.0105,46.995,47.6828,1279238.0,0.0028983068671784326,0.009790724576716767,0.011567988221684809,10
12122,2022-10-18 12:00:00,47.68,48.61,47.5,48.25,1123150.0,0.011954697986577187,0.019505033557046973,0.0037751677852348934,10
12123,2022-10-18 13:00:00,48.25,48.85,48.0,48.67,862293.0,0.008704663212435269,0.01243523316062179,0.0051813471502590676,10
12124,2022-10-18 14:00:00,48.65,49.12,48.27,48.43,1051310.0,-0.004522096608427521,0.009660842754367911,0.0078108941418293006,10
12125,2022-10-18 15:00:00,48.43,48.69,48.02,48.61,1978820.0,0.003716704521990496,0.005368573198430684,0.008465826966756072,10
12126,2022-10-18 16:00:00,47.7,49.25,47.7,48.67,123700.0,0.020335429769392007,0.03249475890985319,0.0,10
12127,2022-10-18 17:00:00,48.99,48.99,48.7,48.7,4560.0,-0.00591957542355581,0.0,0.00591957542355581,10
12128,2022-10-18 18:00:00,48.9,49.1,48.78,49.1,4049.0,0.004089979550102308,0.004089979550102308,0.0024539877300612974,10
12129,2022-10-18 19:00:00,49.1,49.49,48.85,48.96,2734.0,-0.0028513238289205817,0.0079429735234216,0.0050916496945010185,10
12130,2022-10-19 05:00:00,48.0,48.6,48.0,48.6,1418.0,0.01250000000000003,0.01250000000000003,0.0,10
12131,2022-10-19 06:00:00,48.95,48.95,48.52,48.52,1357.0,-0.008784473953013272,0.0,0.008784473953013272,10
12132,2022-10-19 07:00:00,48.1,48.15,47.79,48.0,15137.0,-0.0020790020790021086,0.0010395010395009804,0.006444906444906492,10
12133,2022-10-19 08:00:00,48.2,48.45,47.76,48.03,42472.0,-0.0035269709543568816,0.005186721991701245,0.00912863070539429,10
12134,2022-10-19 09:00:00,48.02,48.6,47.14,47.18,856201.0,-0.01749271137026246,0.012078300708038281,0.018325697625989224,10
12135,2022-10-19 10:00:00,47.18,48.72,47.18,47.685,1030927.0,0.010703688003391321,0.032640949554896125,0.0,10
12136,2022-10-19 11:00:00,47.68,48.08,47.49,47.88,487330.0,0.004194630872483281,0.008389261744966413,0.003984899328859013,10
12137,2022-10-19 12:00:00,47.87,48.03,47.34,47.45,430314.0,-0.008773762272822115,0.0033423856277418782,0.011071652391894591,10
12138,2022-10-19 13:00:00,47.44,47.52,46.62,46.83,1120873.0,-0.012858347386171995,0.0016863406408095575,0.0172849915682968,10
12139,2022-10-19 14:00:00,46.84,47.38,46.81,46.85,616925.0,0.0002134927412467551,0.011528608027327051,0.000640478223740417,10
12140,2022-10-19 15:00:00,46.8599,46.96,46.435,46.69,1092639.0,-0.003625701292576499,0.0021361547933307075,0.009067454262599813,10
12141,2022-10-19 16:00:00,46.69,46.94,46.69,46.7,116069.0,0.00021417862497333725,0.005354465624330692,0.0,10
12142,2022-10-19 17:00:00,46.6,46.6,46.6,46.6,200.0,0.0,0.0,0.0,10
12143,2022-10-19 18:00:00,46.67,46.67,46.67,46.67,272.0,0.0,0.0,0.0,10
12144,2022-10-19 19:00:00,46.68,46.69,46.41,46.41,1940.0,-0.005784061696658164,0.00021422450728359062,0.005784061696658164,10
12145,2022-10-20 06:00:00,46.63,46.63,46.63,46.63,100.0,0.0,0.0,0.0,10
12146,2022-10-20 07:00:00,47.05,47.1,46.72,46.72,2913.0,-0.007013815090329401,0.0010626992561106113,0.007013815090329401,10
12147,2022-10-20 08:00:00,47.14,47.15,46.5,46.51,9621.0,-0.013364446330080665,0.00021213406873139606,0.013576580398812061,10
12148,2022-10-20 09:00:00,46.51,47.86,46.51,47.45,729338.0,0.020210707374758222,0.029026015910556903,0.0,10
12149,2022-10-20 10:00:00,47.45,48.47,47.36,48.34,1071067.0,0.018756585879873562,0.021496311907270728,0.0018967334035827905,10
12150,2022-10-20 11:00:00,48.33,48.9811,48.03,48.6,731135.0,0.005586592178771015,0.013471963583695418,0.0062073246430787744,10
12151,2022-10-20 12:00:00,48.61,48.67,47.72,47.81,670429.0,-0.01645751902900632,0.001234313927175525,0.018308989919769605,10
12152,2022-10-20 13:00:00,47.7918,48.019,47.57,47.68,394875.0,-0.0023393134387071075,0.00475395360710407,0.004640963512569139,10
12153,2022-10-20 14:00:00,47.66,47.84,47.475,47.6301,485284.0,-0.0006273604699957579,0.0037767519932859176,0.0038816617708769445,10
12154,2022-10-20 15:00:00,47.64,47.9,47.355,47.52,934079.0,-0.002518891687657377,0.005457598656591058,0.005982367758186475,10
12155,2022-10-20 16:00:00,47.45,48.26,47.26,48.15,62490.0,0.014752370916754388,0.017070600632244366,0.0040042149631191746,10
12156,2022-10-20 18:00:00,47.5501,47.5501,47.54,47.54,2721.0,-0.00021240754488426587,0.0,0.00021240754488426587,10
12157,2022-10-20 19:00:00,47.54,47.55,47.3,47.55,800.0,0.00021034917963815757,0.00021034917963815757,0.005048380311316828,10
12158,2022-10-21 04:00:00,46.55,46.55,46.55,46.55,100.0,0.0,0.0,0.0,10
12159,2022-10-21 07:00:00,47.1,47.1,47.0,47.0,303.0,-0.002123142250530816,0.0,0.002123142250530816,10
12160,2022-10-21 08:00:00,46.887,47.2,46.75,46.8,8145.0,-0.0018555249856037558,0.0066756243734937696,0.0029219186554908707,10
12161,2022-10-21 09:00:00,46.98,47.8,46.5,47.25,842837.0,0.005747126436781676,0.01745423584504045,0.010217113665389462,10
12162,2022-10-21 10:00:00,47.24,47.98,46.92,47.07,1117599.0,-0.0035986452159187487,0.01566469093988135,0.00677392040643523,10
12163,2022-10-21 11:00:00,47.09,48.12,46.94,48.08,655847.0,0.021023571883626985,0.021873009131450287,0.0031853896793375596,10
12164,2022-10-21 12:00:00,48.11,48.6,47.88,48.4783,932055.0,0.007655373103304882,0.010184992725005238,0.004780710870920741,10
12165,2022-10-21 13:00:00,48.48,48.855,48.46,48.79,372315.0,0.006394389438943941,0.007735148514851486,0.00041254125412533047,10
12166,2022-10-21 14:00:00,48.8,49.0571,48.54,48.93,409841.0,0.002663934426229561,0.005268442622950845,0.005327868852458976,10
12167,2022-10-21 15:00:00,48.9287,49.35,48.83,49.2,1174488.0,0.005544802947963131,0.008610488322804453,0.0020172209766456273,10
12168,2022-10-21 16:00:00,49.07,49.2,49.06,49.2,49639.0,0.0026492765437131152,0.0026492765437131152,0.00020379050336250275,10
12169,2022-10-21 17:00:00,49.2,49.23,49.07,49.23,2308.0,0.0006097560975608543,0.0006097560975608543,0.0026422764227642796,10
12170,2022-10-21 18:00:00,49.15,49.25,49.15,49.25,3091.0,0.002034587995930853,0.002034587995930853,0.0,10
12171,2022-10-21 19:00:00,49.25,49.47,49.25,49.47,1582.0,0.004467005076142109,0.004467005076142109,0.0,10
12172,2022-10-24 04:00:00,49.2,49.2,49.0,49.19,1482.0,-0.00020325203252042918,0.0,0.004065040650406562,10
12173,2022-10-24 06:00:00,49.19,49.19,49.19,49.19,328.0,0.0,0.0,0.0,10
12174,2022-10-24 07:00:00,49.2,49.85,49.2,49.63,6342.0,0.008739837398373978,0.013211382113821108,0.0,10
12175,2022-10-24 08:00:00,49.6,49.9,49.35,49.75,23595.0,0.003024193548387068,0.006048387096774136,0.005040322580645161,10
12176,2022-10-24 09:00:00,49.7488,49.75,48.3,48.87,662485.0,-0.01766474769240676,2.412118483254276e-05,0.029122310487891278,10
12177,2022-10-24 10:00:00,48.885,48.92,47.74,48.28,1477632.0,-0.012375984453308722,0.0007159660427534765,0.023422317684361177,10
12178,2022-10-24 11:00:00,48.28,49.11,47.96,49.0608,799399.0,0.016172328086164027,0.01719138359569176,0.006628003314001663,10
12179,2022-10-24 12:00:00,49.07,49.61,48.9938,49.26,725368.0,0.0038720195638882763,0.011004687181577322,0.001552883635622581,10
12180,2022-10-24 13:00:00,49.27,49.555,49.006,49.49,1276790.0,0.004465191800284125,0.005784453014004396,0.005358230160341037,10
12181,2022-10-24 14:00:00,49.5,49.93,49.45,49.92,473684.0,0.008484848484848519,0.00868686868686868,0.0010101010101009526,10
12182,2022-10-24 15:00:00,49.93,49.98,49.69,49.75,1091250.0,-0.0036050470658922436,0.00100140196274779,0.0048067294211897055,10
12183,2022-10-24 16:00:00,49.73,49.82,49.62,49.62,27900.0,-0.0022119445003016174,0.0018097727729741286,0.0022119445003016174,10
12184,2022-10-24 17:00:00,49.62,49.8299,49.62,49.62,1000.0,0.0,0.004230149133414039,0.0,10
12185,2022-10-24 18:00:00,49.62,49.62,49.62,49.62,240.0,0.0,0.0,0.0,10
12186,2022-10-25 05:00:00,49.6,49.6,49.6,49.6,200.0,0.0,0.0,0.0,10
12187,2022-10-25 07:00:00,49.39,49.39,49.2,49.36,1400.0,-0.0006074104069649956,0.0,0.0038469325774447807,10
12188,2022-10-25 08:00:00,49.4,49.5308,49.4,49.5308,534.0,0.002647773279352241,0.002647773279352241,0.0,10
12189,2022-10-25 09:00:00,49.45,50.54,49.39,49.78,723049.0,0.006673407482305324,0.022042467138523685,0.0012133468149646567,10
12190,2022-10-25 10:00:00,49.8,50.15,49.15,49.47,942635.0,-0.0066265060240963515,0.007028112449799226,0.013052208835341337,10
12191,2022-10-25 11:00:00,49.48,50.62,49.33,50.46,946772.0,0.01980598221503646,0.023039611964430086,0.00303152789005656,10
12192,2022-10-25 12:00:00,50.45,50.74,49.65,49.805,760867.0,-0.012784935579782023,0.005748265609514354,0.015857284440039726,10
12193,2022-10-25 13:00:00,49.83,50.07,49.52,49.84,438729.0,0.00020068231988772057,0.0048163756773028695,0.006221151916516058,10
12194,2022-10-25 14:00:00,49.82,50.49,49.81,50.46,1026452.0,0.012846246487354487,0.01344841429144925,0.00020072260136487374,10
12195,2022-10-25 15:00:00,50.46,51.06,50.43,50.89,1528976.0,0.008521601268331345,0.011890606420927496,0.0005945303210463959,10
12196,2022-10-25 16:00:00,50.9,50.9,50.4,50.9,73236.0,0.0,0.0,0.009823182711198428,10
12197,2022-10-25 17:00:00,50.55,50.75,50.55,50.55,3014.0,0.0,0.003956478733926861,0.0,10
12198,2022-10-25 18:00:00,50.55,50.55,50.29,50.4,3577.0,-0.0029673590504450758,0.0,0.005143422354104808,10
12199,2022-10-25 19:00:00,50.4,50.4,50.15,50.15,4430.0,-0.00496031746031746,0.0,0.00496031746031746,10
12200,2022-10-26 05:00:00,51.0,51.43,51.0,51.43,1234.0,0.008431372549019602,0.008431372549019602,0.0,10
12201,2022-10-26 06:00:00,51.02,51.02,51.02,51.02,707.0,0.0,0.0,0.0,10
12202,2022-10-26 07:00:00,51.0,51.17,51.0,51.0,1762.0,0.0,0.003333333333333367,0.0,10
12203,2022-10-26 08:00:00,51.2386,51.24,50.51,50.52,8709.0,-0.014024583029200545,2.7323150905837447e-05,0.014219748392813234,10
12204,2022-10-26 09:00:00,51.0,52.05,50.3901,51.4589,793436.0,0.008998039215686272,0.02058823529411759,0.011958823529411827,10
12205,2022-10-26 10:00:00,51.48,52.95,51.465,52.2003,1319813.0,0.013991841491841525,0.028554778554778674,0.0002913752913751644,10
12206,2022-10-26 11:00:00,52.21,52.58,51.6,51.8,713730.0,-0.00785290174296119,0.007086764987550229,0.011683585520015312,10
12207,2022-10-26 12:00:00,51.79,52.19,50.85,50.91,621764.0,-0.01699169723884925,0.007723498744931427,0.018150222050588874,10
12208,2022-10-26 13:00:00,50.905,51.49,50.81,51.4,440223.0,0.009723995678224092,0.011491994892446731,0.0018662213927904698,10
12209,2022-10-26 14:00:00,51.4,51.47,50.99,51.15,656183.0,-0.0048638132295719845,0.0013618677042801612,0.007976653696497988,10
12210,2022-10-26 15:00:00,51.14,51.22,50.7,50.73,919504.0,-0.008017207665232767,0.0015643332029721998,0.008603832616347238,10
12211,2022-10-26 16:00:00,50.73,50.73,50.6,50.7001,173078.0,-0.0005893948354030715,0.0,0.002562586240883017,10
12212,2022-10-26 17:00:00,50.7,50.7045,50.5001,50.6999,6330.0,-1.9723865878366793e-06,8.87573964497075e-05,0.003942800788954625,10
12213,2022-10-26 18:00:00,50.5,50.65,50.45,50.58,2196.0,0.0015841584158415504,0.002970297029702942,0.0009900990099009337,10
12214,2022-10-26 19:00:00,50.6701,50.95,50.67,50.95,1675.0,0.005523967783762119,0.005523967783762119,1.9735504764390485e-06,10
12215,2022-10-27 04:00:00,50.91,50.95,50.91,50.95,2542.0,0.0007857002553527058,0.0007857002553527058,0.0,10
12216,2022-10-27 07:00:00,50.94,51.2,50.94,51.2,3940.0,0.005104043973302025,0.005104043973302025,0.0,10
12217,2022-10-27 08:00:00,51.3,51.5701,50.9399,51.4,13862.0,0.0019493177387914509,0.005265107212475621,0.00701949317738783,10
12218,2022-10-27 09:00:00,51.27,52.05,50.86,51.29,489101.0,0.0003900916715427349,0.015213575190169573,0.007996879266627729,10
12219,2022-10-27 10:00:00,51.36,51.39,50.11,50.6,716755.0,-0.014797507788161956,0.0005841121495327325,0.024338006230529594,10
12220,2022-10-27 11:00:00,50.58,51.26,50.18,50.245,359952.0,-0.006623171213918562,0.013444049031237639,0.007908264136022115,10
12221,2022-10-27 12:00:00,50.24,51.05,50.15,51.03,425870.0,0.015724522292993613,0.016122611464968056,0.0017914012738854182,10
12222,2022-10-27 13:00:00,51.05,51.195,50.67,50.71,543823.0,-0.006660137120470055,0.0028403525954946744,0.007443682664054759,10
12223,2022-10-27 14:00:00,50.705,50.92,50.5,50.57,271086.0,-0.0026624593235380733,0.004240212996745951,0.004042993787594878,10
12224,2022-10-27 15:00:00,50.575,50.65,50.27,50.35,832171.0,-0.004448838358872989,0.001482946119624236,0.006030647553138897,10
12225,2022-10-27 16:00:00,50.01,50.53,49.62,49.9,81522.0,-0.0021995600879823923,0.010397920415916879,0.007798440311937624,10
12226,2022-10-27 17:00:00,50.32,50.32,49.9,50.1,2157.0,-0.004372019077901408,0.0,0.008346581875993674,10
12227,2022-10-27 18:00:00,50.1,50.32,50.1,50.1,1130.0,0.0,0.004391217564870237,0.0,10
12228,2022-10-27 19:00:00,50.02,50.15,50.02,50.15,210.0,0.0025989604158335755,0.0025989604158335755,0.0,10
12229,2022-10-28 04:00:00,49.99,49.99,49.98,49.98,2516.0,-0.00020004000800170264,0.0,0.00020004000800170264,10
12230,2022-10-28 06:00:00,49.79,49.8,49.79,49.8,5904.0,0.00020084354288005645,0.00020084354288005645,0.0,10
12231,2022-10-28 07:00:00,49.75,49.95,49.75,49.95,2162.0,0.00402010050251262,0.00402010050251262,0.0,10
12232,2022-10-28 08:00:00,50.15,50.15,49.8,50.0,10207.0,-0.0029910269192422448,0.0,0.006979062811565333,10
12233,2022-10-28 09:00:00,50.172,51.0805,49.83,50.79,487580.0,0.012317627361875192,0.018107709479390968,0.00681655106433865,10
12234,2022-10-28 10:00:00,50.84,51.0,50.07,50.86,479015.0,0.0003933910306844221,0.003147128245475936,0.015145554681353325,10
12235,2022-10-28 11:00:00,50.9,51.7399,50.9,51.69,559728.0,0.015520628683693501,0.016500982318271122,0.0,10
12236,2022-10-28 12:00:00,51.6888,52.04,51.46,51.7,483766.0,0.00021668137004539318,0.006794508674993396,0.0044264908452121094,10
12237,2022-10-28 13:00:00,51.72,52.4401,51.68,52.3,600343.0,0.011214230471771043,0.013923047177107545,0.0007733952049497129,10
12238,2022-10-28 14:00:00,52.3,52.8,52.19,52.72,499861.0,0.008030592734225654,0.009560229445506692,0.0021032504780114617,10
12239,2022-10-28 15:00:00,52.72,52.79,52.34,52.65,1162755.0,-0.0013277693474962118,0.0013277693474962118,0.0072078907435507485,10
12240,2022-10-28 16:00:00,52.67,52.72,52.6,52.72,58271.0,0.0009493070058856494,0.0009493070058856494,0.0013290298082399901,10
12241,2022-10-28 17:00:00,52.6,52.7999,52.6,52.7809,2807.0,0.0034391634980988814,0.003800380228136873,0.0,10
12242,2022-10-28 18:00:00,52.7399,52.77,52.65,52.77,1606.0,0.0005707253900747718,0.0005707253900747718,0.001704591779658287,10
12243,2022-10-28 19:00:00,52.8,52.8,52.8,52.8,1341.0,0.0,0.0,0.0,10
12244,2022-10-31 04:00:00,52.51,52.51,52.0,52.0,533.0,-0.009712435726528242,0.0,0.009712435726528242,10
12245,2022-10-31 07:00:00,52.77,53.29,52.74,53.29,7864.0,0.009854083759711882,0.009854083759711882,0.000568504832291096,10
12246,2022-10-31 08:00:00,52.7899,53.48,52.68,53.43,29888.0,0.012125425507530735,0.013072576382982235,0.002081837624242577,10
12247,2022-10-31 09:00:00,53.35,53.92,51.85,51.9,898351.0,-0.02717900656044991,0.010684161199625123,0.028116213683223992,10
12248,2022-10-31 10:00:00,51.89,53.87,51.89,53.6397,1264234.0,0.033719406436692946,0.03815764116400071,0.0,10
12249,2022-10-31 11:00:00,53.62,54.27,53.34,53.9201,669840.0,0.005596792241700867,0.012122342409548783,0.005221932114882396,10
12250,2022-10-31 12:00:00,53.965,54.064,53.42,53.67,494188.0,-0.005466506068748294,0.0018345223756137616,0.010099138330399365,10
12251,2022-10-31 13:00:00,53.656,54.18,53.43,54.05,381928.0,0.007343074399880691,0.009765916206947983,0.004212017295363036,10
12252,2022-10-31 14:00:00,54.05,54.17,53.7,53.7926,368198.0,-0.004762257169287641,0.002220166512488521,0.006475485661424502,10
12253,2022-10-31 15:00:00,53.77,54.04,53.35,53.37,954370.0,-0.007439092430723557,0.0050213873907382555,0.007811047052259656,10
12254,2022-10-31 16:00:00,53.38,53.54,53.38,53.5152,82940.0,0.0025327838141625614,0.002997377294866927,0.0,10
12255,2022-10-31 17:00:00,53.45,53.45,53.45,53.45,960.0,0.0,0.0,0.0,10
12256,2022-10-31 18:00:00,53.41,53.53,53.41,53.48,400.0,0.0013106159895150775,0.002246770267740209,0.0,10
12257,2022-10-31 19:00:00,53.53,53.7,53.53,53.69,5863.0,0.0029889781430972647,0.0031757892770409436,0.0,10
12258,2022-11-01 04:00:00,53.99,54.0,53.99,54.0,2476.0,0.0001852194850897946,0.0001852194850897946,0.0,11
12259,2022-11-01 05:00:00,54.3,54.99,54.3,54.9,1646.0,0.011049723756906105,0.012707182320442078,0.0,11
12260,2022-11-01 06:00:00,55.0,55.0,55.0,55.0,269.0,0.0,0.0,0.0,11
12261,2022-11-01 07:00:00,54.6,55.5,54.51,54.9,6997.0,0.005494505494505442,0.016483516483516456,0.0016483516483517108,11
12262,2022-11-01 08:00:00,54.52,55.234,54.44,54.65,13441.0,0.0023844460748348394,0.013096111518708705,0.0014673514306677439,11
12263,2022-11-01 09:00:00,54.79,55.05,53.2411,53.94,1197346.0,-0.015513779886840691,0.004745391494798285,0.028269757254973465,11
12264,2022-11-01 10:00:00,53.94,54.9,52.53,53.34,1391146.0,-0.011123470522803009,0.017797552836485,0.026140155728587258,11
12265,2022-11-01 11:00:00,53.34,53.4397,52.39,52.6,636006.0,-0.013873265841769815,0.0018691413573303068,0.017810273715785578,11
12266,2022-11-01 12:00:00,52.58,53.05,52.44,52.94,418866.0,0.006846709775580058,0.008938759984785069,0.0026626093571700377,11
12267,2022-11-01 13:00:00,52.93,53.4,52.85,53.1988,509628.0,0.005078405441148665,0.00887965237105609,0.0015114301908180294,11
12268,2022-11-01 14:00:00,53.19,53.355,52.69,52.9,459513.0,-0.005452152660274472,0.0031020868584320203,0.009400263207369806,11
12269,2022-11-01 15:00:00,52.885,52.93,51.98,51.99,1303417.0,-0.016923513283539682,0.0008509029025243776,0.017112602817434076,11
12270,2022-11-01 16:00:00,51.98,52.38,51.9,52.0,80963.0,0.00038476337052718596,0.007695267410542626,0.0015390534821084706,11
12271,2022-11-01 17:00:00,52.0,52.18,51.95,52.05,159583.0,0.0009615384615384068,0.003461538461538456,0.0009615384615384068,11
12272,2022-11-01 18:00:00,52.09,52.1,51.98,52.05,3193.0,-0.0007679017085814216,0.0001919754271452872,0.0021117296985987046,11
12273,2022-11-01 19:00:00,52.2,52.2,51.96,52.01,3225.0,-0.0036398467432951116,0.0,0.0045977011494253255,11
12274,2022-11-02 05:00:00,52.5,52.5,52.5,52.5,130.0,0.0,0.0,0.0,11
12275,2022-11-02 08:00:00,52.0696,52.44,51.9,51.9,5572.0,-0.0032571788529199884,0.007113555702367533,0.0032571788529199884,11
12276,2022-11-02 09:00:00,52.2008,52.2008,50.65,51.35,701506.0,-0.016298600787727383,0.0,0.029708356960046634,11
12277,2022-11-02 10:00:00,51.37,52.16,51.0,51.4,879738.0,0.0005839984426708417,0.015378625656998232,0.007202647459606725,11
12278,2022-11-02 11:00:00,51.4,51.8714,50.87,51.24,579473.0,-0.003112840466926004,0.009171206225680987,0.01031128404669263,11
12279,2022-11-02 12:00:00,51.22,51.27,50.57,50.66,474038.0,-0.010933229207340927,0.0009761811792269477,0.01269035532994921,11
12280,2022-11-02 13:00:00,50.64,51.265,50.57,51.09,413269.0,0.008886255924170671,0.012342022116903634,0.0013823064770932126,11
12281,2022-11-02 14:00:00,51.19,52.455,50.2386,50.57,1385676.0,-0.012111740574330874,0.024711857784723592,0.01858566126196522,11
12282,2022-11-02 15:00:00,50.55,51.2053,49.5131,49.63,1965978.0,-0.018199802176063196,0.012963402571711257,0.020512363996043437,11
12283,2022-11-02 16:00:00,49.66,50.17,49.5,49.5211,79884.0,-0.0027970197341925006,0.010269834877164824,0.0032219089810712163,11
12284,2022-11-02 17:00:00,49.511,49.511,49.511,49.511,510.0,0.0,0.0,0.0,11
12285,2022-11-02 18:00:00,49.9,49.9,49.8,49.8,400.0,-0.0020040080160320926,0.0,0.0020040080160320926,11
12286,2022-11-02 19:00:00,49.87,50.15,49.65,50.15,5933.0,0.005614597954682197,0.005614597954682197,0.004411469821535971,11
12287,2022-11-03 04:00:00,49.5,49.66,49.5,49.5,782.0,0.0,0.0032323232323231634,0.0,11
12288,2022-11-03 06:00:00,50.09,50.1,49.99,50.1,341.0,0.000199640646835656,0.000199640646835656,0.0019964064683569856,11
12289,2022-11-03 07:00:00,50.25,50.4,49.35,50.35,8685.0,0.001990049751243809,0.0029850746268656435,0.017910447761194003,11
12290,2022-11-03 08:00:00,50.9958,53.5,45.05,46.48,272538.0,-0.08855239058902901,0.049106004808239054,0.11659391557736137,11
12291,2022-11-03 09:00:00,46.5,49.56,45.6,46.82,1757609.0,0.006881720430107533,0.06580645161290327,0.01935483870967739,11
12292,2022-11-03 10:00:00,46.89,53.65,46.81,53.65,4270269.0,0.1441671998293879,0.1441671998293879,0.0017061207080400573,11
12293,2022-11-03 11:00:00,53.6322,53.73,51.54,51.55,2301925.0,-0.038823691737426405,0.001823531385995716,0.03901014688936867,11
12294,2022-11-03 12:00:00,51.56,52.86,51.48,52.8,1328168.0,0.02404965089216437,0.025213343677269146,0.0015515903801397478,11
12295,2022-11-03 13:00:00,52.81,53.27,52.47,52.48,953296.0,-0.0062488165120243395,0.008710471501609559,0.006438174588146248,11
12296,2022-11-03 14:00:00,52.505,53.92,52.505,53.7596,1156253.0,0.02389486715550893,0.02694981430339966,0.0,11
12297,2022-11-03 15:00:00,53.76,54.2,53.46,53.789,2031273.0,0.0005394345238095884,0.0081845238095239,0.00558035714285709,11
12298,2022-11-03 16:00:00,53.65,54.0,53.1604,54.0,64596.0,0.0065237651444548265,0.0065237651444548265,0.009125815470642978,11
12299,2022-11-03 17:00:00,53.6,53.98,53.2,53.86,6600.0,0.004850746268656679,0.0070895522388058855,0.007462686567164152,11
12300,2022-11-03 18:00:00,53.84,53.88,53.34,53.75,2675.0,-0.001671619613670197,0.0007429420505200436,0.009286775631500743,11
12301,2022-11-03 19:00:00,53.78,54.09,53.65,53.87,5170.0,0.0016734845667533713,0.005764224618817446,0.0024172554853105718,11
12302,2022-11-04 06:00:00,54.68,54.68,54.0,54.0,350.0,-0.01243599122165325,0.0,0.01243599122165325,11
12303,2022-11-04 07:00:00,54.2,54.75,54.2,54.75,7196.0,0.010147601476014708,0.010147601476014708,0.0,11
12304,2022-11-04 08:00:00,54.65,55.2,54.01,55.2,29346.0,0.010064043915828075,0.010064043915828075,0.01171088746569077,11
12305,2022-11-04 09:00:00,55.17,56.45,54.4103,55.22,1636631.0,0.0009062896501721435,0.02320101504440821,0.013770164944716373,11
12306,2022-11-04 10:00:00,55.245,55.61,54.61,55.09,934941.0,-0.0028056837722869768,0.00660693275409543,0.011494252873563184,11
12307,2022-11-04 11:00:00,55.1,55.31,53.87,53.88,635492.0,-0.022141560798548073,0.003811252268602556,0.022323049001814952,11
12308,2022-11-04 12:00:00,53.875,53.91,53.22,53.62,1062425.0,-0.0047331786542923904,0.0006496519721577093,0.012157772621809766,11
12309,2022-11-04 13:00:00,53.62,54.38,53.54,53.78,584363.0,0.0029839612085043586,0.014173815740395472,0.001491980604252113,11
12310,2022-11-04 14:00:00,53.78,54.175,53.67,53.905,579824.0,0.0023242841204908888,0.007344737820751134,0.0020453700260319716,11
12311,2022-11-04 15:00:00,53.91,54.8,53.86,54.76,1326277.0,0.015767019105917296,0.016508996475607506,0.0009274717121127279,11
12312,2022-11-04 16:00:00,54.5,54.82,54.5,54.6,56346.0,0.001834862385321127,0.005871559633027528,0.0,11
12313,2022-11-04 17:00:00,54.65,54.8,54.65,54.8,365.0,0.0027447392497712457,0.0027447392497712457,0.0,11
12314,2022-11-04 18:00:00,54.7,54.7,54.61,54.61,501.0,-0.0016453382084095686,0.0,0.0016453382084095686,11
12315,2022-11-04 19:00:00,54.62,54.62,54.5,54.5,2282.0,-0.002196997436836277,0.0,0.002196997436836277,11
12316,2022-11-07 07:00:00,55.19,55.48,55.19,55.48,10340.0,0.005254575104185526,0.005254575104185526,0.0,11
12317,2022-11-07 08:00:00,55.4,55.46,54.9,55.25,13470.0,-0.0027075812274367974,0.0010830324909747702,0.009025270758122744,11
12318,2022-11-07 09:00:00,55.25,55.61,52.5695,53.1,856311.0,-0.03891402714932124,0.006515837104072388,0.04851583710407244,11
12319,2022-11-07 10:00:00,53.14,53.83,52.46,52.7,863834.0,-0.008280015054572784,0.012984569062852799,0.012796386902521635,11
12320,2022-11-07 11:00:00,52.73,53.385,52.05,52.71,689638.0,-0.0003792907263416655,0.012421771287692038,0.012895884695619187,11
12321,2022-11-07 12:00:00,52.705,53.44,52.65,53.07,404309.0,0.006925339151883161,0.013945545963381073,0.0010435442557632049,11
12322,2022-11-07 13:00:00,53.05,53.26,52.69,52.905,270791.0,-0.0027332704995286718,0.003958529688972683,0.006786050895381705,11
12323,2022-11-07 14:00:00,52.914,52.914,51.73,51.775,762720.0,-0.021525494198132874,0.0,0.02237593075556572,11
12324,2022-11-07 15:00:00,51.77,52.3,51.76,52.0,1361946.0,0.004442727448329088,0.010237589337454008,0.00019316206297093134,11
12325,2022-11-07 16:00:00,52.01,52.01,51.79,51.98,30506.0,-0.000576812151509347,0.0,0.00422995577773503,11
12326,2022-11-07 17:00:00,52.01,52.01,51.93,51.98,2033.0,-0.000576812151509347,0.0,0.0015381657373581676,11
12327,2022-11-07 18:00:00,52.46,52.46,52.46,52.46,259.0,0.0,0.0,0.0,11
12328,2022-11-07 19:00:00,52.13,52.32,52.12,52.13,1624.0,0.0,0.0036447343180509824,0.00019182812200278372,11
12329,2022-11-08 05:00:00,52.53,53.41,52.53,53.41,24478.0,0.016752332000761382,0.016752332000761382,0.0,11
12330,2022-11-08 06:00:00,53.0,53.25,52.98,53.25,572.0,0.0047169811320754715,0.0047169811320754715,0.0003773584905660967,11
12331,2022-11-08 07:00:00,53.19,53.19,52.47,52.99,22982.0,-0.0037601052829478424,0.0,0.0135363790186125,11
12332,2022-11-08 08:00:00,52.65,53.17,52.35,53.12,34172.0,0.008926875593542239,0.009876543209876604,0.0056980056980056445,11
12333,2022-11-08 09:00:00,53.1,53.8,52.52,53.1001,904119.0,1.8832391713034694e-06,0.013182674199623271,0.010922787193973603,11
12334,2022-11-08 10:00:00,53.085,54.02,52.73,52.853,1217892.0,-0.004370349439578022,0.01761326175002359,0.006687388151078534,11
12335,2022-11-08 11:00:00,52.85,54.38,52.57,54.19,791980.0,0.025354777672658396,0.02894985808893096,0.005298013245033134,11
12336,2022-11-08 12:00:00,54.2,54.92,54.03,54.08,809585.0,-0.002214022140221486,0.013284132841328391,0.0031365313653136844,11
12337,2022-11-08 13:00:00,54.065,54.13,53.39,53.8928,795656.0,-0.0031850550263570997,0.0012022565430501219,0.012484971793211822,11
12338,2022-11-08 14:00:00,53.895,54.11,52.86,53.67,645753.0,-0.004174784302811048,0.00398923833379713,0.019204007792930765,11
12339,2022-11-08 15:00:00,53.68,54.54,53.63,54.33,1359744.0,0.012108792846497738,0.01602086438152011,0.0009314456035766982,11
12340,2022-11-08 16:00:00,54.31,54.32,53.57,53.9408,135206.0,-0.006798011415945485,0.00018412815319458683,0.013625483336402172,11
12341,2022-11-08 17:00:00,53.93,54.26,53.93,54.26,2001.0,0.006119043204153501,0.006119043204153501,0.0,11
12342,2022-11-08 18:00:00,54.28,54.28,54.27,54.27,207.0,-0.000184229918938799,0.0,0.000184229918938799,11
12343,2022-11-08 19:00:00,54.3,54.3,53.93,53.93,380.0,-0.006813996316758701,0.0,0.006813996316758701,11
12344,2022-11-09 06:00:00,54.3,54.31,54.3,54.31,200.0,0.0001841620626151955,0.0001841620626151955,0.0,11
12345,2022-11-09 07:00:00,54.28,54.28,54.28,54.28,100.0,0.0,0.0,0.0,11
12346,2022-11-09 08:00:00,54.01,54.29,53.85,53.85,2111.0,-0.00296241436770962,0.005184225143491967,0.00296241436770962,11
12347,2022-11-09 09:00:00,53.6,53.827,52.5,52.77,604297.0,-0.015485074626865639,0.004235074626865611,0.020522388059701517,11
12348,2022-11-09 10:00:00,52.83,53.7787,52.48,53.05,809375.0,0.004164300586787789,0.017957599848570933,0.006625023660798816,11
12349,2022-11-09 11:00:00,53.07,53.8,52.7809,53.59,542076.0,0.009798379498775262,0.013755417373280513,0.005447522140569016,11
12350,2022-11-09 12:00:00,53.6236,53.7343,53.04,53.3,443982.0,-0.006034656382637609,0.0020643895598205686,0.010883267814917389,11
12351,2022-11-09 13:00:00,53.3,53.3,52.41,52.61,468697.0,-0.012945590994371441,0.0,0.016697936210131343,11
12352,2022-11-09 14:00:00,52.6,52.91,52.35,52.4,363413.0,-0.0038022813688213465,0.005893536121672912,0.004752851711026616,11
12353,2022-11-09 15:00:00,52.39,52.64,52.295,52.49,824279.0,0.0019087612139721591,0.00477190303493033,0.0018133231532735038,11
12354,2022-11-09 16:00:00,52.4,53.4479,52.4,52.4,20505.0,0.0,0.01999809160305341,0.0,11
12355,2022-11-09 17:00:00,52.53,52.53,52.4,52.4,1912.0,-0.0024747763182943567,0.0,0.0024747763182943567,11
12356,2022-11-09 18:00:00,52.4,52.4,52.4,52.4,550.0,0.0,0.0,0.0,11
12357,2022-11-09 19:00:00,52.4,52.5,52.4,52.42,1506.0,0.0003816793893130368,0.0019083969465649127,0.0,11
12358,2022-11-10 07:00:00,52.95,52.96,52.95,52.96,3450.0,0.00018885741265340907,0.00018885741265340907,0.0,11
12359,2022-11-10 08:00:00,53.4,55.5192,52.6,55.3,63958.0,0.035580524344569264,0.03968539325842695,0.014981273408239647,11
12360,2022-11-10 09:00:00,55.29,57.16,55.0,57.01,1095117.0,0.031108699584011554,0.03382166757098928,0.005245071441490308,11
12361,2022-11-10 10:00:00,57.03,57.68,56.5,57.06,1074696.0,0.0005260389268806091,0.01139751008241274,0.009293354374890428,11
12362,2022-11-10 11:00:00,57.07,57.98,56.96,57.89,854943.0,0.014368319607499567,0.0159453302961275,0.001927457508323102,11
12363,2022-11-10 12:00:00,57.88,57.89,57.01,57.28,553999.0,-0.0103662750518314,0.00017277125086382188,0.015031098825155572,11
12364,2022-11-10 13:00:00,57.29,57.7,57.21,57.64,501526.0,0.006109268633269356,0.007156571827544139,0.0013964042590329604,11
12365,2022-11-10 14:00:00,57.61,57.74,56.58,57.28,636032.0,-0.005728172192327691,0.002256552681826116,0.017878840479083512,11
12366,2022-11-10 15:00:00,57.26,57.81,57.16,57.74,1254311.0,0.008382815228781069,0.009605309116311637,0.0017464198393293997,11
12367,2022-11-10 16:00:00,57.72,57.73,57.36,57.7,40025.0,-0.00034650034650027755,0.00017325017325013877,0.006237006237006227,11
12368,2022-11-10 17:00:00,57.52,57.8251,57.52,57.62,6216.0,0.0017385257301807077,0.00530424200278157,0.0,11
12369,2022-11-10 18:00:00,57.7,57.7,57.53,57.7,2378.0,0.0,0.0,0.0029462738301560087,11
12370,2022-11-10 19:00:00,57.71,57.9,57.62,57.9,1566.0,0.0032923236874024906,0.0032923236874024906,0.0015595217466644153,11
12371,2022-11-11 04:00:00,57.9,58.45,57.9,58.11,5647.0,0.003626943005181362,0.009499136442141697,0.0,11
12372,2022-11-11 05:00:00,58.21,58.34,58.21,58.33,2544.0,0.002061501460230157,0.0022332932485827615,0.0,11
12373,2022-11-11 06:00:00,58.17,58.46,58.1,58.27,2885.0,0.001719099192023404,0.004985387656867787,0.0012033694344163706,11
12374,2022-11-11 07:00:00,58.47,58.65,58.31,58.65,8149.0,0.0030785017957927095,0.0030785017957927095,0.0027364460407045764,11
12375,2022-11-11 08:00:00,58.4692,59.4,58.05,58.95,26813.0,0.008223132863114291,0.01591949265596242,0.007169586722582207,11
12376,2022-11-11 09:00:00,58.55,58.99,57.25,57.66,676455.0,-0.015200683176772,0.007514944491887359,0.022203245089666902,11
12377,2022-11-11 10:00:00,57.62,58.58,57.0,58.05,894305.0,0.007462686567164175,0.016660881638320045,0.010760152724748307,11
12378,2022-11-11 11:00:00,58.12,58.56,57.745,58.49,585418.0,0.00636613902271171,0.007570543702684185,0.0064521679284239505,11
12379,2022-11-11 12:00:00,58.49,58.88,58.33,58.75,354317.0,0.004445204308428757,0.006667806462643196,0.00273551034364855,11
12380,2022-11-11 13:00:00,58.76,59.19,58.54,59.12,691723.0,0.006126616746085763,0.007317903335602446,0.0037440435670523975,11
12381,2022-11-11 14:00:00,59.13,59.4684,58.8,59.22,454418.0,0.0015220700152206376,0.005722983257229833,0.005580923389142658,11
12382,2022-11-11 15:00:00,59.21,59.22,58.48,58.53,1086373.0,-0.011484546529302479,0.0001688903901367676,0.012328998479986556,11
12383,2022-11-11 16:00:00,58.48,58.48,58.4,58.42,118364.0,-0.0010259917920655808,0.0,0.0013679890560875222,11
12384,2022-11-11 17:00:00,58.48,58.6,58.4,58.49,4644.0,0.0001709986320110314,0.002051983584131405,0.0013679890560875222,11
12385,2022-11-11 18:00:00,58.51,58.51,58.48,58.48,1455.0,-0.0005127328661767413,0.0,0.0005127328661767413,11
12386,2022-11-11 19:00:00,58.48,58.48,58.3,58.3,7120.0,-0.0030779753761969856,0.0,0.0030779753761969856,11
12387,2022-11-14 07:00:00,58.06,58.45,58.06,58.29,2889.0,0.003961419221494952,0.006717189114708932,0.0,11
12388,2022-11-14 08:00:00,58.4,58.48,58.15,58.46,11638.0,0.0010273972602740115,0.0013698630136986009,0.004280821917808219,11
12389,2022-11-14 09:00:00,58.46,59.75,57.52,58.11,768304.0,-0.005986999657885758,0.022066370167635976,0.016079370509750217,11
12390,2022-11-14 10:00:00,58.08,59.78,58.075,59.72,876432.0,0.028236914600550975,0.029269972451790683,8.608815426989416e-05,11
12391,2022-11-14 11:00:00,59.72,59.83,58.78,59.0296,691459.0,-0.011560616208975165,0.0018419290020093677,0.015740120562625547,11
12392,2022-11-14 12:00:00,59.05,59.22,58.085,58.11,648231.0,-0.01591871295512274,0.0028789161727349995,0.016342082980524916,11
12393,2022-11-14 13:00:00,58.1,58.56,57.53,58.24,869936.0,0.0024096385542168772,0.007917383820998294,0.009810671256454394,11
12394,2022-11-14 14:00:00,58.248,58.4,57.97,58.15,518740.0,-0.001682461200384545,0.002609531657739339,0.004772696058233737,11
12395,2022-11-14 15:00:00,58.175,58.42,57.8,58.03,1014115.0,-0.002492479587451586,0.004211431027073564,0.006446067898581866,11
12396,2022-11-14 16:00:00,58.07,58.1,57.81,58.0901,36809.0,0.0003461339762355664,0.0005166178749784939,0.004477354916480076,11
12397,2022-11-14 17:00:00,58.07,58.07,58.0104,58.0104,1717.0,-0.0010263475116239573,0.0,0.0010263475116239573,11
12398,2022-11-14 18:00:00,58.4,58.4,58.01,58.3999,1558.0,-1.7123287670584628e-06,0.0,0.006678082191780832,11
12399,2022-11-14 19:00:00,58.08,58.25,58.08,58.25,338.0,0.002926997245179093,0.002926997245179093,0.0,11
12400,2022-11-15 04:00:00,58.88,58.89,58.88,58.89,344.0,0.00016983695652170533,0.00016983695652170533,0.0,11
12401,2022-11-15 06:00:00,58.89,58.89,58.89,58.89,100.0,0.0,0.0,0.0,11
12402,2022-11-15 07:00:00,58.75,58.99,58.75,58.99,5531.0,0.004085106382978757,0.004085106382978757,0.0,11
12403,2022-11-15 08:00:00,58.7599,59.76,58.7599,59.69,51311.0,0.015828822036797134,0.017020110653694034,0.0,11
12404,2022-11-15 09:00:00,59.69,60.97,59.38,60.48,1023272.0,0.013235047746691224,0.02144412799463899,0.005193499748701544,11
12405,2022-11-15 10:00:00,60.525,61.36,60.2,60.69,1067333.0,0.0027261462205699985,0.013795952085914926,0.00536968194960753,11
12406,2022-11-15 11:00:00,60.69,60.91,60.335,60.7118,486975.0,0.00035920250453120667,0.003624979403526098,0.005849398582962546,11
12407,2022-11-15 12:00:00,60.7,61.0,60.11,60.96,606513.0,0.004283360790774267,0.004942339373970299,0.009719934102141736,11
12408,2022-11-15 13:00:00,60.98,61.37,59.62,60.42,1404749.0,-0.009183338799606349,0.006395539521154486,0.022302394227615603,11
12409,2022-11-15 14:00:00,60.43,61.36,59.94,61.16,604883.0,0.012080092669203986,0.015389707099122947,0.008108555353301374,11
12410,2022-11-15 15:00:00,61.16,61.25,60.4,60.73,913821.0,-0.0070307390451275304,0.0014715500327011676,0.012426422498364913,11
12411,2022-11-15 16:00:00,60.68,61.25,59.11,59.69,166049.0,-0.016315095583388298,0.009393539881344764,0.02587343441001978,11
12412,2022-11-15 17:00:00,59.5,59.7,59.3115,59.3115,42536.0,-0.0031680672268907173,0.003361344537815174,0.0031680672268907173,11
12413,2022-11-15 18:00:00,59.23,59.4,58.88,59.3,42050.0,0.0011818335303055932,0.0028701671450278863,0.005909167651527846,11
12414,2022-11-15 19:00:00,59.25,59.35,59.0,59.0,14372.0,-0.004219409282700422,0.0016877637130801927,0.004219409282700422,11
12415,2022-11-16 04:00:00,58.55,59.28,58.55,59.27,6639.0,0.012297181895815645,0.01246797608881305,0.0,11
12416,2022-11-16 05:00:00,59.08,59.18,58.8,59.01,8662.0,-0.0011848341232227537,0.0016926201760325225,0.004739336492891015,11
12417,2022-11-16 06:00:00,59.02,59.02,59.02,59.02,100.0,0.0,0.0,0.0,11
12418,2022-11-16 07:00:00,58.9,59.59,58.9,59.45,14747.0,0.009337860780984792,0.011714770797962732,0.0,11
12419,2022-11-16 08:00:00,59.2,59.6,58.6,58.85,51984.0,-0.005912162162162186,0.006756756756756733,0.010135135135135158,11
12420,2022-11-16 09:00:00,58.76,59.34,58.01,58.98,799821.0,0.0037440435670523975,0.00987066031313828,0.012763784887678693,11
12421,2022-11-16 10:00:00,58.97,60.0,58.905,59.29,924805.0,0.005426488044768531,0.017466508394098714,0.0011022553840935685,11
12422,2022-11-16 11:00:00,59.268,60.11,58.93,59.84,513681.0,0.009651076466221278,0.014206654518458506,0.0057029088209489265,11
12423,2022-11-16 12:00:00,59.84,60.56,59.75,60.25,510743.0,0.006851604278074809,0.012032085561497307,0.0015040106951872227,11
12424,2022-11-16 13:00:00,60.23,60.435,59.96,60.13,466015.0,-0.0016603021749957549,0.003403619458741581,0.004482815872488727,11
12425,2022-11-16 14:00:00,60.12,60.31,59.77,60.16,373092.0,0.0006653359946772979,0.0031603459747173127,0.005821689953426386,11
12426,2022-11-16 15:00:00,60.15,60.22,59.69,60.13,969114.0,-0.0003325020781379222,0.001163757273482964,0.0076475477971737465,11
12427,2022-11-16 16:00:00,60.14,60.4,60.14,60.14,39353.0,0.0,0.004323245759893548,0.0,11
12428,2022-11-16 17:00:00,60.14,60.19,59.17,59.9399,8528.0,-0.003327236448287314,0.0008313934153641031,0.0161290322580645,11
12429,2022-11-16 18:00:00,59.79,60.41,59.62,60.09,2017.0,0.005017561465128019,0.01036962702793105,0.002843284830239199,11
12430,2022-11-16 19:00:00,59.7,60.35,59.7,60.35,905.0,0.010887772194304833,0.010887772194304833,0.0,11
12431,2022-11-17 06:00:00,59.25,59.25,59.25,59.25,1575.0,0.0,0.0,0.0,11
12432,2022-11-17 07:00:00,59.25,59.75,59.0,59.1,17269.0,-0.0025316455696202294,0.008438818565400843,0.004219409282700422,11
12433,2022-11-17 08:00:00,59.4901,59.81,58.6,58.6,27014.0,-0.014962153366694573,0.005377365309522157,0.014962153366694573,11
12434,2022-11-17 09:00:00,58.53,59.37,57.3121,57.93,948996.0,-0.010251153254741182,0.014351614556637558,0.0208081325815821,11
12435,2022-11-17 10:00:00,57.98,58.35,57.05,57.6,1013090.0,-0.00655398413245939,0.006381510865815877,0.016040013797861328,11
12436,2022-11-17 11:00:00,57.61,58.18,57.46,58.03,751565.0,0.007290400972053492,0.009894115604929705,0.002603714632876212,11
12437,2022-11-17 12:00:00,58.05,58.4,57.6,58.2552,549094.0,0.0035348837209303176,0.006029285099052565,0.007751937984496051,11
12438,2022-11-17 13:00:00,58.2599,58.2899,57.33,57.39,526308.0,-0.014931367887689494,0.0005149339425574217,0.01596123577280434,11
12439,2022-11-17 14:00:00,57.39,58.08,57.14,58.005,521896.0,0.010716152639832758,0.012023000522739113,0.004356159609688099,11
12440,2022-11-17 15:00:00,58.01,58.2205,57.42,57.83,970567.0,-0.003102913290811924,0.003628684709532895,0.010170660230994593,11
12441,2022-11-17 16:00:00,57.98,57.98,57.51,57.85,74947.0,-0.002242152466367635,0.0,0.008106243532252482,11
12442,2022-11-17 17:00:00,57.81,57.97,57.81,57.92,3674.0,0.0019027849852966516,0.0027676872513405395,0.0,11
12443,2022-11-17 18:00:00,57.75,58.0,57.75,58.0,933.0,0.004329004329004329,0.004329004329004329,0.0,11
12444,2022-11-17 19:00:00,57.85,57.85,57.82,57.82,200.0,-0.0005185825410544708,0.0,0.0005185825410544708,11
12445,2022-11-18 04:00:00,57.85,57.85,57.85,57.85,500.0,0.0,0.0,0.0,11
12446,2022-11-18 07:00:00,58.5,58.65,58.5,58.61,952.0,0.0018803418803418706,0.00256410256410254,0.0,11
12447,2022-11-18 08:00:00,58.5,58.9,58.5,58.9,13467.0,0.006837606837606813,0.006837606837606813,0.0,11
12448,2022-11-18 09:00:00,58.9,60.1,58.1,58.19,664066.0,-0.012054329371816653,0.02037351443123944,0.013582342954159544,11
12449,2022-11-18 10:00:00,58.14,58.63,57.81,58.16,633303.0,0.0003439972480219474,0.008427932576539421,0.005675954592363232,11
12450,2022-11-18 11:00:00,58.18,58.25,57.36,57.91,412913.0,-0.004640770024063306,0.0012031625988312184,0.014094190443451364,11
12451,2022-11-18 12:00:00,57.9,58.39,57.85,58.35,424521.0,0.00777202072538865,0.008462867012089845,0.0008635578583764622,11
12452,2022-11-18 13:00:00,58.32,58.38,57.94,58.08,254418.0,-0.004115226337448594,0.0010288065843621788,0.006515775034293596,11
12453,2022-11-18 14:00:00,58.08,58.25,58.01,58.23,235543.0,0.0025826446280991493,0.002926997245179093,0.0012052341597796193,11
12454,2022-11-18 15:00:00,58.225,58.84,58.225,58.7,967036.0,0.008158007728638925,0.010562473164448295,0.0,11
12455,2022-11-18 16:00:00,58.69,58.81,58.58,58.81,48146.0,0.002044641335832417,0.002044641335832417,0.0018742545578463016,11
12456,2022-11-18 17:00:00,58.69,58.88,58.69,58.8,1423.0,0.0018742545578463016,0.00323734878173462,0.0,11
12457,2022-11-18 18:00:00,58.7,58.79,58.7,58.79,401.0,0.001533219761499085,0.001533219761499085,0.0,11
12458,2022-11-18 19:00:00,58.5,58.78,58.35,58.6,4901.0,0.0017094017094017337,0.004786324786324805,0.00256410256410254,11
12459,2022-11-21 07:00:00,58.05,58.05,58.0,58.0,1574.0,-0.0008613264427217427,0.0,0.0008613264427217427,11
12460,2022-11-21 08:00:00,58.0012,58.52,57.96,58.09,11751.0,0.0015310028068385862,0.008944642524637524,0.000710330131100673,11
12461,2022-11-21 09:00:00,58.39,59.0,57.71,57.75,325039.0,-0.0109607809556431,0.01044699434834731,0.011645829765370777,11
12462,2022-11-21 10:00:00,57.75,58.14,57.16,57.75,422155.0,0.0,0.006753246753246763,0.010216450216450276,11
12463,2022-11-21 11:00:00,57.8107,58.23,57.4615,57.9284,343753.0,0.0020359552816348247,0.007252982579349494,0.006040404285019835,11
12464,2022-11-21 12:00:00,57.9293,58.71,57.8,58.62,392538.0,0.011923154603974149,0.013476772548606717,0.0022320311137887156,11
12465,2022-11-21 13:00:00,58.625,58.97,58.55,58.58,555269.0,-0.0007675906183369161,0.005884861407249448,0.0012793176972281935,11
12466,2022-11-21 14:00:00,58.58,58.61,58.12,58.23,326115.0,-0.005974735404574965,0.0005121201775350143,0.007852509388869937,11
12467,2022-11-21 15:00:00,58.21,58.915,57.98,58.73,707897.0,0.008933172994330803,0.012111321078852402,0.0039512111321079535,11
12468,2022-11-21 16:00:00,58.76,58.87,58.5,58.5,24421.0,-0.004424778761061913,0.0018720217835261988,0.004424778761061913,11
12469,2022-11-21 19:00:00,58.75,58.75,58.75,58.75,1001.0,0.0,0.0,0.0,11
12470,2022-11-22 08:00:00,59.01,59.35,58.91,59.35,1332.0,0.005761735299101905,0.005761735299101905,0.0016946280291476263,11
12471,2022-11-22 09:00:00,59.15,59.349,57.53,58.6,495561.0,-0.009298393913778482,0.0033643279797125627,0.027387996618765807,11
12472,2022-11-22 10:00:00,58.57,59.78,58.53,58.9658,663185.0,0.006757725798190221,0.020659040464401587,0.0006829434864264836,11
12473,2022-11-22 11:00:00,58.98,59.25,58.76,59.03,215148.0,0.0008477449983045823,0.004577822990844407,0.003730077992539825,11
12474,2022-11-22 12:00:00,59.05,59.34,58.8,58.92,207447.0,-0.002201524132091371,0.004911092294665644,0.004233700254022015,11
12475,2022-11-22 13:00:00,58.96,59.16,58.76,58.84,182521.0,-0.0020352781546810962,0.0033921302578018273,0.003392130257801948,11
12476,2022-11-22 14:00:00,58.825,58.9199,58.5,58.56,238674.0,-0.004504887377815564,0.0016132596685082114,0.005524861878453087,11
12477,2022-11-22 15:00:00,58.54,58.919,58.535,58.79,651995.0,0.004270584215920738,0.0064742056713358006,8.541168431845845e-05,11
12478,2022-11-22 16:00:00,58.8,58.86,58.74,58.74,40298.0,-0.001020408163265224,0.0010204081632653448,0.001020408163265224,11
12479,2022-11-22 19:00:00,58.6,58.6,58.6,58.6,1500.0,0.0,0.0,0.0,11
12480,2022-11-23 06:00:00,58.8,58.9,58.8,58.9,1282.0,0.0017006802721088678,0.0017006802721088678,0.0,11
12481,2022-11-23 07:00:00,59.0,59.0,59.0,59.0,493.0,0.0,0.0,0.0,11
12482,2022-11-23 08:00:00,58.8,58.8,58.8,58.8,200.0,0.0,0.0,0.0,11
12483,2022-11-23 09:00:00,58.97,58.97,57.89,58.16,273148.0,-0.013735797863320371,0.0,0.018314397151093748,11
12484,2022-11-23 10:00:00,58.17,58.9799,57.86,58.63,484811.0,0.007907856283307561,0.013922984356197335,0.0053292074952725164,11
12485,2022-11-23 11:00:00,58.64,58.92,58.36,58.52,243832.0,-0.002046384720327378,0.004774897680764003,0.004774897680764003,11
12486,2022-11-23 12:00:00,58.5769,59.1499,58.49,58.53,185408.0,-0.0008006569142443665,0.009782013046098383,0.0014835199541116033,11
12487,2022-11-23 13:00:00,58.5518,58.78,58.49,58.68,176145.0,0.002189514242089904,0.0038974036664970345,0.0010554756642835589,11
12488,2022-11-23 14:00:00,58.675,59.37,58.555,58.97,304380.0,0.005027694929697515,0.011844908393694084,0.002045164039198934,11
12489,2022-11-23 15:00:00,58.955,59.43,58.9,59.38,458332.0,0.0072088881350183065,0.008056992621490991,0.000932914935120002,11
12490,2022-11-23 16:00:00,59.34,59.38,59.3,59.3,19218.0,-0.0006740815638693335,0.0006740815638692138,0.0006740815638693335,11
12491,2022-11-23 19:00:00,59.38,59.4,59.38,59.4,561.0,0.0003368137420006066,0.0003368137420006066,0.0,11
12492,2022-11-25 08:00:00,59.44,59.75,59.44,59.44,7950.0,0.0,0.005215343203230187,0.0,11
12493,2022-11-25 09:00:00,59.5,60.308,59.07,59.93,232110.0,0.007226890756302516,0.013579831932773106,0.007226890756302516,11
12494,2022-11-25 10:00:00,59.8767,60.1199,59.475,59.825,239487.0,-0.0008634410379997019,0.004061680085909906,0.006708786556373317,11
12495,2022-11-25 11:00:00,59.8485,60.1,59.7501,59.9519,224048.0,0.0017276957651403226,0.004202277417144958,0.001644151482493263,11
12496,2022-11-25 12:00:00,59.97,60.086,59.57,59.79,298704.0,-0.003001500750375183,0.0019343004835751152,0.0066700016675003936,11
12497,2022-11-25 13:00:00,59.68,59.75,59.68,59.68,10515.0,0.0,0.0011729222520107285,0.0,11
12498,2022-11-25 14:00:00,59.68,59.68,59.68,59.68,325.0,0.0,0.0,0.0,11
12499,2022-11-28 04:00:00,59.11,59.11,59.11,59.11,200.0,0.0,0.0,0.0,11
12500,2022-11-28 07:00:00,59.0,59.38,59.0,59.25,5537.0,0.00423728813559322,0.006440677966101738,0.0,11
12501,2022-11-28 08:00:00,58.5906,59.33,58.5906,59.17,8156.0,0.009888958297064711,0.012619771772263746,0.0,11
12502,2022-11-28 09:00:00,59.0001,59.92,58.75,59.61,331723.0,0.010337270614795502,0.015591498997459298,0.004238975866142656,11
12503,2022-11-28 10:00:00,59.56,59.8317,58.7,58.75,376789.0,-0.013599731363331133,0.004561786433848147,0.014439220953660164,11
12504,2022-11-28 11:00:00,58.7008,58.87,58.17,58.21,435633.0,-0.00836104448320977,0.00288241386829475,0.009042466201482762,11
12505,2022-11-28 12:00:00,58.18,58.45,57.98,58.33,165214.0,0.0025782055689240043,0.004640770024063306,0.0034376074252320875,11
12506,2022-11-28 13:00:00,58.32,58.66,58.25,58.3199,152205.0,-1.714677640660488e-06,0.005829903978052063,0.0012002743484225014,11
12507,2022-11-28 14:00:00,58.298,58.48,58.21,58.29,286510.0,-0.00013722597687746872,0.0031218909739612857,0.0015094857456516683,11
12508,2022-11-28 15:00:00,58.295,58.4,58.02,58.13,553105.0,-0.0028304314263658827,0.0018011836349600629,0.004717385710609805,11
12509,2022-11-28 16:00:00,58.89,58.89,58.1,58.1,47261.0,-0.013414841229410751,0.0,0.013414841229410751,11
12510,2022-11-28 17:00:00,58.11,58.25,58.11,58.2,645.0,0.0015487867836861712,0.0024092238857339626,0.0,11
12511,2022-11-28 18:00:00,58.15,58.15,58.15,58.15,193.0,0.0,0.0,0.0,11
12512,2022-11-28 19:00:00,58.14,58.14,58.05,58.06,665.0,-0.001375988992088034,0.0,0.0015479876160991298,11
12513,2022-11-29 04:00:00,58.0,58.0,58.0,58.0,6340.0,0.0,0.0,0.0,11
12514,2022-11-29 05:00:00,57.95,57.95,57.95,57.95,120.0,0.0,0.0,0.0,11
12515,2022-11-29 06:00:00,57.98,58.01,57.98,58.01,4097.0,0.0005174197999310304,0.0005174197999310304,0.0,11
12516,2022-11-29 07:00:00,58.48,58.49,58.35,58.35,1900.0,-0.002222982216142193,0.0001709986320110314,0.002222982216142193,11
12517,2022-11-29 08:00:00,58.35,58.55,58.0,58.05,9263.0,-0.005141388174807271,0.003427592116538059,0.005998286203941755,11
12518,2022-11-29 09:00:00,58.1,58.93,57.96,58.868,225793.0,0.013218588640275399,0.014285714285714256,0.0024096385542168772,11
12519,2022-11-29 10:00:00,58.87,58.88,58.41,58.6,237540.0,-0.00458637676235767,0.00016986580601333645,0.007813827076609494,11
12520,2022-11-29 11:00:00,58.6,59.03,58.42,58.995,286937.0,0.006740614334470922,0.007337883959044364,0.0030716723549488005,11
12521,2022-11-29 12:00:00,58.995,59.7,58.97,59.575,281370.0,0.00983134163912205,0.011950165268243164,0.0004237647258241983,11
12522,2022-11-29 13:00:00,59.585,59.79,59.36,59.76,290988.0,0.002936980783754253,0.003440463203826438,0.0037761181505412676,11
12523,2022-11-29 14:00:00,59.72,59.98,59.68,59.97,323737.0,0.004186202277294039,0.004353650368385767,0.000669792364367032,11
12524,2022-11-29 15:00:00,59.96,60.34,59.88,59.96,803946.0,0.0,0.006337558372248208,0.0013342228152101116,11
12525,2022-11-29 16:00:00,59.93,59.93,59.76,59.76,19970.0,-0.0028366427498748826,0.0,0.0028366427498748826,11
12526,2022-11-29 19:00:00,59.85,59.88,59.5,59.88,3681.0,0.0005012531328320992,0.0005012531328320992,0.005847953216374293,11
12527,2022-11-30 05:00:00,59.96,59.96,59.96,59.96,124.0,0.0,0.0,0.0,11
12528,2022-11-30 07:00:00,60.1,60.24,60.1,60.24,1005.0,0.0023294509151414403,0.0023294509151414403,0.0,11
12529,2022-11-30 08:00:00,60.5,60.51,60.0,60.51,5923.0,0.00016528925619831421,0.00016528925619831421,0.008264462809917356,11
12530,2022-11-30 09:00:00,60.01,60.29,58.61,58.73,378415.0,-0.02132977837027164,0.004665889018496936,0.023329445092484562,11
12531,2022-11-30 10:00:00,58.73,59.0,58.37,58.51,389698.0,-0.0037459560701515217,0.004597309722458763,0.0061297462966116035,11
12532,2022-11-30 11:00:00,58.54,58.86,58.33,58.835,330950.0,0.0050392893747865,0.00546634779637855,0.0035872907413734344,11
12533,2022-11-30 12:00:00,58.82,58.86,58.065,58.34,345052.0,-0.00816048962937771,0.0006800408024481324,0.012835770146208816,11
12534,2022-11-30 13:00:00,58.35,59.375,58.17,59.35,414977.0,0.01713796058269066,0.0175664095972579,0.0030848329048843138,11
12535,2022-11-30 14:00:00,59.365,60.08,58.93,59.23,591432.0,-0.002274067211319887,0.012044133748841848,0.00732754990314162,11
12536,2022-11-30 15:00:00,59.21,60.04,59.13,59.94,1053667.0,0.012328998479986435,0.014017902381354473,0.001351123121094381,11
12537,2022-11-30 16:00:00,58.99,60.0,58.99,59.85,233624.0,0.014578742159688072,0.017121546024749922,0.0,11
12538,2022-11-30 17:00:00,59.82,59.93,59.8,59.93,2759.0,0.0018388498829822707,0.0018388498829822707,0.0003343363423604668,11
12539,2022-11-30 18:00:00,59.81,59.81,59.8,59.8,905.0,-0.00016719612105007718,0.0,0.00016719612105007718,11
12540,2022-11-30 19:00:00,60.09,60.09,60.09,60.09,100.0,0.0,0.0,0.0,11
12541,2022-12-01 04:00:00,59.9,59.9,59.9,59.9,320.0,0.0,0.0,0.0,12
12542,2022-12-01 08:00:00,59.9,60.5,59.83,60.4384,39649.0,0.008988313856427427,0.010016694490818054,0.0011686143572621082,12
12543,2022-12-01 09:00:00,60.27,61.7794,60.27,61.3,771304.0,0.017089762734361937,0.025043968807034998,0.0,12
12544,2022-12-01 10:00:00,61.34,61.68,60.36,61.04,746089.0,-0.00489077274209332,0.00554287577437229,0.015976524290838016,12
12545,2022-12-01 11:00:00,61.0584,61.7,60.84,61.63,490631.0,0.009361529289991281,0.010507972694993711,0.0035769034236074887,12
12546,2022-12-01 12:00:00,61.6399,61.65,60.965,61.17,280069.0,-0.007623308928145496,0.00016385490566988802,0.010949076815504144,12
12547,2022-12-01 13:00:00,61.17,61.47,60.94,61.44,287603.0,0.004413928396272617,0.004904364884747378,0.0037600130783064243,12
12548,2022-12-01 14:00:00,61.4319,61.64,61.02,61.3204,362794.0,-0.0018150179304237618,0.003387490863867172,0.006704985520551957,12
12549,2022-12-01 15:00:00,61.31,61.4,60.88,60.93,801019.0,-0.0061980101125428564,0.0014679497634969222,0.007013537758930023,12
12550,2022-12-01 16:00:00,60.91,61.3599,60.4,60.91,68951.0,0.0,0.0073863076670498545,0.00837300935806925,12
12551,2022-12-01 17:00:00,60.91,60.91,60.79,60.79,2101.0,-0.0019701198489574362,0.0,0.0019701198489574362,12
12552,2022-12-01 18:00:00,60.93,60.93,60.9,60.9,1200.0,-0.0004923682914820472,0.0,0.0004923682914820472,12
12553,2022-12-01 19:00:00,60.9,60.9,60.9,60.9,281.0,0.0,0.0,0.0,12
12554,2022-12-02 07:00:00,60.63,60.63,60.63,60.63,300.0,0.0,0.0,0.0,12
12555,2022-12-02 08:00:00,60.9095,61.13,59.45,59.74,36229.0,-0.019200617309286717,0.0036201249394593824,0.02396177936118337,12
12556,2022-12-02 09:00:00,59.65,59.99,59.1,59.61,390092.0,-0.0006705783738474292,0.005699916177703326,0.0092204526404023,12
12557,2022-12-02 10:00:00,59.62,60.12,59.34,60.02,608638.0,0.006709158000671012,0.008386447500838645,0.004696410600469541,12
12558,2022-12-02 11:00:00,60.0069,60.57,59.8,60.5,283533.0,0.008217388333674932,0.009383920849102329,0.0034479368205990396,12
12559,2022-12-02 12:00:00,60.5,60.85,60.43,60.62,311653.0,0.001983471074380123,0.005785123966942172,0.0011570247933884344,12
12560,2022-12-02 13:00:00,60.61,60.63,60.14,60.535,186292.0,-0.0012374195677281447,0.000329978551394211,0.007754495957762727,12
12561,2022-12-02 14:00:00,60.535,60.61,60.38,60.52,210752.0,-0.0002477905344014779,0.0012389526720079764,0.0025605021888162886,12
12562,2022-12-02 15:00:00,60.52,60.85,60.32,60.58,728072.0,0.000991407799074606,0.0054527428949107445,0.0033046926635823337,12
12563,2022-12-02 16:00:00,59.2,60.51,59.2,60.51,26834.0,0.022128378378378295,0.022128378378378295,0.0,12
12564,2022-12-02 17:00:00,60.1005,60.1005,60.1005,60.1005,196.0,0.0,0.0,0.0,12
12565,2022-12-02 19:00:00,60.12,60.12,60.12,60.12,348.0,0.0,0.0,0.0,12
12566,2022-12-05 04:00:00,60.5,60.5,60.5,60.5,330.0,0.0,0.0,0.0,12
12567,2022-12-05 08:00:00,60.12,60.12,60.0,60.0,2524.0,-0.0019960079840318935,0.0,0.0019960079840318935,12
12568,2022-12-05 09:00:00,59.75,61.56,59.6,60.68,657470.0,0.015564853556485351,0.030292887029288743,0.002510460251046001,12
12569,2022-12-05 10:00:00,60.65,61.22,60.08,60.84,613735.0,0.0031327287716406403,0.009398186314921687,0.009398186314921687,12
12570,2022-12-05 11:00:00,60.87,61.07,60.43,60.43,312447.0,-0.007228519796287133,0.0032856908164942147,0.007228519796287133,12
12571,2022-12-05 12:00:00,60.43,60.73,60.13,60.2,368685.0,-0.0038060565944067,0.0049644216448783245,0.0049644216448783245,12
12572,2022-12-05 13:00:00,60.185,60.22,59.41,59.499,439364.0,-0.01139818891750436,0.000581540250893023,0.012876962698346858,12
12573,2022-12-05 14:00:00,59.4948,59.6299,59.16,59.45,359913.0,-0.0007530069854843628,0.002270786690601554,0.005627382561165031,12
12574,2022-12-05 15:00:00,59.445,59.56,59.28,59.45,783555.0,8.411136344524448e-05,0.0019345613592396667,0.0027756749936916334,12
12575,2022-12-05 16:00:00,59.42,59.54,59.41,59.5,54547.0,0.001346348030965976,0.0020195220464489638,0.00016829350387083668,12
12576,2022-12-05 17:00:00,59.9,59.9,59.42,59.42,901.0,-0.008013355592654372,0.0,0.008013355592654372,12
12577,2022-12-05 19:00:00,59.43,59.43,59.43,59.43,1801.0,0.0,0.0,0.0,12
12578,2022-12-06 04:00:00,58.97,58.97,58.4,58.85,5088.0,-0.0020349330167881543,0.0,0.009665931829743943,12
12579,2022-12-06 05:00:00,58.85,58.85,58.4,58.52,10627.0,-0.00560747663551399,0.0,0.007646559048428255,12
12580,2022-12-06 06:00:00,58.5,58.5,57.92,58.01,14227.0,-0.00837606837606841,0.0,0.009914529914529886,12
12581,2022-12-06 07:00:00,58.16,58.48,57.8,57.82,35054.0,-0.005845942228335563,0.005502063273727653,0.006189821182943594,12
12582,2022-12-06 08:00:00,57.83,58.35,57.67,57.79,41957.0,-0.0006916825177243498,0.008991872730416793,0.0027667300708973993,12
12583,2022-12-06 09:00:00,57.95,58.69,57.65,58.08,730468.0,0.0022433132010352967,0.01276962899050897,0.005176876617774016,12
12584,2022-12-06 10:00:00,58.065,58.09,56.9,56.965,827504.0,-0.018944286575389553,0.00043055196762258996,0.020063721691208115,12
12585,2022-12-06 11:00:00,56.95,57.13,56.45,56.65,714694.0,-0.005267778753292436,0.0031606672519754117,0.00877963125548727,12
12586,2022-12-06 12:00:00,56.65,56.94,56.4013,56.49,436737.0,-0.002824360105913444,0.005119152691968211,0.004390114739629293,12
12587,2022-12-06 13:00:00,56.47,56.99,56.2465,56.83,428635.0,0.006375066406941729,0.009208429254471457,0.00395785372764302,12
12588,2022-12-06 14:00:00,56.8292,57.38,56.684,57.24,318632.0,0.007228678214720633,0.009692200488481316,0.0025550245296432584,12
12589,2022-12-06 15:00:00,57.21,57.65,56.97,57.59,920672.0,0.006642195420381097,0.007690963118335915,0.004195070791819647,12
12590,2022-12-06 16:00:00,57.63,58.0,57.6,57.6,35485.0,-0.0005205622071837782,0.006420267221932977,0.0005205622071837782,12
12591,2022-12-06 19:00:00,57.2601,57.63,57.2601,57.63,2612.0,0.00645999570381472,0.00645999570381472,0.0,12
12592,2022-12-07 07:00:00,57.0,57.03,57.0,57.03,501.0,0.0005263157894737041,0.0005263157894737041,0.0,12
12593,2022-12-07 08:00:00,57.02,57.39,57.0,57.18,10870.0,0.002806032970887348,0.006488951245177086,0.0003507541213609808,12
12594,2022-12-07 09:00:00,57.08,58.49,57.08,57.56,363357.0,0.008409250175192782,0.024702172389628657,0.0,12
12595,2022-12-07 10:00:00,57.595,57.6,56.5,57.11,464823.0,-0.00842086986717596,8.681309141422967e-05,0.019012067019706553,12
12596,2022-12-07 11:00:00,57.14,57.66,56.68,56.77,313497.0,-0.006475323766188265,0.009100455022751067,0.00805040252012602,12
12597,2022-12-07 12:00:00,56.75,56.8,56.05,56.66,304671.0,-0.0015859030837005006,0.0008810572687224169,0.012334801762114588,12
12598,2022-12-07 13:00:00,56.66,57.23,56.42,56.77,364145.0,0.0019414048711614287,0.010060007059654083,0.0042357924461700475,12
12599,2022-12-07 14:00:00,56.79,57.22,56.67,56.95,274777.0,0.002817397429124911,0.0075717555907730185,0.0021130480718435894,12
12600,2022-12-07 15:00:00,56.98,57.14,56.52,56.53,794829.0,-0.007897507897507823,0.002808002808002873,0.008073008073007964,12
12601,2022-12-07 16:00:00,56.39,56.65,56.39,56.4,21231.0,0.00017733640716435556,0.004610746586274127,0.0,12
12602,2022-12-07 17:00:00,56.4,56.4,56.4,56.4,201.0,0.0,0.0,0.0,12
12603,2022-12-07 18:00:00,56.61,56.65,56.6,56.65,1220.0,0.0007065889418830445,0.0007065889418830445,0.00017664723547072974,12
12604,2022-12-08 04:00:00,56.54,56.54,56.54,56.54,300.0,0.0,0.0,0.0,12
12605,2022-12-08 06:00:00,56.66,56.66,56.66,56.66,128.0,0.0,0.0,0.0,12
12606,2022-12-08 07:00:00,56.54,56.66,56.53,56.66,689.0,0.002122391227449548,0.002122391227449548,0.00017686593562076425,12
12607,2022-12-08 08:00:00,56.8,57.32,56.8,56.9,6351.0,0.0017605633802817153,0.009154929577464844,0.0,12
12608,2022-12-08 09:00:00,57.17,58.42,56.95,58.3,367468.0,0.019765611334615976,0.021864614308203602,0.003848172118243814,12
12609,2022-12-08 10:00:00,58.33,58.4,57.49,57.57,389204.0,-0.013029315960912018,0.0012000685753471676,0.014400822904165889,12
12610,2022-12-08 11:00:00,57.55,57.59,56.9301,57.005,345093.0,-0.009470026064291827,0.0006950477845352955,0.010771503040833956,12
12611,2022-12-08 12:00:00,56.96,57.32,56.5601,57.08,204311.0,0.002106741573033663,0.006320224719101114,0.0070207162921348725,12
12612,2022-12-08 13:00:00,57.095,57.64,57.095,57.435,166938.0,0.005954987301865372,0.009545494351519428,0.0,12
12613,2022-12-08 14:00:00,57.4,57.4,56.9014,57.1001,161872.0,-0.005224738675958205,0.0,0.008686411149825718,12
12614,2022-12-08 15:00:00,57.09,57.2,56.85,57.16,343336.0,0.0012261341741109332,0.0019267822736030729,0.004203888596952215,12
12615,2022-12-08 16:00:00,57.09,57.2,57.09,57.1,17751.0,0.00017516202487297266,0.0019267822736030729,0.0,12
12616,2022-12-08 17:00:00,57.09,57.09,57.09,57.09,137.0,0.0,0.0,0.0,12
12617,2022-12-09 04:00:00,57.13,57.13,57.13,57.13,100.0,0.0,0.0,0.0,12
12618,2022-12-09 07:00:00,57.49,57.69,57.49,57.69,631.0,0.003478865889719877,0.003478865889719877,0.0,12
12619,2022-12-09 08:00:00,57.66,57.83,56.6,57.02,13829.0,-0.011099549080818479,0.0029483177245924683,0.01838362816510571,12
12620,2022-12-09 09:00:00,56.75,57.55,56.7,57.1734,178832.0,0.007460792951541866,0.014096916299559422,0.0008810572687224169,12
12621,2022-12-09 10:00:00,57.23,57.3,56.72,57.03,212109.0,-0.0034946706272933033,0.0012231347195526873,0.008911410099598078,12
12622,2022-12-09 11:00:00,57.04,57.24,56.915,57.13,244187.0,0.0015778401122020233,0.0035063113604488576,0.002191444600280505,12
12623,2022-12-09 12:00:00,57.12,57.19,56.56,56.65,328666.0,-0.008228291316526592,0.0012254901960784363,0.009803921568627368,12
12624,2022-12-09 13:00:00,56.67,56.67,56.28,56.3,162620.0,-0.006529027704252771,0.0,0.006881948120698792,12
12625,2022-12-09 14:00:00,56.31,56.735,56.275,56.62,206813.0,0.005505238856330938,0.00754750488367958,0.0006215592257148587,12
12626,2022-12-09 15:00:00,56.63,56.66,56.17,56.21,481859.0,-0.007416563658838101,0.0005297545470597569,0.008122903054917903,12
12627,2022-12-09 16:00:00,56.21,56.2101,56.21,56.21,21238.0,0.0,1.7790428748659355e-06,0.0,12
12628,2022-12-09 17:00:00,56.21,56.21,56.0,56.2,4912.0,-0.0001779042874932932,0.0,0.0037359900373599153,12
12629,2022-12-09 18:00:00,56.01,56.01,56.0,56.0,8320.0,-0.00017853954650951635,0.0,0.00017853954650951635,12
12630,2022-12-09 19:00:00,56.18,56.18,56.05,56.18,1143.0,0.0,0.0,0.0023139907440370695,12
12631,2022-12-12 04:00:00,56.22,56.22,56.17,56.17,291.0,-0.0008893632159373383,0.0,0.0008893632159373383,12
12632,2022-12-12 05:00:00,56.19,56.19,56.19,56.19,692.0,0.0,0.0,0.0,12
12633,2022-12-12 07:00:00,56.45,56.45,56.45,56.45,1000.0,0.0,0.0,0.0,12
12634,2022-12-12 08:00:00,56.11,56.9,56.11,56.5,9096.0,0.006950632685795768,0.014079486722509341,0.0,12
12635,2022-12-12 09:00:00,56.36,56.4,54.81,55.86,388463.0,-0.008871540099361249,0.0007097232079488848,0.02750177430801982,12
12636,2022-12-12 10:00:00,55.89,56.63,55.73,56.5701,306553.0,0.012168545356951081,0.013240293433530184,0.0028627661477903686,12
12637,2022-12-12 11:00:00,56.62,57.03,56.37,56.58,307568.0,-0.0007064641469445276,0.007241257506181627,0.004415400918403391,12
12638,2022-12-12 12:00:00,56.6,56.79,56.17,56.3447,195712.0,-0.004510600706713751,0.0033568904593639175,0.00759717314487632,12
12639,2022-12-12 13:00:00,56.34,56.365,56.0101,56.09,379436.0,-0.004437344692935747,0.0004437344692935495,0.005855520056798048,12
12640,2022-12-12 14:00:00,56.09,56.53,56.01,56.46,204298.0,0.006596541272954135,0.007844535567837364,0.0014262791941523514,12
12641,2022-12-12 15:00:00,56.48,57.05,56.48,57.0,701736.0,0.00920679886685558,0.010092067988668562,0.0,12
12642,2022-12-12 16:00:00,57.04,57.0499,56.330951,56.8992,24452.0,-0.002468443197755938,0.0001735624123422475,0.012430732819074338,12
12643,2022-12-12 17:00:00,57.0,57.0,57.0,57.0,2503.0,0.0,0.0,0.0,12
12644,2022-12-12 18:00:00,56.89,56.9,56.7,56.9,942.0,0.00017577781683947988,0.00017577781683947988,0.003339778519950742,12
12645,2022-12-12 19:00:00,56.9,57.0,56.9,57.0,1275.0,0.00175746924428825,0.00175746924428825,0.0,12
12646,2022-12-13 04:00:00,57.06,57.06,57.06,57.06,200.0,0.0,0.0,0.0,12
12647,2022-12-13 07:00:00,57.05,57.18,57.01,57.18,400.0,0.0022787028921998696,0.0022787028921998696,0.000701139351446085,12
12648,2022-12-13 08:00:00,57.565,59.79,57.11,59.3,72112.0,0.03013984191783201,0.038651958655433014,0.007904108399200874,12
12649,2022-12-13 09:00:00,59.4499,60.16,57.56,57.63,680401.0,-0.03061233071880688,0.01194451126074219,0.0317897927498616,12
12650,2022-12-13 10:00:00,57.65,57.7783,56.07,56.2,715617.0,-0.025151777970511636,0.0022254986990460184,0.02740676496097135,12
12651,2022-12-13 11:00:00,56.23,56.38,55.6001,55.72,499318.0,-0.009069891516983782,0.0026676151520541647,0.011202205228525684,12
12652,2022-12-13 12:00:00,55.76,55.8399,55.09,55.32,362141.0,-0.007890961262553762,0.00143292682926833,0.012015781922525011,12
12653,2022-12-13 13:00:00,55.345,56.32,55.345,55.89,342181.0,0.009847321347908604,0.017616767549010776,0.0,12
12654,2022-12-13 14:00:00,55.895,56.01,55.6,55.64,269180.0,-0.004562125413722203,0.0020574291081491168,0.005277752929600173,12
12655,2022-12-13 15:00:00,55.63,55.86,55.33,55.76,791105.0,0.0023368685960811694,0.004134459823836003,0.005392773683264502,12
12656,2022-12-13 16:00:00,55.76,55.9,55.76,55.79,22860.0,0.0005380200860832341,0.0025107604017216745,0.0,12
12657,2022-12-13 17:00:00,55.76,55.76,55.76,55.76,300.0,0.0,0.0,0.0,12
12658,2022-12-13 18:00:00,55.75,55.75,55.75,55.75,100.0,0.0,0.0,0.0,12
12659,2022-12-14 07:00:00,55.9,55.9,55.88,55.9,981.0,0.0,0.0,0.00035778175313051915,12
12660,2022-12-14 08:00:00,55.9999,56.3,55.8,55.8,10448.0,-0.0035696492315164764,0.005358938140960975,0.0035696492315164764,12
12661,2022-12-14 09:00:00,56.0,56.33,55.23,55.75,382333.0,-0.004464285714285714,0.005892857142857112,0.013750000000000056,12
12662,2022-12-14 10:00:00,55.755,55.84,54.95,55.69,375629.0,-0.0011658147251368456,0.001524526948255777,0.014438166980539856,12
12663,2022-12-14 11:00:00,55.6782,56.15,55.33,56.06,303056.0,0.00685726190861065,0.008473693474286198,0.0062537941240916285,12
12664,2022-12-14 12:00:00,56.03,56.109,55.38,55.46,183632.0,-0.01017312154203106,0.00140995895056221,0.011600928074245915,12
12665,2022-12-14 13:00:00,55.45,56.29,55.36,56.02,823456.0,0.010279531109107308,0.015148782687105433,0.0016230838593327937,12
12666,2022-12-14 14:00:00,55.98,56.04,54.17,54.95,961315.0,-0.018399428367273922,0.0010718113612004695,0.032332976062879513,12
12667,2022-12-14 15:00:00,54.91,56.1,54.84,55.25,1123115.0,0.006191950464396348,0.021671826625387088,0.0012748133309049934,12
12668,2022-12-14 16:00:00,55.28,55.28,54.75,54.75,41679.0,-0.009587554269175128,0.0,0.009587554269175128,12
12669,2022-12-14 17:00:00,54.81,54.81,54.81,54.81,100.0,0.0,0.0,0.0,12
12670,2022-12-14 18:00:00,54.87,55.3,54.87,55.3,200.0,0.007836704938946596,0.007836704938946596,0.0,12
12671,2022-12-14 19:00:00,55.3,55.3,55.3,55.3,100.0,0.0,0.0,0.0,12
12672,2022-12-15 07:00:00,54.5,54.62,54.5,54.6,5286.0,0.001834862385321127,0.002201834862385274,0.0,12
12673,2022-12-15 08:00:00,54.13,54.5,54.13,54.2,9249.0,0.0012931830777757304,0.006835396268243071,0.0,12
12674,2022-12-15 09:00:00,54.2,55.28,53.88,54.45,648019.0,0.004612546125461255,0.019926199261992586,0.005904059040590411,12
12675,2022-12-15 10:00:00,54.39,55.14,53.8,54.26,640147.0,-0.0023901452472881515,0.013789299503585218,0.010847582276153768,12
12676,2022-12-15 11:00:00,54.23,54.47,53.77,53.83,283023.0,-0.007375991148810596,0.00442559468928641,0.0084823898211321,12
12677,2022-12-15 12:00:00,53.82,54.36,53.82,53.89,196271.0,0.0013006317354143494,0.010033444816053496,0.0,12
12678,2022-12-15 13:00:00,53.89,54.19,53.72,54.02,263540.0,0.002412321395435193,0.005566895527927207,0.003154574132492145,12
12679,2022-12-15 14:00:00,54.01,54.3858,53.76,54.37,290587.0,0.006665432327346777,0.006957970746158216,0.004628772449546381,12
12680,2022-12-15 15:00:00,54.36,54.67,54.27,54.63,1047496.0,0.0049668874172186005,0.0057027225901398505,0.0016556291390727798,12
12681,2022-12-15 16:00:00,55.01,55.01,54.4301,54.7131,134125.0,-0.0053972005089983795,0.0,0.010541719687329485,12
12682,2022-12-15 17:00:00,54.41,54.41,54.41,54.41,500.0,0.0,0.0,0.0,12
12683,2022-12-15 18:00:00,54.4201,54.4201,54.4201,54.4201,500.0,0.0,0.0,0.0,12
12684,2022-12-15 19:00:00,54.5,54.5,54.5,54.5,193.0,0.0,0.0,0.0,12
12685,2022-12-16 07:00:00,54.0,54.45,53.89,54.3,11548.0,0.005555555555555503,0.008333333333333385,0.0020370370370370264,12
12686,2022-12-16 08:00:00,53.8544,54.85,53.8544,54.22,19624.0,0.0067886746486823845,0.018486883151608843,0.0,12
12687,2022-12-16 09:00:00,54.14,54.93,53.2,54.1001,461312.0,-0.0007369782046546534,0.014591799039527136,0.017362393793867708,12
12688,2022-12-16 10:00:00,54.1,54.4,53.74,53.94,419428.0,-0.0029574861367838022,0.005545286506469448,0.00665434380776339,12
12689,2022-12-16 11:00:00,53.94,54.32,53.45,53.55,271768.0,-0.007230255839822035,0.00704486466444202,0.009084167593622449,12
12690,2022-12-16 12:00:00,53.52,53.67,53.22,53.2699,257866.0,-0.004673019431988104,0.0028026905829596147,0.005605381165919362,12
12691,2022-12-16 13:00:00,53.27,53.44,53.0802,53.17,238139.0,-0.0018772292096865292,0.003191289656466953,0.0035629810399850814,12
12692,2022-12-16 14:00:00,53.125,53.3231,53.02,53.29,257646.0,0.0031058823529411606,0.0037289411764705243,0.0019764705882352354,12
12693,2022-12-16 15:00:00,53.29,53.68,53.2,53.38,813832.0,0.001688872208669608,0.007318446237568035,0.0016888722086694746,12
12694,2022-12-16 16:00:00,53.27,53.41,53.01,53.3,116144.0,0.0005631687629058387,0.002628120893560981,0.004880795945185003,12
12695,2022-12-16 18:00:00,53.15,53.15,53.15,53.15,100.0,0.0,0.0,0.0,12
12696,2022-12-16 19:00:00,53.17,53.28,53.17,53.25,1175.0,0.0015046078615760447,0.002068835809667095,0.0,12
12697,2022-12-19 07:00:00,53.5,53.5,53.5,53.5,919.0,0.0,0.0,0.0,12
12698,2022-12-19 08:00:00,53.5,54.0,53.5,53.5,3495.0,0.0,0.009345794392523364,0.0,12
12699,2022-12-19 09:00:00,54.0,54.0,52.0793,52.0793,392689.0,-0.03556851851851845,0.0,0.03556851851851845,12
12700,2022-12-19 10:00:00,52.06,52.335,51.74,51.74,565288.0,-0.006146753745678069,0.005282366500192059,0.006146753745678069,12
12701,2022-12-19 11:00:00,51.75,52.09,51.47,51.47,419929.0,-0.0054106280193236935,0.0065700483091788095,0.0054106280193236935,12
12702,2022-12-19 12:00:00,51.47,51.93,51.4,51.855,296688.0,0.007480085486691238,0.008937244997085697,0.0013600155430347832,12
12703,2022-12-19 13:00:00,51.87,52.0,51.63,51.66,259919.0,-0.0040485829959514335,0.0025062656641604503,0.00462695199537295,12
12704,2022-12-19 14:00:00,51.66,51.81,51.1201,51.18,485633.0,-0.009291521486643377,0.0029036004645761845,0.010451025938830736,12
12705,2022-12-19 15:00:00,51.18,51.49,50.7936,51.48,946845.0,0.005861664712778374,0.006057053536537754,0.007549824150058653,12
12706,2022-12-19 16:00:00,51.47,51.59,51.47,51.47,48439.0,0.0,0.0023314552166311354,0.0,12
12707,2022-12-19 17:00:00,51.4474,51.4474,51.4474,51.4474,100.0,0.0,0.0,0.0,12
12708,2022-12-19 18:00:00,51.45,51.47,51.45,51.46,2190.0,0.00019436345966954345,0.0003887269193390869,0.0,12
12709,2022-12-20 07:00:00,51.24,51.28,51.24,51.28,1639.0,0.0007806401249024033,0.0007806401249024033,0.0,12
12710,2022-12-20 08:00:00,51.0004,51.3,50.7905,51.24,2216.0,0.004698002368608931,0.0058744637296962,0.00411565399487058,12
12711,2022-12-20 09:00:00,51.1,52.3,50.83,51.18,391605.0,0.0015655577299412582,0.02348336594911929,0.00528375733855192,12
12712,2022-12-20 10:00:00,51.2099,52.0396,51.0,51.58,487363.0,0.0072271181939429835,0.016201945326977843,0.004098816830339398,12
12713,2022-12-20 11:00:00,51.59,51.84,51.07,51.18,252928.0,-0.007947276603993093,0.004845900368288428,0.010079472766039991,12
12714,2022-12-20 12:00:00,51.19,51.36,50.77,51.03,242836.0,-0.0031256104707950106,0.003320961125219803,0.008204727485836973,12
12715,2022-12-20 13:00:00,51.03,51.56,50.97,51.19,375267.0,0.0031354105428178835,0.010386047423084481,0.0011757789535567758,12
12716,2022-12-20 14:00:00,51.195,51.35,50.9,51.01,384209.0,-0.0036136341439594153,0.0030276394179119277,0.005762281472800112,12
12717,2022-12-20 15:00:00,51.01,51.09,50.7,50.86,1061802.0,-0.002940599882375977,0.0015683199372673083,0.006077239756910316,12
12718,2022-12-20 16:00:00,50.88,50.88,50.6,50.88,48027.0,0.0,0.0,0.0055031446540880725,12
12719,2022-12-20 17:00:00,50.88,51.0,50.88,51.0,3109.0,0.0023584905660376855,0.0023584905660376855,0.0,12
12720,2022-12-20 18:00:00,51.0,51.6,51.0,51.1,2570.0,0.001960784313725518,0.011764705882352969,0.0,12
12721,2022-12-20 19:00:00,51.5,51.65,51.5,51.5,2793.0,0.0,0.0029126213592232733,0.0,12
12722,2022-12-21 07:00:00,51.5,51.89,51.45,51.55,2294.0,0.0009708737864077118,0.007572815533980593,0.0009708737864077118,12
12723,2022-12-21 08:00:00,51.85,51.85,51.5,51.7401,6785.0,-0.002119575699132174,0.0,0.0067502410800386005,12
12724,2022-12-21 09:00:00,51.79,53.605,50.12,52.22,737062.0,0.008302761150801308,0.03504537555512643,0.032245607260088856,12
12725,2022-12-21 10:00:00,52.35,53.465,52.2684,52.72,625374.0,0.007067812798471775,0.021298949379178644,0.0015587392550143585,12
12726,2022-12-21 11:00:00,52.7,52.8699,52.13,52.7,444143.0,0.0,0.0032239089184060415,0.010815939278937385,12
12727,2022-12-21 12:00:00,52.71,52.91,52.35,52.37,487035.0,-0.006450388920508507,0.0037943464238284147,0.006829823562891281,12
12728,2022-12-21 13:00:00,52.35,52.54,52.015,52.34,490512.0,-0.00019102196752622752,0.0036294173829990012,0.006399235912129911,12
12729,2022-12-21 14:00:00,52.35,52.555,51.96,51.99,454004.0,-0.006876790830945547,0.003915950334288411,0.007449856733524366,12
12730,2022-12-21 15:00:00,51.98,52.08,51.54,51.8,1121078.0,-0.0034628703347441272,0.0019238168526356566,0.008464794151596724,12
12731,2022-12-21 16:00:00,51.81,51.81,51.8,51.8,30987.0,-0.00019301293186653378,0.0,0.00019301293186653378,12
12732,2022-12-21 17:00:00,51.83,51.83,51.82,51.82,4301.0,-0.0001929384526335715,0.0,0.0001929384526335715,12
12733,2022-12-21 18:00:00,51.82,51.82,51.82,51.82,400.0,0.0,0.0,0.0,12
12734,2022-12-21 19:00:00,51.8201,52.0,51.8201,52.0,1100.0,0.0034716258749018917,0.0034716258749018917,0.0,12
12735,2022-12-22 08:00:00,51.8,51.8,51.4,51.4,7067.0,-0.007722007722007695,0.0,0.007722007722007695,12
12736,2022-12-22 09:00:00,51.4,51.49,49.89,50.05,468229.0,-0.026264591439688744,0.0017509727626459808,0.029377431906614748,12
12737,2022-12-22 10:00:00,50.07,50.2,48.98,49.28,682117.0,-0.015777910924705395,0.0025963650888756254,0.0217695226682645,12
12738,2022-12-22 11:00:00,49.29,49.51,48.78,48.92,446103.0,-0.007506593629539408,0.004463379995942359,0.010346926354230027,12
12739,2022-12-22 12:00:00,48.9,49.01,48.45,48.7664,439439.0,-0.0027321063394683287,0.0022494887525562257,0.009202453987729975,12
12740,2022-12-22 13:00:00,48.76,48.95,48.35,48.58,385014.0,-0.003691550451189494,0.0038966365873667934,0.008408531583264902,12
12741,2022-12-22 14:00:00,48.56,49.23,48.49,49.11,381995.0,0.011326194398681984,0.013797364085667105,0.0014415156507413566,12
12742,2022-12-22 15:00:00,49.13,49.55,48.92,49.52,902223.0,0.007938123346224313,0.008548748219010678,0.004274374109505411,12
12743,2022-12-22 16:00:00,49.55,49.78,49.34,49.43,139081.0,-0.002421796165489353,0.004641775983854773,0.004238143289606332,12
12744,2022-12-22 17:00:00,49.45,49.5,49.45,49.5,700.0,0.0010111223458037846,0.0010111223458037846,0.0,12
12745,2022-12-22 18:00:00,49.66,49.66,49.65,49.65,452.0,-0.00020136931131691524,0.0,0.00020136931131691524,12
12746,2022-12-22 19:00:00,49.51,49.51,49.43,49.43,1522.0,-0.001615835184811115,0.0,0.001615835184811115,12
12747,2022-12-23 07:00:00,50.0,50.0,49.7,49.7,2681.0,-0.005999999999999943,0.0,0.005999999999999943,12
12748,2022-12-23 08:00:00,49.9499,49.9499,49.0,49.9,5353.0,-0.0009990009990010179,0.0,0.019017055089199368,12
12749,2022-12-23 09:00:00,49.65,50.03,48.4,48.56,256180.0,-0.0219536757301107,0.007653575025176286,0.025176233635448138,12
12750,2022-12-23 10:00:00,48.6,49.54,48.5,48.79,415413.0,0.003909465020576085,0.019341563786008185,0.002057613168724309,12
12751,2022-12-23 11:00:00,48.785,49.24,48.59,49.24,268390.0,0.009326637286051152,0.009326637286051152,0.0039971302654503065,12
12752,2022-12-23 12:00:00,49.24,49.47,49.06,49.12,270409.0,-0.002437043054427387,0.004670999187652252,0.0036555645816409364,12
12753,2022-12-23 13:00:00,49.135,49.83,49.11,49.5464,251963.0,0.0083728503103694,0.014144703368271096,0.000508802279434183,12
12754,2022-12-23 14:00:00,49.54,49.78,49.38,49.75,259820.0,0.004238998788857506,0.004844570044408599,0.0032297133629389705,12
12755,2022-12-23 15:00:00,49.76,49.88,49.66,49.79,484058.0,0.0006028938906752641,0.0024115755627010563,0.0020096463022508324,12
12756,2022-12-23 16:00:00,49.67,49.79,49.67,49.7,36011.0,0.000603986309643671,0.002415945238574541,0.0,12
12757,2022-12-23 17:00:00,49.8,49.8,49.8,49.8,200.0,0.0,0.0,0.0,12
12758,2022-12-23 18:00:00,49.7001,49.75,49.7001,49.75,799.0,0.0010040221247039935,0.0010040221247039935,0.0,12
12759,2022-12-27 04:00:00,50.3,50.85,50.3,50.75,913.0,0.00894632206759449,0.01093439363817106,0.0,12
12760,2022-12-27 07:00:00,50.48,50.48,50.17,50.17,346.0,-0.006141045958795467,0.0,0.006141045958795467,12
12761,2022-12-27 08:00:00,50.2999,50.47,49.85,49.99,5282.0,-0.006161046045817168,0.0033817164646450177,0.008944351778035334,12
12762,2022-12-27 09:00:00,49.97,49.97,48.7266,49.33,293326.0,-0.012807684610766472,0.0,0.024882929757854735,12
12763,2022-12-27 10:00:00,49.29,49.9361,49.2,49.55,271460.0,0.005274903631568229,0.013108135524447234,0.0018259281801581721,12
12764,2022-12-27 11:00:00,49.53,50.23,49.53,50.09,233950.0,0.011306279022814501,0.014132848778517983,0.0,12
12765,2022-12-27 12:00:00,50.1,50.33,49.97,50.1277,274264.0,0.0005528942115767632,0.0045908183632733905,0.0025948103792415677,12
12766,2022-12-27 13:00:00,50.14,50.14,49.59,49.62,239171.0,-0.01037096130833672,0.0,0.010969285999202176,12
12767,2022-12-27 14:00:00,49.61,49.75,49.2628,49.48,242583.0,-0.0026204394275348227,0.0028220116911913035,0.006998588994154421,12
12768,2022-12-27 15:00:00,49.471,49.6,48.75,48.91,827114.0,-0.01133997695619656,0.0026075882840452974,0.014574194982919217,12
12769,2022-12-27 16:00:00,48.9,48.91,48.5,48.7,21766.0,-0.004089979550102162,0.0002044989775050718,0.00817995910020447,12
12770,2022-12-27 17:00:00,48.7,48.7001,48.7,48.7001,240.0,2.0533880902713393e-06,2.0533880902713393e-06,0.0,12
12771,2022-12-27 19:00:00,49.0,49.0,49.0,49.0,1002.0,0.0,0.0,0.0,12
12772,2022-12-28 04:00:00,48.9,48.9,48.9,48.9,573.0,0.0,0.0,0.0,12
12773,2022-12-28 05:00:00,48.9,49.65,48.9,49.65,1725.0,0.015337423312883436,0.015337423312883436,0.0,12
12774,2022-12-28 06:00:00,49.46,49.46,49.46,49.46,500.0,0.0,0.0,0.0,12
12775,2022-12-28 07:00:00,49.44,49.44,49.44,49.44,100.0,0.0,0.0,0.0,12
12776,2022-12-28 08:00:00,49.45,49.46,49.09,49.38,9659.0,-0.001415571284125385,0.0002022244691607282,0.007280080889787653,12
12777,2022-12-28 09:00:00,48.99,49.29,48.21,48.8593,345921.0,-0.0026678914064095626,0.0061236987140232116,0.015921616656460524,12
12778,2022-12-28 10:00:00,48.835,49.2,48.36,48.39,300044.0,-0.00911231698576841,0.0074741476400123266,0.009726630490426977,12
12779,2022-12-28 11:00:00,48.38,48.55,48.02,48.37,393989.0,-0.00020669698222416526,0.0035138486978089,0.007441091360066131,12
12780,2022-12-28 12:00:00,48.36,48.9,48.07,48.87,222321.0,0.010545905707195989,0.011166253101736955,0.005996691480562431,12
12781,2022-12-28 13:00:00,48.865,48.98,48.4085,48.51,229129.0,-0.0072649135372967145,0.0023534226951804947,0.009342064872608318,12
12782,2022-12-28 14:00:00,48.505,48.7,48.4,48.46,209735.0,-0.0009277394083084569,0.004020204102669834,0.002164725286053066,12
12783,2022-12-28 15:00:00,48.45,48.45,47.91,47.98,612227.0,-0.009700722394220969,0.0,0.011145510835913442,12
12784,2022-12-28 16:00:00,47.87,48.0,47.8323,47.9,43827.0,0.0006266973052016114,0.0027156883225402666,0.0007875496135366818,12
12785,2022-12-29 07:00:00,48.05,48.4,48.05,48.38,2636.0,0.006867845993756616,0.007284079084287231,0.0,12
12786,2022-12-29 08:00:00,48.26,48.5,48.01,48.5,6511.0,0.004973062577704144,0.004973062577704144,0.005180273518441774,12
12787,2022-12-29 09:00:00,48.67,48.78,47.94,48.5,337435.0,-0.0034929114444216497,0.002260119169919857,0.014998972673104663,12
12788,2022-12-29 10:00:00,48.51,49.93,48.36,49.85,795036.0,0.02762317048031341,0.029272314986600736,0.003092145949288777,12
12789,2022-12-29 11:00:00,49.86,50.15,49.2656,50.12,385813.0,0.005214600882470879,0.005816285599679084,0.011921379863618136,12
12790,2022-12-29 12:00:00,50.14,50.24,49.48,49.6,260444.0,-0.010769844435580357,0.0019944156362186162,0.013163143199042753,12
12791,2022-12-29 13:00:00,49.6,49.63,49.31,49.48,278139.0,-0.002419354838709769,0.0006048387096774423,0.00584677419354837,12
12792,2022-12-29 14:00:00,49.47,50.125,49.47,49.85,369589.0,0.007681423084697848,0.013240347685465963,0.0,12
12793,2022-12-29 15:00:00,49.83,50.0,49.69,49.8,584071.0,-0.0006020469596628766,0.0034115994380895386,0.0028095524784266623,12
12794,2022-12-29 16:00:00,49.8,49.8,49.6401,49.8,37848.0,0.0,0.0,0.0032108433734939837,12
12795,2022-12-29 17:00:00,49.665,49.7962,49.665,49.7962,378.0,0.0026416993858854277,0.0026416993858854277,0.0,12
12796,2022-12-29 19:00:00,49.73,49.78,49.73,49.78,300.0,0.001005429318319008,0.001005429318319008,0.0,12
12797,2022-12-30 04:00:00,49.75,49.75,49.75,49.75,325.0,0.0,0.0,0.0,12
12798,2022-12-30 06:00:00,49.48,49.48,49.48,49.48,600.0,0.0,0.0,0.0,12
12799,2022-12-30 07:00:00,49.47,49.47,49.3,49.45,561.0,-0.00040428542551032993,0.0,0.0034364261168385226,12
12800,2022-12-30 08:00:00,49.47,49.47,49.2,49.45,6118.0,-0.00040428542551032993,0.0,0.00545785324439046,12
12801,2022-12-30 09:00:00,49.2001,49.64,48.69,49.3821,241612.0,0.003699179473212497,0.008941038737726174,0.01036786510596526,12
12802,2022-12-30 10:00:00,49.39,49.72,49.2675,49.36,263570.0,-0.0006074104069649956,0.006681514476614665,0.0024802591617736846,12
12803,2022-12-30 11:00:00,49.35,49.52,49.1173,49.45,179984.0,0.0020263424518743955,0.0034447821681864578,0.004715298885511677,12
12804,2022-12-30 12:00:00,49.46,49.51,49.17,49.51,165216.0,0.0010109179134653692,0.0010109179134653692,0.005863323898099457,12
12805,2022-12-30 13:00:00,49.52,49.52,49.03,49.18,208378.0,-0.006865912762520262,0.0,0.009894991922455612,12
12806,2022-12-30 14:00:00,49.18,49.265,48.91,48.91,204312.0,-0.005490036600244066,0.0017283448556323882,0.005490036600244066,12
12807,2022-12-30 15:00:00,48.9,49.46,48.89,49.44,526963.0,0.011042944785276057,0.011451942740286346,0.0002044989775050718,12
12808,2022-12-30 16:00:00,49.43,49.576,49.32,49.43,27776.0,0.0,0.002953671859194837,0.002225369208982388,12
12809,2022-12-30 17:00:00,49.43,49.46,49.43,49.46,206.0,0.000606918875177041,0.000606918875177041,0.0,12
12810,2022-12-30 19:00:00,49.46,49.5,49.46,49.5,1805.0,0.000808734330772324,0.000808734330772324,0.0,12
12811,2023-01-03 05:00:00,50.69,50.7,50.69,50.7,700.0,0.0001972775695404442,0.0001972775695404442,0.0,1
12812,2023-01-03 06:00:00,50.18,50.3,50.17,50.17,1129.0,-0.00019928258270223218,0.002391390992427211,0.00019928258270223218,1
12813,2023-01-03 07:00:00,49.98,50.1,49.98,50.1,1205.0,0.002400960384153753,0.002400960384153753,0.0,1
12814,2023-01-03 08:00:00,50.17,50.27,50.08,50.27,8257.0,0.00199322304165839,0.00199322304165839,0.0017939007374925934,1
12815,2023-01-03 09:00:00,50.36,50.87,49.7,49.89,553991.0,-0.00933280381254962,0.010127084988085743,0.01310563939634624,1
12816,2023-01-03 10:00:00,49.88,50.53,49.7068,50.44,461184.0,0.011226944667201186,0.013031275060144317,0.0034723336006415666,1
12817,2023-01-03 11:00:00,50.4968,50.59,49.592,49.8,266285.0,-0.01379889418735451,0.001845661507263887,0.017917967079102072,1
12818,2023-01-03 12:00:00,49.83,49.95,49.24,49.62,249377.0,-0.004214328717639993,0.0024081878386515063,0.011840256873369382,1
12819,2023-01-03 13:00:00,49.59,49.66,49.29,49.34,202239.0,-0.00504133897963299,0.0014115749142970997,0.0060496067755596745,1
12820,2023-01-03 14:00:00,49.335,49.38,48.73,48.91,314337.0,-0.008614573831965223,0.0009121313469139902,0.01226309921962104,1
12821,2023-01-03 15:00:00,48.91,49.24,48.68,48.7,625792.0,-0.004293600490697071,0.006747086485381424,0.004702514823144488,1
12822,2023-01-03 16:00:00,48.71,48.71,48.5,48.71,38302.0,0.0,0.0,0.004311229726955468,1
12823,2023-01-03 17:00:00,48.7099,48.71,48.67,48.67,2663.0,-0.000819135329778871,2.0529707513938576e-06,0.000819135329778871,1
12824,2023-01-03 19:00:00,49.47,49.47,49.08,49.24,1350.0,-0.004649282393369656,0.0,0.007883565797453014,1
12825,2023-01-04 07:00:00,48.76,48.76,48.76,48.76,502.0,0.0,0.0,0.0,1
12826,2023-01-04 08:00:00,49.1,49.45,49.1,49.366,990.0,0.005417515274949047,0.007128309572301455,0.0,1
12827,2023-01-04 09:00:00,49.3,50.05,48.88,49.91,390017.0,0.012373225152129807,0.015212981744421908,0.008519269776876158,1
12828,2023-01-04 10:00:00,49.87,51.1299,49.42,51.1,597842.0,0.024664126729496774,0.025263685582514576,0.009023460998596265,1
12829,2023-01-04 11:00:00,51.1,51.84,50.83,51.825,578338.0,0.014187866927592982,0.014481409001956986,0.00528375733855192,1
12830,2023-01-04 12:00:00,51.83,52.335,51.55,52.08,765322.0,0.004823461315840247,0.009743391857997349,0.005402276673741099,1
12831,2023-01-04 13:00:00,52.08,52.77,51.86,52.51,447932.0,0.008256528417818735,0.013248847926267375,0.00422427035330259,1
12832,2023-01-04 14:00:00,52.48,52.95,51.88,52.51,643027.0,0.0005716463414634363,0.008955792682926943,0.011432926829268185,1
12833,2023-01-04 15:00:00,52.53,52.69,52.01,52.64,875591.0,0.0020940415000951728,0.0030458785455929295,0.009899105273177292,1
12834,2023-01-04 16:00:00,52.64,52.65,52.58,52.58,83405.0,-0.0011398176291793744,0.0001899696048631841,0.0011398176291793744,1
12835,2023-01-04 17:00:00,52.55,52.69,52.55,52.55,1502.0,0.0,0.002664129400570896,0.0,1
12836,2023-01-04 18:00:00,52.65,52.65,52.65,52.65,101.0,0.0,0.0,0.0,1
12837,2023-01-04 19:00:00,52.64,52.69,52.55,52.56,3480.0,-0.0015197568389057428,0.0009498480243160555,0.0017097264437690618,1
12838,2023-01-05 04:00:00,52.6,52.6,52.59,52.59,1000.0,-0.00019011406844102682,0.0,0.00019011406844102682,1
12839,2023-01-05 08:00:00,53.0,53.0,52.01,52.01,4546.0,-0.018679245283018904,0.0,0.018679245283018904,1
12840,2023-01-05 09:00:00,52.05,52.05,50.61,51.7488,503362.0,-0.005786743515850036,0.0,0.027665706051873157,1
12841,2023-01-05 10:00:00,51.765,52.59,51.69,52.38,470895.0,0.011880614314691432,0.01593740944653729,0.0014488554042307127,1
12842,2023-01-05 11:00:00,52.41,52.93,52.27,52.63,299496.0,0.004197672199961954,0.009921770654455316,0.002671245945430137,1
12843,2023-01-05 12:00:00,52.6001,52.86,52.32,52.5052,337358.0,-0.0018041790795073687,0.004941055245142154,0.0053250849332985555,1
12844,2023-01-05 13:00:00,52.505,53.83,52.49,53.24,671871.0,0.01399866679363869,0.025235691838872407,0.0002856870774212088,1
12845,2023-01-05 14:00:00,53.2465,53.66,53.22,53.51,375548.0,0.004948682073000113,0.0077657686420703545,0.000497685293869055,1
12846,2023-01-05 15:00:00,53.51,53.85,53.33,53.37,939592.0,-0.002616333395626996,0.006353952532237029,0.003363857222948976,1
12847,2023-01-05 16:00:00,52.38,53.38,52.38,53.25,93789.0,0.016609392898052643,0.019091256204658267,0.0,1
12848,2023-01-05 17:00:00,53.4,53.4,53.4,53.4,201.0,0.0,0.0,0.0,1
12849,2023-01-05 19:00:00,53.42,53.42,53.42,53.42,210.0,0.0,0.0,0.0,1
12850,2023-01-06 08:00:00,53.0,54.5,53.0,54.11,13238.0,0.020943396226415084,0.02830188679245283,0.0,1
12851,2023-01-06 09:00:00,54.44,54.44,53.31,53.6101,441007.0,-0.015244305657604611,0.0,0.0207567964731814,1
12852,2023-01-06 10:00:00,53.65,54.62,53.65,54.4,566521.0,0.013979496738117428,0.018080149114631853,0.0,1
12853,2023-01-06 11:00:00,54.41,54.51,54.1615,54.4,307199.0,-0.00018378974453221855,0.0018378974453225772,0.004567175151626538,1
12854,2023-01-06 12:00:00,54.41,54.4732,53.95,54.065,185810.0,-0.006340746186362781,0.0011615511854438877,0.00845432824848362,1
12855,2023-01-06 13:00:00,54.065,54.83,54.05,54.53,264368.0,0.00860075834643491,0.014149634698973469,0.0002774438176269411,1
12856,2023-01-06 14:00:00,54.56,54.9,54.51,54.84,196276.0,0.005131964809384185,0.006231671554252131,0.0009164222873901074,1
12857,2023-01-06 15:00:00,54.865,55.14,54.72,54.99,808599.0,0.0022783195115282967,0.005012302925362227,0.002642850633372881,1
12858,2023-01-06 16:00:00,55.09,55.09,54.86,54.9,61100.0,-0.003448901797059445,0.0,0.004174986385914031,1
12859,2023-01-06 18:00:00,54.83,54.88,54.83,54.88,1859.0,0.0009119095385738512,0.0009119095385738512,0.0,1
12860,2023-01-06 19:00:00,54.83,55.0,54.83,55.0,1261.0,0.003100492431150861,0.003100492431150861,0.0,1
12861,2023-01-09 04:00:00,54.8,54.8,54.8,54.8,614.0,0.0,0.0,0.0,1
12862,2023-01-09 08:00:00,55.5011,55.5011,55.3,55.49,4747.0,-0.00019999603611458151,0.0,0.003623351609247453,1
12863,2023-01-09 09:00:00,55.49,56.17,55.09,55.61,610940.0,0.002162551811137096,0.012254460263110464,0.0072085060371237806,1
12864,2023-01-09 10:00:00,55.625,55.83,55.28,55.42,852512.0,-0.0036853932584269356,0.0036853932584269356,0.006202247191011216,1
12865,2023-01-09 11:00:00,55.415,56.29,55.415,56.12,608977.0,0.012722187133447593,0.0157899485698818,0.0,1
12866,2023-01-09 12:00:00,56.12,56.22,55.91,56.15,363337.0,0.0005345687811831992,0.0017818959372772885,0.0037419814682822677,1
12867,2023-01-09 13:00:00,56.15,56.87,56.11,56.8,498256.0,0.011576135351736395,0.0128227960819234,0.0007123775601068415,1
12868,2023-01-09 14:00:00,56.82,57.28,56.73,56.91,607063.0,0.0015839493136218991,0.008095740936290053,0.001583949313622024,1
12869,2023-01-09 15:00:00,56.91,57.445,56.81,57.29,1246632.0,0.0066772096292391945,0.009400808293797289,0.0017571604287470448,1
12870,2023-01-09 16:00:00,57.29,57.45,57.29,57.45,110086.0,0.002792808518066045,0.002792808518066045,0.0,1
12871,2023-01-09 17:00:00,57.11,57.2,57.11,57.2,1000.0,0.0015759061460340292,0.0015759061460340292,0.0,1
12872,2023-01-09 18:00:00,57.21,57.21,57.18,57.18,400.0,-0.0005243838489774713,0.0,0.0005243838489774713,1
12873,2023-01-09 19:00:00,57.25,57.25,57.15,57.15,895.0,-0.001746724890829719,0.0,0.001746724890829719,1
12874,2023-01-10 04:00:00,57.47,58.0,57.47,57.9,1350.0,0.007482164607621363,0.009222202888463565,0.0,1
12875,2023-01-10 05:00:00,57.75,57.75,57.3,57.3,1987.0,-0.007792207792207842,0.0,0.007792207792207842,1
12876,2023-01-10 06:00:00,57.64,57.64,57.38,57.5,5074.0,-0.0024288688410825914,0.0,0.004510756419153331,1
12877,2023-01-10 07:00:00,57.13,57.56,57.11,57.56,5984.0,0.007526693506038853,0.007526693506038853,0.0003500787677227923,1
12878,2023-01-10 08:00:00,57.53,57.55,57.1,57.55,17110.0,0.0003476447071092651,0.0003476447071092651,0.007474361202850681,1
12879,2023-01-10 09:00:00,57.68,58.58,57.07,57.6154,625583.0,-0.0011199722607489364,0.015603328710124802,0.010575589459084595,1
12880,2023-01-10 10:00:00,57.63,58.58,57.51,58.4325,675908.0,0.01392503904216545,0.016484469894152278,0.0020822488287351127,1
12881,2023-01-10 11:00:00,58.4162,58.76,58.21,58.33,372328.0,-0.0014756180648519616,0.005885353720371995,0.0035298427491004653,1
12882,2023-01-10 12:00:00,58.32,58.5,57.95,58.15,338190.0,-0.002914951989026092,0.003086419753086415,0.006344307270233152,1
12883,2023-01-10 13:00:00,58.14,58.26,57.8494,58.15,315796.0,0.0001719986240109737,0.002063983488132051,0.004998280013759851,1
12884,2023-01-10 14:00:00,58.16,58.76,58.14,58.46,338313.0,0.005158184319119743,0.010316368638239365,0.0003438789546079096,1
12885,2023-01-10 15:00:00,58.45,59.22,58.39,58.93,1168232.0,0.00821214713430277,0.01317365269461071,0.0010265183917878918,1
12886,2023-01-10 16:00:00,57.59,58.93,57.59,58.91,68065.0,0.022920645945476527,0.023267928459801985,0.0,1
12887,2023-01-10 17:00:00,58.9581,58.99,58.8201,58.91,3003.0,-0.0008158336174334847,0.0005410622119776631,0.002340645305734161,1
12888,2023-01-10 18:00:00,58.9,58.99,58.9,58.99,1021.0,0.001528013582343012,0.001528013582343012,0.0,1
12889,2023-01-10 19:00:00,58.99,58.99,58.99,58.99,330.0,0.0,0.0,0.0,1
12890,2023-01-11 04:00:00,59.1,59.45,59.0,59.45,1441.0,0.0059221658206430015,0.0059221658206430015,0.0016920473773265892,1
12891,2023-01-11 06:00:00,59.1,59.1,59.1,59.1,4625.0,0.0,0.0,0.0,1
12892,2023-01-11 07:00:00,59.09,59.09,59.0,59.0,3468.0,-0.0015231003553901406,0.0,0.0015231003553901406,1
12893,2023-01-11 08:00:00,59.0,59.4,59.0,59.4,3307.0,0.006779661016949128,0.006779661016949128,0.0,1
12894,2023-01-11 09:00:00,59.38,59.635,58.79,59.19,362661.0,-0.0031997305490064805,0.004294375210508512,0.009936005389019929,1
12895,2023-01-11 10:00:00,59.19,59.62,58.5,58.7,704283.0,-0.008278425409697497,0.007264740665652978,0.011657374556512886,1
12896,2023-01-11 11:00:00,58.705,59.56,58.66,59.53,429377.0,0.01405331743463083,0.014564347159526514,0.0007665445873435262,1
12897,2023-01-11 12:00:00,59.535,59.68,59.185,59.34,362097.0,-0.0032753842277650656,0.002435542118081853,0.0058788947677835615,1
12898,2023-01-11 13:00:00,59.3417,59.64,58.82,58.87,504334.0,-0.007948879118731104,0.005026819251891967,0.008791456935005278,1
12899,2023-01-11 14:00:00,58.87,59.24,58.78,58.86,377479.0,-0.00016986580601321575,0.00628503482249031,0.0015287922541191831,1
12900,2023-01-11 15:00:00,58.85,59.28,58.73,59.18,963333.0,0.00560747663551399,0.007306711979609171,0.002039082412914266,1
12901,2023-01-11 16:00:00,59.15,59.4,58.8,59.16,40982.0,0.00016906170752321235,0.00422654268808115,0.005917159763313634,1
12902,2023-01-11 18:00:00,59.15,59.15,59.1499,59.1499,1338.0,-1.690617075168457e-06,0.0,1.690617075168457e-06,1
12903,2023-01-11 19:00:00,59.13,59.16,58.9,59.16,2131.0,0.0005073566717401324,0.0005073566717401324,0.0038897344833418563,1
12904,2023-01-12 06:00:00,59.18,59.2,59.18,59.2,2854.0,0.0003379520108145172,0.0003379520108145172,0.0,1
12905,2023-01-12 07:00:00,59.69,59.7,59.69,59.69,1556.0,0.0,0.00016753224995820265,0.0,1
12906,2023-01-12 08:00:00,59.59,60.01,58.76,60.01,42016.0,0.007048162443362889,0.007048162443362889,0.013928511495217408,1
12907,2023-01-12 09:00:00,60.0,60.8,59.39,59.8,572964.0,-0.003333333333333381,0.013333333333333286,0.010166666666666657,1
12908,2023-01-12 10:00:00,59.81,60.93,59.81,60.91,732649.0,0.018391573315498986,0.01872596555759902,0.0,1
12909,2023-01-12 11:00:00,60.91,62.11,60.6201,61.81,1198654.0,0.01477589886718118,0.01970119848957483,0.0047594812017730396,1
12910,2023-01-12 12:00:00,61.815,62.79,61.79,62.69,607601.0,0.014155140338105639,0.01577287066246059,0.0004044325810887095,1
12911,2023-01-12 13:00:00,62.695,63.37,62.54,63.04,1033512.0,0.005502831166759692,0.010766408804529821,0.002472286466225395,1
12912,2023-01-12 14:00:00,63.04,63.06,62.26,62.32,1203636.0,-0.011421319796954297,0.00031725888324878054,0.012373096446700526,1
12913,2023-01-12 15:00:00,62.35,62.71,62.32,62.43,2018126.0,0.0012830793905372622,0.005773857257417793,0.00048115477145150177,1
12914,2023-01-12 16:00:00,62.44,62.44,62.31,62.44,19682.0,0.0,0.0,0.0020819987187699466,1
12915,2023-01-12 17:00:00,62.4,62.8,62.31,62.31,6164.0,-0.0014423076923076332,0.0064102564102563875,0.0014423076923076332,1
12916,2023-01-12 18:00:00,62.4,62.4,62.4,62.4,211.0,0.0,0.0,0.0,1
12917,2023-01-12 19:00:00,62.45,62.74,62.42,62.42,2253.0,-0.00048038430744597497,0.004643714971977568,0.00048038430744597497,1
12918,2023-01-13 06:00:00,62.1,62.1,61.5,61.5,1841.0,-0.009661835748792293,0.0,0.009661835748792293,1
12919,2023-01-13 07:00:00,62.1,62.1,61.46,61.46,7309.0,-0.010305958132045098,0.0,0.010305958132045098,1
12920,2023-01-13 08:00:00,61.99,62.15,61.15,61.37,20059.0,-0.010001613163413527,0.0025810614615259975,0.01355057267301183,1
12921,2023-01-13 09:00:00,61.59,62.58,61.19,62.58,407760.0,0.016074037993180627,0.016074037993180627,0.006494560805325632,1
12922,2023-01-13 10:00:00,62.5991,63.37,62.54,62.87,860764.0,0.004327538255342289,0.012314873536520454,0.000944103030235272,1
12923,2023-01-13 11:00:00,62.88,63.39,62.55,63.09,665319.0,0.003339694656488563,0.008110687022900732,0.005248091603053521,1
12924,2023-01-13 12:00:00,63.095,63.11,62.7272,62.94,373878.0,-0.002456613043822825,0.00023773674617640967,0.005829305016245272,1
12925,2023-01-13 13:00:00,62.93,62.985,62.43,62.89,386890.0,-0.0006356268870173073,0.0008739869696488116,0.00794533608771651,1
12926,2023-01-13 14:00:00,62.88,63.235,62.87,63.05,348267.0,0.002703562340966835,0.005645674300254403,0.00015903307888048848,1
12927,2023-01-13 15:00:00,63.0341,63.525,63.03,63.46,1174219.0,0.006756660283878069,0.0077878481647234805,6.504415863796108e-05,1
12928,2023-01-13 16:00:00,63.48,63.48,62.8,62.8,29776.0,-0.01071203528670447,0.0,0.01071203528670447,1
12929,2023-01-13 17:00:00,63.39,63.48,63.39,63.4,3358.0,0.00015775358889411596,0.0014197823000472677,0.0,1
12930,2023-01-13 18:00:00,63.01,63.01,63.01,63.01,2100.0,0.0,0.0,0.0,1
12931,2023-01-13 19:00:00,63.48,63.48,63.11,63.11,558.0,-0.005828607435412688,0.0,0.005828607435412688,1
12932,2023-01-17 05:00:00,63.47,63.48,63.47,63.48,1470.0,0.00015755475027568947,0.00015755475027568947,0.0,1
12933,2023-01-17 06:00:00,64.39,64.39,63.56,63.56,657.0,-0.012890200341667934,0.0,0.012890200341667934,1
12934,2023-01-17 07:00:00,63.3,63.5,63.3,63.5,1683.0,0.0031595576619273752,0.0031595576619273752,0.0,1
12935,2023-01-17 08:00:00,63.49,63.7,63.28,63.7,11440.0,0.003307607497243674,0.003307607497243674,0.003307607497243674,1
12936,2023-01-17 09:00:00,63.9013,63.9013,62.7613,63.56,455852.0,-0.005341049399620928,0.0,0.0178400126445002,1
12937,2023-01-17 10:00:00,63.56,64.49,63.55,64.14,789972.0,0.009125235997482667,0.014631843926997996,0.00015733165512909244,1
12938,2023-01-17 11:00:00,64.14,64.205,63.6,63.76,373910.0,-0.005924540068599977,0.0010134081696289014,0.008419083255378846,1
12939,2023-01-17 12:00:00,63.77,64.18,63.67,64.04,244452.0,0.004233965814646435,0.006429355496314939,0.001568135486906091,1
12940,2023-01-17 13:00:00,64.03,64.4399,63.88,64.27,435890.0,0.003748243011088472,0.006401686709354885,0.002342651881930323,1
12941,2023-01-17 14:00:00,64.275,64.445,63.85,64.11,419339.0,-0.0025670945157527224,0.0026448852586540253,0.0066122131466356164,1
12942,2023-01-17 15:00:00,64.11,64.41,63.98,64.16,1051859.0,0.0007799095304944183,0.004679457182966732,0.002027764779285643,1
12943,2023-01-17 16:00:00,64.38,64.85,64.16,64.3,70799.0,-0.0012426219322770782,0.007300403852127973,0.0034172103137620207,1
12944,2023-01-17 17:00:00,64.3,64.3,64.04,64.04,1502.0,-0.0040435458786934825,0.0,0.0040435458786934825,1
12945,2023-01-17 18:00:00,64.16,64.16,64.08,64.11,3195.0,-0.0007793017456358659,0.0,0.0012468827930174299,1
12946,2023-01-17 19:00:00,64.11,64.11,64.04,64.04,828.0,-0.0010918733426921413,0.0,0.0010918733426921413,1
12947,2023-01-18 05:00:00,64.6,64.6,64.6,64.6,500.0,0.0,0.0,0.0,1
12948,2023-01-18 07:00:00,64.58,64.6,64.58,64.6,1310.0,0.0003096934035304432,0.0003096934035304432,0.0,1
12949,2023-01-18 08:00:00,64.5999,64.99,64.5,64.61,7456.0,0.00015634699124912304,0.006038709038249125,0.0015464420223561522,1
12950,2023-01-18 09:00:00,64.55,65.2643,64.01,64.61,510598.0,0.000929512006196782,0.011065840433772404,0.008365608055770598,1
12951,2023-01-18 10:00:00,64.61,64.81,63.1,63.32,666895.0,-0.01996594954341432,0.0030954960532425762,0.023370995201981087,1
12952,2023-01-18 11:00:00,63.275,63.315,62.15,62.88,708592.0,-0.006242591860924473,0.0006321612011062687,0.017779533781114184,1
12953,2023-01-18 12:00:00,62.87,63.03,62.33,62.37,352446.0,-0.00795291872117067,0.0025449339907746733,0.00858915221886431,1
12954,2023-01-18 13:00:00,62.38,62.62,61.86,62.46,373563.0,0.0012824623276690974,0.003847386983007292,0.008336005129849361,1
12955,2023-01-18 14:00:00,62.47,62.56,62.145,62.22,281907.0,-0.00400192092204258,0.0014406915319353836,0.005202497198655286,1
12956,2023-01-18 15:00:00,62.21,62.519,62.08,62.21,935676.0,0.0,0.004967047098537173,0.0020896961903231403,1
12957,2023-01-18 16:00:00,62.22,62.22,62.2,62.2,23631.0,-0.0003214400514303443,0.0,0.0003214400514303443,1
12958,2023-01-18 17:00:00,62.1,62.1,62.1,62.1,3035.0,0.0,0.0,0.0,1
12959,2023-01-18 18:00:00,62.15,62.15,62.12,62.12,1761.0,-0.0004827031375704125,0.0,0.0004827031375704125,1
12960,2023-01-18 19:00:00,62.01,62.01,62.0,62.0,1553.0,-0.00016126431220767634,0.0,0.00016126431220767634,1
12961,2023-01-19 04:00:00,62.2,62.2,62.2,62.2,1000.0,0.0,0.0,0.0,1
12962,2023-01-19 07:00:00,61.6,61.94,61.02,61.26,8674.0,-0.005519480519480575,0.00551948051948046,0.009415584415584387,1
12963,2023-01-19 08:00:00,61.05,61.5,60.88,61.5,42598.0,0.007371007371007418,0.007371007371007418,0.0027846027846026964,1
12964,2023-01-19 09:00:00,61.17,61.5875,60.76,61.235,427463.0,0.0010626123916952382,0.006825241131273449,0.006702632009154875,1
12965,2023-01-19 10:00:00,61.19,61.675,60.47,60.87,525083.0,-0.005229612681810758,0.007926131720869414,0.011766628534074177,1
12966,2023-01-19 11:00:00,60.85,61.108,59.94,60.06,606697.0,-0.01298274445357435,0.004239934264584972,0.01495480690221863,1
12967,2023-01-19 12:00:00,60.07,60.7648,60.06,60.29,325344.0,0.003662393873813865,0.011566505743299496,0.00016647244880968888,1
12968,2023-01-19 13:00:00,60.31,60.96,60.22,60.615,495599.0,0.0050572044437075065,0.010777648814458607,0.0014922898358481745,1
12969,2023-01-19 14:00:00,60.62,61.42,60.5,61.2901,428462.0,0.011054107555262373,0.013196964698119503,0.0019795447047178728,1
12970,2023-01-19 15:00:00,61.31,61.52,60.66,60.77,890558.0,-0.008807698580981882,0.0034252161148263065,0.010601859403033854,1
12971,2023-01-19 16:00:00,60.75,61.5,60.75,61.0,31943.0,0.00411522633744856,0.012345679012345678,0.0,1
12972,2023-01-19 17:00:00,60.8,60.8,60.8,60.8,200.0,0.0,0.0,0.0,1
12973,2023-01-19 18:00:00,61.0,61.0,60.78,60.78,600.0,-0.0036065573770491617,0.0,0.0036065573770491617,1
12974,2023-01-19 19:00:00,61.0,61.05,60.99,61.05,2687.0,0.0008196721311474944,0.0008196721311474944,0.0001639344262294756,1
12975,2023-01-20 05:00:00,61.05,61.05,61.05,61.05,330.0,0.0,0.0,0.0,1
12976,2023-01-20 07:00:00,60.99,61.2,60.99,61.2,1434.0,0.0034431874077717798,0.0034431874077717798,0.0,1
12977,2023-01-20 08:00:00,61.05,61.45,60.9,60.9,7033.0,-0.002457002457002434,0.006552006552006645,0.002457002457002434,1
12978,2023-01-20 09:00:00,61.27,62.04,61.16,61.82,360727.0,0.008976660682226165,0.012567324955116631,0.001795332136445349,1
12979,2023-01-20 10:00:00,61.81,62.54,61.64,62.52,358785.0,0.011486814431321806,0.011810386668823765,0.0027503640187672173,1
12980,2023-01-20 11:00:00,62.56,63.405,62.56,62.85,671099.0,0.004635549872122748,0.013507033248081822,0.0,1
12981,2023-01-20 12:00:00,62.9,63.28,62.76,62.82,404111.0,-0.00127186009538948,0.0060413354531002,0.0022257551669316467,1
12982,2023-01-20 13:00:00,62.83,63.32,62.78,63.23,388233.0,0.0063663854846410725,0.007798822218685373,0.0007957981855800917,1
12983,2023-01-20 14:00:00,63.23,63.2366,62.52,62.7,278879.0,-0.008382097105804114,0.00010438083188369341,0.011228847066265915,1
12984,2023-01-20 15:00:00,62.68,63.03,62.66,62.98,896261.0,0.004786215698787447,0.005583918315252096,0.0003190810465858827,1
12985,2023-01-20 16:00:00,62.99,63.12,62.8755,63.04,39493.0,0.0007937767899666163,0.0020638196539132475,0.0018177488490236482,1
12986,2023-01-20 19:00:00,63.04,63.04,63.04,63.04,393.0,0.0,0.0,0.0,1
12987,2023-01-23 04:00:00,63.03,63.03,63.03,63.03,183.0,0.0,0.0,0.0,1
12988,2023-01-23 07:00:00,62.99,63.4,62.99,63.4,5201.0,0.006508969677726569,0.006508969677726569,0.0,1
12989,2023-01-23 08:00:00,63.28,63.99,63.28,63.28,5230.0,0.0,0.01121997471554995,0.0,1
12990,2023-01-23 09:00:00,63.45,63.75,62.95,63.39,274792.0,-0.000945626477541407,0.004728132387706811,0.007880220646178092,1
12991,2023-01-23 10:00:00,63.37,63.8656,63.13,63.2929,382938.0,-0.001216664036610295,0.007820735363736835,0.0037872810478143427,1
12992,2023-01-23 11:00:00,63.28,63.57,63.0595,63.2,394567.0,-0.0012642225031605293,0.004582806573957003,0.003484513274336303,1
12993,2023-01-23 12:00:00,63.23,63.41,62.985,63.32,386742.0,0.001423374980230957,0.0028467499604618017,0.00387474300173964,1
12994,2023-01-23 13:00:00,63.33,63.66,63.2,63.42,230182.0,0.0014211274277594096,0.005210800568450944,0.002052739617874553,1
12995,2023-01-23 14:00:00,63.415,63.56,63.075,63.38,299615.0,-0.0005519198927697956,0.002286525270046568,0.005361507529764193,1
12996,2023-01-23 15:00:00,63.375,63.57,62.9662,63.38,934498.0,7.88954635108885e-05,0.0030769230769230813,0.006450493096646933,1
12997,2023-01-23 16:00:00,64.0,64.0,63.23,63.38,91974.0,-0.00968749999999996,0.0,0.012031250000000049,1
12998,2023-01-23 17:00:00,63.0218,63.38,63.0218,63.38,1542.0,0.005683747528633007,0.005683747528633007,0.0,1
12999,2023-01-24 08:00:00,63.1,63.11,62.8751,62.8751,19207.0,-0.00356418383518222,0.00015847860538824104,0.00356418383518222,1
13000,2023-01-24 09:00:00,62.84,64.24,62.6509,63.94,331139.0,0.01750477402928062,0.0222788033099935,0.0030092297899427653,1
13001,2023-01-24 10:00:00,63.96,64.42,63.47,64.32,603537.0,0.005628517823639655,0.007191994996873059,0.007661038148843058,1
13002,2023-01-24 11:00:00,64.34,64.72,64.0358,64.11,597799.0,-0.0035747590923221008,0.005906123717749385,0.004728007460366936,1
13003,2023-01-24 12:00:00,64.11,64.3,62.69,63.92,281966.0,-0.0029636562158789227,0.0029636562158789227,0.022149430666042767,1
13004,2023-01-24 13:00:00,63.93,64.04,63.765,63.86,183191.0,-0.001094947598936341,0.001720631941185774,0.0025809479117784944,1
13005,2023-01-24 14:00:00,63.87,64.02,63.685,63.9847,182846.0,0.00179583529043368,0.0023485204321277374,0.0028965085329574944,1
13006,2023-01-24 15:00:00,64.0229,64.2,63.6,63.95,632320.0,-0.0011386550749810486,0.0027661977198782904,0.006605448987784145,1
13007,2023-01-24 16:00:00,63.98,64.11,63.98,64.1,23209.0,0.0018755861206626672,0.002031884964051306,0.0,1
13008,2023-01-24 17:00:00,64.01,64.07,64.0,64.07,3061.0,0.0009373535385094213,0.0009373535385094213,0.00015622558975168124,1
13009,2023-01-24 18:00:00,64.0,64.0,64.0,64.0,1000.0,0.0,0.0,0.0,1
13010,2023-01-24 19:00:00,63.63,63.63,63.5,63.5,1457.0,-0.002043061449002083,0.0,0.002043061449002083,1
13011,2023-01-25 04:00:00,63.06,63.06,63.06,63.06,180.0,0.0,0.0,0.0,1
13012,2023-01-25 05:00:00,63.06,63.06,63.06,63.06,100.0,0.0,0.0,0.0,1
13013,2023-01-25 07:00:00,63.3,63.3,63.04,63.04,759.0,-0.004107424960505498,0.0,0.004107424960505498,1
13014,2023-01-25 08:00:00,63.0,63.25,63.0,63.15,6433.0,0.002380952380952358,0.003968253968253968,0.0,1
13015,2023-01-25 09:00:00,63.18,63.18,61.835,61.9,354570.0,-0.020259575815131388,0.0,0.021288382399493492,1
13016,2023-01-25 10:00:00,61.92,62.7419,61.84,62.7419,398326.0,0.013273578811369499,0.013273578811369499,0.0012919896640826599,1
13017,2023-01-25 11:00:00,62.725,63.4899,62.588,62.995,313327.0,0.0043045037863690076,0.012194499800717374,0.002184137106416906,1
13018,2023-01-25 12:00:00,63.0,63.24,62.68,63.2,167125.0,0.0031746031746032197,0.003809523809523841,0.005079365079365084,1
13019,2023-01-25 13:00:00,63.2,63.51,63.16,63.465,170513.0,0.004193037974683553,0.004905063291139163,0.0006329113924051622,1
13020,2023-01-25 14:00:00,63.48,63.905,63.398,63.74,232149.0,0.004095778197857673,0.006695022054190363,0.0012917454316319099,1
13021,2023-01-25 15:00:00,63.75,63.95,63.61,63.87,671716.0,0.0018823529411764305,0.003137254901960829,0.002196078431372558,1
13022,2023-01-25 16:00:00,63.88,63.88,63.76,63.76,18007.0,-0.001878522229179783,0.0,0.001878522229179783,1
13023,2023-01-25 17:00:00,63.56,63.97,63.56,63.88,851.0,0.005034612964128387,0.006450597860289437,0.0,1
13024,2023-01-25 18:00:00,63.88,63.88,63.8,63.8,636.0,-0.0012523481527865591,0.0,0.0012523481527865591,1
13025,2023-01-25 19:00:00,63.95,64.05,63.95,64.05,2030.0,0.001563721657544868,0.001563721657544868,0.0,1
13026,2023-01-26 07:00:00,64.34,64.34,64.26,64.31,2555.0,-0.00046627292508550104,0.0,0.0012433944668945958,1
13027,2023-01-26 08:00:00,64.0,64.45,64.0,64.14,12197.0,0.002187500000000009,0.007031250000000044,0.0,1
13028,2023-01-26 09:00:00,64.5,64.7,62.98,63.61,356126.0,-0.01379844961240311,0.003100775193798494,0.023565891472868264,1
13029,2023-01-26 10:00:00,63.54,63.95,63.12,63.44,432297.0,-0.0015738117721120779,0.006452628265659485,0.0066100094428706594,1
13030,2023-01-26 11:00:00,63.405,64.33,63.34,64.02,278424.0,0.009699550508634885,0.014588754830060675,0.0010251557448150417,1
13031,2023-01-26 12:00:00,64.05,64.26,63.42,63.68,216136.0,-0.005776736924277868,0.0032786885245902884,0.009836065573770422,1
13032,2023-01-26 13:00:00,63.7,63.825,63.46,63.74,180013.0,0.0006279434850863288,0.0019623233908948193,0.0037676609105180845,1
13033,2023-01-26 14:00:00,63.755,63.755,63.31,63.4,247429.0,-0.0055681907301388745,0.0,0.006979844718061332,1
13034,2023-01-26 15:00:00,63.39,63.97,63.27,63.92,665674.0,0.008360940211389827,0.009149708155860518,0.0018930430667297277,1
13035,2023-01-26 16:00:00,63.93,63.93,63.52,63.52,24839.0,-0.006413264508055632,0.0,0.006413264508055632,1
13036,2023-01-26 17:00:00,63.52,63.93,63.52,63.93,352.0,0.0064546599496221125,0.0064546599496221125,0.0,1
13037,2023-01-26 18:00:00,63.55,63.75,63.52,63.75,1791.0,0.003147128245476048,0.003147128245476048,0.0004720692368213066,1
13038,2023-01-26 19:00:00,63.56,63.65,63.55,63.56,1334.0,0.0,0.0014159848961610494,0.00015733165512909244,1
13039,2023-01-27 07:00:00,63.76,64.07,63.76,64.07,659.0,0.004861982434127905,0.004861982434127905,0.0,1
13040,2023-01-27 08:00:00,63.87,63.9,63.5,63.9,1447.0,0.0004697040864255697,0.0004697040864255697,0.0057930170659151,1
13041,2023-01-27 09:00:00,63.9,64.46,63.5932,63.7529,365921.0,-0.00230203442879502,0.00876369327073545,0.004801251956181463,1
13042,2023-01-27 10:00:00,63.7977,64.37,63.525,63.69,430597.0,-0.0016881486323174855,0.008970542825211654,0.0042744487653943695,1
13043,2023-01-27 11:00:00,63.6637,63.77,63.29,63.64,421316.0,-0.0003722686554504067,0.0016697113111554074,0.005869907027081359,1
13044,2023-01-27 12:00:00,63.63,63.81,63.4301,63.5743,195734.0,-0.0008753732516109011,0.002828854314002824,0.003141599874273134,1
13045,2023-01-27 13:00:00,63.59,64.365,63.51,64.232,311402.0,0.010095927032552222,0.012187450857052862,0.0012580594433087811,1
13046,2023-01-27 14:00:00,64.23,64.6,64.01,64.38,349225.0,0.0023353573096682465,0.005760548030515185,0.0034251907208469384,1
13047,2023-01-27 15:00:00,64.39,64.49,63.72,63.81,724776.0,-0.009007609877310115,0.0015530361857430395,0.010405342444478983,1
13048,2023-01-27 16:00:00,63.8,63.81,63.8,63.81,46231.0,0.0001567398119123059,0.0001567398119123059,0.0,1
13049,2023-01-27 17:00:00,63.81,63.81,63.81,63.81,1197.0,0.0,0.0,0.0,1
13050,2023-01-27 18:00:00,63.7,63.8,63.7,63.8,1001.0,0.0015698587127157663,0.0015698587127157663,0.0,1
13051,2023-01-30 04:00:00,62.61,62.61,62.61,62.61,102.0,0.0,0.0,0.0,1
13052,2023-01-30 05:00:00,62.8,62.8,62.27,62.27,646.0,-0.008439490445859779,0.0,0.008439490445859779,1
13053,2023-01-30 07:00:00,62.61,63.19,62.6,63.08,3482.0,0.007506788053026655,0.009263695895224378,0.00015971889474521658,1
13054,2023-01-30 08:00:00,62.629,63.18,62.629,63.0,8693.0,0.005923773331843111,0.008797841255648373,0.0,1
13055,2023-01-30 09:00:00,63.0,64.7247,62.55,64.17,281441.0,0.0185714285714286,0.027376190476190453,0.007142857142857188,1
13056,2023-01-30 10:00:00,64.14,64.2682,63.47,63.87,356313.0,-0.004209541627689478,0.0019987527284064943,0.010445899594636758,1
13057,2023-01-30 11:00:00,63.9,64.43,63.5,63.71,382662.0,-0.0029733959311423743,0.008294209702660536,0.006259780907668209,1
13058,2023-01-30 12:00:00,63.69,63.99,63.15,63.245,204721.0,-0.006986968126864505,0.004710315591144674,0.008478568064060278,1
13059,2023-01-30 13:00:00,63.24,63.64,63.0679,63.63,237483.0,0.006166982922201148,0.006325110689437042,0.002721378874130303,1
13060,2023-01-30 14:00:00,63.665,63.69,63.205,63.35,180824.0,-0.0049477735019240986,0.00039268043666062326,0.0072253200345558915,1
13061,2023-01-30 15:00:00,63.34,64.35,63.0,63.01,763218.0,-0.005209977897063552,0.01594568992737592,0.005367856015156353,1
13062,2023-01-30 16:00:00,63.01,63.01,62.9,63.01,60704.0,0.0,0.0,0.0017457546421202894,1
13063,2023-01-30 18:00:00,63.01,63.01,63.01,63.01,500.0,0.0,0.0,0.0,1
13064,2023-01-30 19:00:00,63.25,63.25,63.25,63.25,200.0,0.0,0.0,0.0,1
13065,2023-01-31 08:00:00,63.0,63.07,62.81,63.07,4645.0,0.0011111111111111157,0.0011111111111111157,0.0030158730158729797,1
13066,2023-01-31 09:00:00,63.4,64.15,63.25,63.63,305257.0,0.0036277602523659934,0.011829652996845538,0.0023659305993690627,1
13067,2023-01-31 10:00:00,63.625,64.19,63.07,64.16,305251.0,0.0084086444007858,0.008880157170923343,0.0087229862475442,1
13068,2023-01-31 11:00:00,64.175,64.355,63.9,64.15,274906.0,-0.00038955979742877247,0.002804830541488225,0.0042851577717179365,1
13069,2023-01-31 12:00:00,64.14,64.34,63.885,63.95,178923.0,-0.0029622700342999335,0.003118178983473696,0.003975678203928946,1
13070,2023-01-31 13:00:00,63.96,64.31,63.9,64.28,143119.0,0.005003126954346471,0.00547217010631647,0.000938086303939998,1
13071,2023-01-31 14:00:00,64.3,64.48,64.3,64.38,191585.0,0.0012441679626749346,0.0027993779160187687,0.0,1
13072,2023-01-31 15:00:00,64.39,64.96,64.035,64.94,767937.0,0.008541699021587159,0.008852306258735723,0.0055132784593881655,1
13073,2023-01-31 16:00:00,64.94,65.0,64.7,64.98,52705.0,0.0006159531875578419,0.0009239297813366535,0.003695719125346395,1
13074,2023-01-31 17:00:00,64.94,64.94,64.94,64.94,1552.0,0.0,0.0,0.0,1
13075,2023-01-31 18:00:00,64.76,64.76,64.76,64.76,1870.0,0.0,0.0,0.0,1
13076,2023-01-31 19:00:00,64.75,64.75,64.75,64.75,451.0,0.0,0.0,0.0,1
13077,2023-02-01 04:00:00,64.49,64.49,64.49,64.49,100.0,0.0,0.0,0.0,2
13078,2023-02-01 08:00:00,64.75,64.9,64.6101,64.87,5586.0,0.0018532818532819234,0.0023166023166024045,0.002160617760617718,2
13079,2023-02-01 09:00:00,64.75,66.02,64.75,65.45,375477.0,0.010810810810810855,0.019613899613899553,0.0,2
13080,2023-02-01 10:00:00,65.41,65.5286,64.39,64.455,310277.0,-0.014600214034551267,0.0018131784130866948,0.015593945879834828,2
13081,2023-02-01 11:00:00,64.4637,65.04,64.25,64.78,217536.0,0.004906637378865908,0.008939915021942633,0.0033150439704826575,2
13082,2023-02-01 12:00:00,64.79,65.225,64.6,65.18,184779.0,0.006019447445593464,0.006713999073930978,0.0029325513196482777,2
13083,2023-02-01 13:00:00,65.175,65.77,64.85,65.02,321141.0,-0.002378212504794801,0.009129267357115441,0.004986574606827815,2
13084,2023-02-01 14:00:00,65.05,66.94,64.67,66.49,558754.0,0.022136817832436553,0.02905457340507303,0.0058416602613373635,2
13085,2023-02-01 15:00:00,66.52,67.45,66.4153,67.29,1197934.0,0.011575466025255717,0.01398075766686721,0.0015739627179794653,2
13086,2023-02-01 16:00:00,67.27,67.8652,67.26,67.51,44286.0,0.0035677122045489683,0.008847926267281188,0.00014865467518939952,2
13087,2023-02-01 17:00:00,67.47,67.75,67.47,67.5,3478.0,0.0004446420631391898,0.004149992589298965,0.0,2
13088,2023-02-01 18:00:00,67.6,67.75,67.27,67.47,7391.0,-0.001923076923076856,0.0022189349112426877,0.004881656804733703,2
13089,2023-02-01 19:00:00,67.86,67.9,67.7,67.9,1402.0,0.0005894488653110264,0.0005894488653110264,0.0023577954612436867,2
13090,2023-02-02 06:00:00,67.93,67.93,67.93,67.93,100.0,0.0,0.0,0.0,2
13091,2023-02-02 07:00:00,67.65,68.0,67.61,67.9,7754.0,0.0036954915003695487,0.005173688100517285,0.0005912786400592202,2
13092,2023-02-02 08:00:00,67.9997,68.5839,67.6004,68.4,14959.0,0.005886790677017714,0.008591214373004521,0.005872084729785732,2
13093,2023-02-02 09:00:00,68.55,69.045,67.75,67.7999,575312.0,-0.010942377826404134,0.007221006564551489,0.011670313639679025,2
13094,2023-02-02 10:00:00,67.785,70.07,67.6033,69.9909,846154.0,0.03254259791989378,0.033709522755771874,0.002680534041454484,2
13095,2023-02-02 11:00:00,70.0,70.18,69.395,69.47,547316.0,-0.0075714285714285874,0.002571428571428669,0.0086428571428572,2
13096,2023-02-02 12:00:00,69.46,69.58,69.04,69.34,297286.0,-0.0017276130146845717,0.0017276130146847762,0.006046645551396308,2
13097,2023-02-02 13:00:00,69.37,70.07,69.29,70.05,301436.0,0.009802508288885578,0.010090817356205688,0.0011532362692806442,2
13098,2023-02-02 14:00:00,70.058,70.0614,68.7614,68.78,525400.0,-0.018242028033914837,4.8531216991623813e-05,0.018507522338633876,2
13099,2023-02-02 15:00:00,68.77,69.45,68.61,69.34,798051.0,0.008288497891522573,0.00988803257234269,0.002326595899374678,2
13100,2023-02-02 16:00:00,69.34,69.34,68.96,68.96,36246.0,-0.00548024228439587,0.0,0.00548024228439587,2
13101,2023-02-02 17:00:00,68.96,69.34,68.42,68.79,17901.0,-0.0024651972157770812,0.005510440835266962,0.007830626450115894,2
13102,2023-02-02 18:00:00,68.8,68.8,68.8,68.8,105.0,0.0,0.0,0.0,2
13103,2023-02-02 19:00:00,69.29,69.29,68.51,68.55,1757.0,-0.01067975176793201,0.0,0.011257035647279565,2
13104,2023-02-03 04:00:00,69.34,69.34,69.34,69.34,1143.0,0.0,0.0,0.0,2
13105,2023-02-03 06:00:00,69.28,69.5,69.28,69.5,756.0,0.003175519630484972,0.003175519630484972,0.0,2
13106,2023-02-03 07:00:00,69.02,69.4,69.02,69.39,540.0,0.0053607649956535,0.00550565053607664,0.0,2
13107,2023-02-03 08:00:00,69.69,69.69,68.35,68.52,12073.0,-0.016788635385277684,0.0,0.019228009757497538,2
13108,2023-02-03 09:00:00,68.5,68.68,67.5,68.32,471858.0,-0.002627737226277472,0.002627737226277472,0.014598540145985401,2
13109,2023-02-03 10:00:00,68.31,69.39,68.08,68.99,346928.0,0.009954618650270716,0.015810276679841872,0.003367003367003425,2
13110,2023-02-03 11:00:00,68.99,69.3053,68.6442,68.81,282260.0,-0.002609073778808416,0.004570227569213041,0.005012320626177664,2
13111,2023-02-03 12:00:00,68.79,69.34,68.77,68.8,209791.0,0.00014536996656477547,0.00799534816106988,0.00029073993312996407,2
13112,2023-02-03 13:00:00,68.76,68.87,67.82,68.26,309887.0,-0.007271669575334496,0.001599767306573581,0.013670738801629027,2
13113,2023-02-03 14:00:00,68.26,68.57,67.97,68.2,306633.0,-0.0008789920890712316,0.004541459126867683,0.004248461763844216,2
13114,2023-02-03 15:00:00,68.19,68.562,67.98,68.43,557169.0,0.0035195776506820515,0.005455345358556972,0.0030796304443465867,2
13115,2023-02-03 16:00:00,68.44,68.7,68.4,68.7,359422.0,0.003798947983635376,0.003798947983635376,0.0005844535359437762,2
13116,2023-02-03 17:00:00,68.44,68.44,68.3,68.3,4104.0,-0.002045587375803632,0.0,0.002045587375803632,2
13117,2023-02-03 18:00:00,68.3,68.3,68.3,68.3,1000.0,0.0,0.0,0.0,2
13118,2023-02-06 04:00:00,67.99,67.99,67.99,67.99,100.0,0.0,0.0,0.0,2
13119,2023-02-06 05:00:00,67.5,67.5,67.5,67.5,948.0,0.0,0.0,0.0,2
13120,2023-02-06 07:00:00,67.85,67.93,67.85,67.91,2116.0,0.0008843036109064448,0.0011790714812087327,0.0,2
13121,2023-02-06 08:00:00,67.4835,68.0,67.4835,67.52,7959.0,0.0005408729541293729,0.007653722761860209,0.0,2
13122,2023-02-06 09:00:00,67.968,68.65,67.49,68.39,361755.0,0.006208804143126133,0.0100341337099812,0.007032721280602764,2
13123,2023-02-06 10:00:00,68.425,68.95,67.97,68.71,677332.0,0.004165144318596954,0.007672634271099828,0.00664961636828642,2
13124,2023-02-06 11:00:00,68.7,69.49,68.6093,69.245,510641.0,0.00793304221251822,0.011499272197962039,0.0013202328966520848,2
13125,2023-02-06 12:00:00,69.23,69.5,68.96,69.15,347045.0,-0.0011555683952043665,0.0039000433338147625,0.0039000433338149676,2
13126,2023-02-06 13:00:00,69.14,69.275,68.68,69.085,412641.0,-0.0007954874168355051,0.0019525600231415261,0.006653167486259672,2
13127,2023-02-06 14:00:00,69.0701,69.34,68.74,68.83,345902.0,-0.0034761785490392836,0.003907624283155909,0.0047792025782502365,2
13128,2023-02-06 15:00:00,68.84,69.16,68.63,69.09,943097.0,0.0036316095293434047,0.004648460197559459,0.0030505520046485756,2
13129,2023-02-06 16:00:00,68.9301,69.52,68.9301,69.09,40140.0,0.0023197413031463394,0.008557944932620149,0.0,2
13130,2023-02-06 17:00:00,69.5,69.54,69.09,69.29,4348.0,-0.0030215827338128595,0.0005755395683454137,0.0058992805755395195,2
13131,2023-02-06 18:00:00,69.34,69.54,69.26,69.5,3212.0,0.0023074704355349955,0.002884338044418847,0.0011537352177674977,2
13132,2023-02-06 19:00:00,69.5,69.55,69.31,69.55,1119.0,0.0007194244604316138,0.0007194244604316138,0.002733812949640255,2
13133,2023-02-07 04:00:00,69.72,69.72,69.7,69.7,748.0,-0.0002868617326448081,0.0,0.0002868617326448081,2
13134,2023-02-07 05:00:00,69.35,69.35,69.14,69.14,1069.0,-0.003028118240807408,0.0,0.003028118240807408,2
13135,2023-02-07 06:00:00,69.55,69.55,69.09,69.09,1185.0,-0.006613946800862599,0.0,0.006613946800862599,2
13136,2023-02-07 07:00:00,69.08,69.62,69.08,69.28,14473.0,0.002895193977996567,0.00781702374059071,0.0,2
13137,2023-02-07 08:00:00,69.095,72.85,68.71,72.29,173560.0,0.0462406831174471,0.05434546638685861,0.005572038497720604,2
13138,2023-02-07 09:00:00,72.29,75.679,71.8,75.1823,2804091.0,0.04000968322036231,0.046880619726103134,0.006778254253700499,2
13139,2023-02-07 10:00:00,75.19,75.78,71.08,72.21,3822338.0,-0.03963292991089246,0.007846788136720354,0.05466152413884825,2
13140,2023-02-07 11:00:00,72.205,72.4524,70.13,70.38,1730312.0,-0.025275257946125656,0.0034263555155460003,0.028737622048334643,2
13141,2023-02-07 12:00:00,70.39,73.1031,70.29,72.82,1348279.0,0.03452194914050281,0.038543827248188625,0.0014206563432304917,2
13142,2023-02-07 13:00:00,72.87,73.345,71.34,73.12,1378210.0,0.003430767119527926,0.006518457527102982,0.020996294771510923,2
13143,2023-02-07 14:00:00,73.1,73.86,72.81,73.78,1248254.0,0.009302325581395442,0.01039671682626546,0.00396716826265379,2
13144,2023-02-07 15:00:00,73.79,74.25,73.27,74.04,2190292.0,0.0033879929529746573,0.006233907033473285,0.007047025342187426,2
13145,2023-02-07 16:00:00,74.01,74.01,73.7,73.8098,93960.0,-0.0027050398594785766,0.0,0.004188623159032593,2
13146,2023-02-07 17:00:00,73.88,74.01,73.8,73.85,4997.0,-0.000406063887384964,0.0017596101786682414,0.0010828370330265066,2
13147,2023-02-07 18:00:00,73.9,73.9499,73.9,73.9,2010.0,0.0,0.0006752368064951805,0.0,2
13148,2023-02-07 19:00:00,73.97,74.01,73.9,74.01,3552.0,0.0005407597674733846,0.0005407597674733846,0.0009463295930781828,2
13149,2023-02-08 05:00:00,73.4,73.4,73.4,73.4,100.0,0.0,0.0,0.0,2
13150,2023-02-08 06:00:00,73.97,75.48,73.97,74.91,12295.0,0.01270785453562252,0.020413681222117144,0.0,2
13151,2023-02-08 07:00:00,74.78,74.89,73.45,73.65,19667.0,-0.015110992243915424,0.0014709815458678714,0.017785504145493423,2
13152,2023-02-08 08:00:00,74.5,74.9,73.46,74.15,39378.0,-0.004697986577181131,0.0053691275167785995,0.013959731543624246,2
13153,2023-02-08 09:00:00,74.2,75.23,73.62,74.4811,761822.0,0.003788409703503976,0.013881401617250688,0.007816711590296472,2
13154,2023-02-08 10:00:00,74.45,75.46,73.15,73.31,1520017.0,-0.015312290127602424,0.01356615177971781,0.017461383478844822,2
13155,2023-02-08 11:00:00,73.34,73.5,72.12,73.42,1715902.0,0.0010908099263703067,0.0021816198527406135,0.016634851377147517,2
13156,2023-02-08 12:00:00,73.4,74.0,73.16,73.84,536409.0,0.005994550408719315,0.008174386920980848,0.0032697547683924943,2
13157,2023-02-08 13:00:00,73.85,74.61,73.7,74.505,884198.0,0.008869329722410307,0.01029113067027766,0.0020311442112388826,2
13158,2023-02-08 14:00:00,74.52,75.34,74.44,74.77,629341.0,0.0033548040794417608,0.011003757380569074,0.0010735373054213406,2
13159,2023-02-08 15:00:00,74.78,75.06,74.45,74.55,1484728.0,-0.0030756886868147093,0.0037443166622091618,0.004412944637603614,2
13160,2023-02-08 16:00:00,74.51,74.55,74.5,74.55,95638.0,0.0005368406925243865,0.0005368406925243865,0.00013421017313119198,2
13161,2023-02-08 17:00:00,74.95,74.95,74.5,74.5,848.0,-0.006004002668445668,0.0,0.006004002668445668,2
13162,2023-02-08 18:00:00,74.92,74.92,74.62,74.62,1345.0,-0.004004271222637442,0.0,0.004004271222637442,2
13163,2023-02-08 19:00:00,74.61,74.92,74.6,74.92,884.0,0.0041549390162176954,0.0041549390162176954,0.00013403029084579972,2
13164,2023-02-09 04:00:00,75.0,75.0,75.0,75.0,1207.0,0.0,0.0,0.0,2
13165,2023-02-09 05:00:00,75.0,75.03,75.0,75.0,2662.0,0.0,0.00040000000000001514,0.0,2
13166,2023-02-09 06:00:00,75.32,75.32,75.32,75.32,1000.0,0.0,0.0,0.0,2
13167,2023-02-09 07:00:00,75.25,75.41,75.11,75.4,4638.0,0.0019933554817276504,0.0021262458471760343,0.0018604651162790772,2
13168,2023-02-09 08:00:00,75.2,75.52,75.1,75.4454,6929.0,0.0032632978723404734,0.004255319148936079,0.0013297872340426666,2
13169,2023-02-09 09:00:00,75.44,76.3,75.23,75.715,644537.0,0.003645281018027647,0.01139978791092258,0.0027836691410391538,2
13170,2023-02-09 10:00:00,75.71,75.91,73.54,74.25,1119638.0,-0.019284110421344522,0.002641658961828066,0.02866199973583394,2
13171,2023-02-09 11:00:00,74.23,74.8599,73.865,74.695,694059.0,0.006264313619830111,0.008485787417486085,0.0049171494005120445,2
13172,2023-02-09 12:00:00,74.68,74.775,73.88,74.12,388834.0,-0.0074986609534012085,0.0012720942688805416,0.010712372790573263,2
13173,2023-02-09 13:00:00,74.14,74.62,73.87,74.235,269627.0,0.0012813595899649158,0.0064742379282439165,0.003641758834637119,2
13174,2023-02-09 14:00:00,74.22,74.275,73.46,73.625,357868.0,-0.008016707087038518,0.0007410401509028136,0.010239827539746768,2
13175,2023-02-09 15:00:00,73.62,73.8982,72.87,73.54,1265688.0,-0.0010866612333604766,0.0037788644390111138,0.010187449062754686,2
13176,2023-02-09 16:00:00,73.53,73.53,72.58,73.53,94812.0,0.0,0.0,0.012919896640826913,2
13177,2023-02-09 17:00:00,73.53,73.53,73.53,73.53,434.0,0.0,0.0,0.0,2
13178,2023-02-09 18:00:00,73.54,73.8,73.25,73.8,1808.0,0.0035354908893118152,0.0035354908893118152,0.003943432145771093,2
13179,2023-02-09 19:00:00,73.35,73.35,73.35,73.35,1230.0,0.0,0.0,0.0,2
13180,2023-02-10 05:00:00,72.5,72.55,72.5,72.55,455.0,0.0006896551724137539,0.0006896551724137539,0.0,2
13181,2023-02-10 06:00:00,72.1,72.1,72.01,72.01,1382.0,-0.0012482662968098365,0.0,0.0012482662968098365,2
13182,2023-02-10 07:00:00,72.0,72.52,71.99,72.52,3808.0,0.007222222222222167,0.007222222222222167,0.00013888888888895993,2
13183,2023-02-10 08:00:00,72.0,72.7584,71.85,72.5,116432.0,0.006944444444444444,0.01053333333333326,0.0020833333333334122,2
13184,2023-02-10 09:00:00,72.75,73.1,71.94,72.24,406194.0,-0.007010309278350586,0.004810996563573805,0.011134020618556732,2
13185,2023-02-10 10:00:00,72.31,72.68,71.36,72.5,694440.0,0.0026275757156686173,0.005116857972617958,0.013137878578343283,2
13186,2023-02-10 11:00:00,72.495,72.6827,72.1292,72.48,364456.0,-0.00020691082143596892,0.0025891440789018887,0.005045865232085071,2
13187,2023-02-10 12:00:00,72.46,72.55,71.83,71.89,408567.0,-0.007866409053270677,0.00124206458735859,0.008694452111509737,2
13188,2023-02-10 13:00:00,71.92,72.02,71.23,71.39,652525.0,-0.007369299221357079,0.0013904338153503102,0.009593993325917654,2
13189,2023-02-10 14:00:00,71.385,71.42,70.86,71.052,432621.0,-0.0046648455557890085,0.0004902990824402408,0.007354486236604407,2
13190,2023-02-10 15:00:00,71.06,71.7204,71.01,71.65,783083.0,0.008302842668167793,0.00929355474247109,0.0007036307345904469,2
13191,2023-02-10 16:00:00,71.64,71.6499,71.64,71.64,42638.0,0.0,0.00013819095477389442,0.0,2
13192,2023-02-10 17:00:00,71.6,71.65,71.6,71.65,710.0,0.0006983240223465276,0.0006983240223465276,0.0,2
13193,2023-02-10 18:00:00,71.6499,71.6499,71.6499,71.6499,100.0,0.0,0.0,0.0,2
13194,2023-02-10 19:00:00,71.65,71.65,71.65,71.65,450.0,0.0,0.0,0.0,2
13195,2023-02-13 08:00:00,71.9952,72.5545,71.91,72.19,3621.0,0.0027057359379514295,0.007768573460453023,0.0011834122274818376,2
13196,2023-02-13 09:00:00,71.94,72.4599,71.59,72.0867,333145.0,0.0020391993327772535,0.007226855713094341,0.004865165415624052,2
13197,2023-02-13 10:00:00,72.09,72.83,72.0,72.3941,503795.0,0.004218338188375519,0.010264946594534538,0.001248439450686689,2
13198,2023-02-13 11:00:00,72.4,73.29,72.4,73.14,317383.0,0.01022099447513805,0.012292817679558019,0.0,2
13199,2023-02-13 12:00:00,73.14,73.47,73.02,73.39,203630.0,0.003418102269619907,0.004511894995898254,0.0016406890894176175,2
13200,2023-02-13 13:00:00,73.36,73.66,73.27,73.41,198745.0,0.000681570338058849,0.004089422028353287,0.0012268266085060443,2
13201,2023-02-13 14:00:00,73.42,73.95,73.395,73.95,283593.0,0.007218741487333167,0.007218741487333167,0.00034050667393088643,2
13202,2023-02-13 15:00:00,73.95,74.16,73.77,74.01,761165.0,0.000811359026369199,0.0028397565922920046,0.0024340770791075974,2
13203,2023-02-13 16:00:00,73.99,74.15,73.9601,74.02,40749.0,0.0004054601973239781,0.0021624543857279473,0.00040410866333285335,2
13204,2023-02-13 17:00:00,73.99,74.01,73.99,74.01,605.0,0.00027030679821611343,0.00027030679821611343,0.0,2
13205,2023-02-13 18:00:00,74.01,74.01,74.01,74.01,2001.0,0.0,0.0,0.0,2
13206,2023-02-13 19:00:00,74.0,74.0,73.85,73.85,302.0,-0.002027027027027104,0.0,0.002027027027027104,2
13207,2023-02-14 07:00:00,73.74,73.74,73.74,73.74,130.0,0.0,0.0,0.0,2
13208,2023-02-14 08:00:00,73.91,75.2,73.7001,74.05,24558.0,0.001894195643350028,0.017453659856582416,0.002839940468136794,2
13209,2023-02-14 09:00:00,74.06,75.28,73.33,75.12,432202.0,0.014312719416689202,0.016473129894679972,0.009856872805833162,2
13210,2023-02-14 10:00:00,75.17,75.4886,74.025,74.31,568569.0,-0.011440734335506178,0.004238392975921292,0.015232140481575044,2
13211,2023-02-14 11:00:00,74.31,75.0,74.22,74.54,389175.0,0.003095141972816633,0.009285425918449707,0.0012111425111021857,2
13212,2023-02-14 12:00:00,74.49,74.96,74.295,74.76,199862.0,0.003624647603705333,0.006309571754597918,0.0026178010471203275,2
13213,2023-02-14 13:00:00,74.74,75.23,74.715,75.18,251170.0,0.005887075194006047,0.006556061011506679,0.00033449290875022046,2
13214,2023-02-14 14:00:00,75.16,75.5,74.99,75.41,496654.0,0.003326237360298031,0.004523682810005368,0.002261841405002684,2
13215,2023-02-14 15:00:00,75.44,75.73,75.1375,75.38,766348.0,-0.0007953340402969549,0.0038441145281018856,0.004009809119830261,2
13216,2023-02-14 16:00:00,75.37,75.5,75.03,75.5,27047.0,0.001724824200610262,0.001724824200610262,0.00451107867851935,2
13217,2023-02-14 17:00:00,75.22,75.22,75.22,75.22,3000.0,0.0,0.0,0.0,2
13218,2023-02-14 18:00:00,75.22,75.22,74.81,74.81,930.0,-0.005450678011167198,0.0,0.005450678011167198,2
13219,2023-02-15 08:00:00,74.81,75.0,74.75,75.0,4634.0,0.00253976741077393,0.00253976741077393,0.0008020318139286496,2
13220,2023-02-15 09:00:00,74.86,75.5,73.86,74.14,321179.0,-0.009617953513224671,0.008549292011755284,0.013358268768367619,2
13221,2023-02-15 10:00:00,74.12,76.0,74.12,75.0015,686181.0,0.011892876416621538,0.02536427415002692,0.0,2
13222,2023-02-15 11:00:00,75.0,75.46,74.83,75.09,242415.0,0.0012000000000000454,0.00613333333333325,0.0022666666666666894,2
13223,2023-02-15 12:00:00,75.09,75.4242,74.9,75.33,191547.0,0.0031961646024769594,0.004450659208949203,0.0025302969769609497,2
13224,2023-02-15 13:00:00,75.37,75.78,75.37,75.713,158254.0,0.004550882313917862,0.005439830171155587,0.0,2
13225,2023-02-15 14:00:00,75.73,75.8,75.41,75.51,250591.0,-0.0029050574409084755,0.0009243364584707933,0.004225538095866993,2
13226,2023-02-15 15:00:00,75.52,75.82,75.4917,75.76,608499.0,0.003177966101695036,0.003972457627118607,0.0003747351694915459,2
13227,2023-02-15 16:00:00,75.75,75.9,75.75,75.75,26946.0,0.0,0.0019801980198020552,0.0,2
13228,2023-02-15 17:00:00,75.65,75.75,75.65,75.75,211.0,0.0013218770654328394,0.0013218770654328394,0.0,2
13229,2023-02-15 18:00:00,75.89,75.89,75.89,75.89,101.0,0.0,0.0,0.0,2
13230,2023-02-16 04:00:00,75.75,75.75,75.75,75.75,1000.0,0.0,0.0,0.0,2
13231,2023-02-16 06:00:00,76.26,76.26,76.26,76.26,140.0,0.0,0.0,0.0,2
13232,2023-02-16 08:00:00,75.3,75.7,74.75,75.02,19193.0,-0.003718459495351941,0.00531208499335997,0.007304116865869816,2
13233,2023-02-16 09:00:00,75.03,75.08,73.57,73.85,413657.0,-0.015727042516326895,0.0006664001066239792,0.019458883113421404,2
13234,2023-02-16 10:00:00,73.81,74.77,73.58,74.33,442258.0,0.007045115837962281,0.013006367700853458,0.0031161089283295485,2
13235,2023-02-16 11:00:00,74.33,74.94,74.24,74.58,203524.0,0.0033633795237454594,0.008206646037938914,0.0012108166285484112,2
13236,2023-02-16 12:00:00,74.56,74.865,74.16,74.2028,277662.0,-0.004790772532188921,0.004090665236051403,0.005364806866952866,2
13237,2023-02-16 13:00:00,74.23,74.47,73.9,74.25,237757.0,0.0002694328438636134,0.0032331941263639345,0.004445641923750482,2
13238,2023-02-16 14:00:00,74.2455,74.935,74.245,74.655,340106.0,0.005515485787017316,0.009286758120020678,6.734414880395275e-06,2
13239,2023-02-16 15:00:00,74.645,74.895,73.75,73.91,1101204.0,-0.009846607274432305,0.003349186147766093,0.01199008640900256,2
13240,2023-02-16 16:00:00,75.8,75.8,73.5514,73.6241,41096.0,-0.02870580474934035,0.0,0.02966490765171499,2
13241,2023-02-16 17:00:00,73.9,73.9,73.6,73.61,2942.0,-0.003924221921515646,0.0,0.004059539918809355,2
13242,2023-02-16 18:00:00,73.61,73.61,73.6,73.6,1838.0,-0.00013585110718659308,0.0,0.00013585110718659308,2
13243,2023-02-16 19:00:00,73.8,73.8,73.7999,73.7999,2141.0,-1.3550135501804832e-06,0.0,1.3550135501804832e-06,2
13244,2023-02-17 07:00:00,72.89,73.52,72.89,73.35,3134.0,0.006310879407326022,0.008643160927424825,0.0,2
13245,2023-02-17 08:00:00,73.25,73.8625,73.25,73.5399,5377.0,0.003957679180887412,0.008361774744027266,0.0,2
13246,2023-02-17 09:00:00,73.55,73.71,72.53,72.845,213596.0,-0.009585316111488761,0.0021753908905505995,0.013868116927260313,2
13247,2023-02-17 10:00:00,72.87,73.43,72.87,73.14,260245.0,0.0037052284890901057,0.007684918347742586,0.0,2
13248,2023-02-17 11:00:00,73.11,73.53,73.02,73.27,174102.0,0.002188483107645966,0.005744768157570807,0.0012310217480509288,2
13249,2023-02-17 12:00:00,73.28,73.36,72.55,72.7929,269216.0,-0.006647106986899537,0.0010917030567685357,0.009961790393013155,2
13250,2023-02-17 13:00:00,72.82,73.22,72.78,72.945,132195.0,0.0017165613842351005,0.0054929964295524,0.0005492996429551229,2
13251,2023-02-17 14:00:00,72.95,73.2396,72.77,73.2,139243.0,0.003427004797806717,0.003969842357779204,0.0024674434544209294,2
13252,2023-02-17 15:00:00,73.21,73.27,72.92,73.045,556756.0,-0.0022537904657832543,0.0008195601693757995,0.0039612074853161055,2
13253,2023-02-17 16:00:00,73.03,73.1,72.96,73.03,47351.0,0.0,0.0009585102012870489,0.0009585102012872435,2
13254,2023-02-17 17:00:00,73.03,73.03,72.95,72.95,400.0,-0.001095440230042425,0.0,0.001095440230042425,2
13255,2023-02-17 18:00:00,73.0,73.0,73.0,73.0,140.0,0.0,0.0,0.0,2
13256,2023-02-17 19:00:00,73.09,73.09,73.09,73.09,100.0,0.0,0.0,0.0,2
13257,2023-02-21 05:00:00,72.18,72.18,72.18,72.18,100.0,0.0,0.0,0.0,2
13258,2023-02-21 07:00:00,72.6,72.6,72.25,72.25,1654.0,-0.004820936639118379,0.0,0.004820936639118379,2
13259,2023-02-21 08:00:00,72.37,72.5,72.12,72.37,8310.0,0.0,0.0017963244438302535,0.00345447008428907,2
13260,2023-02-21 09:00:00,72.12,73.6,71.99,72.05,449915.0,-0.0009706045479756986,0.02052135330005532,0.001802551303383384,2
13261,2023-02-21 10:00:00,72.045,72.43,71.57,71.84,457821.0,-0.0028454438198348016,0.005343882295787426,0.006593101533763739,2
13262,2023-02-21 11:00:00,71.86,72.13,71.38,71.7,506647.0,-0.0022265516281658308,0.0037573058725298637,0.00667965488449769,2
13263,2023-02-21 12:00:00,71.7,72.09,71.67,72.05,200375.0,0.00488145048814497,0.005439330543933062,0.00041841004184102004,2
13264,2023-02-21 13:00:00,72.04,72.08,71.54,71.67,195560.0,-0.0051360355358135,0.0005552470849526935,0.006940588561910049,2
13265,2023-02-21 14:00:00,71.67,71.89,71.51,71.835,226818.0,0.0023022185014649373,0.003069624668620048,0.002232454304450908,2
13266,2023-02-21 15:00:00,71.82,72.135,71.57,71.78,717009.0,-0.0005569479253688673,0.004385964912280868,0.0034809245335561127,2
13267,2023-02-21 16:00:00,71.76,71.76,71.76,71.76,32435.0,0.0,0.0,0.0,2
13268,2023-02-21 17:00:00,71.76,71.76,71.76,71.76,557.0,0.0,0.0,0.0,2
13269,2023-02-21 18:00:00,72.44,72.44,72.44,72.44,319.0,0.0,0.0,0.0,2
13270,2023-02-22 07:00:00,72.25,72.25,72.25,72.25,1847.0,0.0,0.0,0.0,2
13271,2023-02-22 08:00:00,72.0,72.48,71.97,71.97,1551.0,-0.00041666666666668247,0.006666666666666722,0.00041666666666668247,2
13272,2023-02-22 09:00:00,72.1,72.74,71.307,72.31,193441.0,0.0029126213592234117,0.008876560332871021,0.01099861303744788,2
13273,2023-02-22 10:00:00,72.295,72.33,71.09,71.8824,402834.0,-0.005707172003596343,0.00048412753302436666,0.01666781935126908,2
13274,2023-02-22 11:00:00,71.96,72.13,71.62,72.11,207001.0,0.0020844913841023584,0.0023624235686492733,0.00472484713729835,2
13275,2023-02-22 12:00:00,72.11,72.26,71.7401,72.08,131550.0,-0.0004160310636527685,0.0020801553182638426,0.005129663014838458,2
13276,2023-02-22 13:00:00,72.06,72.32,71.91,72.1,173429.0,0.0005550929780737169,0.0036081043574797515,0.0020815986677769314,2
13277,2023-02-22 14:00:00,72.09,72.32,71.55,71.57,218757.0,-0.007213205715078516,0.003190456373976831,0.007490636704119936,2
13278,2023-02-22 15:00:00,71.55,71.71,71.33,71.52,509303.0,-0.00041928721174005785,0.0022361984626135096,0.003074772886093625,2
13279,2023-02-22 16:00:00,71.51,71.51,71.51,71.51,25822.0,0.0,0.0,0.0,2
13280,2023-02-22 17:00:00,71.51,71.91,71.51,71.9088,1900.0,0.005576842399664302,0.005593623269472681,0.0,2
13281,2023-02-22 18:00:00,71.56,71.91,71.56,71.91,879.0,0.004891000558971413,0.004891000558971413,0.0,2
13282,2023-02-23 07:00:00,72.26,72.26,72.15,72.15,732.0,-0.0015222806531967814,0.0,0.0015222806531967814,2
13283,2023-02-23 08:00:00,72.45,72.5,72.0,72.28,5234.0,-0.002346445824706718,0.0006901311249136944,0.006211180124223641,2
13284,2023-02-23 09:00:00,72.25,72.58,71.65,72.3,233005.0,0.0006920415224913101,0.004567474048442883,0.008304498269896115,2
13285,2023-02-23 10:00:00,72.35,72.54,71.46,71.48,400611.0,-0.012024879060124262,0.00262612301313078,0.012301313061506574,2
13286,2023-02-23 11:00:00,71.49,71.8,70.765,70.79,242258.0,-0.00979157924185185,0.004336270807105921,0.0101412785004895,2
13287,2023-02-23 12:00:00,70.7701,71.305,70.62,71.3,147287.0,0.007487625423731178,0.007558276729862011,0.0021209522100434333,2
13288,2023-02-23 13:00:00,71.27,71.55,71.06,71.43,137384.0,0.002244983864178628,0.003928721762312349,0.0029465413217341623,2
13289,2023-02-23 14:00:00,71.44,72.02,71.37,71.76,193850.0,0.004479283314669756,0.008118701007838722,0.0009798432250838912,2
13290,2023-02-23 15:00:00,71.76,72.38,71.63,71.7,547423.0,-0.0008361204013378243,0.008639910813823723,0.0018115942028986852,2
13291,2023-02-23 16:00:00,71.71,71.97,70.72,71.97,17136.0,0.0036257146841445426,0.0036257146841445426,0.013805605912703876,2
13292,2023-02-23 17:00:00,71.71,71.71,71.71,71.71,174.0,0.0,0.0,0.0,2
13293,2023-02-23 19:00:00,71.9,71.9,71.71,71.71,1730.0,-0.002642559109874992,0.0,0.002642559109874992,2
13294,2023-02-24 07:00:00,71.2,71.2,71.2,71.2,200.0,0.0,0.0,0.0,2
13295,2023-02-24 08:00:00,71.4,71.4,70.1,70.5,17172.0,-0.012605042016806801,0.0,0.018207282913165423,2
13296,2023-02-24 09:00:00,70.58,70.65,69.5,69.86,325830.0,-0.010201190138849516,0.000991782374610476,0.015301785208274275,2
13297,2023-02-24 10:00:00,69.965,70.07,69.23,69.65,379425.0,-0.004502251125562749,0.0015007503751874474,0.010505252626313149,2
13298,2023-02-24 11:00:00,69.66,69.9169,69.38,69.865,176241.0,0.0029428653459660967,0.0036879127189204954,0.0040195233993683775,2
13299,2023-02-24 12:00:00,69.88,69.89,69.24,69.29,211369.0,-0.008443045220377636,0.00014310246136240866,0.009158557527189476,2
13300,2023-02-24 13:00:00,69.29,69.705,69.1,69.58,330053.0,0.004185308125270486,0.005989320248231953,0.002742098426901601,2
13301,2023-02-24 14:00:00,69.6099,70.01,69.58,69.93,180260.0,0.004598483836351018,0.0057477456511215936,0.0004295366032704805,2
13302,2023-02-24 15:00:00,69.92,70.24,69.915,70.19,600350.0,0.0038615560640731694,0.004576659038901504,7.151029748277249e-05,2
13303,2023-02-24 16:00:00,70.17,70.25,70.0,70.25,448296.0,0.0011400883568476313,0.0011400883568476313,0.0024226877583012926,2
13304,2023-02-24 17:00:00,70.25,70.25,70.18,70.25,1356.0,0.0,0.0,0.0009964412811386929,2
13305,2023-02-24 18:00:00,70.18,70.18,70.18,70.18,480.0,0.0,0.0,0.0,2
13306,2023-02-24 19:00:00,70.12,70.14,70.12,70.14,332.0,0.00028522532800907043,0.00028522532800907043,0.0,2
13307,2023-02-27 04:00:00,70.06,70.06,70.06,70.06,2000.0,0.0,0.0,0.0,2
13308,2023-02-27 05:00:00,70.86,70.86,70.86,70.86,200.0,0.0,0.0,0.0,2
13309,2023-02-27 06:00:00,71.24,71.24,71.24,71.24,150.0,0.0,0.0,0.0,2
13310,2023-02-27 07:00:00,70.78,70.78,70.78,70.78,642.0,0.0,0.0,0.0,2
13311,2023-02-27 08:00:00,71.2074,72.6585,70.76,71.1,4037.0,-0.0015082702078718306,0.020378499987360816,0.006283054851040787,2
13312,2023-02-27 09:00:00,71.2297,72.51,71.0,72.5,397036.0,0.01783385301356044,0.017974243889838246,0.003224778428099431,2
13313,2023-02-27 10:00:00,72.49,72.58,71.65,72.06,441276.0,-0.0059318526693335994,0.0012415505586977986,0.011587805214512198,2
13314,2023-02-27 11:00:00,72.06,72.59,71.96,72.51,271519.0,0.0062447960033305975,0.007354981959478228,0.0013877324451846867,2
13315,2023-02-27 12:00:00,72.53,72.54,72.08,72.27,151409.0,-0.003584723562663796,0.0001378739831794446,0.006204329243071871,2
13316,2023-02-27 13:00:00,72.28,72.39,72.01,72.385,158756.0,0.0014526840066408963,0.0015218594355284924,0.0037354731599335365,2
13317,2023-02-27 14:00:00,72.4,72.52,72.03,72.19,197793.0,-0.002900552486187955,0.001657458563535778,0.0051104972375691235,2
13318,2023-02-27 15:00:00,72.17,72.26,71.685,72.05,609232.0,-0.0016627407510046354,0.0012470555632534766,0.006720243868643473,2
13319,2023-02-27 16:00:00,72.04,72.04,71.71,72.04,33783.0,0.0,0.0,0.004580788450860806,2
13320,2023-02-27 17:00:00,71.71,71.71,71.71,71.71,100.0,0.0,0.0,0.0,2
13321,2023-02-27 19:00:00,72.15,72.2,72.15,72.2,2000.0,0.0006930006930006535,0.0006930006930006535,0.0,2
13322,2023-02-28 04:00:00,72.04,72.04,72.04,72.04,116.0,0.0,0.0,0.0,2
13323,2023-02-28 05:00:00,72.0,72.0,72.0,72.0,188.0,0.0,0.0,0.0,2
13324,2023-02-28 07:00:00,72.0,72.0,70.5,71.6,15916.0,-0.005555555555555635,0.0,0.020833333333333332,2
13325,2023-02-28 08:00:00,70.9006,71.99,70.8,71.4,15998.0,0.007043663946426526,0.015365173214331018,0.0014188878514427245,2
13326,2023-02-28 09:00:00,71.22,71.5,69.92,70.75,538568.0,-0.006599269868014587,0.003931479921370417,0.018253299634933967,2
13327,2023-02-28 10:00:00,70.75,70.96,69.68,69.955,775383.0,-0.011236749116607799,0.002968197879858569,0.015123674911660681,2
13328,2023-02-28 11:00:00,69.97,70.925,69.95,70.755,393897.0,0.011219093897384545,0.01364870658853792,0.00028583678719445505,2
13329,2023-02-28 12:00:00,70.76,70.8601,70.54,70.84,216373.0,0.001130582249858653,0.0014146410401356363,0.003109101187111346,2
13330,2023-02-28 13:00:00,70.845,71.25,70.83,71.127,217917.0,0.003980520855388475,0.0057167054838026836,0.00021172983273344017,2
13331,2023-02-28 14:00:00,71.15,71.28,70.79,70.89,203883.0,-0.003654251581166621,0.0018271257905832106,0.005059732958538291,2
13332,2023-02-28 15:00:00,70.88,71.02,70.62,70.62,718685.0,-0.003668171557561949,0.001975169300225742,0.003668171557561949,2
13333,2023-02-28 16:00:00,70.8105,70.8105,70.51,70.51,156984.0,-0.004243720917095622,0.0,0.004243720917095622,2
13334,2023-02-28 17:00:00,70.51,70.65,70.22,70.25,4524.0,-0.003687420224081763,0.001985533966813226,0.004112891788398897,2
13335,2023-02-28 19:00:00,70.3,70.3,70.3,70.3,400.0,0.0,0.0,0.0,2
13336,2023-03-01 04:00:00,70.8,70.8,70.8,70.8,112.0,0.0,0.0,0.0,3
13337,2023-03-01 07:00:00,71.0,71.0,71.0,71.0,333.0,0.0,0.0,0.0,3
13338,2023-03-01 08:00:00,71.8328,71.8328,70.43,70.6,3907.0,-0.017162076377365377,0.0,0.019528683275606674,3
13339,2023-03-01 09:00:00,70.6,71.399,70.6,71.0069,183150.0,0.0057634560906516625,0.011317280453257885,0.0,3
13340,2023-03-01 10:00:00,70.86,71.74,70.69,71.185,395605.0,0.00458650860852389,0.012418854078464514,0.0023990968106124993,3
13341,2023-03-01 11:00:00,71.17,71.56,70.81,71.46,286804.0,0.004074750597161614,0.005479837009976121,0.0050583110861317886,3
13342,2023-03-01 12:00:00,71.47,72.22,71.3001,71.95,266857.0,0.006716104659297663,0.010493913530152511,0.002377221211697193,3
13343,2023-03-01 13:00:00,71.9547,72.05,71.3,71.35,211970.0,-0.008403898563957716,0.0013244444073840153,0.009098780204767797,3
13344,2023-03-01 14:00:00,71.32,71.44,71.04,71.08,191618.0,-0.0033651149747615664,0.0016825574873808827,0.003925967470555061,3
13345,2023-03-01 15:00:00,71.065,71.64,71.05,71.5,597080.0,0.006121156687539609,0.008091184127207527,0.00021107436853585546,3
13346,2023-03-01 16:00:00,71.5,71.5,71.3971,71.3971,28882.0,-0.0014391608391609136,0.0,0.0014391608391609136,3
13347,2023-03-01 18:00:00,71.4,71.5,71.4,71.45,503.0,0.000700280112044778,0.001400560224089556,0.0,3
13348,2023-03-01 19:00:00,71.5,71.69,71.45,71.69,600.0,0.0026573426573426257,0.0026573426573426257,0.0006993006993006595,3
13349,2023-03-02 08:00:00,70.99,71.4999,70.68,70.68,2543.0,-0.004366812227074068,0.00718270178898439,0.004366812227074068,3
13350,2023-03-02 09:00:00,70.68,71.3,70.15,70.46,304557.0,-0.0031126202603284246,0.008771929824561266,0.007498585172608957,3
13351,2023-03-02 10:00:00,70.485,70.99,69.89,69.91,347146.0,-0.008157764063275915,0.007164644959920486,0.008441512378520236,3
13352,2023-03-02 11:00:00,69.92,70.52,69.92,69.96,331243.0,0.0005720823798625864,0.008581235697940422,0.0,3
13353,2023-03-02 12:00:00,69.95,70.88,69.77,70.845,223088.0,0.012794853466761916,0.013295210864903397,0.0025732666190136787,3
13354,2023-03-02 13:00:00,70.83,71.17,70.575,71.15,237284.0,0.004517859663984292,0.004800225892983247,0.0036001694197373355,3
13355,2023-03-02 14:00:00,71.17,71.7,71.09,71.6,217892.0,0.006041871575101765,0.007446957987916273,0.0011240691302514866,3
13356,2023-03-02 15:00:00,71.57,72.04,71.42,71.97,453394.0,0.005588933910856584,0.006566997345256576,0.00209585021657107,3
13357,2023-03-02 16:00:00,71.97,71.97,71.97,71.97,39253.0,0.0,0.0,0.0,3
13358,2023-03-02 17:00:00,71.97,71.97,71.53,71.53,2000.0,-0.006113658468806416,0.0,0.006113658468806416,3
13359,2023-03-03 08:00:00,72.49,72.49,72.49,72.49,504.0,0.0,0.0,0.0,3
13360,2023-03-03 09:00:00,72.5,73.35,72.0,72.76,365432.0,0.003586206896551795,0.011724137931034405,0.006896551724137931,3
13361,2023-03-03 10:00:00,72.8,73.78,72.31,73.76,426872.0,0.013186813186813296,0.013461538461538516,0.006730769230769161,3
13362,2023-03-03 11:00:00,73.78,74.34,73.49,74.05,485037.0,0.0036595283274599624,0.007590132827324509,0.003930604499864546,3
13363,2023-03-03 12:00:00,74.0999,74.39,73.9432,74.09,271200.0,-0.00013360341916793134,0.003914985040465579,0.0021147127054152665,3
13364,2023-03-03 13:00:00,74.07,74.1,73.695,73.95,206752.0,-0.0016200891049006393,0.00040502227622520775,0.005062778452814905,3
13365,2023-03-03 14:00:00,73.9552,74.03,73.81,73.88,170566.0,-0.0010168318116915306,0.0010114231318419287,0.00196335078534035,3
13366,2023-03-03 15:00:00,73.89,74.095,73.81,74.02,783988.0,0.001759372039518141,0.0027743943700094505,0.0010826904858573325,3
13367,2023-03-03 16:00:00,74.02,74.2976,73.9,74.2378,45943.0,0.0029424479870304903,0.0037503377465550763,0.0016211834639285375,3
13368,2023-03-03 17:00:00,74.02,74.06,74.02,74.06,1279.0,0.0005403944879763072,0.0005403944879763072,0.0,3
13369,2023-03-06 05:00:00,72.77,72.77,72.74,72.74,1288.0,-0.0004122577985433714,0.0,0.0004122577985433714,3
13370,2023-03-06 06:00:00,72.99,73.7,72.81,73.45,3249.0,0.006302233182627867,0.009727359912316866,0.002466091245375978,3
13371,2023-03-06 07:00:00,73.45,73.8,73.39,73.8,1668.0,0.004765146358066634,0.004765146358066634,0.0008168822328114673,3
13372,2023-03-06 08:00:00,74.0,74.98,74.0,74.9504,4054.0,0.012843243243243268,0.013243243243243297,0.0,3
13373,2023-03-06 09:00:00,74.39,75.5,73.73,75.45,450864.0,0.014249227046646084,0.014921360397902936,0.008872160236590893,3
13374,2023-03-06 10:00:00,75.44,75.83,75.135,75.23,727465.0,-0.0027836691410391538,0.005169671261930018,0.004042948038175936,3
13375,2023-03-06 11:00:00,75.22,75.2438,74.535,74.8508,516357.0,-0.004908269077372935,0.00031640521137987597,0.009106620579633106,3
13376,2023-03-06 12:00:00,74.85,75.02,74.2,74.3498,230674.0,-0.006682698730794822,0.0022712090848363625,0.00868403473613883,3
13377,2023-03-06 13:00:00,74.33,74.545,74.03,74.05,204716.0,-0.00376698506659493,0.002892506390421141,0.0040360554284945135,3
13378,2023-03-06 14:00:00,74.04,74.63,74.03,74.615,264539.0,0.007766072393300764,0.007968665586169491,0.0001350621285792155,3
13379,2023-03-06 15:00:00,74.615,74.7455,74.12,74.15,665244.0,-0.006231990886550817,0.0017489780875160766,0.006634054814715411,3
13380,2023-03-06 16:00:00,74.16,74.8,74.16,74.8,26932.0,0.008629989212513492,0.008629989212513492,0.0,3
13381,2023-03-06 17:00:00,74.11,74.17,74.11,74.17,4600.0,0.0008096073404399173,0.0008096073404399173,0.0,3
13382,2023-03-06 18:00:00,74.15,74.15,74.15,74.15,132.0,0.0,0.0,0.0,3
13383,2023-03-06 19:00:00,74.11,74.11,74.11,74.11,271.0,0.0,0.0,0.0,3
13384,2023-03-07 07:00:00,74.4,74.45,74.4,74.45,562.0,0.00067204301075265,0.00067204301075265,0.0,3
13385,2023-03-07 08:00:00,73.9864,74.7728,73.7215,74.7728,492.0,0.01062898046127397,0.01062898046127397,0.0035803877469372377,3
13386,2023-03-07 09:00:00,74.3,75.17,74.16,74.38,271320.0,0.0010767160161507174,0.011709286675639361,0.0018842530282638032,3
13387,2023-03-07 10:00:00,74.4,74.82,73.575,74.1,434975.0,-0.004032258064516282,0.005645161290322412,0.011088709677419392,3
13388,2023-03-07 11:00:00,74.125,74.39,74.01,74.17,274805.0,0.0006070826306914227,0.003575042158516028,0.001551433389544619,3
13389,2023-03-07 12:00:00,74.2,74.705,73.98,74.29,185452.0,0.0012129380053908815,0.006805929919137405,0.0029649595687331384,3
13390,2023-03-07 13:00:00,74.275,74.37,73.55,73.62,207722.0,-0.008818579602827345,0.001279030629417689,0.009761023224503649,3
13391,2023-03-07 14:00:00,73.62,73.84,73.1,73.13,196660.0,-0.0066558000543331846,0.002988318391741359,0.007063298016843388,3
13392,2023-03-07 15:00:00,73.12,73.64,73.12,73.27,459657.0,0.002051422319474719,0.007111597374179377,0.0,3
13393,2023-03-07 16:00:00,73.26,73.26,73.26,73.26,38164.0,0.0,0.0,0.0,3
13394,2023-03-07 17:00:00,73.26,73.45,73.26,73.45,250.0,0.0025935025935025623,0.0025935025935025623,0.0,3
13395,2023-03-07 18:00:00,73.45,73.45,73.26,73.26,703.0,-0.002586793737236184,0.0,0.002586793737236184,3
13396,2023-03-07 19:00:00,73.17,73.17,73.17,73.17,200.0,0.0,0.0,0.0,3
13397,2023-03-08 05:00:00,73.26,73.26,73.26,73.26,620.0,0.0,0.0,0.0,3
13398,2023-03-08 08:00:00,73.169,73.4,73.162,73.4,480.0,0.003157074717435099,0.003157074717435099,9.566893083123716e-05,3
13399,2023-03-08 09:00:00,73.4,73.46,72.39,73.2,241698.0,-0.002724795640327014,0.0008174386920979299,0.013760217983651294,3
13400,2023-03-08 10:00:00,73.21,73.51,72.4,72.58,302243.0,-0.008605381778445506,0.004097800846878997,0.011064062286572711,3
13401,2023-03-08 11:00:00,72.57,73.4,72.57,73.36,308917.0,0.010886041063800556,0.011437233016398134,0.0,3
13402,2023-03-08 12:00:00,73.36,73.4,71.375,71.51,490722.0,-0.025218102508178766,0.0005452562704471954,0.027058342420937832,3
13403,2023-03-08 13:00:00,71.495,71.73,71.04,71.38,281129.0,-0.0016085040911953156,0.003286943142877116,0.006364081404293983,3
13404,2023-03-08 14:00:00,71.41,71.78,71.36,71.5594,281370.0,0.002092143957428931,0.005181347150259131,0.0007001820473322666,3
13405,2023-03-08 15:00:00,71.56,72.35,71.22,72.19,840282.0,0.008803801006148623,0.011039686975964115,0.004751257685858069,3
13406,2023-03-08 16:00:00,72.0,72.34,72.0,72.34,46314.0,0.00472222222222227,0.00472222222222227,0.0,3
13407,2023-03-08 17:00:00,72.37,72.37,72.2,72.2,655.0,-0.002349039657316591,0.0,0.002349039657316591,3
13408,2023-03-08 19:00:00,71.95,71.95,71.94,71.94,1490.0,-0.0001389854065323852,0.0,0.0001389854065323852,3
13409,2023-03-09 04:00:00,72.2,72.2,72.2,72.2,200.0,0.0,0.0,0.0,3
13410,2023-03-09 06:00:00,71.78,71.78,71.78,71.78,499.0,0.0,0.0,0.0,3
13411,2023-03-09 07:00:00,71.75,71.75,71.75,71.75,1037.0,0.0,0.0,0.0,3
13412,2023-03-09 08:00:00,71.9499,72.29,71.62,72.24,3832.0,0.004031972247355387,0.0047269002458656196,0.004585134934169401,3
13413,2023-03-09 09:00:00,72.13,72.13,70.77,71.325,354495.0,-0.011160404824622109,0.0,0.01885484541799528,3
13414,2023-03-09 10:00:00,71.34,71.79,70.61,71.005,544243.0,-0.004695822820297279,0.006307821698906684,0.010232688533781944,3
13415,2023-03-09 11:00:00,70.97,71.1,70.01,70.03,473419.0,-0.01324503311258275,0.0018317598985486184,0.013526842327744029,3
13416,2023-03-09 12:00:00,70.03,70.1606,69.5282,69.57,322818.0,-0.006568613451378095,0.0018649150364129824,0.007165500499785847,3
13417,2023-03-09 13:00:00,69.58,69.86,68.51,68.66,439063.0,-0.013222190284564554,0.004024144869215309,0.01537798217878691,3
13418,2023-03-09 14:00:00,68.6635,69.02,68.26,68.65,588079.0,-0.00019661100876001668,0.005191987009109599,0.005876484595163282,3
13419,2023-03-09 15:00:00,68.66,68.67,67.9,68.26,1230043.0,-0.005825808330905789,0.00014564520827272236,0.011069035828721104,3
13420,2023-03-09 16:00:00,68.25,68.3,67.88,68.3,16548.0,0.000732600732600691,0.000732600732600691,0.005421245421245488,3
13421,2023-03-09 17:00:00,68.25,68.3,68.08,68.3,6097.0,0.000732600732600691,0.000732600732600691,0.002490842490842516,3
13422,2023-03-09 18:00:00,68.3,68.3,68.08,68.08,250.0,-0.0032210834553440537,0.0,0.0032210834553440537,3
13423,2023-03-09 19:00:00,68.0801,68.09,67.88,67.88,2095.0,-0.0029391848719377053,0.00014541694268959353,0.0029391848719377053,3
13424,2023-03-10 04:00:00,67.35,67.35,67.35,67.35,200.0,0.0,0.0,0.0,3
13425,2023-03-10 05:00:00,67.25,67.35,67.25,67.35,700.0,0.0014869888475835585,0.0014869888475835585,0.0,3
13426,2023-03-10 07:00:00,68.0,68.0,68.0,68.0,100.0,0.0,0.0,0.0,3
13427,2023-03-10 08:00:00,68.0,69.24,68.0,68.7,84563.0,0.010294117647058865,0.018235294117646985,0.0,3
13428,2023-03-10 09:00:00,68.85,69.0,64.94,65.81,749195.0,-0.044153957879447966,0.0021786492374728495,0.056790123456790076,3
13429,2023-03-10 10:00:00,65.81,68.18,65.8,68.175,780715.0,0.035936787722230586,0.03601276401762657,0.00015195259079175074,3
13430,2023-03-10 11:00:00,68.18,68.88,67.28,67.37,895424.0,-0.011880316808448258,0.010266940451745213,0.013200352009386998,3
13431,2023-03-10 12:00:00,67.36,67.96,66.92,67.045,510002.0,-0.004676365795724432,0.008907363420427469,0.0065320665083135054,3
13432,2023-03-10 13:00:00,67.05,67.06,66.1,66.63,500850.0,-0.006263982102908303,0.00014914243102170195,0.01416853094705448,3
13433,2023-03-10 14:00:00,66.62,67.65,66.62,67.2,472641.0,0.008706094265986165,0.015460822575803078,0.0,3
13434,2023-03-10 15:00:00,67.22,67.36,66.51,66.87,907157.0,-0.0052067836953286865,0.002082713478131517,0.010562332639095414,3
13435,2023-03-10 16:00:00,66.28,66.86,66.28,66.812,38663.0,0.008026554013276954,0.008750754375377161,0.0,3
13436,2023-03-10 17:00:00,66.8,66.8,66.8,66.8,150.0,0.0,0.0,0.0,3
13437,2023-03-10 18:00:00,66.8,66.8,66.8,66.8,485.0,0.0,0.0,0.0,3
13438,2023-03-10 19:00:00,67.2,67.2,67.2,67.2,301.0,0.0,0.0,0.0,3
13439,2023-03-13 04:00:00,67.8,67.8,67.6,67.6,320.0,-0.0029498525073746733,0.0,0.0029498525073746733,3
13440,2023-03-13 05:00:00,67.0,67.0,66.44,66.6,4853.0,-0.005970149253731428,0.0,0.008358208955223915,3
13441,2023-03-13 06:00:00,66.6,66.6,65.97,66.6,7267.0,0.0,0.0,0.009459459459459392,3
13442,2023-03-13 07:00:00,67.25,67.38,66.6,66.72,4225.0,-0.007881040892193325,0.0019330855018586685,0.009665427509293764,3
13443,2023-03-13 08:00:00,66.112,69.05,65.2584,65.3,7295.0,-0.012282187802516905,0.04443973862536306,0.012911423039690225,3
13444,2023-03-13 09:00:00,65.3,65.848,63.08,64.97,918674.0,-0.00505359877488512,0.008392036753445664,0.03399693721286369,3
13445,2023-03-13 10:00:00,64.97,65.55,63.785,64.49,887612.0,-0.007388025242419639,0.008927197167923631,0.01823918731722337,3
13446,2023-03-13 11:00:00,64.53,65.61,64.275,65.04,976625.0,0.007903300790330157,0.01673640167364014,0.003951650395164969,3
13447,2023-03-13 12:00:00,65.06,65.38,63.92,64.26,411925.0,-0.012296341838303061,0.004918536735321137,0.017522287119581932,3
13448,2023-03-13 13:00:00,64.285,64.51,63.98,64.45,512907.0,0.0025666951855021587,0.0035000388893211254,0.004744497161079563,3
13449,2023-03-13 14:00:00,64.45,65.0,64.25,64.935,600012.0,0.0075252133436772605,0.008533747090767993,0.00310318076027933,3
13450,2023-03-13 15:00:00,64.935,65.1,64.12,64.22,1163178.0,-0.011011011011011063,0.0025410025410024183,0.012551012551012515,3
13451,2023-03-13 16:00:00,64.27,64.3,63.8,63.9242,53106.0,-0.005380426326435305,0.00046678076863235007,0.00731289870857319,3
13452,2023-03-13 17:00:00,63.94,64.18,63.81,63.81,1994.0,-0.0020331560838285183,0.0037535189239913842,0.0020331560838285183,3
13453,2023-03-13 18:00:00,64.21,64.25,64.11,64.25,2600.0,0.0006229559258683423,0.0006229559258683423,0.0015573898146705237,3
13454,2023-03-14 07:00:00,65.46,65.46,64.98,64.98,490.0,-0.007332722273143749,0.0,0.007332722273143749,3
13455,2023-03-14 08:00:00,64.25,65.62,64.25,65.31,7403.0,0.016498054474708205,0.02132295719844365,0.0,3
13456,2023-03-14 09:00:00,65.63,66.665,65.045,65.535,603031.0,-0.0014475087612372218,0.015770227030321667,0.008913606582355535,3
13457,2023-03-14 10:00:00,65.535,66.06,64.66,65.59,423785.0,0.0008392462043184073,0.00801098649576571,0.01335164415960937,3
13458,2023-03-14 11:00:00,65.6,66.39,65.575,66.3,363981.0,0.010670731707317117,0.012042682926829364,0.00038109756097547983,3
13459,2023-03-14 12:00:00,66.31,66.33,65.49,65.63,250653.0,-0.010254863519831198,0.0003016136329361487,0.012366158950384669,3
13460,2023-03-14 13:00:00,65.66,65.67,64.76,64.905,398246.0,-0.011498629302467187,0.00015229972586057138,0.013706975327444281,3
13461,2023-03-14 14:00:00,64.91,65.35,64.52,64.98,487917.0,0.0010784162686798243,0.006778616545986716,0.006008319211215538,3
13462,2023-03-14 15:00:00,64.99,65.06,64.24,64.56,1229028.0,-0.006616402523465036,0.0010770887828897892,0.011540236959532237,3
13463,2023-03-14 16:00:00,64.57,65.44,64.48,65.44,40658.0,0.013473749419235011,0.013473749419235011,0.0013938361468172403,3
13464,2023-03-14 17:00:00,65.19,65.19,65.19,65.19,200.0,0.0,0.0,0.0,3
13465,2023-03-14 18:00:00,64.57,64.57,64.57,64.57,175.0,0.0,0.0,0.0,3
13466,2023-03-14 19:00:00,64.98,65.0,64.57,64.57,3100.0,-0.006309633733456614,0.00030778701138805815,0.006309633733456614,3
13467,2023-03-15 05:00:00,64.5,64.5,64.5,64.5,100.0,0.0,0.0,0.0,3
13468,2023-03-15 06:00:00,63.15,63.15,61.89,61.89,6487.0,-0.019952494061757687,0.0,0.019952494061757687,3
13469,2023-03-15 07:00:00,62.64,62.86,62.18,62.77,8524.0,0.0020753512132822886,0.003512132822477632,0.0073435504469987365,3
13470,2023-03-15 08:00:00,62.75,62.998,62.1162,62.1162,15616.0,-0.010100398406374516,0.003952191235059722,0.010100398406374516,3
13471,2023-03-15 09:00:00,62.5,62.99,61.68,61.9775,740203.0,-0.008360000000000013,0.007840000000000031,0.013120000000000005,3
13472,2023-03-15 10:00:00,61.9775,62.4462,61.02,61.77,715184.0,-0.003347989189625203,0.007562421846637866,0.0154491549352587,3
13473,2023-03-15 11:00:00,61.8,61.9,61.32,61.58,563117.0,-0.003559870550161794,0.0016181229773463014,0.007766990291262085,3
13474,2023-03-15 12:00:00,61.6,61.67,60.51,60.57,719267.0,-0.01672077922077924,0.0011363636363636409,0.01769480519480525,3
13475,2023-03-15 13:00:00,60.56,61.58,60.24,61.58,603658.0,0.01684280052840152,0.01684280052840152,0.0052840158520475605,3
13476,2023-03-15 14:00:00,61.57,62.72,61.275,62.5,568369.0,0.015104758811109302,0.01867792756212439,0.004791294461588463,3
13477,2023-03-15 15:00:00,62.51,62.625,61.76,62.08,1405595.0,-0.00687889937609982,0.0018397056470964965,0.011998080307150856,3
13478,2023-03-15 16:00:00,62.06,62.15,61.65,61.75,66873.0,-0.004995165968417697,0.001450209474701842,0.00660650982919761,3
13479,2023-03-15 17:00:00,62.06,62.06,62.0,62.0,288.0,-0.0009668063164679708,0.0,0.0009668063164679708,3
13480,2023-03-15 18:00:00,62.06,62.06,62.0599,62.06,6004.0,0.0,0.0,1.6113438608333815e-06,3
13481,2023-03-15 19:00:00,62.06,62.06,62.06,62.06,432.0,0.0,0.0,0.0,3
13482,2023-03-16 04:00:00,62.14,62.14,62.14,62.14,100.0,0.0,0.0,0.0,3
13483,2023-03-16 07:00:00,61.75,61.75,61.5,61.75,1501.0,0.0,0.0,0.004048582995951417,3
13484,2023-03-16 08:00:00,61.5624,62.4,61.5624,61.61,1165.0,0.0007731992255013248,0.013605707379829277,0.0,3
13485,2023-03-16 09:00:00,61.6,62.29,60.35,62.26,524462.0,0.010714285714285659,0.011201298701298663,0.020292207792207792,3
13486,2023-03-16 10:00:00,62.26,62.66,60.45,62.585,651898.0,0.005220044972695195,0.006424670735624777,0.02907163507870214,3
13487,2023-03-16 11:00:00,62.57,64.49,62.47,64.125,545497.0,0.02485216557455649,0.03068563209205681,0.0015982100047946528,3
13488,2023-03-16 12:00:00,64.13,64.455,63.56,64.44,475812.0,0.004833931077498866,0.005067830968345593,0.008888195852175164,3
13489,2023-03-16 13:00:00,64.46,64.77,64.175,64.5,367229.0,0.0006205398696867245,0.004809183990071398,0.004421346571517167,3
13490,2023-03-16 14:00:00,64.48,64.54,63.82,64.4501,493404.0,-0.00046370967741932097,0.0009305210918114496,0.010235732009925615,3
13491,2023-03-16 15:00:00,64.47,65.25,64.41,64.9,1260695.0,0.006669768884752704,0.012098650535132637,0.0009306654257794676,3
13492,2023-03-16 16:00:00,65.0,65.0,64.77,64.8,55901.0,-0.0030769230769231207,0.0,0.0035384615384615997,3
13493,2023-03-16 17:00:00,64.7105,65.04,64.68,64.77,2339.0,0.0009194798371207129,0.005091909350105626,0.0004713300005407054,3
13494,2023-03-16 18:00:00,64.68,64.68,64.68,64.68,100.0,0.0,0.0,0.0,3
13495,2023-03-17 05:00:00,64.87,64.87,64.78,64.78,305.0,-0.0013873901649453276,0.0,0.0013873901649453276,3
13496,2023-03-17 07:00:00,64.77,64.9,64.61,64.61,1313.0,-0.00247027945036277,0.0020071020534199423,0.00247027945036277,3
13497,2023-03-17 08:00:00,65.443,65.443,63.71,63.71,10539.0,-0.026481059853613022,0.0,0.026481059853613022,3
13498,2023-03-17 09:00:00,64.11,64.49,63.2707,64.17,489342.0,0.0009358914365933907,0.005927312431757845,0.013091561378880073,3
13499,2023-03-17 10:00:00,64.18,64.77,63.27,63.39,620349.0,-0.012309130570271208,0.009192894982860534,0.014178871922717414,3
13500,2023-03-17 11:00:00,63.37,63.575,62.73,62.85,414943.0,-0.008205775603597854,0.0032349692283415716,0.010099416127505138,3
13501,2023-03-17 12:00:00,62.85,62.98,62.12,62.385,512262.0,-0.007398568019093133,0.0020684168655528312,0.011614956245027907,3
13502,2023-03-17 13:00:00,62.4,62.77,62.21,62.49,302663.0,0.001442307692307747,0.005929487179487252,0.0030448717948717585,3
13503,2023-03-17 14:00:00,62.52,62.58,61.94,62.24,392154.0,-0.004478566858605264,0.0009596928982724754,0.009277031349968096,3
13504,2023-03-17 15:00:00,62.25,62.47,61.76,61.9,1052761.0,-0.00562248995983938,0.0035341365461847205,0.007871485943775132,3
13505,2023-03-17 16:00:00,61.88,63.0459,61.58,61.77,144890.0,-0.0017776341305752977,0.018841305753070466,0.00484809308338727,3
13506,2023-03-17 17:00:00,62.0,62.0,61.88,62.0,1110.0,0.0,0.0,0.0019354838709677007,3
13507,2023-03-17 18:00:00,61.88,61.88,61.88,61.88,198.0,0.0,0.0,0.0,3
13508,2023-03-17 19:00:00,61.89,61.99,61.82,61.9201,1597.0,0.00048634674422357976,0.0016157699143642176,0.0011310389400549408,3
13509,2023-03-20 04:00:00,61.24,61.24,60.99,61.05,850.0,-0.003102547354670229,0.0,0.004082299150881777,3
13510,2023-03-20 05:00:00,61.1,61.8,61.1,61.8,1321.0,0.011456628477905004,0.011456628477905004,0.0,3
13511,2023-03-20 06:00:00,62.0,62.44,62.0,62.12,1106.0,0.0019354838709677007,0.00709677419354835,0.0,3
13512,2023-03-20 07:00:00,62.2,62.2,61.98,62.1,1668.0,-0.0016077170418006658,0.0,0.0035369774919615108,3
13513,2023-03-20 08:00:00,62.1672,62.43,62.16,62.43,720.0,0.004227309578041131,0.004227309578041131,0.00011581670076832374,3
13514,2023-03-20 09:00:00,62.54,62.96,61.56,62.44,369743.0,-0.0015989766549408607,0.006715701950751546,0.01566997121842016,3
13515,2023-03-20 10:00:00,62.45,62.94,61.93,62.38,581284.0,-0.0011208967173739037,0.007846277021617212,0.0083266613290633,3
13516,2023-03-20 11:00:00,62.37,62.77,61.73,61.75,404686.0,-0.009940676607343234,0.006413339746673172,0.010261343594676937,3
13517,2023-03-20 12:00:00,61.745,61.99,61.09,61.99,468944.0,0.003967932626123646,0.003967932626123646,0.010608146408615985,3
13518,2023-03-20 13:00:00,61.99,62.01,61.3601,61.42,278032.0,-0.009195031456686566,0.0003226326826906924,0.010161316341345365,3
13519,2023-03-20 14:00:00,61.41,61.7899,61.21,61.61,395925.0,0.003256798567008677,0.006186288878032998,0.003256798567008561,3
13520,2023-03-20 15:00:00,61.57,61.77,61.31,61.34,873545.0,-0.0037355855124248313,0.003248335228195596,0.004222835796654182,3
13521,2023-03-20 16:00:00,61.5,61.5,61.2,61.5,56488.0,0.0,0.0,0.004878048780487759,3
13522,2023-03-20 18:00:00,61.35,61.36,61.33,61.33,1750.0,-0.0003259983700082009,0.00016299918500404254,0.0003259983700082009,3
13523,2023-03-20 19:00:00,61.32,61.32,61.3,61.3,498.0,-0.00032615786040448674,0.0,0.00032615786040448674,3
13524,2023-03-21 06:00:00,62.45,62.55,62.45,62.55,1170.0,0.0016012810248197647,0.0016012810248197647,0.0,3
13525,2023-03-21 07:00:00,62.47,62.6,62.37,62.6,2689.0,0.002080998879462183,0.002080998879462183,0.001600768368817055,3
13526,2023-03-21 08:00:00,62.3,63.1,62.3,63.1,12835.0,0.012841091492776955,0.012841091492776955,0.0,3
13527,2023-03-21 09:00:00,63.1,64.0994,62.7,63.9716,482781.0,0.01381299524564185,0.015838351822503982,0.006339144215530881,3
13528,2023-03-21 10:00:00,64.0,64.29,63.03,63.185,856176.0,-0.012734374999999964,0.004531250000000098,0.015156249999999982,3
13529,2023-03-21 11:00:00,63.18,63.655,63.12,63.31,363698.0,0.0020576131687243203,0.00751820196264643,0.000949667616334319,3
13530,2023-03-21 12:00:00,63.29,63.965,63.29,63.73,660976.0,0.006952125138252453,0.01066519197345559,0.0,3
13531,2023-03-21 13:00:00,63.74,63.94,63.43,63.59,393903.0,-0.0023533103231879286,0.003137747097583868,0.004863508001255135,3
13532,2023-03-21 14:00:00,63.575,63.73,63.36,63.71,359293.0,0.002123476209201699,0.002438065277231522,0.0033818324813213274,3
13533,2023-03-21 15:00:00,63.69,63.8,63.32,63.41,693901.0,-0.004396294551734984,0.0017271157167530135,0.005809389229078308,3
13534,2023-03-21 16:00:00,63.39,63.49,63.39,63.39,42034.0,0.0,0.0015775358889414959,0.0,3
13535,2023-03-21 17:00:00,63.3016,63.3016,63.3016,63.3016,130.0,0.0,0.0,0.0,3
13536,2023-03-21 18:00:00,63.45,63.45,63.45,63.45,200.0,0.0,0.0,0.0,3
13537,2023-03-21 19:00:00,63.5,63.5,63.4,63.4,343.0,-0.0015748031496063215,0.0,0.0015748031496063215,3
13538,2023-03-22 07:00:00,63.76,63.76,63.76,63.76,674.0,0.0,0.0,0.0,3
13539,2023-03-22 08:00:00,63.5,63.8,63.49,63.8,1340.0,0.0047244094488188525,0.0047244094488188525,0.00015748031496059858,3
13540,2023-03-22 09:00:00,63.42,63.42,62.04,62.04,449804.0,-0.02175969725638604,0.0,0.02175969725638604,3
13541,2023-03-22 10:00:00,62.0,62.5799,61.76,61.79,559161.0,-0.003387096774193562,0.009353225806451647,0.003870967741935516,3
13542,2023-03-22 11:00:00,61.79,62.43,61.7,62.295,341561.0,0.00817284350218486,0.01035766305227384,0.0014565463667259478,3
13543,2023-03-22 12:00:00,62.295,62.54,62.11,62.25,310492.0,-0.0007223693715386741,0.003932899911710369,0.0029697407496589176,3
13544,2023-03-22 13:00:00,62.25,62.435,62.0638,62.305,315602.0,0.0008835341365461801,0.0029718875502008396,0.00299116465863453,3
13545,2023-03-22 14:00:00,62.32,63.59,62.12,62.68,1030948.0,0.005776636713735549,0.020378690629011605,0.0032092426187420226,3
13546,2023-03-22 15:00:00,62.6938,62.81,60.71,60.74,1097568.0,-0.03116416615359096,0.0018534528135158372,0.03164268237050557,3
13547,2023-03-22 16:00:00,62.19,62.19,60.75,60.88,21938.0,-0.02106447981990666,0.0,0.02315484804630966,3
13548,2023-03-22 17:00:00,60.88,61.0,60.78,61.0,1818.0,0.0019710906701707856,0.0019710906701707856,0.0016425755584757132,3
13549,2023-03-22 18:00:00,60.99,61.0,60.83,60.97,1548.0,-0.00032792261026402895,0.00016396130513195623,0.002623380882111882,3
13550,2023-03-22 19:00:00,60.97,61.2,60.97,61.2,2722.0,0.003772347055929211,0.003772347055929211,0.0,3
13551,2023-03-23 05:00:00,61.5,61.5,61.5,61.5,100.0,0.0,0.0,0.0,3
13552,2023-03-23 06:00:00,61.18,61.18,61.0,61.0,764.0,-0.0029421379535795964,0.0,0.0029421379535795964,3
13553,2023-03-23 07:00:00,61.3,61.45,61.2,61.45,2560.0,0.0024469820554650196,0.0024469820554650196,0.0016313213703098583,3
13554,2023-03-23 08:00:00,61.2118,61.7828,61.1986,61.5,11866.0,0.004708242528401441,0.009328266772093046,0.00021564469595727718,3
13555,2023-03-23 09:00:00,61.5,62.33,60.29,61.7138,652488.0,0.0034764227642276276,0.013495934959349566,0.019674796747967495,3
13556,2023-03-23 10:00:00,61.77,62.52,61.45,62.2,518968.0,0.006961308078355184,0.012141816415735793,0.00518050833738061,3
13557,2023-03-23 11:00:00,62.21,62.535,61.94,61.945,467940.0,-0.00425976531104325,0.0052242404758076795,0.004340138241440333,3
13558,2023-03-23 12:00:00,61.95,62.1699,61.51,61.64,220380.0,-0.005004035512510125,0.00354963680387402,0.007102502017756333,3
13559,2023-03-23 13:00:00,61.64,61.91,61.0401,61.495,372080.0,-0.002352368591823542,0.004380272550291954,0.009732316677482124,3
13560,2023-03-23 14:00:00,61.52,61.72,60.74,61.25,588921.0,-0.004388816644993548,0.003250975292587707,0.012678803641092345,3
13561,2023-03-23 15:00:00,61.29,61.895,60.86,61.73,1174167.0,0.007178985152553398,0.009871104584761037,0.007015826399086307,3
13562,2023-03-23 16:00:00,62.25,62.25,60.91,61.96,37161.0,-0.004658634538152597,0.0,0.02152610441767074,3
13563,2023-03-23 19:00:00,61.99,61.99,61.99,61.99,650.0,0.0,0.0,0.0,3
13564,2023-03-24 06:00:00,60.69,60.7,60.69,60.7,1000.0,0.00016477179106945321,0.00016477179106945321,0.0,3
13565,2023-03-24 07:00:00,61.26,61.47,61.0,61.02,3228.0,-0.003917727717923521,0.0034280117531831676,0.004244205027750539,3
13566,2023-03-24 08:00:00,61.0198,61.31,60.66,61.01,6187.0,-0.0001606036073536537,0.0047558333524529055,0.005896446727127915,3
13567,2023-03-24 09:00:00,61.19,61.3,60.201,60.835,307140.0,-0.0058016015688837535,0.0017976793593724374,0.016162771694721315,3
13568,2023-03-24 10:00:00,60.81,61.34,59.69,60.015,703184.0,-0.01307350764676865,0.008715671764512434,0.01841802335142254,3
13569,2023-03-24 11:00:00,59.98,60.27,59.53,60.19,498021.0,0.0035011670556852428,0.004834944981660658,0.007502500833611133,3
13570,2023-03-24 12:00:00,60.15,60.305,59.81,60.15,225612.0,0.0,0.0025768911055694286,0.0056525353283457406,3
13571,2023-03-24 13:00:00,60.16,60.44,59.99,60.24,237491.0,0.001329787234042643,0.004654255319148955,0.002825797872340336,3
13572,2023-03-24 14:00:00,60.27,60.97,60.21,60.65,546681.0,0.006304961008793686,0.011614401858304226,0.0009955201592832632,3
13573,2023-03-24 15:00:00,60.66,60.87,60.24,60.85,1172088.0,0.003132212331025467,0.003461918892185969,0.0069238377843718205,3
13574,2023-03-24 16:00:00,60.85,61.0,60.85,60.85,24894.0,0.0,0.0024650780608052353,0.0,3
13575,2023-03-24 17:00:00,60.55,60.6368,60.55,60.6368,500.0,0.001433526011560756,0.001433526011560756,0.0,3
13576,2023-03-24 19:00:00,60.82,60.82,60.82,60.82,290.0,0.0,0.0,0.0,3
13577,2023-03-27 06:00:00,61.59,61.59,61.59,61.59,101.0,0.0,0.0,0.0,3
13578,2023-03-27 07:00:00,61.4,61.4,61.4,61.4,100.0,0.0,0.0,0.0,3
13579,2023-03-27 08:00:00,61.75,61.75,61.61,61.72,3010.0,-0.00048582995951418844,0.0,0.002267206477732803,3
13580,2023-03-27 09:00:00,61.72,63.5,60.845,61.69,670562.0,-0.0004860661049902971,0.02883992222942322,0.014176928062216461,3
13581,2023-03-27 10:00:00,61.64,62.05,60.565,60.82,668106.0,-0.013303049967553542,0.006651524983776713,0.017439974042829376,3
13582,2023-03-27 11:00:00,60.84,60.89,60.095,60.285,405581.0,-0.009122287968441925,0.0008218277449046212,0.012245233399079626,3
13583,2023-03-27 12:00:00,60.29,60.62,60.21,60.32,232706.0,0.0004975949577044475,0.005473544534748687,0.0013269198872117812,3
13584,2023-03-27 13:00:00,60.34,60.8899,60.28,60.58,308531.0,0.003977461054027094,0.009113357640039671,0.0009943652635068325,3
13585,2023-03-27 14:00:00,60.61,60.95,60.41,60.7,293721.0,0.0014849034812737735,0.005609635373700766,0.0032997855139416405,3
13586,2023-03-27 15:00:00,60.695,60.885,60.31,60.5,808642.0,-0.003212785237663733,0.0031304061290056465,0.0063431913666693795,3
13587,2023-03-27 16:00:00,60.49,60.51,60.49,60.51,40959.0,0.0003306331625061336,0.0003306331625061336,0.0,3
13588,2023-03-27 17:00:00,60.51,60.51,60.51,60.51,200.0,0.0,0.0,0.0,3
13589,2023-03-27 18:00:00,60.58,60.58,60.58,60.58,125.0,0.0,0.0,0.0,3
13590,2023-03-27 19:00:00,60.51,60.58,60.51,60.58,950.0,0.0011568335812262482,0.0011568335812262482,0.0,3
13591,2023-03-28 07:00:00,60.51,60.76,60.47,60.52,2738.0,0.0001652619401752622,0.0041315485043794415,0.0006610477607006966,3
13592,2023-03-28 08:00:00,60.77,60.77,60.3121,60.41,3426.0,-0.005923975645878008,0.0,0.00753496791179862,3
13593,2023-03-28 09:00:00,60.48,62.8105,60.48,61.81,484661.0,0.02199074074074083,0.03853339947089948,0.0,3
13594,2023-03-28 10:00:00,61.805,62.57,61.3,62.54,616906.0,0.011892241728015524,0.012377639349567196,0.008170859962786223,3
13595,2023-03-28 11:00:00,62.51,62.51,61.61,61.86,355603.0,-0.010398336266197386,0.0,0.014397696368581004,3
13596,2023-03-28 12:00:00,61.885,62.1,61.46,61.76,272973.0,-0.002019875575664539,0.0034741859901430625,0.0068675769572593874,3
13597,2023-03-28 13:00:00,61.77,61.77,61.01,61.43,194257.0,-0.005504290108466948,0.0,0.01230370730127902,3
13598,2023-03-28 14:00:00,61.41,61.88,61.34,61.84,223998.0,0.007002116919068667,0.007653476632470379,0.0011398794984529097,3
13599,2023-03-28 15:00:00,61.835,62.09,61.65,61.88,511600.0,0.0007277431875151889,0.004123878062585956,0.002991833104229033,3
13600,2023-03-28 16:00:00,61.87,62.1,61.87,62.1,32799.0,0.0037174721189591723,0.0037174721189591723,0.0,3
13601,2023-03-28 19:00:00,62.2,62.2,62.2,62.2,100.0,0.0,0.0,0.0,3
13602,2023-03-29 05:00:00,62.5,62.5,62.5,62.5,777.0,0.0,0.0,0.0,3
13603,2023-03-29 06:00:00,63.0,63.02,62.98,63.02,1853.0,0.00031746031746036706,0.00031746031746036706,0.00031746031746036706,3
13604,2023-03-29 07:00:00,62.73,62.77,62.72,62.75,4010.0,0.00031882671767899135,0.0006376534353579827,0.00015941335883943905,3
13605,2023-03-29 08:00:00,62.85,62.9176,62.3823,62.75,15239.0,-0.0015910898965791793,0.0010755767700874905,0.007441527446300726,3
13606,2023-03-29 09:00:00,62.76,63.9,62.69,63.19,435040.0,0.006851497769279792,0.018164435946462724,0.0011153601019757854,3
13607,2023-03-29 10:00:00,63.2,63.7,62.665,62.86,402655.0,-0.005379746835443092,0.00791139240506329,0.008465189873417779,3
13608,2023-03-29 11:00:00,62.86,63.91,62.8515,63.905,434794.0,0.016624244352529457,0.016703786191536705,0.00013522112631240778,3
13609,2023-03-29 12:00:00,63.9,63.97,63.18,63.23,255431.0,-0.010485133020344315,0.001095461658841945,0.0112676056338028,3
13610,2023-03-29 13:00:00,63.225,63.735,63.08,63.56,265116.0,0.005298536971134849,0.008066429418742554,0.002293396599446471,3
13611,2023-03-29 14:00:00,63.56,63.7914,63.45,63.52,300456.0,-0.0006293266205160344,0.003640654499685348,0.0017306482064191225,3
13612,2023-03-29 15:00:00,63.53,64.195,63.43,64.12,1660511.0,0.009286951046749621,0.01046749567133625,0.0015740594994491015,3
13613,2023-03-29 16:00:00,64.15,64.15,64.14,64.14,50598.0,-0.00015588464536251155,0.0,0.00015588464536251155,3
13614,2023-03-29 17:00:00,64.13,64.13,64.04,64.04,2632.0,-0.0014033993450801373,0.0,0.0014033993450801373,3
13615,2023-03-29 18:00:00,64.25,64.25,64.04,64.04,345.0,-0.0032684824902722764,0.0,0.0032684824902722764,3
13616,2023-03-29 19:00:00,64.14,64.14,64.14,64.14,200.0,0.0,0.0,0.0,3
13617,2023-03-30 04:00:00,64.95,64.95,64.95,64.95,640.0,0.0,0.0,0.0,3
13618,2023-03-30 06:00:00,65.49,65.5,65.49,65.5,2065.0,0.00015269506794938337,0.00015269506794938337,0.0,3
13619,2023-03-30 07:00:00,65.37,65.51,64.55,64.6,2484.0,-0.011779103564326298,0.0021416551935138526,0.012543980419152629,3
13620,2023-03-30 08:00:00,64.85,65.35,64.5004,65.35,14823.0,0.007710100231303007,0.007710100231303007,0.005390902081726989,3
13621,2023-03-30 09:00:00,65.23,65.5796,64.43,65.235,424114.0,7.665184730945043e-05,0.005359497163881576,0.012264295569523182,3
13622,2023-03-30 10:00:00,65.3,65.47,64.44,65.26,506448.0,-0.0006125574272586836,0.0026033690658499495,0.01316998468606431,3
13623,2023-03-30 11:00:00,65.245,65.365,64.85,65.32,197194.0,0.0011495133726720612,0.0018392213962754285,0.006054103762740596,3
13624,2023-03-30 12:00:00,65.31,65.32,64.77,64.78,248037.0,-0.008115143163374692,0.00015311590874277913,0.008268259072117689,3
13625,2023-03-30 13:00:00,64.75,65.02,64.43,64.56,226253.0,-0.0029343629343628994,0.004169884169884108,0.004942084942084837,3
13626,2023-03-30 14:00:00,64.57,64.875,64.53,64.73,179797.0,0.0024779309276755585,0.00472355583088132,0.0006194827319187246,3
13627,2023-03-30 15:00:00,64.74,64.79,64.51,64.72,631199.0,-0.00030892801977133185,0.0007723200494286588,0.003552672227370865,3
13628,2023-03-30 16:00:00,64.6,64.72,64.59,64.59,62971.0,-0.00015479876160976635,0.001857585139318956,0.00015479876160976635,3
13629,2023-03-30 17:00:00,64.72,64.72,64.6,64.6,900.0,-0.0018541409147095882,0.0,0.0018541409147095882,3
13630,2023-03-30 18:00:00,64.62,64.62,64.52,64.52,650.0,-0.001547508511296944,0.0,0.001547508511296944,3
13631,2023-03-30 19:00:00,64.81,64.81,64.81,64.81,200.0,0.0,0.0,0.0,3
13632,2023-03-31 08:00:00,65.0,65.01,64.8002,65.01,6275.0,0.00015384615384623256,0.00015384615384623256,0.0030738461538460955,3
13633,2023-03-31 09:00:00,65.1,65.65,64.82,65.38,305836.0,0.0043010752688172225,0.008448540706605398,0.0043010752688172225,3
13634,2023-03-31 10:00:00,65.35,65.65,65.08,65.32,304841.0,-0.000459066564651892,0.00459066564651892,0.00413159908186681,3
13635,2023-03-31 11:00:00,65.29,65.5,65.19,65.33,175659.0,0.0006126512482767964,0.0032164190534537253,0.0015316281206924263,3
13636,2023-03-31 12:00:00,65.34,65.6399,65.29,65.4214,200656.0,0.0012457912457912784,0.004589837771655859,0.0007652280379552671,3
13637,2023-03-31 13:00:00,65.43,65.44,65.03,65.11,188210.0,-0.004890722909980244,0.00015283509093674008,0.00611340363747525,3
13638,2023-03-31 14:00:00,65.12,65.235,64.84,64.88,206158.0,-0.003685503685503825,0.0017659705159704373,0.004299754299754317,3
13639,2023-03-31 15:00:00,64.89,65.36,64.78,65.29,552934.0,0.006164278008938291,0.007243026660502371,0.0016951764524579971,3
13640,2023-03-31 16:00:00,64.72,65.32,64.72,65.01,87561.0,0.004480840543881432,0.009270704573547502,0.0,3
13641,2023-03-31 17:00:00,65.05,65.3,65.05,65.3,357.0,0.0038431975403535744,0.0038431975403535744,0.0,3
13642,2023-03-31 18:00:00,65.33,65.33,65.32,65.32,274.0,-0.00015306903413447293,0.0,0.00015306903413447293,3
13643,2023-04-03 04:00:00,64.91,64.91,64.91,64.91,200.0,0.0,0.0,0.0,4
13644,2023-04-03 05:00:00,64.89,64.89,64.89,64.89,100.0,0.0,0.0,0.0,4
13645,2023-04-03 06:00:00,63.99,63.99,63.99,63.99,200.0,0.0,0.0,0.0,4
13646,2023-04-03 07:00:00,64.5,64.5,64.2,64.49,9712.0,-0.0001550387596900018,0.0,0.00465116279069763,4
13647,2023-04-03 08:00:00,64.46,64.8,63.99,63.99,11741.0,-0.007291343468817745,0.005274588892336386,0.007291343468817745,4
13648,2023-04-03 09:00:00,64.11,65.3,63.94,64.4,265215.0,0.004523475276867981,0.018561846825768176,0.0026516924036811998,4
13649,2023-04-03 10:00:00,64.38,64.485,63.66,63.66,403001.0,-0.011183597390493925,0.001630941286113762,0.011183597390493925,4
13650,2023-04-03 11:00:00,63.66,64.61,63.66,64.51,226968.0,0.013352183474709529,0.014923028589381132,0.0,4
13651,2023-04-03 12:00:00,64.51,64.57,64.11,64.17,136517.0,-0.0052705006975663216,0.0009300883583938624,0.006200589055960404,4
13652,2023-04-03 13:00:00,64.16,64.38,63.82,63.98,186290.0,-0.0028054862842892725,0.0034289276807979874,0.005299251870324132,4
13653,2023-04-03 14:00:00,63.97,64.17,63.94,64.01,215604.0,0.0006252931061436026,0.003126465530717568,0.0004689698296076464,4
13654,2023-04-03 15:00:00,64.015,64.3,63.8389,64.24,619355.0,0.0035148012184643336,0.004452081543388215,0.002750917753651459,4
13655,2023-04-03 16:00:00,64.25,64.42,64.2,64.42,98188.0,0.002645914396887186,0.002645914396887186,0.0007782101167314732,4
13656,2023-04-03 17:00:00,64.26,64.26,64.25,64.25,602.0,-0.0001556178026767058,0.0,0.0001556178026767058,4
13657,2023-04-04 04:00:00,65.03,65.99,65.03,65.99,600.0,0.014762417345840285,0.014762417345840285,0.0,4
13658,2023-04-04 07:00:00,64.65,64.82,64.65,64.8,2250.0,0.002320185614849056,0.002629543696828886,0.0,4
13659,2023-04-04 08:00:00,64.7,65.0,64.6,64.6,2436.0,-0.0015455950540959587,0.004636785162287436,0.0015455950540959587,4
13660,2023-04-04 09:00:00,64.7,64.95,63.04,63.53,180850.0,-0.0180834621329212,0.0038639876352395673,0.025656877897990784,4
13661,2023-04-04 10:00:00,63.555,63.785,62.71,62.74,374690.0,-0.012823538667296007,0.0036189127527338034,0.013295570765478701,4
13662,2023-04-04 11:00:00,62.72,62.75,62.06,62.2901,433975.0,-0.006854272959183616,0.0004783163265306304,0.010522959183673415,4
13663,2023-04-04 12:00:00,62.32,62.76,62.205,62.55,196534.0,0.003690629011553223,0.007060333761232313,0.0018453145057766686,4
13664,2023-04-04 13:00:00,62.53,63.82,62.48,63.795,260615.0,0.0202302894610587,0.02063009755317446,0.0007996161842316371,4
13665,2023-04-04 14:00:00,63.7846,63.865,63.53,63.785,279586.0,6.271106191762083e-06,0.0012604923445471866,0.0039915590910658124,4
13666,2023-04-04 15:00:00,63.75,63.935,63.52,63.81,640360.0,0.000941176470588271,0.002901960784313761,0.003607843137254853,4
13667,2023-04-04 16:00:00,63.8,63.92,63.21,63.7,30087.0,-0.001567398119122168,0.0018808777429467798,0.00924764890282126,4
13668,2023-04-04 17:00:00,63.83,63.9,63.57,63.6505,3755.0,-0.0028121572928089824,0.0010966630111233007,0.004073319755600784,4
13669,2023-04-04 18:00:00,63.7,63.9,63.7,63.9,3915.0,0.003139717425431644,0.003139717425431644,0.0,4
13670,2023-04-04 19:00:00,63.8999,63.9,63.8999,63.9,1000.0,1.5649476759152084e-06,1.5649476759152084e-06,0.0,4
13671,2023-04-05 08:00:00,63.45,63.45,63.45,63.45,100.0,0.0,0.0,0.0,4
13672,2023-04-05 09:00:00,63.25,63.97,62.77,63.8,153392.0,0.008695652173912998,0.011383399209486148,0.007588932806324061,4
13673,2023-04-05 10:00:00,63.81,63.82,61.89,61.89,575639.0,-0.030089327691584417,0.0001567152483936375,0.030089327691584417,4
13674,2023-04-05 11:00:00,61.89,62.395,61.8691,62.39,345826.0,0.008078849571820973,0.008159638067539225,0.0003376959121020759,4
13675,2023-04-05 12:00:00,62.4,62.58,61.98,62.24,143536.0,-0.0025641025641025095,0.00288461538461538,0.006730769230769258,4
13676,2023-04-05 13:00:00,62.25,62.7,62.14,62.38,151492.0,0.0020883534136546594,0.007228915662650648,0.0017670682730923603,4
13677,2023-04-05 14:00:00,62.37,62.52,61.9437,62.08,268326.0,-0.00464967131633797,0.0024050024050024962,0.006835016835016798,4
13678,2023-04-05 15:00:00,62.07,62.07,61.75,61.99,718691.0,-0.0012888674077653987,0.0,0.005155469631061709,4
13679,2023-04-05 16:00:00,61.99,62.02,61.99,62.02,37664.0,0.0004839490240361532,0.0004839490240361532,0.0,4
13680,2023-04-05 17:00:00,61.83,62.01,61.83,62.01,2076.0,0.0029112081513828192,0.0029112081513828192,0.0,4
13681,2023-04-06 07:00:00,62.02,62.3,62.02,62.3,309.0,0.004514672686230152,0.004514672686230152,0.0,4
13682,2023-04-06 08:00:00,62.6082,62.61,62.0,62.09,6181.0,-0.008276871080784835,2.8750227606015033e-05,0.009714382461083318,4
13683,2023-04-06 09:00:00,62.0,62.4,61.2,61.25,222999.0,-0.012096774193548387,0.006451612903225784,0.012903225806451568,4
13684,2023-04-06 10:00:00,61.3,61.57,60.71,60.84,543705.0,-0.0075040783034256734,0.004404567699836919,0.00962479608482865,4
13685,2023-04-06 11:00:00,60.845,61.632,60.76,61.6,413304.0,0.012408579176596312,0.012934505711233446,0.0013969923576300576,4
13686,2023-04-06 12:00:00,61.6,62.05,61.55,61.7,446636.0,0.0016233766233766465,0.007305194805194736,0.0008116883116883809,4
13687,2023-04-06 13:00:00,61.69,61.96,61.42,61.435,338510.0,-0.00413357108121244,0.00437672232128389,0.004376722321283774,4
13688,2023-04-06 14:00:00,61.43,61.44,61.05,61.06,273613.0,-0.006023115741494342,0.00016278691193224827,0.006185902653426706,4
13689,2023-04-06 15:00:00,61.05,61.4,61.03,61.28,608106.0,0.0037674037674038327,0.005733005733005756,0.00032760032760026245,4
13690,2023-04-06 16:00:00,61.28,61.28,61.05,61.05,24928.0,-0.0037532637075718663,0.0,0.0037532637075718663,4
13691,2023-04-06 17:00:00,61.25,61.25,61.1,61.1,400.0,-0.0024489795918367116,0.0,0.0024489795918367116,4
13692,2023-04-06 18:00:00,61.25,61.25,61.25,61.25,200.0,0.0,0.0,0.0,4
13693,2023-04-06 19:00:00,61.25,61.25,61.25,61.25,964.0,0.0,0.0,0.0,4
13694,2023-04-10 07:00:00,61.39,61.39,61.39,61.39,1984.0,0.0,0.0,0.0,4
13695,2023-04-10 08:00:00,61.0,61.0,60.8,60.8,877.0,-0.0032786885245902103,0.0,0.0032786885245902103,4
13696,2023-04-10 09:00:00,60.8,61.94,60.55,61.73,270086.0,0.015296052631578943,0.01875000000000001,0.004111842105263158,4
13697,2023-04-10 10:00:00,61.72,61.97,61.4,61.7,458419.0,-0.00032404406999345467,0.004050550874918989,0.00518470511989631,4
13698,2023-04-10 11:00:00,61.715,61.86,61.45,61.45,210933.0,-0.004293931783196963,0.0023495098436360044,0.004293931783196963,4
13699,2023-04-10 12:00:00,61.4595,61.645,61.23,61.58,178677.0,0.001960640747158695,0.003018247789194586,0.003734166402264932,4
13700,2023-04-10 13:00:00,61.6,61.86,61.5,61.605,183060.0,8.116883116875735e-05,0.004220779220779188,0.0016233766233766465,4
13701,2023-04-10 14:00:00,61.6,62.09,61.46,62.07,305448.0,0.007629870129870112,0.007954545454545487,0.0022727272727272817,4
13702,2023-04-10 15:00:00,62.07,62.46,62.07,62.35,571422.0,0.00451103592717901,0.006283228612856462,0.0,4
13703,2023-04-10 16:00:00,62.35,62.39,62.3,62.31,268394.0,-0.0006415396952686311,0.0006415396952686311,0.0008019246190858743,4
13704,2023-04-10 17:00:00,62.35,62.35,62.31,62.31,1840.0,-0.0006415396952686311,0.0,0.0006415396952686311,4
13705,2023-04-10 18:00:00,62.32,62.32,62.32,62.32,100.0,0.0,0.0,0.0,4
13706,2023-04-11 07:00:00,62.5,62.5,62.5,62.5,100.0,0.0,0.0,0.0,4
13707,2023-04-11 08:00:00,62.37,62.63,62.37,62.63,640.0,0.004168670835337584,0.004168670835337584,0.0,4
13708,2023-04-11 09:00:00,62.41,62.97,61.81,61.92,164720.0,-0.007851305880467792,0.008972921006249036,0.009613843935266694,4
13709,2023-04-11 10:00:00,61.905,62.86,61.905,62.513,235018.0,0.009821500686535771,0.015426863742831731,0.0,4
13710,2023-04-11 11:00:00,62.53,63.49,62.53,63.37,255932.0,0.013433551895090297,0.015352630737246135,0.0,4
13711,2023-04-11 12:00:00,63.38,63.61,63.19,63.19,232923.0,-0.0029977911012938597,0.003628905017355583,0.0029977911012938597,4
13712,2023-04-11 13:00:00,63.22,63.37,63.15,63.27,153842.0,0.0007908889591901971,0.0023726668775703665,0.001107244542866186,4
13713,2023-04-11 14:00:00,63.275,63.375,63.0,63.34,367531.0,0.0010272619517977847,0.0015804030027657277,0.004346108257605667,4
13714,2023-04-11 15:00:00,63.34,63.63,63.27,63.43,793013.0,0.0014209030628354327,0.004578465424692124,0.0011051468266498308,4
13715,2023-04-11 16:00:00,63.44,63.45,63.44,63.44,21736.0,0.0,0.00015762925598999237,0.0,4
13716,2023-04-11 17:00:00,63.45,63.45,63.3,63.3,1119.0,-0.002364066193853517,0.0,0.002364066193853517,4
13717,2023-04-11 18:00:00,63.4,63.4,63.4,63.4,449.0,0.0,0.0,0.0,4
13718,2023-04-12 05:00:00,63.44,63.44,63.44,63.44,450.0,0.0,0.0,0.0,4
13719,2023-04-12 07:00:00,63.51,63.51,63.51,63.51,1997.0,0.0,0.0,0.0,4
13720,2023-04-12 08:00:00,63.01,64.4,63.01,64.07,5070.0,0.01682272655134098,0.022059990477702074,0.0,4
13721,2023-04-12 09:00:00,64.07,64.355,62.41,62.4325,343375.0,-0.02555798345559538,0.004448259715935864,0.025909161854221895,4
13722,2023-04-12 10:00:00,62.445,62.682,62.1001,62.26,616364.0,-0.00296260709424297,0.0037953398991112477,0.00552326046921295,4
13723,2023-04-12 11:00:00,62.26,62.365,61.77,62.35,324250.0,0.0014455509155156347,0.0016864760681015738,0.007870221651140296,4
13724,2023-04-12 12:00:00,62.36,63.07,62.36,62.97,212309.0,0.009781911481719042,0.011385503527902515,0.0,4
13725,2023-04-12 13:00:00,62.98,63.03,62.515,62.555,193900.0,-0.006748174023499479,0.0007939028262941293,0.0073832962845347145,4
13726,2023-04-12 14:00:00,62.54,62.575,61.785,61.93,237037.0,-0.009753757595139101,0.0005596418292293523,0.012072273744803366,4
13727,2023-04-12 15:00:00,61.93,61.95,61.48,61.6,813468.0,-0.005328596802841891,0.00032294526077834856,0.007266268367511753,4
13728,2023-04-12 16:00:00,61.58,61.9,61.4554,61.9,54372.0,0.00519649236765184,0.00519649236765184,0.0020233842156544483,4
13729,2023-04-13 06:00:00,61.8,62.3,61.8,62.3,600.0,0.008090614886731393,0.008090614886731393,0.0,4
13730,2023-04-13 07:00:00,61.8,62.1,61.8,62.1,7802.0,0.004854368932038904,0.004854368932038904,0.0,4
13731,2023-04-13 08:00:00,62.25,62.25,62.06,62.07,2483.0,-0.0028915662650602363,0.0,0.003052208835341329,4
13732,2023-04-13 09:00:00,62.1,62.2,61.33,61.4152,227327.0,-0.011027375201288289,0.0016103059581320679,0.012399355877616798,4
13733,2023-04-13 10:00:00,61.415,62.17,61.12,61.71,734982.0,0.004803386794757009,0.01229341366115774,0.004803386794757009,4
13734,2023-04-13 11:00:00,61.73,61.95,61.4301,61.6335,247926.0,-0.001563259355256746,0.0035639073384092983,0.00485825368540408,4
13735,2023-04-13 12:00:00,61.66,62.0,61.66,61.98,215502.0,0.005189750243269548,0.005514109633473945,0.0,4
13736,2023-04-13 13:00:00,61.99,62.25,61.85,62.2312,249467.0,0.003890950153250511,0.004194224874979803,0.002258428778835305,4
13737,2023-04-13 14:00:00,62.25,62.26,61.86,61.975,301878.0,-0.004417670682730901,0.00016064257028109254,0.0062650602409638646,4
13738,2023-04-13 15:00:00,61.99,62.15,61.76,61.92,542392.0,-0.0011292143894176526,0.0025810614615259975,0.0037102758509437645,4
13739,2023-04-13 16:00:00,61.91,61.91,61.91,61.91,34040.0,0.0,0.0,0.0,4
13740,2023-04-13 17:00:00,61.75,62.01,61.75,62.01,374.0,0.0042105263157894415,0.0042105263157894415,0.0,4
13741,2023-04-13 18:00:00,62.005,62.01,62.005,62.01,200.0,8.063865817265467e-05,8.063865817265467e-05,0.0,4
13742,2023-04-13 19:00:00,61.75,61.76,61.75,61.75,300.0,0.0,0.00016194331983802445,0.0,4
13743,2023-04-14 04:00:00,61.92,61.92,61.92,61.92,340.0,0.0,0.0,0.0,4
13744,2023-04-14 06:00:00,62.0,62.0,62.0,62.0,529.0,0.0,0.0,0.0,4
13745,2023-04-14 08:00:00,61.7501,62.41,61.7501,62.41,1770.0,0.010686622369842207,0.010686622369842207,0.0,4
13746,2023-04-14 09:00:00,62.08,63.015,61.86,62.8245,211640.0,0.011992590206185602,0.015061211340206222,0.0035438144329896725,4
13747,2023-04-14 10:00:00,62.76,62.78,62.07,62.37,277430.0,-0.006214149139579359,0.0003186743148502729,0.01099426386233266,4
13748,2023-04-14 11:00:00,62.39,62.415,61.84,62.05,178849.0,-0.005449591280654005,0.00040070524122453243,0.008815515306940169,4
13749,2023-04-14 12:00:00,62.04,62.39,61.929,62.16,279922.0,0.001934235976789127,0.0056415215989684304,0.001789168278529934,4
13750,2023-04-14 13:00:00,62.16,62.32,61.53,61.66,155142.0,-0.008043758043758044,0.0025740025740026338,0.010135135135135063,4
13751,2023-04-14 14:00:00,61.68,62.02,61.61,61.91,411429.0,0.0037289234760051375,0.005512321660181637,0.001134889753566801,4
13752,2023-04-14 15:00:00,61.91,62.085,61.725,61.95,574596.0,0.0006460991762236514,0.0028266838959781016,0.002988208690033842,4
13753,2023-04-14 16:00:00,61.95,62.19,61.95,62.11,26127.0,0.0025827280064567647,0.003874092009685147,0.0,4
13754,2023-04-14 19:00:00,61.95,61.95,61.95,61.95,196.0,0.0,0.0,0.0,4
13755,2023-04-17 07:00:00,62.01,62.01,62.01,62.01,201.0,0.0,0.0,0.0,4
13756,2023-04-17 08:00:00,62.0624,62.33,62.05,62.33,1593.0,0.004311789424836964,0.004311789424836964,0.0001997989120626905,4
13757,2023-04-17 09:00:00,62.12,62.12,61.61,61.7299,183798.0,-0.0062797810688988535,0.0,0.00820991629104955,4
13758,2023-04-17 10:00:00,61.66,62.485,61.42,62.44,329156.0,0.01265001621796953,0.013379824845929337,0.0038923126824520742,4
13759,2023-04-17 11:00:00,62.5,62.79,62.06,62.24,361603.0,-0.004159999999999968,0.004639999999999986,0.007039999999999964,4
13760,2023-04-17 12:00:00,62.24,62.605,62.14,62.35,181877.0,0.001767352185089965,0.005864395886889378,0.0016066838046272722,4
13761,2023-04-17 13:00:00,62.34,62.7499,62.25,62.26,146382.0,-0.0012832852101380397,0.006575232595444229,0.0014436958614052519,4
13762,2023-04-17 14:00:00,62.25,62.85,62.11,62.81,232841.0,0.008995983935743008,0.009638554216867493,0.002248995983935752,4
13763,2023-04-17 15:00:00,62.81,63.16,62.69,63.16,715918.0,0.005572361088998477,0.005572361088998477,0.0019105238019424381,4
13764,2023-04-17 16:00:00,63.16,63.17,63.07,63.17,23168.0,0.00015832805573155664,0.00015832805573155664,0.0014249525015832222,4
13765,2023-04-17 17:00:00,63.16,63.16,63.15,63.15,742.0,-0.00015832805573144412,0.0,0.00015832805573144412,4
13766,2023-04-17 18:00:00,63.1499,63.15,63.1499,63.15,360.0,1.583533782257996e-06,1.583533782257996e-06,0.0,4
13767,2023-04-17 19:00:00,63.15,63.15,63.15,63.15,250.0,0.0,0.0,0.0,4
13768,2023-04-18 06:00:00,63.5,63.5,63.5,63.5,535.0,0.0,0.0,0.0,4
13769,2023-04-18 07:00:00,63.66,63.66,63.66,63.66,314.0,0.0,0.0,0.0,4
13770,2023-04-18 08:00:00,63.61,63.659,63.3,63.52,3029.0,-0.001414871875491217,0.0007703191322119083,0.00487344757113665,4
13771,2023-04-18 09:00:00,63.5001,63.6299,62.96,63.31,216198.0,-0.0029936960729195867,0.0020440912691475433,0.008505498416537966,4
13772,2023-04-18 10:00:00,63.315,63.64,63.14,63.44,239553.0,0.0019742557055989892,0.005133064834557417,0.00276395798783854,4
13773,2023-04-18 11:00:00,63.48,63.85,63.38,63.54,301302.0,0.0009451795841210189,0.0058286074354128,0.0015752993068682156,4
13774,2023-04-18 12:00:00,63.55,64.18,63.53,63.64,247452.0,0.0014162077104642552,0.009913453973249562,0.0003147128245475377,4
13775,2023-04-18 13:00:00,63.63,63.9,63.53,63.86,156363.0,0.0036146471790035654,0.004243281471004181,0.0015715857300015938,4
13776,2023-04-18 14:00:00,63.865,64.185,63.78,64.14,324912.0,0.004305957879902898,0.0050105691693415845,0.0013309324356063704,4
13777,2023-04-18 15:00:00,64.16,64.46,64.11,64.43,668468.0,0.004208229426434075,0.004675810473815417,0.0007793017456358659,4
13778,2023-04-18 16:00:00,64.5,64.5,64.25,64.33,50782.0,-0.0026356589147287085,0.0,0.003875968992248062,4
13779,2023-04-18 17:00:00,64.331,64.331,64.33,64.33,411.0,-1.5544605244824032e-05,0.0,1.5544605244824032e-05,4
13780,2023-04-18 18:00:00,64.33,64.4,64.33,64.33,800.0,0.0,0.001088139281828189,0.0,4
13781,2023-04-18 19:00:00,64.5,64.5,64.49,64.49,642.0,-0.0001550387596900018,0.0,0.0001550387596900018,4
13782,2023-04-19 04:00:00,64.35,64.35,64.35,64.35,100.0,0.0,0.0,0.0,4
13783,2023-04-19 07:00:00,63.82,63.9,63.8,63.9,1070.0,0.0012535255405828627,0.0012535255405828627,0.00031338138514577134,4
13784,2023-04-19 08:00:00,63.81,64.6,63.64,63.8,7942.0,-0.00015671524839374888,0.012380504623099703,0.0026641592226923946,4
13785,2023-04-19 09:00:00,63.99,64.8,63.23,63.28,325291.0,-0.011095483669323345,0.01265822784810119,0.011876855758712378,4
13786,2023-04-19 10:00:00,63.27,63.92,62.69,63.88,779215.0,0.009641220167535948,0.010273431326062883,0.009167061798640831,4
13787,2023-04-19 11:00:00,63.91,64.54,63.74,64.31,278898.0,0.006258801439524421,0.009857612267250973,0.002659990611797756,4
13788,2023-04-19 12:00:00,64.34,64.4,64.05,64.4,155195.0,0.0009325458501710021,0.0009325458501710021,0.004507304942493103,4
13789,2023-04-19 13:00:00,64.38,64.78,64.2201,64.42,203737.0,0.0006213109661386495,0.006213109661385613,0.002483690587138759,4
13790,2023-04-19 14:00:00,64.39,64.61,64.25,64.5,204389.0,0.0017083398043174318,0.0034166796086348636,0.0021742506600403878,4
13791,2023-04-19 15:00:00,64.51,64.58,64.1,64.47,610656.0,-0.0006200589055961285,0.0010851030847929496,0.006355603782359491,4
13792,2023-04-19 16:00:00,63.96,64.47,63.96,64.37,16062.0,0.006410256410256468,0.00797373358348965,0.0,4
13793,2023-04-19 19:00:00,64.14,64.14,63.75,63.75,935.0,-0.006080449017773629,0.0,0.006080449017773629,4
13794,2023-04-20 04:00:00,63.9,63.9,63.9,63.9,102.0,0.0,0.0,0.0,4
13795,2023-04-20 07:00:00,63.6,63.6,63.6,63.6,800.0,0.0,0.0,0.0,4
13796,2023-04-20 08:00:00,63.4905,64.15,63.49,63.6,4107.0,0.0017246674699365127,0.010387380789252068,7.875193926576134e-06,4
13797,2023-04-20 09:00:00,63.76,63.771,62.69,62.69,185682.0,-0.016781681304893357,0.0001725219573400688,0.016781681304893357,4
13798,2023-04-20 10:00:00,62.7236,63.6581,62.7236,63.48,230056.0,0.01205925680286207,0.014898698416544967,0.0,4
13799,2023-04-20 11:00:00,63.47,63.665,62.93,62.99,207766.0,-0.00756262801323455,0.0030723176303765606,0.00850795651488891,4
13800,2023-04-20 12:00:00,62.99,63.55,62.75,63.51,203132.0,0.008255278615653215,0.00889030004762653,0.003810128591840006,4
13801,2023-04-20 13:00:00,63.51,63.58,63.11,63.34,177708.0,-0.0026767438198708015,0.001102188631711546,0.006298220752637358,4
13802,2023-04-20 14:00:00,63.32,63.32,62.62,62.74,269147.0,-0.009159823120656954,0.0,0.011054958938723988,4
13803,2023-04-20 15:00:00,62.75,62.79,61.99,62.22,651660.0,-0.00844621513944225,0.0006374501992031736,0.012111553784860526,4
13804,2023-04-20 16:00:00,62.23,62.3,61.99,62.21,23986.0,-0.00032138839787877266,0.0011248593925759327,0.003856660774545957,4
13805,2023-04-20 17:00:00,62.25,62.25,62.25,62.25,100.0,0.0,0.0,0.0,4
13806,2023-04-20 18:00:00,62.3,62.3,62.3,62.3,100.0,0.0,0.0,0.0,4
13807,2023-04-20 19:00:00,62.35,62.35,62.35,62.35,334.0,0.0,0.0,0.0,4
13808,2023-04-21 07:00:00,62.39,62.39,62.25,62.25,1500.0,-0.0022439493508575182,0.0,0.0022439493508575182,4
13809,2023-04-21 08:00:00,62.01,62.95,62.01,62.95,937.0,0.015158845347524671,0.015158845347524671,0.0,4
13810,2023-04-21 09:00:00,62.75,62.75,61.32,61.6504,283884.0,-0.017523505976095654,0.0,0.02278884462151394,4
13811,2023-04-21 10:00:00,61.62,62.12,61.16,61.67,367516.0,0.0008114248620578427,0.008114248620577734,0.0074651087309315295,4
13812,2023-04-21 11:00:00,61.67,61.94,61.58,61.895,223078.0,0.003648451435057587,0.0043781417220690125,0.001459380574023081,4
13813,2023-04-21 12:00:00,61.92,62.585,61.87,62.42,299691.0,0.008074935400516795,0.010739664082687325,0.0008074935400517484,4
13814,2023-04-21 13:00:00,62.42,62.57,62.21,62.53,200624.0,0.001762255687279709,0.002403075937199593,0.003364306312079475,4
13815,2023-04-21 14:00:00,62.53,62.8,62.525,62.69,339231.0,0.0025587717895409656,0.004317927394850408,7.996161842319779e-05,4
13816,2023-04-21 15:00:00,62.69,63.05,62.41,63.0,608994.0,0.004944967299409831,0.005742542670282333,0.004466422076886284,4
13817,2023-04-21 16:00:00,63.02,63.12,62.85,62.87,31635.0,-0.0023801967629324926,0.0015867978419548446,0.0026975563313234164,4
13818,2023-04-21 17:00:00,62.92,63.0,62.92,63.0,600.0,0.0012714558169103353,0.0012714558169103353,0.0,4
13819,2023-04-21 18:00:00,63.04,63.05,62.87,62.87,1400.0,-0.0026967005076142404,0.00015862944162433392,0.0026967005076142404,4
13820,2023-04-21 19:00:00,62.88,62.88,62.88,62.88,200.0,0.0,0.0,0.0,4
13821,2023-04-24 04:00:00,62.9,63.3,62.85,63.26,8074.0,0.005723370429252773,0.006359300476947514,0.0007949125596183968,4
13822,2023-04-24 05:00:00,62.99,63.04,62.99,63.04,797.0,0.0007937767899666163,0.0007937767899666163,0.0,4
13823,2023-04-24 07:00:00,63.08,63.08,63.0,63.0,638.0,-0.0012682308180088505,0.0,0.0012682308180088505,4
13824,2023-04-24 09:00:00,62.81,63.35,62.45,62.775,158491.0,-0.0005572361088999155,0.008597357108740633,0.0057315714058270885,4
13825,2023-04-24 10:00:00,62.775,62.81,61.78,61.86,367402.0,-0.014575866188769401,0.0005575467941059928,0.015850258861011508,4
13826,2023-04-24 11:00:00,61.86,61.88,61.535,61.68,308289.0,-0.0029097963142579973,0.000323310701584273,0.005253798900743661,4
13827,2023-04-24 12:00:00,61.7,62.01,61.675,61.81,210766.0,0.0017828200972447232,0.005024311183144167,0.0004051863857375313,4
13828,2023-04-24 13:00:00,61.82,61.99,61.66,61.88,211776.0,0.0009705596894209362,0.0027499191200259093,0.0025881591717891246,4
13829,2023-04-24 14:00:00,61.89,62.11,61.8,62.1,262649.0,0.003393116820164822,0.0035546938116012097,0.0014541929229278303,4
13830,2023-04-24 15:00:00,62.11,62.4385,62.09,62.41,575259.0,0.004830140074062102,0.005289003381098023,0.0003220093382707458,4
13831,2023-04-24 16:00:00,62.41,62.41,61.84,61.84,19264.0,-0.009133151738503336,0.0,0.009133151738503336,4
13832,2023-04-24 17:00:00,62.1422,62.1422,62.1422,62.1422,100.0,0.0,0.0,0.0,4
13833,2023-04-25 04:00:00,61.65,61.65,61.6,61.6,623.0,-0.000811030008110254,0.0,0.000811030008110254,4
13834,2023-04-25 07:00:00,62.01,62.01,62.01,62.01,600.0,0.0,0.0,0.0,4
13835,2023-04-25 08:00:00,62.17,62.17,61.85,61.9,2233.0,-0.004342930673958551,0.0,0.005147177095061932,4
13836,2023-04-25 09:00:00,62.0,62.0,60.64,61.18,362804.0,-0.013225806451612908,0.0,0.021935483870967734,4
13837,2023-04-25 10:00:00,61.2473,61.48,60.845,61.2826,499056.0,0.0005763519371466079,0.0037993511550712296,0.006568452813430206,4
13838,2023-04-25 11:00:00,61.27,61.46,60.67,60.67,291249.0,-0.0097927207442468,0.0031010282356781086,0.0097927207442468,4
13839,2023-04-25 12:00:00,60.6819,60.8881,60.485,60.5,197530.0,-0.002997598954548207,0.0033980478528194175,0.00324478963249337,4
13840,2023-04-25 13:00:00,60.5,60.62,60.25,60.44,227305.0,-0.0009917355371901202,0.001983471074380123,0.004132231404958678,4
13841,2023-04-25 14:00:00,60.425,60.7022,60.3,60.58,223228.0,0.0025651634257344005,0.004587505171700464,0.002068680182043856,4
13842,2023-04-25 15:00:00,60.57,60.897,60.37,60.4,564253.0,-0.002806669968631364,0.005398712233779068,0.0033019646689780888,4
13843,2023-04-25 16:00:00,60.39,61.18,60.39,60.5,17847.0,0.001821493624772304,0.01308163603245569,0.0,4
13844,2023-04-25 17:00:00,60.52,60.52,60.51,60.51,1153.0,-0.00016523463317919888,0.0,0.00016523463317919888,4
13845,2023-04-25 18:00:00,60.54,60.87,60.52,60.69,829.0,0.0024777006937561708,0.0054509415262635995,0.00033036009250076017,4
13846,2023-04-25 19:00:00,60.66,60.72,60.52,60.52,1526.0,-0.002307945928123862,0.0009891196834817388,0.002307945928123862,4
13847,2023-04-26 05:00:00,60.46,60.46,60.46,60.46,102.0,0.0,0.0,0.0,4
13848,2023-04-26 06:00:00,60.45,60.45,60.39,60.39,1221.0,-0.0009925558312655462,0.0,0.0009925558312655462,4
13849,2023-04-26 07:00:00,60.5,60.5,60.2,60.2,2469.0,-0.004958677685950366,0.0,0.004958677685950366,4
13850,2023-04-26 08:00:00,60.2106,60.7,60.2091,60.5,6878.0,0.00480646264943383,0.00812813690612622,2.4912556925193518e-05,4
13851,2023-04-26 09:00:00,60.86,61.49,60.51,61.0275,368813.0,0.002752218205718107,0.010351626684193272,0.005750903713440707,4
13852,2023-04-26 10:00:00,61.015,61.2559,60.32,60.6933,1131304.0,-0.00527247398180775,0.003948209456690918,0.011390641645497013,4
13853,2023-04-26 11:00:00,60.69,61.33,60.645,61.25,249247.0,0.009227220299884698,0.010545394628439621,0.0007414730598120712,4
13854,2023-04-26 12:00:00,61.2568,61.41,60.71,60.79,183346.0,-0.007620378472267556,0.002500946833657622,0.008926355931096589,4
13855,2023-04-26 13:00:00,60.8,60.94,60.68,60.7622,162814.0,-0.000621710526315743,0.0023026315789473777,0.001973684210526274,4
13856,2023-04-26 14:00:00,60.76,60.91,60.26,60.28,403349.0,-0.007899934167215222,0.0024687294272547496,0.008229098090849244,4
13857,2023-04-26 15:00:00,60.26,60.39,59.37,59.55,847960.0,-0.011782276800531047,0.0021573182874212176,0.014769332890806515,4
13858,2023-04-26 16:00:00,59.56,59.82,59.56,59.7799,37486.0,0.0036920752182672185,0.004365345869711182,0.0,4
13859,2023-04-26 17:00:00,59.72,59.7201,59.6501,59.6501,1798.0,-0.0011704621567313624,1.6744809109732025e-06,0.0011704621567313624,4
13860,2023-04-26 18:00:00,59.66,59.78,59.65,59.78,906.0,0.0020113979215555574,0.0020113979215555574,0.00016761649346292343,4
13861,2023-04-26 19:00:00,59.6,59.78,59.6,59.78,3051.0,0.0030201342281879146,0.0030201342281879146,0.0,4
13862,2023-04-27 06:00:00,59.8,59.8,59.8,59.8,300.0,0.0,0.0,0.0,4
13863,2023-04-27 07:00:00,59.78,60.0,59.78,60.0,3400.0,0.0036801605888256753,0.0036801605888256753,0.0,4
13864,2023-04-27 08:00:00,59.8,60.4295,59.8,60.25,6149.0,0.007525083612040182,0.010526755852842812,0.0,4
13865,2023-04-27 09:00:00,60.25,60.44,59.525,60.22,208053.0,-0.0004979253112033384,0.003153526970954319,0.012033195020746911,4
13866,2023-04-27 10:00:00,60.205,60.42,59.39,59.455,435830.0,-0.012457437089942696,0.0035711319657836297,0.013537081637737692,4
13867,2023-04-27 11:00:00,59.465,60.39,59.38,60.06,387562.0,0.010005885815185384,0.01555536870427978,0.0014294122593122146,4
13868,2023-04-27 12:00:00,60.07,60.54,60.025,60.46,264346.0,0.006492425503579167,0.007824205094056914,0.0007491260196437773,4
13869,2023-04-27 13:00:00,60.475,60.981,60.34,60.76,298222.0,0.004712691194708501,0.008367093840429933,0.00223232740801981,4
13870,2023-04-27 14:00:00,60.76,61.285,60.76,61.2399,350791.0,0.007898288347597114,0.008640552995391682,0.0,4
13871,2023-04-27 15:00:00,61.22,61.86,61.2,61.66,787842.0,0.007187193727539983,0.010454099967330948,0.0003266906239790268,4
13872,2023-04-27 16:00:00,61.66,61.66,61.3,61.3,25876.0,-0.005838469023678227,0.0,0.005838469023678227,4
13873,2023-04-27 17:00:00,61.7,61.7,61.3,61.3,1028.0,-0.006482982171799119,0.0,0.006482982171799119,4
13874,2023-04-27 18:00:00,61.65,61.65,61.25,61.65,1252.0,0.0,0.0,0.006488240064882377,4
13875,2023-04-27 19:00:00,61.26,61.31,61.26,61.31,300.0,0.0008161932745674872,0.0008161932745674872,0.0,4
13876,2023-04-28 05:00:00,61.62,63.18,61.45,63.0,14795.0,0.02239532619279459,0.02531645569620257,0.0027588445309963423,4
13877,2023-04-28 06:00:00,62.95,62.95,62.5,62.5,202.0,-0.007148530579825303,0.0,0.007148530579825303,4
13878,2023-04-28 07:00:00,62.29,62.52,62.13,62.4,5406.0,0.0017659335366832466,0.003692406485792326,0.0025686305988119537,4
13879,2023-04-28 08:00:00,62.1,62.5,62.1,62.44,6234.0,0.005475040257648894,0.006441223832528157,0.0,4
13880,2023-04-28 09:00:00,62.51,63.74,62.15,63.65,600353.0,0.01823708206686931,0.019676851703727467,0.005759078547432402,4
13881,2023-04-28 10:00:00,63.635,65.375,63.46,64.96,1123860.0,0.020821874754458958,0.027343443073780185,0.0027500589298341664,4
13882,2023-04-28 11:00:00,64.96,64.96,64.315,64.57,516157.0,-0.006003694581280797,0.0,0.009929187192118166,4
13883,2023-04-28 12:00:00,64.58,64.9235,64.18,64.87,807867.0,0.004490554351192416,0.005318984205636512,0.006193868070609964,4
13884,2023-04-28 13:00:00,64.86,65.34,64.79,64.99,529706.0,0.00200431699044088,0.007400555041628183,0.0010792476102373294,4
13885,2023-04-28 14:00:00,64.99,65.49,64.99,65.4725,303403.0,0.007424219110632432,0.0076934913063548245,0.0,4
13886,2023-04-28 15:00:00,65.48,66.05,65.295,65.44,1209524.0,-0.0006108735491754161,0.008704948075748216,0.002825290164935893,4
13887,2023-04-28 16:00:00,65.44,65.7399,65.2,65.53,27561.0,0.0013753056234719347,0.004582823960880319,0.003667481662591609,4
13888,2023-04-28 17:00:00,65.3017,65.51,65.3017,65.51,2258.0,0.0031898097599298084,0.0031898097599298084,0.0,4
13889,2023-04-28 18:00:00,65.4,65.4,65.4,65.4,1201.0,0.0,0.0,0.0,4
13890,2023-04-28 19:00:00,65.4,65.47,65.35,65.47,1287.0,0.0010703363914372046,0.0010703363914372046,0.0007645259938839659,4
13891,2023-05-01 04:00:00,65.51,65.51,65.51,65.51,100.0,0.0,0.0,0.0,5
13892,2023-05-01 07:00:00,65.9,66.43,65.49,65.75,18220.0,-0.002276176024279297,0.008042488619119895,0.0062215477996966735,5
13893,2023-05-01 08:00:00,66.15,66.41,65.492,65.5,6942.0,-0.009826152683295626,0.003930461073318079,0.009947089947089965,5
13894,2023-05-01 09:00:00,65.55,68.12,65.1,66.92,815167.0,0.02090007627765072,0.03920671243325717,0.0068649885583524466,5
13895,2023-05-01 10:00:00,66.84,68.2,66.47,67.93,952261.0,0.01630760023937767,0.020347097546379405,0.005535607420706232,5
13896,2023-05-01 11:00:00,67.95,67.99,66.67,67.77,703108.0,-0.0026490066225166565,0.0005886681383368954,0.018837380426784418,5
13897,2023-05-01 12:00:00,67.79,68.53,67.7,68.3813,421439.0,0.008722525446230854,0.01091606431627076,0.0013276294438708276,5
13898,2023-05-01 13:00:00,68.38,68.74,67.9601,68.1101,477068.0,-0.003947060544018613,0.005264697279906397,0.0061406844106463646,5
13899,2023-05-01 14:00:00,68.13,68.29,67.3,67.37,459776.0,-0.011155144576544708,0.0023484514897990725,0.012182592103331842,5
13900,2023-05-01 15:00:00,67.4,67.63,66.95,66.95,997668.0,-0.006676557863501525,0.0034124629080117173,0.006676557863501525,5
13901,2023-05-01 16:00:00,66.98,67.2,66.98,66.98,33644.0,0.0,0.0032845625559868447,0.0,5
13902,2023-05-01 17:00:00,66.96,66.98,66.96,66.98,1338.0,0.00029868578255690315,0.00029868578255690315,0.0,5
13903,2023-05-01 19:00:00,66.97,66.98,66.85,66.98,800.0,0.00014932059130961798,0.00014932059130961798,0.001791847095714567,5
13904,2023-05-02 05:00:00,66.5,66.95,66.5,66.95,442.0,0.006766917293233125,0.006766917293233125,0.0,5
13905,2023-05-02 07:00:00,66.8,67.25,66.8,67.17,4599.0,0.005538922155688691,0.006736526946107827,0.0,5
13906,2023-05-02 08:00:00,66.5101,67.3,66.5101,67.15,6266.0,0.009621095141941021,0.011876391705921401,0.0,5
13907,2023-05-02 09:00:00,67.1,67.3699,66.3,66.96,343982.0,-0.002086438152011931,0.004022354694485945,0.011922503725782373,5
13908,2023-05-02 10:00:00,66.96,67.17,66.01,66.3489,545237.0,-0.009126344086021407,0.003136200716845997,0.01418757467144547,5
13909,2023-05-02 11:00:00,66.35,67.46,66.29,67.22,518064.0,0.013112283345893061,0.016729464958553122,0.0009042954031648541,5
13910,2023-05-02 12:00:00,67.21,67.62,66.66,67.52,462069.0,0.004612408867728051,0.006100282696027538,0.00818330605564644,5
13911,2023-05-02 13:00:00,67.515,68.0,67.36,67.6,301943.0,0.0012589794860400467,0.007183588832111374,0.0022957861216026236,5
13912,2023-05-02 14:00:00,67.6,67.65,67.18,67.54,261977.0,-0.0008875739644968649,0.0007396449704143694,0.006213017751479106,5
13913,2023-05-02 15:00:00,67.545,67.98,67.46,67.81,834367.0,0.003923310385668822,0.00644015101043752,0.0012584203123844541,5
13914,2023-05-02 16:00:00,68.0,68.0,67.76,67.76,64383.0,-0.003529411764705807,0.0,0.003529411764705807,5
13915,2023-05-02 17:00:00,67.76,67.76,67.55,67.55,2565.0,-0.0030991735537191254,0.0,0.0030991735537191254,5
13916,2023-05-02 18:00:00,67.8,67.8,67.55,67.57,3000.0,-0.003392330383480885,0.0,0.003687315634218289,5
13917,2023-05-02 19:00:00,67.81,67.81,67.8,67.8,983.0,-0.00014747087450236123,0.0,0.00014747087450236123,5
13918,2023-05-03 04:00:00,68.18,68.18,68.18,68.18,165.0,0.0,0.0,0.0,5
13919,2023-05-03 06:00:00,68.2,68.2,68.2,68.2,109.0,0.0,0.0,0.0,5
13920,2023-05-03 07:00:00,68.0,68.01,67.85,67.85,5375.0,-0.00220588235294126,0.000147058823529487,0.00220588235294126,5
13921,2023-05-03 08:00:00,68.02,68.3,67.8105,68.15,6392.0,0.0019112025874744145,0.004116436342252295,0.0030799764775064887,5
13922,2023-05-03 09:00:00,68.141,68.61,67.2,68.5394,292690.0,0.00584670022453435,0.006882787161914179,0.013809600680941026,5
13923,2023-05-03 10:00:00,68.5308,68.78,68.05,68.42,677522.0,-0.0016167912821679824,0.0036363211869699734,0.007015823542115401,5
13924,2023-05-03 11:00:00,68.435,68.47,67.63,67.705,322025.0,-0.010667056330824928,0.0005114342076422384,0.01176298677577273,5
13925,2023-05-03 12:00:00,67.72,68.15,67.68,67.93,253660.0,0.0031010041346722973,0.006349675132900278,0.0005906674542231548,5
13926,2023-05-03 13:00:00,67.925,68.29,67.7401,68.185,368458.0,0.0038277511961723244,0.00537357379462656,0.0027221199852778648,5
13927,2023-05-03 14:00:00,68.185,68.94,68.0,68.51,678055.0,0.0047664442326025205,0.011072816601891845,0.002713206717019906,5
13928,2023-05-03 15:00:00,68.525,68.77,67.05,67.08,1415511.0,-0.021087194454578725,0.003575337468077203,0.021524990879241274,5
13929,2023-05-03 16:00:00,67.08,67.5,67.08,67.45,24032.0,0.005515802027430002,0.006261180679785356,0.0,5
13930,2023-05-03 17:00:00,67.4999,67.4999,67.01,67.14,4143.0,-0.0053318597509032775,0.0,0.007257788530056957,5
13931,2023-05-03 18:00:00,67.05,67.1699,67.0,67.03,5597.0,-0.000298284862043192,0.00178821774794931,0.0007457121551080859,5
13932,2023-05-03 19:00:00,67.17,67.75,67.06,67.75,3614.0,0.008634807205597712,0.008634807205597712,0.0016376358493374933,5
13933,2023-05-04 06:00:00,67.6,67.97,67.5,67.5,1818.0,-0.0014792899408283184,0.005473372781065157,0.0014792899408283184,5
13934,2023-05-04 07:00:00,67.99,69.98,67.5,69.7,16856.0,0.02515075746433311,0.029269010148551395,0.007206942197381893,5
13935,2023-05-04 08:00:00,68.0,72.88,67.51,72.5,242128.0,0.0661764705882353,0.07176470588235287,0.007205882352941101,5
13936,2023-05-04 09:00:00,72.6,73.49,70.72,71.93,2083936.0,-0.009228650137740876,0.012258953168044085,0.025895316804407653,5
13937,2023-05-04 10:00:00,71.955,72.4699,70.58,71.38,1554599.0,-0.007991105552081202,0.007155861302202728,0.019109165450628865,5
13938,2023-05-04 11:00:00,71.3501,72.62,71.3501,71.57,1000793.0,0.003081985869676364,0.017798153050941862,0.0,5
13939,2023-05-04 12:00:00,71.55,72.7,70.96,72.69,998195.0,0.015932914046121602,0.01607267645003502,0.008245981830887539,5
13940,2023-05-04 13:00:00,72.7,73.38,72.59,73.145,1367497.0,0.006121045392021914,0.0093535075653369,0.0015130674002750953,5
13941,2023-05-04 14:00:00,73.16,73.44,72.48,72.99,775148.0,-0.002323674138873725,0.0038272279934390536,0.009294696555494706,5
13942,2023-05-04 15:00:00,72.99,73.22,71.55,71.88,1733320.0,-0.015207562679819146,0.0031511165913139334,0.0197287299630086,5
13943,2023-05-04 16:00:00,71.88,72.0,71.75,71.8,42875.0,-0.001112966054535313,0.0016694490818030684,0.001808569838619859,5
13944,2023-05-04 17:00:00,72.2,72.2,71.8,71.8,897.0,-0.0055401662049862285,0.0,0.0055401662049862285,5
13945,2023-05-04 18:00:00,71.81,72.0,71.8,72.0,2392.0,0.0026458710486004415,0.0026458710486004415,0.00013925637097904353,5
13946,2023-05-05 07:00:00,72.5,72.5,72.5,72.5,288.0,0.0,0.0,0.0,5
13947,2023-05-05 08:00:00,72.8,73.2,72.2,72.62,11261.0,-0.002472527472527371,0.005494505494505573,0.008241758241758164,5
13948,2023-05-05 09:00:00,72.79,74.2099,72.44,74.05,767234.0,0.017310070064569184,0.0195068003846682,0.0048083527957138135,5
13949,2023-05-05 10:00:00,74.075,75.41,74.075,74.52,1043670.0,0.006007424907188568,0.018022274721565895,0.0,5
13950,2023-05-05 11:00:00,74.52,75.075,74.115,75.07,675236.0,0.007380568974771836,0.007447665056360801,0.005434782608695668,5
13951,2023-05-05 12:00:00,75.1,75.755,74.9901,75.42,478126.0,0.004260985352862948,0.008721704394141161,0.0014633821571237832,5
13952,2023-05-05 13:00:00,75.42,75.99,75.37,75.9,506728.0,0.006364359586316679,0.007557677008750904,0.0006629541235746109,5
13953,2023-05-05 14:00:00,75.915,75.95,75.4,75.67,697972.0,-0.0032272936837252787,0.0004610419548178435,0.0067839030494632226,5
13954,2023-05-05 15:00:00,75.69,75.93,75.47,75.65,1282304.0,-0.0005284713964855601,0.0031708283789141116,0.0029065926806711435,5
13955,2023-05-05 16:00:00,75.8,75.8,75.55,75.56,34011.0,-0.0031662269129286926,0.0,0.0032981530343007917,5
13956,2023-05-05 17:00:00,75.6,75.65,75.5501,75.5501,1155.0,-0.0006600529100528286,0.0006613756613758118,0.0006600529100528286,5
13957,2023-05-05 18:00:00,75.56,75.5999,75.55,75.5999,1798.0,0.0005280571731075031,0.0005280571731075031,0.000132345156167352,5
13958,2023-05-05 19:00:00,75.55,75.55,75.55,75.55,318.0,0.0,0.0,0.0,5
13959,2023-05-08 06:00:00,75.33,75.33,75.33,75.33,100.0,0.0,0.0,0.0,5
13960,2023-05-08 07:00:00,75.54,75.95,75.53,75.8,3819.0,0.0034418850939898185,0.005427588032830243,0.00013238019592275768,5
13961,2023-05-08 08:00:00,75.55,76.0,75.55,75.8,8757.0,0.0033090668431502318,0.005956320317670454,0.0,5
13962,2023-05-08 09:00:00,75.93,76.7,75.09,75.88,500288.0,-0.0006585012511525269,0.010140919267746556,0.011062821019359981,5
13963,2023-05-08 10:00:00,75.9,77.81,75.865,77.79,974119.0,0.024901185770750994,0.02516469038208164,0.0004611330698288643,5
13964,2023-05-08 11:00:00,77.79,77.82,77.0,77.59,545581.0,-0.00257102455328452,0.0003856536829925045,0.01015554698547379,5
13965,2023-05-08 12:00:00,77.6,78.34,77.32,77.33,899111.0,-0.003479381443298918,0.009536082474226921,0.0036082474226804273,5
13966,2023-05-08 13:00:00,77.34,77.5199,77.0,77.23,521421.0,-0.0014222911817946655,0.00232609257822606,0.004396172743729033,5
13967,2023-05-08 14:00:00,77.24,77.61,76.65,77.46,481256.0,0.0028482651475919066,0.0047902641118592,0.007638529259450922,5
13968,2023-05-08 15:00:00,77.473,78.38,77.4106,78.35,1067203.0,0.011320072799555915,0.0117073044802705,0.0008054418958862659,5
13969,2023-05-08 16:00:00,78.2,78.35,78.0504,78.2,27822.0,0.0,0.001918158567774827,0.0019130434782609542,5
13970,2023-05-08 17:00:00,78.25,78.3,78.25,78.3,1284.0,0.0006389776357827113,0.0006389776357827113,0.0,5
13971,2023-05-08 19:00:00,78.28,78.41,78.25,78.25,2573.0,-0.00038323965252939625,0.001660705160960596,0.00038323965252939625,5
13972,2023-05-09 04:00:00,78.0,78.0,78.0,78.0,130.0,0.0,0.0,0.0,5
13973,2023-05-09 05:00:00,77.9,77.92,77.33,77.33,1101.0,-0.007317073170731801,0.00025673940949930705,0.007317073170731801,5
13974,2023-05-09 06:00:00,77.8,77.8,77.8,77.8,236.0,0.0,0.0,0.0,5
13975,2023-05-09 07:00:00,78.0,78.0,77.7,77.74,1341.0,-0.003333333333333399,0.0,0.0038461538461538095,5
13976,2023-05-09 08:00:00,77.8,77.8,77.5,77.62,4176.0,-0.002313624678663144,0.0,0.003856041131105362,5
13977,2023-05-09 09:00:00,77.76,77.98,76.25,77.08,450418.0,-0.008744855967078276,0.00282921810699587,0.019418724279835455,5
13978,2023-05-09 10:00:00,77.085,77.73,76.805,77.43,587949.0,0.004475578906402194,0.00836738665109957,0.0036323538950507484,5
13979,2023-05-09 11:00:00,77.44,77.85,77.08,77.36,396311.0,-0.0010330578512396473,0.005294421487603262,0.004648760330578506,5
13980,2023-05-09 12:00:00,77.34,77.34,76.68,76.98,417470.0,-0.0046547711404189215,0.0,0.008533747090767993,5
13981,2023-05-09 13:00:00,76.99,77.05,76.59,77.01,315213.0,0.00025977399662307094,0.0007793219898688437,0.0051954799324586505,5
13982,2023-05-09 14:00:00,77.03,77.13,76.7,76.7182,427858.0,-0.00404777359470343,0.0012981955082434677,0.004284045177203664,5
13983,2023-05-09 15:00:00,76.72,76.975,76.72,76.92,897301.0,0.0026068821689260017,0.0033237747653805457,0.0,5
13984,2023-05-09 16:00:00,76.89,76.98,76.5,76.96,17670.0,0.0009103914683312938,0.0011705033164261076,0.005072181037846281,5
13985,2023-05-09 18:00:00,76.5,76.75,76.5,76.75,307.0,0.0032679738562091504,0.0032679738562091504,0.0,5
13986,2023-05-09 19:00:00,76.92,76.97,76.9,76.96,2052.0,0.0005200208008319298,0.0006500260010400046,0.0002600104004159649,5
13987,2023-05-10 07:00:00,76.3,76.6,76.3,76.6,1246.0,0.003931847968545179,0.003931847968545179,0.0,5
13988,2023-05-10 08:00:00,76.7,78.21,76.4,78.21,21861.0,0.019687092568448382,0.019687092568448382,0.003911342894393705,5
13989,2023-05-10 09:00:00,78.2,78.2,75.825,76.4,588348.0,-0.023017902813299195,0.0,0.03037084398976982,5
13990,2023-05-10 10:00:00,76.42,77.35,76.34,76.64,419633.0,0.0028788275320596555,0.0121695891127976,0.0010468463752944031,5
13991,2023-05-10 11:00:00,76.65,76.91,76.05,76.29,293946.0,-0.004696673189823867,0.003392041748206013,0.007827788649706569,5
13992,2023-05-10 12:00:00,76.27,76.48,75.88,76.48,237786.0,0.0027533761636293163,0.0027533761636293163,0.005113412875311402,5
13993,2023-05-10 13:00:00,76.42,76.5,76.05,76.5,289632.0,0.0010468463752944031,0.0010468463752944031,0.004841664485736778,5
13994,2023-05-10 14:00:00,76.5,77.24,76.5,76.89,295798.0,0.005098039215686282,0.009673202614379019,0.0,5
13995,2023-05-10 15:00:00,76.885,77.28,76.7,77.15,647150.0,0.0034467061195291742,0.005137543083826442,0.002406191064576995,5
13996,2023-05-10 16:00:00,77.16,77.2,77.16,77.2,27494.0,0.0005184033177813149,0.0005184033177813149,0.0,5
13997,2023-05-10 17:00:00,77.16,77.16,77.16,77.16,349.0,0.0,0.0,0.0,5
13998,2023-05-10 18:00:00,77.12,77.16,77.12,77.16,874.0,0.0005186721991700213,0.0005186721991700213,0.0,5
13999,2023-05-10 19:00:00,77.16,77.16,77.16,77.16,200.0,0.0,0.0,0.0,5
14000,2023-05-11 06:00:00,77.1,77.1,77.1,77.1,200.0,0.0,0.0,0.0,5
14001,2023-05-11 07:00:00,77.02,77.17,77.02,77.17,1110.0,0.0019475460919242495,0.0019475460919242495,0.0,5
14002,2023-05-11 08:00:00,76.83,77.32,76.8,76.8,5442.0,-0.0003904724716907606,0.006377717037615449,0.0003904724716907606,5
14003,2023-05-11 09:00:00,76.78,77.94,76.56,77.5921,271050.0,0.010576973170096392,0.01510810106798641,0.002865329512893968,5
14004,2023-05-11 10:00:00,77.62,77.92,76.16,76.2,409205.0,-0.018294254058232436,0.0038649832517392057,0.018809585158464415,5
14005,2023-05-11 11:00:00,76.2086,76.62,76.11,76.33,303240.0,0.0015929960660607094,0.0053983408696656335,0.001293817233225708,5
14006,2023-05-11 12:00:00,76.315,76.64,76.08,76.18,189629.0,-0.0017689838170738506,0.004258664744807742,0.0030793422000917176,5
14007,2023-05-11 13:00:00,76.18,76.62,76.13,76.545,177202.0,0.004791283801522642,0.005775794171698578,0.0006563402467840819,5
14008,2023-05-11 14:00:00,76.56,76.5836,76.185,76.3,174475.0,-0.00339602925809829,0.00030825496342740127,0.004898119122257053,5
14009,2023-05-11 15:00:00,76.3,76.51,76.11,76.34,474925.0,0.0005242463958061108,0.0027522935779817556,0.0024901703800786074,5
14010,2023-05-11 16:00:00,76.35,76.42,76.1,76.1,22071.0,-0.003274394237066143,0.0009168303863786168,0.003274394237066143,5
14011,2023-05-11 17:00:00,76.35,76.35,76.16,76.16,1019.0,-0.002488539620170239,0.0,0.002488539620170239,5
14012,2023-05-11 18:00:00,76.34,76.35,76.1587,76.1587,4112.0,-0.0023749017553053096,0.00013099292638185623,0.0023749017553053096,5
14013,2023-05-11 19:00:00,76.2,76.2,76.2,76.2,291.0,0.0,0.0,0.0,5
14014,2023-05-12 04:00:00,76.06,76.44,76.06,76.44,749.0,0.004996055745464047,0.004996055745464047,0.0,5
14015,2023-05-12 09:00:00,76.8,76.83,75.9,76.19,166706.0,-0.007942708333333326,0.0003906250000000148,0.011718749999999889,5
14016,2023-05-12 10:00:00,76.08,76.1899,75.145,75.27,335584.0,-0.010646687697160914,0.0014445320715036293,0.012289695057833889,5
14017,2023-05-12 11:00:00,75.29,75.39,74.57,74.68,336990.0,-0.008102005578430061,0.0013281976358081326,0.009563022977819273,5
14018,2023-05-12 12:00:00,74.7,74.73,73.925,74.28,385084.0,-0.00562248995983938,0.00040160642570282644,0.010374832663989366,5
14019,2023-05-12 13:00:00,74.29,74.605,74.16,74.18,207964.0,-0.0014806838067034517,0.004240139991923512,0.0017498990442860365,5
14020,2023-05-12 14:00:00,74.205,74.55,74.09,74.55,224084.0,0.004649282393369704,0.004649282393369704,0.0015497607977898375,5
14021,2023-05-12 15:00:00,74.57,75.16,74.51,75.11,498133.0,0.007241518036744083,0.007912028966072194,0.0008046131151936177,5
14022,2023-05-12 16:00:00,75.11,75.13,74.73,75.0,28982.0,-0.0014645187058980086,0.0002662761283450409,0.005059246438556723,5
14023,2023-05-12 17:00:00,75.07,75.11,75.07,75.11,1499.0,0.000532836019715016,0.000532836019715016,0.0,5
14024,2023-05-12 19:00:00,75.01,75.01,75.0001,75.0001,600.0,-0.00013198240234637776,0.0,0.00013198240234637776,5
14025,2023-05-15 04:00:00,75.3,75.3,75.3,75.3,200.0,0.0,0.0,0.0,5
14026,2023-05-15 05:00:00,75.11,75.37,75.1,75.37,2530.0,0.003461589668486288,0.003461589668486288,0.00013313806417261504,5
14027,2023-05-15 06:00:00,75.5,75.5,75.5,75.5,220.0,0.0,0.0,0.0,5
14028,2023-05-15 07:00:00,75.16,75.5,75.12,75.44,5931.0,0.00372538584353381,0.004523682810005368,0.0005321979776475791,5
14029,2023-05-15 08:00:00,75.262,75.43,75.11,75.35,4157.0,0.0011692487576731134,0.0022322021737398202,0.0020196114905264412,5
14030,2023-05-15 09:00:00,75.26,75.77,75.035,75.27,280051.0,0.00013287270794566707,0.006776508105235063,0.0029896359287803417,5
14031,2023-05-15 10:00:00,75.31,75.89,74.925,75.73,259217.0,0.005576948612402094,0.007701500464745695,0.005112202894701967,5
14032,2023-05-15 11:00:00,75.75,76.3,75.7176,75.83,210006.0,0.0010561056105610337,0.0072607260726072235,0.00042772277227716887,5
14033,2023-05-15 12:00:00,75.83,76.23,75.62,76.19,195798.0,0.004747461426875899,0.0052749571409733045,0.002769352499010863,5
14034,2023-05-15 13:00:00,76.18,76.78,76.18,76.63,305453.0,0.0059070622210552455,0.007876082961407118,0.0,5
14035,2023-05-15 14:00:00,76.63,76.68,76.27,76.48,203465.0,-0.0019574579146547236,0.00065248597155176,0.004697898995171597,5
14036,2023-05-15 15:00:00,76.53,76.57,76.02,76.16,396392.0,-0.00483470534430948,0.0005226708480333469,0.006664053312426566,5
14037,2023-05-15 16:00:00,76.12,76.6691,76.12,76.12,24868.0,0.0,0.007213610089332576,0.0,5
14038,2023-05-15 17:00:00,76.11,76.2,76.11,76.14,2233.0,0.0003941663381947331,0.0011824990145841993,0.0,5
14039,2023-05-16 06:00:00,76.0,76.75,76.0,76.45,3297.0,0.005921052631578985,0.009868421052631578,0.0,5
14040,2023-05-16 07:00:00,76.2,77.2,76.19,77.0,20454.0,0.010498687664041956,0.013123359580052493,0.00013123359580059207,5
14041,2023-05-16 08:00:00,76.901,77.1,76.75,76.75,10148.0,-0.001963563542736717,0.002587742682149752,0.001963563542736717,5
14042,2023-05-16 09:00:00,76.55,77.1888,75.62,76.36,383427.0,-0.0024820378837360907,0.008344872632266537,0.012148922273024072,5
14043,2023-05-16 10:00:00,76.3,77.326,75.87,77.12,553056.0,0.010747051114023689,0.01344692005242459,0.005635648754914713,5
14044,2023-05-16 11:00:00,77.11,77.705,77.03,77.54,264910.0,0.005576449228375137,0.007716249513681738,0.0010374789262092893,5
14045,2023-05-16 12:00:00,77.49,77.75,77.1611,77.25,220215.0,-0.00309717382888108,0.003355271647954641,0.004244418634662411,5
14046,2023-05-16 13:00:00,77.245,77.245,76.8,76.935,256356.0,-0.004013204738170784,0.0,0.0057608906725355345,5
14047,2023-05-16 14:00:00,76.935,76.935,76.62,76.86,202697.0,-0.0009748488984207817,0.0,0.0040943653733670985,5
14048,2023-05-16 15:00:00,76.87,76.92,76.38,76.46,592300.0,-0.005333680239365302,0.0006504488096786413,0.006374398334851165,5
14049,2023-05-16 16:00:00,76.46,76.47,76.21,76.46,29357.0,0.0,0.00013078733978557567,0.0032696834946377195,5
14050,2023-05-16 18:00:00,76.64,76.64,76.64,76.64,100.0,0.0,0.0,0.0,5
14051,2023-05-16 19:00:00,76.46,76.5,76.46,76.5,300.0,0.0005231493591421169,0.0005231493591421169,0.0,5
14052,2023-05-17 07:00:00,76.8,77.0,76.8,77.0,780.0,0.002604166666666704,0.002604166666666704,0.0,5
14053,2023-05-17 08:00:00,76.402,77.25,76.4,77.1,4270.0,0.00913588649511784,0.011099185885186238,2.6177325200849963e-05,5
14054,2023-05-17 09:00:00,77.05,79.36,77.05,79.28,889633.0,0.028942245295262868,0.02998053212199873,0.0,5
14055,2023-05-17 10:00:00,79.2555,79.74,78.41,79.3,801642.0,0.0005614752288484625,0.006113140412968148,0.010668029348120967,5
14056,2023-05-17 11:00:00,79.34,79.87,79.24,79.78,464550.0,0.005545752457776628,0.00668011091504917,0.0012603982858584387,5
14057,2023-05-17 12:00:00,79.78,80.08,79.57,79.75,1247295.0,-0.0003760340937578483,0.003760340937578305,0.002632238656304938,5
14058,2023-05-17 13:00:00,79.755,79.87,79.23,79.385,854191.0,-0.0046392075731927825,0.0014419158673438543,0.006582659394395229,5
14059,2023-05-17 14:00:00,79.385,79.59,79.31,79.445,473257.0,0.0007558102916166538,0.002582351829690726,0.0009447628645210409,5
14060,2023-05-17 15:00:00,79.44,79.69,78.9082,79.6,976442.0,0.002014098690835808,0.0031470292044310172,0.0066943605236657105,5
14061,2023-05-17 16:00:00,79.01,79.59,78.81,79.22,112927.0,0.0026578914061510407,0.0073408429312745,0.002531325148715388,5
14062,2023-05-17 17:00:00,79.5585,79.59,79.25,79.59,575046.0,0.0003959350666491739,0.0003959350666491739,0.003877649779721779,5
14063,2023-05-17 18:00:00,79.48,79.49,79.29,79.44,1408.0,-0.0005032712632109493,0.00012581781580260322,0.002390538500251607,5
14064,2023-05-17 19:00:00,79.47,79.47,79.35,79.35,262.0,-0.0015100037750094947,0.0,0.0015100037750094947,5
14065,2023-05-18 04:00:00,79.59,79.59,79.59,79.59,163.0,0.0,0.0,0.0,5
14066,2023-05-18 05:00:00,79.59,79.59,79.59,79.59,488.0,0.0,0.0,0.0,5
14067,2023-05-18 07:00:00,79.74,79.85,79.7,79.83,4371.0,0.001128668171557605,0.0013794833207925689,0.0005016302984699278,5
14068,2023-05-18 08:00:00,79.85,79.85,79.49,79.6,11545.0,-0.003130870381966187,0.0,0.004508453350031302,5
14069,2023-05-18 09:00:00,79.26,80.04,78.74,79.15,335317.0,-0.0013878374968458167,0.009841029523088582,0.006560686348725841,5
14070,2023-05-18 10:00:00,79.2,79.92,78.72,79.81,389396.0,0.007702020202020194,0.009090909090909077,0.006060606060606111,5
14071,2023-05-18 11:00:00,79.825,79.98,79.58,79.72,247572.0,-0.0013153773880363792,0.0019417475728155482,0.003069213905418159,5
14072,2023-05-18 12:00:00,79.7,79.72,79.0929,79.295,360199.0,-0.005081555834378935,0.00025094102885816837,0.00761731493099125,5
14073,2023-05-18 13:00:00,79.29,79.62,79.2,79.34,176661.0,0.0006305965443309012,0.004161937192584163,0.0011350737797957296,5
14074,2023-05-18 14:00:00,79.3848,79.82,79.37,79.81,227689.0,0.0053561890941339375,0.005482157793431422,0.00018643367496036937,5
14075,2023-05-18 15:00:00,79.8,80.23,79.73,80.11,584713.0,0.00388471177944865,0.0053884711779449476,0.0008771929824560549,5
14076,2023-05-18 16:00:00,80.11,80.13,80.11,80.11,18454.0,0.0,0.00024965672200719037,0.0,5
14077,2023-05-18 17:00:00,80.11,80.3,80.11,80.3,5081.0,0.002371738859068752,0.002371738859068752,0.0,5
14078,2023-05-18 18:00:00,80.2997,80.3,80.2997,80.3,400.0,3.736003994980655e-06,3.736003994980655e-06,0.0,5
14079,2023-05-18 19:00:00,80.3,80.3,80.19,80.19,700.0,-0.0013698630136986232,0.0,0.0013698630136986232,5
14080,2023-05-19 06:00:00,79.94,79.94,79.94,79.94,112.0,0.0,0.0,0.0,5
14081,2023-05-19 07:00:00,80.18,80.5,80.18,80.25,1848.0,0.0008730356697429929,0.0039910202045397,0.0,5
14082,2023-05-19 08:00:00,80.25,80.5,80.014,80.4,3241.0,0.0018691588785047437,0.003115264797507788,0.0029408099688474046,5
14083,2023-05-19 09:00:00,80.09,80.3,79.34,79.84,255784.0,-0.003121488325633662,0.002622050193532198,0.009364464976900987,5
14084,2023-05-19 10:00:00,79.835,79.835,79.1801,79.39,296679.0,-0.0055739963675079,0.0,0.008203169036137006,5
14085,2023-05-19 11:00:00,79.39,79.53,78.88,79.03,339195.0,-0.004534576143091062,0.0017634462778687563,0.006423982869379079,5
14086,2023-05-19 12:00:00,79.03,79.23,78.83,79.155,272829.0,0.0015816778438567632,0.0025306845501708573,0.0025306845501708573,5
14087,2023-05-19 13:00:00,79.17,79.48,79.01,79.07,190934.0,-0.001263104711380681,0.003915624605279807,0.0020209675382088744,5
14088,2023-05-19 14:00:00,79.075,79.44,78.97,79.36,204797.0,0.003604173253240551,0.004615871008536135,0.0013278533038255324,5
14089,2023-05-19 15:00:00,79.34,79.6589,79.24,79.59,436901.0,0.003150995714645828,0.004019410133602209,0.0012603982858584387,5
14090,2023-05-19 16:00:00,79.6,79.6,79.6,79.6,29324.0,0.0,0.0,0.0,5
14091,2023-05-19 18:00:00,79.5,79.5,79.5,79.5,200.0,0.0,0.0,0.0,5
14092,2023-05-22 07:00:00,79.4,79.6,79.4,79.6,2500.0,0.0025188916876572875,0.0025188916876572875,0.0,5
14093,2023-05-22 08:00:00,79.9415,79.95,79.51,79.51,1480.0,-0.005397697065979494,0.0001063277521687478,0.005397697065979494,5
14094,2023-05-22 09:00:00,79.99,80.48,78.97,79.8313,254766.0,-0.0019839979997499195,0.006125765720715204,0.012751593949243606,5
14095,2023-05-22 10:00:00,79.835,81.08,79.3988,81.05,672379.0,0.015218888958476902,0.015594663994488691,0.005463769023611192,5
14096,2023-05-22 11:00:00,81.05,81.065,80.43,80.73,586092.0,-0.003948180135718608,0.00018507094386182072,0.007649599012954847,5
14097,2023-05-22 12:00:00,80.74,81.04,80.59,81.03,354565.0,0.0035917760713401817,0.003715630418627835,0.0018578152093137413,5
14098,2023-05-22 13:00:00,81.04,81.13,80.84,81.0182,441981.0,-0.00026900296150065574,0.0011105626850936474,0.0024679170779862147,5
14099,2023-05-22 14:00:00,81.0,81.16,80.8301,80.92,482072.0,-0.0009876543209876333,0.0019753086419752666,0.002097530864197511,5
14100,2023-05-22 15:00:00,80.93,80.99,80.1438,80.33,542504.0,-0.00741381440751277,0.0007413814407511189,0.00971456814531086,5
14101,2023-05-22 16:00:00,80.33,80.33,80.33,80.33,31493.0,0.0,0.0,0.0,5
14102,2023-05-22 17:00:00,80.33,81.0,80.18,81.0,8342.0,0.008340595045437592,0.008340595045437592,0.0018672973982321857,5
14103,2023-05-22 19:00:00,80.95,81.0,80.95,81.0,1279.0,0.0006176652254477722,0.0006176652254477722,0.0,5
14104,2023-05-23 04:00:00,80.4,80.4,80.4,80.4,130.0,0.0,0.0,0.0,5
14105,2023-05-23 08:00:00,79.9901,80.0,79.9,79.9,2029.0,-0.001126389390687004,0.00012376531595787224,0.001126389390687004,5
14106,2023-05-23 09:00:00,80.33,80.705,79.23,80.61,244406.0,0.0034856218100336256,0.00466824349558073,0.013693514253703402,5
14107,2023-05-23 10:00:00,80.63,81.06,80.35,80.62,511573.0,-0.0001240233163833673,0.005333002604489729,0.003472652858737457,5
14108,2023-05-23 11:00:00,80.61,80.7599,79.98,80.3,353601.0,-0.003845676715047789,0.001859570772856995,0.00781540751767765,5
14109,2023-05-23 12:00:00,80.31,80.56,79.11,79.18,325219.0,-0.014070476902004674,0.0031129373677001616,0.014942099364960812,5
14110,2023-05-23 13:00:00,79.2178,79.575,78.95,79.2103,279647.0,-9.467569157428228e-05,0.00450908760404866,0.003380553360482039,5
14111,2023-05-23 14:00:00,79.215,79.64,78.53,79.0,607264.0,-0.002714132424414611,0.005365145490121784,0.008647352142902257,5
14112,2023-05-23 15:00:00,78.99,79.1927,78.64,78.84,610033.0,-0.001898974553740872,0.002566147613622069,0.004430940625395548,5
14113,2023-05-23 16:00:00,78.85,78.85,78.61,78.61,32779.0,-0.0030437539632212417,0.0,0.0030437539632212417,5
14114,2023-05-23 17:00:00,78.85,78.85,78.85,78.85,100.0,0.0,0.0,0.0,5
14115,2023-05-23 18:00:00,78.65,78.9,78.65,78.9,815.0,0.0031786395422759056,0.0031786395422759056,0.0,5
14116,2023-05-23 19:00:00,78.75,78.9,78.75,78.8,3265.0,0.0006349206349205988,0.001904761904761977,0.0,5
14117,2023-05-24 04:00:00,78.4,78.4,78.2,78.2,1140.0,-0.0025510204081633015,0.0,0.0025510204081633015,5
14118,2023-05-24 05:00:00,78.18,78.2,78.18,78.2,281.0,0.000255819902788386,0.000255819902788386,0.0,5
14119,2023-05-24 06:00:00,77.8,77.8,77.73,77.73,1729.0,-0.000899742930591172,0.0,0.000899742930591172,5
14120,2023-05-24 07:00:00,77.74,78.02,77.74,77.9,4614.0,0.00205814252637009,0.0036017494211474294,0.0,5
14121,2023-05-24 08:00:00,78.2,78.2,77.8,78.02,2489.0,-0.0023017902813300102,0.0,0.005115089514066569,5
14122,2023-05-24 09:00:00,77.9,78.0,77.27,77.3,257188.0,-0.007702182284980853,0.0012836970474967176,0.008087291399229906,5
14123,2023-05-24 10:00:00,77.295,77.3599,76.31,76.9283,705000.0,-0.004744161976842081,0.0008396403389610506,0.012743385729995465,5
14124,2023-05-24 11:00:00,76.91,77.55,76.72,77.3476,459699.0,0.005689767260434317,0.00832141464048889,0.0024704199713951078,5
14125,2023-05-24 12:00:00,77.35,77.68,77.06,77.14,219993.0,-0.002714932126696752,0.004266321913380899,0.0037491919844859995,5
14126,2023-05-24 13:00:00,77.15,77.48,76.97,77.29,211937.0,0.0018146467919637143,0.00427738172391443,0.002333117303953426,5
14127,2023-05-24 14:00:00,77.29,77.37,76.81,76.82,273188.0,-0.006080993660240821,0.0010350627506792377,0.00621037650407561,5
14128,2023-05-24 15:00:00,76.82,77.42,76.76,77.27,788984.0,0.005857849518354633,0.007810466024472905,0.0007810466024471241,5
14129,2023-05-24 16:00:00,76.65,77.76,76.5,77.76,285917.0,0.014481409001956939,0.014481409001956939,0.0019569471624266885,5
14130,2023-05-24 17:00:00,77.7,77.7,76.75,76.75,15088.0,-0.012226512226512262,0.0,0.012226512226512262,5
14131,2023-05-24 18:00:00,77.4,77.4197,76.85,77.4197,1123.0,0.0002545219638242929,0.0002545219638242929,0.007105943152454927,5
14132,2023-05-25 04:00:00,76.1,76.1,76.05,76.05,300.0,-0.0006570302233902387,0.0,0.0006570302233902387,5
14133,2023-05-25 05:00:00,77.24,77.49,76.93,77.24,4546.0,0.0,0.0032366649404453655,0.004013464526152098,5
14134,2023-05-25 06:00:00,77.8,77.88,77.75,77.88,1252.0,0.0010282776349614176,0.0010282776349614176,0.0006426735218508633,5
14135,2023-05-25 07:00:00,77.95,77.95,77.32,77.4,11834.0,-0.007055805003207147,0.0,0.008082103912764716,5
14136,2023-05-25 08:00:00,77.5,77.74,77.26,77.7,478375.0,0.0025806451612903594,0.003096774193548321,0.003096774193548321,5
14137,2023-05-25 09:00:00,77.69,79.66,77.4,78.4,279910.0,0.009138885313425254,0.025357188827390898,0.0037327841421031286,5
14138,2023-05-25 10:00:00,78.38,78.64,77.14,78.07,392557.0,-0.003955090584332768,0.0033171727481501037,0.015820362337330886,5
14139,2023-05-25 11:00:00,78.07,78.07,77.35,77.69,284642.0,-0.0048674266683744775,0.0,0.009222492634814896,5
14140,2023-05-25 12:00:00,77.71,78.0699,77.3836,77.82,196682.0,0.0014155192381932755,0.004631321580234337,0.004200231630420699,5
14141,2023-05-25 13:00:00,77.82,78.415,77.68,78.31,228193.0,0.00629658185556424,0.0076458493960423176,0.0017990233873038598,5
14142,2023-05-25 14:00:00,78.31,78.525,78.005,78.05,202758.0,-0.0033201379134210843,0.0027454986591751167,0.0038947771676670516,5
14143,2023-05-25 15:00:00,78.05,78.37,77.7845,77.88,458194.0,-0.0021780909673286574,0.004099935938501055,0.003401665598975054,5
14144,2023-05-25 16:00:00,78.4,78.5,77.9,78.01,35747.0,-0.004974489795918374,0.0012755102040815601,0.0063775510204081625,5
14145,2023-05-25 18:00:00,77.91,77.91,77.89,77.89,298.0,-0.00025670645616732157,0.0,0.00025670645616732157,5
14146,2023-05-26 07:00:00,77.89,78.0,77.75,78.0,9697.0,0.0014122480421106616,0.0014122480421106616,0.0017974065990499495,5
14147,2023-05-26 08:00:00,77.7,78.05,77.7,77.9,5312.0,0.0025740025740026103,0.004504504504504432,0.0,5
14148,2023-05-26 09:00:00,78.49,79.025,78.28,78.435,200571.0,-0.0007007262071600537,0.006816154924194303,0.002675500063702303,5
14149,2023-05-26 10:00:00,78.455,79.18,78.0501,78.87,320601.0,0.005289656490982172,0.009240966158944727,0.005160920272767801,5
14150,2023-05-26 11:00:00,78.84,79.0,78.58,78.64,210882.0,-0.0025367833587012028,0.00202942668696089,0.003297818366311582,5
14151,2023-05-26 12:00:00,78.63,78.97,78.31,78.485,166904.0,-0.0018440798677349106,0.0043240493450337454,0.004069693501208104,5
14152,2023-05-26 13:00:00,78.53,78.7715,78.37,78.64,122891.0,0.0014007385712466501,0.0030752578632370054,0.0020374379218132763,5
14153,2023-05-26 14:00:00,78.66,78.91,78.53,78.79,171701.0,0.0016526824307145902,0.003178235443681668,0.0016526824307144096,5
14154,2023-05-26 15:00:00,78.82,79.02,78.57,79.0,574737.0,0.002283684344075195,0.0025374270489723783,0.003171783811215428,5
14155,2023-05-26 16:00:00,79.0,79.0,78.9,78.99,26725.0,-0.00012658227848107742,0.0,0.0012658227848100546,5
14156,2023-05-26 17:00:00,78.75,78.75,78.75,78.75,2500.0,0.0,0.0,0.0,5
14157,2023-05-26 18:00:00,78.98,78.98,78.98,78.98,200.0,0.0,0.0,0.0,5
14158,2023-05-26 19:00:00,78.98,79.0,78.98,79.0,742.0,0.0002532286654848825,0.0002532286654848825,0.0,5
14159,2023-05-30 04:00:00,79.0,79.0,79.0,79.0,379.0,0.0,0.0,0.0,5
14160,2023-05-30 05:00:00,79.1,79.1,79.1,79.1,383.0,0.0,0.0,0.0,5
14161,2023-05-30 07:00:00,79.5,79.94,79.5,79.94,969.0,0.005534591194968525,0.005534591194968525,0.0,5
14162,2023-05-30 08:00:00,79.33,79.91,79.1015,79.81,10587.0,0.006050674398084003,0.007311231564351422,0.0028803731249211753,5
14163,2023-05-30 09:00:00,79.81,80.94,79.22,80.72,584721.0,0.011402079939857118,0.014158626738503889,0.007392557323643696,5
14164,2023-05-30 10:00:00,80.7,81.07,80.08,80.29,471938.0,-0.005080545229244071,0.0045848822800494465,0.007682775712515546,5
14165,2023-05-30 11:00:00,80.35,80.53,79.79,80.28,271796.0,-0.0008711885500932568,0.002240199128811535,0.006969508400746585,5
14166,2023-05-30 12:00:00,80.25,80.4,80.0,80.24,203625.0,-0.00012461059190037527,0.0018691588785047437,0.003115264797507788,5
14167,2023-05-30 13:00:00,80.25,80.4,79.71,79.85,299806.0,-0.0049844236760125315,0.0018691588785047437,0.0067289719626169005,5
14168,2023-05-30 14:00:00,79.84,80.22,79.72,80.08,278114.0,0.003006012024048032,0.0047595190380760955,0.001503006012024105,5
14169,2023-05-30 15:00:00,80.05,80.33,79.83,80.27,626802.0,0.0027482823235477683,0.003497813866333556,0.0027482823235477683,5
14170,2023-05-30 16:00:00,80.26,80.27,80.25,80.27,21695.0,0.00012459506603527167,0.00012459506603527167,0.00012459506603544872,5
14171,2023-05-30 18:00:00,80.1,80.1,80.08,80.08,300.0,-0.0002496878901372787,0.0,0.0002496878901372787,5
14172,2023-05-31 07:00:00,80.0,80.86,80.0,80.73,1705.0,0.00912500000000005,0.010749999999999992,0.0,5
14173,2023-05-31 08:00:00,80.45,80.86,79.8,80.86,4563.0,0.005096333126165278,0.005096333126165278,0.00807955251709143,5
14174,2023-05-31 09:00:00,80.5,81.09,79.67,80.205,364286.0,-0.003664596273291947,0.007329192546583894,0.010310559006211159,5
14175,2023-05-31 10:00:00,80.21,80.21,78.72,78.85,607942.0,-0.016955491833935913,0.0,0.018576237376885612,5
14176,2023-05-31 11:00:00,78.84,78.9992,78.5,78.89,438616.0,0.0006341958396752557,0.002019279553526109,0.004312531709792027,5
14177,2023-05-31 12:00:00,78.89,79.24,78.68,78.9199,271145.0,0.00037900874635565747,0.0044365572315882154,0.002661934338952893,5
14178,2023-05-31 13:00:00,78.905,80.58,78.85,80.35,422172.0,0.0183131613966161,0.021228059058361285,0.0006970407452000104,5
14179,2023-05-31 14:00:00,80.37,80.99,80.18,80.82,385819.0,0.0055991041433369245,0.00771432126415317,0.0023640661938533996,5
14180,2023-05-31 15:00:00,80.82,81.11,80.22,80.97,815948.0,0.0018559762435041535,0.003588220737441305,0.007423904974016263,5
14181,2023-05-31 16:00:00,80.97,80.97,80.58,80.58,179623.0,-0.004816598740274182,0.0,0.004816598740274182,5
14182,2023-05-31 17:00:00,80.5898,80.82,80.58,80.82,686.0,0.0028564408895418083,0.0028564408895418083,0.00012160347835580281,5
14183,2023-05-31 18:00:00,80.96,80.96,80.82,80.82,600.0,-0.0017292490118577147,0.0,0.0017292490118577147,5
14184,2023-05-31 19:00:00,80.95,80.95,80.9,80.9,600.0,-0.0006176652254477722,0.0,0.0006176652254477722,5
14185,2023-06-01 04:00:00,81.3,81.3,81.3,81.3,178.0,0.0,0.0,0.0,6
14186,2023-06-01 07:00:00,80.98,80.98,80.82,80.82,428.0,-0.001975796492961358,0.0,0.001975796492961358,6
14187,2023-06-01 08:00:00,81.12,81.16,80.8,81.0,1641.0,-0.0014792899408284583,0.0004930966469427027,0.003944773175542498,6
14188,2023-06-01 09:00:00,80.9,81.44,80.695,81.325,293453.0,0.005253399258343599,0.006674907292954166,0.0025339925834364954,6
14189,2023-06-01 10:00:00,81.36,82.92,81.085,82.67,999711.0,0.01610127826941989,0.01917404129793513,0.003380039331366835,6
14190,2023-06-01 11:00:00,82.67,82.87,82.32,82.6107,877255.0,-0.0007173097858958202,0.0024192572880126144,0.004233700254022118,6
14191,2023-06-01 12:00:00,82.65,83.24,82.58,83.175,289119.0,0.006352087114337464,0.007138535995160183,0.0008469449485784317,6
14192,2023-06-01 13:00:00,83.145,83.409,82.78,83.28,248674.0,0.0016236694930543644,0.0031751758975285347,0.004389921221961572,6
14193,2023-06-01 14:00:00,83.28,83.68,83.16,83.58,344350.0,0.0036023054755042884,0.004803073967339165,0.0014409221902017837,6
14194,2023-06-01 15:00:00,83.57,83.63,82.92,83.24,803321.0,-0.0039487854493239,0.0007179609907861945,0.007777910733516711,6
14195,2023-06-01 16:00:00,83.23,83.23,82.9325,83.23,89675.0,0.0,0.0,0.0035744322960470916,6
14196,2023-06-01 17:00:00,83.0171,83.23,83.0171,83.23,486270.0,0.00256453188559953,0.00256453188559953,0.0,6
14197,2023-06-01 18:00:00,83.4,83.4,83.4,83.4,200.0,0.0,0.0,0.0,6
14198,2023-06-01 19:00:00,83.26,83.4,83.26,83.4,200.0,0.001681479702137888,0.001681479702137888,0.0,6
14199,2023-06-02 04:00:00,83.99,84.0,83.99,84.0,392.0,0.00011906179307066456,0.00011906179307066456,0.0,6
14200,2023-06-02 05:00:00,84.28,84.28,83.5,83.5,752.0,-0.009254864736592325,0.0,0.009254864736592325,6
14201,2023-06-02 06:00:00,83.5,83.83,83.47,83.83,1214.0,0.003952095808383213,0.003952095808383213,0.0003592814371257621,6
14202,2023-06-02 07:00:00,83.77,83.92,83.68,83.86,3541.0,0.00107437029962998,0.0017906171660499665,0.0010743702996298102,6
14203,2023-06-02 08:00:00,83.98,84.33,83.68,84.33,9779.0,0.004167658966420508,0.004167658966420508,0.0035722791140747456,6
14204,2023-06-02 09:00:00,84.15,85.75,83.86,84.81,686198.0,0.007843137254901919,0.019013666072489534,0.0034462269756388142,6
14205,2023-06-02 10:00:00,84.75,85.7999,84.58,85.76,739822.0,0.011917404129793571,0.012388200589970429,0.0020058997050147694,6
14206,2023-06-02 11:00:00,85.7301,86.5999,85.7301,86.2123,591009.0,0.0056246289226305115,0.010145794767532199,0.0,6
14207,2023-06-02 12:00:00,86.23,86.37,85.8,86.01,411254.0,-0.002551316247245725,0.0016235648846109308,0.004986663574162204,6
14208,2023-06-02 13:00:00,86.0,86.457,85.99,86.2763,325072.0,0.0032127906976744908,0.005313953488372019,0.00011627906976750135,6
14209,2023-06-02 14:00:00,86.27,86.59,86.0147,86.385,332898.0,0.0013330242262664786,0.0037092848035239065,0.002959313782311246,6
14210,2023-06-02 15:00:00,86.385,86.49,85.99,86.25,895702.0,-0.0015627713144643759,0.0012154888001387944,0.0045725531052846005,6
14211,2023-06-02 16:00:00,85.81,86.27,85.81,86.01,54188.0,0.002330730684069489,0.005360680573359675,0.0,6
14212,2023-06-02 17:00:00,86.25,86.25,86.25,86.25,153.0,0.0,0.0,0.0,6
14213,2023-06-02 18:00:00,86.35,86.35,86.35,86.35,160.0,0.0,0.0,0.0,6
14214,2023-06-02 19:00:00,85.99,85.99,85.99,85.99,250.0,0.0,0.0,0.0,6
14215,2023-06-05 04:00:00,85.5,85.5,85.4,85.4,450.0,-0.0011695906432747873,0.0,0.0011695906432747873,6
14216,2023-06-05 05:00:00,85.85,85.85,85.85,85.85,104.0,0.0,0.0,0.0,6
14217,2023-06-05 06:00:00,85.65,85.9,85.65,85.9,517.0,0.002918855808523059,0.002918855808523059,0.0,6
14218,2023-06-05 07:00:00,85.98,85.98,85.98,85.98,185.0,0.0,0.0,0.0,6
14219,2023-06-05 08:00:00,86.0,86.19,85.8,85.8,504.0,-0.00232558139534887,0.002209302325581369,0.00232558139534887,6
14220,2023-06-05 09:00:00,86.19,86.38,85.86,86.2,237053.0,0.00011602274045718895,0.002204432068685436,0.003828750435085257,6
14221,2023-06-05 10:00:00,86.23,87.2,86.23,86.86,525050.0,0.007306041980749106,0.011248985271947105,0.0,6
14222,2023-06-05 11:00:00,86.815,87.43,86.815,87.21,394644.0,0.004549904970339181,0.007084029257616876,0.0,6
14223,2023-06-05 12:00:00,87.23,87.58,87.02,87.41,246679.0,0.0020635102602314867,0.004012381061561324,0.0024074286369369247,6
14224,2023-06-05 13:00:00,87.4,87.56,87.0817,87.395,235823.0,-5.720823798638059e-05,0.0018306636155606016,0.003641876430206039,6
14225,2023-06-05 14:00:00,87.4,87.63,87.11,87.59,444337.0,0.002173913043478235,0.002631578947368304,0.0033180778032037327,6
14226,2023-06-05 15:00:00,87.61,87.9,87.36,87.63,820841.0,0.00022828444241520398,0.0033101244150211878,0.0028535555301906173,6
14227,2023-06-05 16:00:00,87.44,87.97,87.44,87.52,47232.0,0.0009149130832570711,0.006061299176578238,0.0,6
14228,2023-06-05 17:00:00,87.6,87.6,87.6,87.6,76186.0,0.0,0.0,0.0,6
14229,2023-06-05 18:00:00,87.52,87.6,87.52,87.6,2912.0,0.0009140767824497064,0.0009140767824497064,0.0,6
14230,2023-06-05 19:00:00,87.52,87.52,87.4001,87.46,449.0,-0.0006855575868373203,0.0,0.0013699725776965407,6
14231,2023-06-06 07:00:00,87.6,87.6,87.6,87.6,100.0,0.0,0.0,0.0,6
14232,2023-06-06 08:00:00,87.3,87.6,87.3,87.6,2445.0,0.0034364261168384554,0.0034364261168384554,0.0,6
14233,2023-06-06 09:00:00,87.55,88.94,87.2923,88.85,416727.0,0.014848657909765816,0.015876641918903492,0.002943460879497428,6
14234,2023-06-06 10:00:00,88.84,90.55,88.8,90.1984,822062.0,0.015290409725348977,0.019248086447546078,0.0004502476361999803,6
14235,2023-06-06 11:00:00,90.18,90.8289,89.9,90.7,873293.0,0.005766245287203327,0.007195608782435103,0.0031049013084941354,6
14236,2023-06-06 12:00:00,90.708,90.8154,90.11,90.68,610034.0,-0.00030868280636759255,0.0011840190501388895,0.006592582793138411,6
14237,2023-06-06 13:00:00,90.69,90.69,90.07,90.315,338735.0,-0.004134965266291763,0.0,0.006836475906935765,6
14238,2023-06-06 14:00:00,90.34,90.8,90.0,90.64,440112.0,0.0033207881337170373,0.0050918751383661025,0.003763559884879382,6
14239,2023-06-06 15:00:00,90.65,90.96,90.54,90.72,1253449.0,0.000772200772200697,0.003419746276889002,0.001213458356315493,6
14240,2023-06-06 16:00:00,90.72,90.72,90.5,90.72,211243.0,0.0,0.0,0.0024250440917107457,6
14241,2023-06-06 17:00:00,90.9379,90.9379,90.9379,90.9379,390.0,0.0,0.0,0.0,6
14242,2023-06-06 18:00:00,90.96,90.96,90.25,90.65,852.0,-0.0034080914687773536,0.0,0.007805628847845138,6
14243,2023-06-06 19:00:00,90.9,90.92,90.5,90.92,2981.0,0.00022002200220017624,0.00022002200220017624,0.004400440044004463,6
14244,2023-06-07 07:00:00,90.33,90.92,90.33,90.92,3460.0,0.006531606332337025,0.006531606332337025,0.0,6
14245,2023-06-07 08:00:00,90.9186,91.24,90.76,91.18,4998.0,0.0028750992646170196,0.0035350302358372987,0.0017444175339258717,6
14246,2023-06-07 09:00:00,91.15,92.04,90.52,92.025,575429.0,0.009599561162918265,0.009764125068568299,0.006911684037301257,6
14247,2023-06-07 10:00:00,92.0,92.1,90.12,90.54,1097521.0,-0.015869565217391236,0.0010869565217390686,0.020434782608695603,6
14248,2023-06-07 11:00:00,90.55,91.54,90.405,91.36,465181.0,0.008945334069574845,0.010933186085035993,0.0016013252346769302,6
14249,2023-06-07 12:00:00,91.3701,91.63,90.645,90.99,480333.0,-0.004160004202687737,0.0028444753808959584,0.007935856478213307,6
14250,2023-06-07 13:00:00,90.98,91.045,90.605,90.81,350124.0,-0.001868542536821298,0.0007144427346669347,0.004121785007693998,6
14251,2023-06-07 14:00:00,90.83,91.321,90.82,91.045,405282.0,0.0023670593416272533,0.005405702961576568,0.00011009578333155473,6
14252,2023-06-07 15:00:00,91.055,91.14,90.735,91.04,966928.0,-0.00016473559936302858,0.0009335017297237246,0.003514359453077891,6
14253,2023-06-07 16:00:00,90.36,91.01,90.1,90.89,35680.0,0.005865427180168229,0.007193448428508252,0.0028773793714033324,6
14254,2023-06-07 17:00:00,91.0,91.0,91.0,91.0,300.0,0.0,0.0,0.0,6
14255,2023-06-07 18:00:00,90.89,91.0,90.89,91.0,512.0,0.001210254153372202,0.001210254153372202,0.0,6
14256,2023-06-07 19:00:00,91.0,91.0,91.0,91.0,196.0,0.0,0.0,0.0,6
14257,2023-06-08 07:00:00,90.98,90.98,90.65,90.65,1076.0,-0.0036271708067707,0.0,0.0036271708067707,6
14258,2023-06-08 08:00:00,90.6,90.84,90.59,90.62,1511.0,0.00022075055187649264,0.002649006622516657,0.00011037527593808946,6
14259,2023-06-08 09:00:00,90.62,91.56,90.21,90.45,409204.0,-0.001875965570514254,0.01037298609578457,0.004524387552416804,6
14260,2023-06-08 10:00:00,90.45,91.25,90.38,90.92,366872.0,0.0051962410171365265,0.00884466556108344,0.0007739082365948854,6
14261,2023-06-08 11:00:00,90.9,91.565,90.5,91.23,400466.0,0.0036303630363036113,0.007315731573157228,0.004400440044004463,6
14262,2023-06-08 12:00:00,91.21,91.455,90.87,91.21,304993.0,0.0,0.0026861089792786378,0.0037276614406313914,6
14263,2023-06-08 13:00:00,91.19,91.42,90.8,91.07,276159.0,-0.0013159337646672282,0.0025222063822788023,0.004276784735168336,6
14264,2023-06-08 14:00:00,91.09,91.36,91.0,91.16,365137.0,0.0007684707432209153,0.0029641014381380612,0.000988033812712739,6
14265,2023-06-08 15:00:00,91.17,91.18,90.11,90.24,740851.0,-0.01020072392234295,0.00010968520346610854,0.011626631567401582,6
14266,2023-06-08 16:00:00,90.24,90.5,90.19,90.19,98477.0,-0.0005540780141843657,0.0028812056737589223,0.0005540780141843657,6
14267,2023-06-08 17:00:00,90.19,90.24,90.19,90.2,7257.0,0.00011087703736561832,0.0005543851868277765,0.0,6
14268,2023-06-08 18:00:00,90.21,90.21,90.21,90.21,400.0,0.0,0.0,0.0,6
14269,2023-06-08 19:00:00,90.5,90.5,90.5,90.5,165.0,0.0,0.0,0.0,6
14270,2023-06-09 04:00:00,90.29,90.29,90.29,90.29,321.0,0.0,0.0,0.0,6
14271,2023-06-09 05:00:00,90.29,90.29,90.0,90.0,1265.0,-0.00321187285413674,0.0,0.00321187285413674,6
14272,2023-06-09 06:00:00,90.12,90.29,90.12,90.29,944.0,0.0018863737239236762,0.0018863737239236762,0.0,6
14273,2023-06-09 07:00:00,90.24,90.3,90.24,90.29,830.0,0.0005540780141845232,0.0006648936170213018,0.0,6
14274,2023-06-09 08:00:00,90.2981,90.83,90.23,90.4,70723.0,0.0011284844310123971,0.005890489390142131,0.0007541686923645255,6
14275,2023-06-09 09:00:00,90.31,91.98,90.31,91.06,421765.0,0.008304728158564943,0.018491861366404624,0.0,6
14276,2023-06-09 10:00:00,91.11,92.1,90.865,92.1,765776.0,0.010865986170562999,0.010865986170562999,0.0026890571836242403,6
14277,2023-06-09 11:00:00,92.11,92.11,91.09,91.43,501750.0,-0.007382477472587044,0.0,0.011073716208880643,6
14278,2023-06-09 12:00:00,91.4,91.42,90.84,91.37,511204.0,-0.00032822757111598615,0.00021881838074393894,0.006126914660831534,6
14279,2023-06-09 13:00:00,91.365,91.41,90.964,91.03,1705635.0,-0.0036666119411152384,0.0004925299622393882,0.004388989219066341,6
14280,2023-06-09 14:00:00,91.05,91.34,90.825,91.065,314329.0,0.00016474464579901778,0.0031850631521142918,0.0024711696869851108,6
14281,2023-06-09 15:00:00,91.08,91.49,91.02,91.24,707224.0,0.0017566974088712845,0.004501537110232725,0.0006587615283267707,6
14282,2023-06-09 16:00:00,91.24,91.24,90.9,91.2,54168.0,-0.0004384042086803161,0.0,0.00372643577378331,6
14283,2023-06-09 17:00:00,90.9057,91.05,90.9057,91.05,768.0,0.0015873592084984904,0.0015873592084984904,0.0,6
14284,2023-06-09 19:00:00,91.15,91.15,91.15,91.15,142.0,0.0,0.0,0.0,6
14285,2023-06-12 06:00:00,91.92,92.9,91.92,92.9,6029.0,0.010661444734551826,0.010661444734551826,0.0,6
14286,2023-06-12 07:00:00,92.61,93.13,92.52,93.01,9269.0,0.004319187992657442,0.005614944390454552,0.0009718172983479474,6
14287,2023-06-12 08:00:00,93.0,93.5,92.43,93.5,25201.0,0.005376344086021506,0.005376344086021506,0.006129032258064443,6
14288,2023-06-12 09:00:00,93.5,94.1995,92.38,94.16,823590.0,0.0070588235294117285,0.007481283422459898,0.011978609625668497,6
14289,2023-06-12 10:00:00,94.11,94.55,93.28,93.55,1157832.0,-0.005950483476782513,0.004675379874614788,0.008819466581659741,6
14290,2023-06-12 11:00:00,93.555,94.1199,93.0,93.54,741375.0,-0.00016033349366683308,0.006038159371492644,0.005932339265672671,6
14291,2023-06-12 12:00:00,93.54,93.64,92.78,92.98,751343.0,-0.0059867436390849075,0.0010690613641222398,0.008124866367329538,6
14292,2023-06-12 13:00:00,92.98,93.11,92.25,92.85,619033.0,-0.001398150139815118,0.001398150139814965,0.007851150785115122,6
14293,2023-06-12 14:00:00,92.845,93.31,92.65,93.27,380543.0,0.004577521675911435,0.005008347245409052,0.002100274651300481,6
14294,2023-06-12 15:00:00,93.32,93.78,93.1,93.57,1034942.0,0.0026789541363051866,0.004929275610801628,0.002357479639948552,6
14295,2023-06-12 16:00:00,93.47,93.7,93.13,93.7,73787.0,0.0024606825719482614,0.0024606825719482614,0.0036375307585321858,6
14296,2023-06-12 17:00:00,93.56,93.76,93.56,93.7,210426.0,0.0014963659683625541,0.0021376656690893846,0.0,6
14297,2023-06-12 18:00:00,93.51,93.52,93.51,93.51,1100.0,0.0,0.00010694043417806549,0.0,6
14298,2023-06-12 19:00:00,93.9,93.93,93.9,93.93,477.0,0.0003194888178913859,0.0003194888178913859,0.0,6
14299,2023-06-13 05:00:00,94.2,94.2,94.2,94.2,705.0,0.0,0.0,0.0,6
14300,2023-06-13 06:00:00,94.1,94.42,94.1,94.1,1121.0,0.0,0.003400637619553745,0.0,6
14301,2023-06-13 07:00:00,93.78,94.36,93.67,94.31,1516.0,0.0056515248453828226,0.006184687566645322,0.0011729579867775584,6
14302,2023-06-13 08:00:00,94.1,94.48,93.71,94.48,13087.0,0.0040382571732200815,0.0040382571732200815,0.004144527098831037,6
14303,2023-06-13 09:00:00,94.2999,94.54,93.08,93.5,460484.0,-0.008482511646353748,0.0025461320743713667,0.012936386995108113,6
14304,2023-06-13 10:00:00,93.59,94.82,93.545,94.5965,766777.0,0.010754354097660034,0.013142429746767707,0.0004808206004915237,6
14305,2023-06-13 11:00:00,94.6449,95.75,94.615,95.28,664977.0,0.006710345723858277,0.011676276270564953,0.0003159177092480633,6
14306,2023-06-13 12:00:00,95.28,95.52,95.0,95.1422,424665.0,-0.0014462636439966266,0.002518891687657377,0.0029387069689336812,6
14307,2023-06-13 13:00:00,95.13,95.685,95.0,95.435,403643.0,0.0032061389677284437,0.005834121728161535,0.00136655103542516,6
14308,2023-06-13 14:00:00,95.44,96.52,95.37,96.31,582886.0,0.009115674769488732,0.01131601005867559,0.0007334450963955698,6
14309,2023-06-13 15:00:00,96.31,96.62,95.75,95.81,1163017.0,-0.0051915688921191985,0.0032187727131139264,0.005814557159173526,6
14310,2023-06-13 16:00:00,95.8,96.0999,95.5,96.0999,1065412.0,0.003130480167014698,0.003130480167014698,0.0031315240083507013,6
14311,2023-06-13 17:00:00,95.8,95.9,95.7,95.9,691.0,0.0010438413361169992,0.0010438413361169992,0.001043841336116851,6
14312,2023-06-13 18:00:00,95.8,95.8,95.8,95.8,500.0,0.0,0.0,0.0,6
14313,2023-06-13 19:00:00,96.1,96.1,96.1,96.1,102.0,0.0,0.0,0.0,6
14314,2023-06-14 04:00:00,96.2,96.2,96.2,96.2,200.0,0.0,0.0,0.0,6
14315,2023-06-14 05:00:00,96.28,96.28,96.28,96.28,100.0,0.0,0.0,0.0,6
14316,2023-06-14 07:00:00,96.48,96.52,96.3,96.35,2420.0,-0.0013474295190714102,0.00041459369817570523,0.0018656716417911154,6
14317,2023-06-14 08:00:00,96.5,96.69,96.35,96.35,6454.0,-0.0015544041450777791,0.001968911917098422,0.0015544041450777791,6
14318,2023-06-14 09:00:00,96.34,96.35,94.2801,95.0441,529362.0,-0.013451318247872152,0.00010379904504869114,0.021381565289599325,6
14319,2023-06-14 10:00:00,95.02,95.91,94.78,95.4107,684483.0,0.0041117659440118885,0.00936644916859609,0.0025257840454640593,6
14320,2023-06-14 11:00:00,95.48,95.74,94.57,94.67,475935.0,-0.008483452031839152,0.002723083368244563,0.009530791788856418,6
14321,2023-06-14 12:00:00,94.68,94.84,94.395,94.57,339382.0,-0.0011618081960288725,0.001689902830587205,0.0030101394169836375,6
14322,2023-06-14 13:00:00,94.55,94.565,93.75,93.98,486552.0,-0.006028556319407649,0.00015864621893178814,0.008461131676361684,6
14323,2023-06-14 14:00:00,93.97,94.6,93.09,94.36,597953.0,0.00415026072150687,0.006704267319357193,0.00936469085878467,6
14324,2023-06-14 15:00:00,94.44,94.93,94.07,94.73,726780.0,0.0030707327403643185,0.005188479457856937,0.003917831427361336,6
14325,2023-06-14 16:00:00,94.72,94.9,93.8966,94.9,33594.0,0.00190033783783791,0.00190033783783791,0.008692989864864784,6
14326,2023-06-14 17:00:00,94.72,94.9,94.72,94.76,11691.0,0.0004222972972973633,0.00190033783783791,0.0,6
14327,2023-06-14 19:00:00,94.8,94.8,94.8,94.8,178.0,0.0,0.0,0.0,6
14328,2023-06-15 06:00:00,93.88,93.88,93.43,93.43,308.0,-0.004793353216872483,0.0,0.004793353216872483,6
14329,2023-06-15 07:00:00,94.29,94.48,93.48,93.5,5883.0,-0.008378407042104213,0.0020150599215186947,0.008590518612790352,6
14330,2023-06-15 08:00:00,93.52,93.67,92.88,93.0,31681.0,-0.005560307955517494,0.001603934987168581,0.006843455945252359,6
14331,2023-06-15 09:00:00,93.0,94.29,92.6,94.0,482440.0,0.010752688172043012,0.01387096774193555,0.004301075268817265,6
14332,2023-06-15 10:00:00,94.06,95.65,94.05,95.49,522818.0,0.015203061875398603,0.016904103763555212,0.00010631511800983538,6
14333,2023-06-15 11:00:00,95.43,95.66,95.03,95.6,250613.0,0.0017814104579271454,0.0024101435607250315,0.004191554018652475,6
14334,2023-06-15 12:00:00,95.57,96.03,95.345,95.7559,258549.0,0.0019451710787904545,0.004813225907711709,0.002354295280945844,6
14335,2023-06-15 13:00:00,95.8,96.15,95.19,96.13,503537.0,0.003444676409185786,0.003653444676409275,0.006367432150313147,6
14336,2023-06-15 14:00:00,96.15,96.25,95.6,96.09,470074.0,-0.0006240249609984636,0.0010400416016640075,0.005720228809152484,6
14337,2023-06-15 15:00:00,96.1,96.16,95.53,95.91,570969.0,-0.0019771071800207883,0.0006243496357960695,0.0059313215400623644,6
14338,2023-06-15 16:00:00,95.57,95.91,95.55,95.55,55090.0,-0.00020927069163959424,0.003557601757873846,0.00020927069163959424,6
14339,2023-06-15 17:00:00,95.55,95.9,95.55,95.7,1471.0,0.001569858712715915,0.0036630036630037523,0.0,6
14340,2023-06-15 18:00:00,96.05,96.05,95.69,95.7,2173.0,-0.00364393545028625,0.0,0.003748047891723055,6
14341,2023-06-15 19:00:00,95.8,95.8501,95.8,95.8501,2757.0,0.000522964509394577,0.000522964509394577,0.0,6
14342,2023-06-16 07:00:00,96.0,96.05,96.0,96.05,818.0,0.0005208333333333037,0.0005208333333333037,0.0,6
14343,2023-06-16 08:00:00,96.22,96.37,96.22,96.34,2239.0,0.0012471419663272142,0.0015589274579090177,0.0,6
14344,2023-06-16 09:00:00,96.4969,96.67,95.36,95.545,537095.0,-0.00986456559744401,0.0017938400093682298,0.011781725630564269,6
14345,2023-06-16 10:00:00,95.59,96.5708,95.44,95.53,461032.0,-0.0006276807197405824,0.010260487498692353,0.001569201799351456,6
14346,2023-06-16 11:00:00,95.52,95.61,94.83,95.37,314266.0,-0.0015703517587938806,0.0009422110552764176,0.007223618090452238,6
14347,2023-06-16 12:00:00,95.38,95.78,95.31,95.62,222690.0,0.002516250786328466,0.004193751310547345,0.0007339064793457033,6
14348,2023-06-16 13:00:00,95.63,96.01,95.47,95.89,206654.0,0.0027188120882568768,0.00397364843668315,0.0016731151312349326,6
14349,2023-06-16 14:00:00,95.87,95.9599,95.47,95.53,194566.0,-0.0035464691770105707,0.0009377281735683747,0.004172316678835983,6
14350,2023-06-16 15:00:00,95.53,95.58,94.95,95.34,867123.0,-0.001988904009211742,0.0005233957918978034,0.0060713911860148465,6
14351,2023-06-16 16:00:00,95.56,95.57,95.22,95.22,56196.0,-0.0035579740477187463,0.00010464629552104337,0.0035579740477187463,6
14352,2023-06-16 17:00:00,95.22,95.33,95.22,95.33,369.0,0.0011552194917034176,0.0011552194917034176,0.0,6
14353,2023-06-16 18:00:00,95.33,95.33,95.32,95.32,333.0,-0.00010489877268441326,0.0,0.00010489877268441326,6
14354,2023-06-20 04:00:00,94.66,94.66,94.66,94.66,109.0,0.0,0.0,0.0,6
14355,2023-06-20 07:00:00,95.22,95.29,94.88,95.0,2333.0,-0.0023104389834068353,0.0007351396765386199,0.003570678428901527,6
14356,2023-06-20 08:00:00,95.3,95.3,94.61,94.7,6851.0,-0.006295907660020927,0.0,0.007240293809024111,6
14357,2023-06-20 09:00:00,94.94,95.97,94.4974,95.41,303670.0,0.004950495049504938,0.010848957236149159,0.004661891721086989,6
14358,2023-06-20 10:00:00,95.35,95.8699,95.1105,95.54,402458.0,0.001992658626114441,0.005452543261667614,0.002511798636601914,6
14359,2023-06-20 11:00:00,95.58,96.55,95.43,95.92,306127.0,0.0035572295459301464,0.010148566645741776,0.001569365976145548,6
14360,2023-06-20 12:00:00,95.88,96.47,95.81,96.37,260786.0,0.005110554860242064,0.0061535252398832235,0.0007300792657487816,6
14361,2023-06-20 13:00:00,96.385,96.4,95.84,95.98,209051.0,-0.004201898635679838,0.00015562587539555498,0.005654406806038301,6
14362,2023-06-20 14:00:00,96.01,96.23,95.76,96.18,171794.0,0.0017706488907405656,0.0022914279762524616,0.002603895427559629,6
14363,2023-06-20 15:00:00,96.19,96.74,96.09,96.61,511797.0,0.0043663582492982815,0.0057178500883667445,0.001039609106975718,6
14364,2023-06-20 16:00:00,96.6,96.6,96.5,96.5,68801.0,-0.0010351966873705417,0.0,0.0010351966873705417,6
14365,2023-06-20 17:00:00,96.61,96.61,96.61,96.61,200.0,0.0,0.0,0.0,6
14366,2023-06-21 04:00:00,96.77,96.77,96.77,96.77,125.0,0.0,0.0,0.0,6
14367,2023-06-21 05:00:00,96.95,96.95,96.15,96.15,211.0,-0.008251676121712194,0.0,0.008251676121712194,6
14368,2023-06-21 07:00:00,96.5,96.5,96.5,96.5,347.0,0.0,0.0,0.0,6
14369,2023-06-21 08:00:00,96.4,96.7,96.35,96.35,2981.0,-0.0005186721991702423,0.003112033195020717,0.0005186721991702423,6
14370,2023-06-21 09:00:00,96.13,97.7,96.13,97.13,400805.0,0.010402579839800271,0.0163320503484865,0.0,6
14371,2023-06-21 10:00:00,97.15,97.2,95.85,95.97,522680.0,-0.012146165723108664,0.0005146680391147416,0.013381369016984161,6
14372,2023-06-21 11:00:00,95.97,96.56,95.22,96.2,313168.0,0.0023965822652912785,0.006147754506616687,0.007814942169427946,6
14373,2023-06-21 12:00:00,96.18,96.86,96.12,96.325,274253.0,0.0015075899355374922,0.007070076939072495,0.0006238303181534859,6
14374,2023-06-21 13:00:00,96.31,97.18,96.09,97.16,199953.0,0.008825667116602579,0.009033329872287452,0.0022842903125324353,6
14375,2023-06-21 14:00:00,97.17,97.54,97.1,97.425,350918.0,0.002624266748996557,0.0038077595965833543,0.0007203869507050261,6
14376,2023-06-21 15:00:00,97.43,97.6699,97.015,97.35,484306.0,-0.0008211023298779893,0.002462280611721149,0.004259468336241468,6
14377,2023-06-21 16:00:00,97.32,97.35,97.27,97.27,56856.0,-0.0005137690094533206,0.0003082614056720216,0.0005137690094533206,6
14378,2023-06-21 18:00:00,97.0001,97.35,97.0001,97.35,526.0,0.00360721277606921,0.00360721277606921,0.0,6
14379,2023-06-21 19:00:00,97.34,97.34,97.34,97.34,101.0,0.0,0.0,0.0,6
14380,2023-06-22 04:00:00,96.76,96.76,96.76,96.76,104.0,0.0,0.0,0.0,6
14381,2023-06-22 07:00:00,96.84,96.84,96.75,96.75,2245.0,-0.0009293680297398121,0.0,0.0009293680297398121,6
14382,2023-06-22 08:00:00,96.86,96.86,96.6,96.7,3214.0,-0.0016518686764401878,0.0,0.0026842865992154153,6
14383,2023-06-22 09:00:00,96.67,97.37,96.4,96.85,443263.0,0.0018620047584565285,0.00724112961622016,0.0027930071376848662,6
14384,2023-06-22 10:00:00,96.89,97.69,96.825,97.02,435626.0,0.001341727732480085,0.008256786046031552,0.0006708638662400425,6
14385,2023-06-22 11:00:00,97.02,97.55,96.865,97.36,182457.0,0.003504432075860683,0.005462791177076903,0.0015976087404658951,6
14386,2023-06-22 12:00:00,97.38,97.49,97.0,97.49,279596.0,0.0011295953994660036,0.0011295953994660036,0.0039022386527007135,6
14387,2023-06-22 13:00:00,97.4401,97.49,96.9,97.21,1151704.0,-0.00236145077847834,0.0005121094908563706,0.005542892505241634,6
14388,2023-06-22 14:00:00,97.21,97.52,97.02,97.28,1564058.0,0.0007200905256661599,0.003188972327949823,0.0019545314268079182,6
14389,2023-06-22 15:00:00,97.28,97.63,97.03,97.42,459462.0,0.001439144736842111,0.0035978618421052045,0.002569901315789474,6
14390,2023-06-22 16:00:00,97.59,97.67,97.4,97.67,16665.0,0.0008197561225535228,0.0008197561225535228,0.0019469207910646348,6
14391,2023-06-22 17:00:00,97.66,97.67,97.4,97.4,500.0,-0.0026622977677656246,0.00010239606799104154,0.0026622977677656246,6
14392,2023-06-22 19:00:00,97.67,97.72,97.6,97.72,1988.0,0.0005119279205487576,0.0005119279205487576,0.0007166990887683771,6
14393,2023-06-23 05:00:00,97.5,97.5,97.5,97.5,379.0,0.0,0.0,0.0,6
14394,2023-06-23 06:00:00,96.81,96.81,96.8,96.8,400.0,-0.00010329511414115397,0.0,0.00010329511414115397,6
14395,2023-06-23 07:00:00,96.88,97.48,96.88,97.17,4282.0,0.0029933938893477114,0.006193228736581426,0.0,6
14396,2023-06-23 08:00:00,96.8,97.3,96.35,96.35,12272.0,-0.004648760330578542,0.005165289256198347,0.004648760330578542,6
14397,2023-06-23 09:00:00,96.51,98.33,96.28,97.25,485759.0,0.007667599212516784,0.018858149414568367,0.002383172728214734,6
14398,2023-06-23 10:00:00,97.23,97.72,97.02,97.445,397862.0,0.0022112516712947568,0.005039596832253367,0.002159827213822976,6
14399,2023-06-23 11:00:00,97.465,98.25,97.28,97.975,314141.0,0.005232647617093222,0.00805417329297693,0.0018981172728672064,6
14400,2023-06-23 12:00:00,97.93,98.0581,97.71,97.78,192406.0,-0.0015317063208414752,0.0013080771979984602,0.0022465026039008786,6
14401,2023-06-23 13:00:00,97.8,98.35,97.79,97.92,312055.0,0.0012269938650307213,0.005623721881390564,0.00010224948875246324,6
14402,2023-06-23 14:00:00,97.92,98.2,97.67,97.77,319167.0,-0.0015318627450980973,0.002859477124183018,0.0025531045751633987,6
14403,2023-06-23 15:00:00,97.75,98.02,97.5,97.921,761540.0,0.0017493606138108079,0.0027621483375958674,0.0025575447570332483,6
14404,2023-06-23 16:00:00,97.92,98.0,97.49,97.92,790940.0,0.0,0.0008169934640522702,0.004391339869281115,6
14405,2023-06-23 18:00:00,97.92,97.95,97.92,97.92,3719.0,0.0,0.00030637254901961944,0.0,6
14406,2023-06-23 19:00:00,98.02,98.02,97.7,97.7,2059.0,-0.003264639869414336,0.0,0.003264639869414336,6
14407,2023-06-26 04:00:00,97.66,97.66,97.65,97.65,400.0,-0.00010239606799089602,0.0,0.00010239606799089602,6
14408,2023-06-26 06:00:00,97.44,97.44,97.44,97.44,185.0,0.0,0.0,0.0,6
14409,2023-06-26 07:00:00,97.88,98.24,97.86,97.92,4091.0,0.0004086636697998187,0.0036779730281977876,0.00020433183489983677,6
14410,2023-06-26 08:00:00,97.87,98.34,97.87,98.0,2533.0,0.0013282926330846576,0.00480228875038315,0.0,6
14411,2023-06-26 09:00:00,98.24,98.55,93.65,97.92,1112430.0,-0.003257328990227944,0.003155537459283411,0.04672231270358296,6
14412,2023-06-26 10:00:00,97.925,98.0,96.21,96.315,849267.0,-0.016441153944345158,0.0007658922644881577,0.017513403114628578,6
14413,2023-06-26 11:00:00,96.29,96.6,94.37,96.6,1320664.0,0.003219441271159913,0.003219441271159913,0.019939765292346055,6
14414,2023-06-26 12:00:00,96.59,96.59,95.4,95.74,370569.0,-0.008800082824309023,0.0,0.012320115954032484,6
14415,2023-06-26 13:00:00,95.785,96.71,95.5,96.605,344028.0,0.008560839379861225,0.009657044422404313,0.0029754136869029244,6
14416,2023-06-26 14:00:00,96.54,97.38,96.48,97.36,362345.0,0.008493888543608795,0.008701056556867507,0.000621504039776282,6
14417,2023-06-26 15:00:00,97.37,97.97,97.0913,97.27,839049.0,-0.0010270103728048528,0.006162062236828534,0.002862277909006887,6
14418,2023-06-26 16:00:00,97.24,97.25,97.15,97.15,26797.0,-0.000925545043191991,0.0001028383381325084,0.000925545043191991,6
14419,2023-06-26 17:00:00,97.24,97.24,97.21,97.21,2512.0,-0.00030851501439737905,0.0,0.00030851501439737905,6
14420,2023-06-26 18:00:00,97.41,97.41,97.41,97.41,419.0,0.0,0.0,0.0,6
14421,2023-06-26 19:00:00,97.25,97.41,97.25,97.25,2232.0,0.0,0.0016452442159382683,0.0,6
14422,2023-06-27 05:00:00,97.0,97.0,97.0,97.0,105.0,0.0,0.0,0.0,6
14423,2023-06-27 06:00:00,97.2,97.3,97.2,97.3,255.0,0.0010288065843620815,0.0010288065843620815,0.0,6
14424,2023-06-27 08:00:00,97.92,97.92,97.5,97.51,3753.0,-0.004187091503267939,0.0,0.0042892156862745275,6
14425,2023-06-27 09:00:00,97.36,99.0,97.36,98.685,501490.0,0.013609285127362395,0.016844700082169276,0.0,6
14426,2023-06-27 10:00:00,98.65,99.35,98.46,99.12,700315.0,0.004764318297009618,0.007095793208312099,0.001926001013684865,6
14427,2023-06-27 11:00:00,99.12,99.82,98.98,99.6701,505480.0,0.005549838579499601,0.007062146892655252,0.001412429378531079,6
14428,2023-06-27 12:00:00,99.6802,100.99,99.67,100.9199,737417.0,0.012436772799412512,0.013140021789683364,0.00010232724252155939,6
14429,2023-06-27 13:00:00,100.91,101.715,100.54,101.57,1299382.0,0.006540481617282694,0.007977405608958545,0.00366663363393113,6
14430,2023-06-27 14:00:00,101.52,101.7,100.9443,101.0505,639362.0,-0.004624704491725733,0.001773049645390138,0.005670803782505888,6
14431,2023-06-27 15:00:00,101.08,101.59,100.91,101.43,874069.0,0.003462603878116428,0.005045508508112437,0.0016818361693708122,6
14432,2023-06-27 16:00:00,101.72,101.72,101.25,101.25,69278.0,-0.004620526936688939,0.0,0.004620526936688939,6
14433,2023-06-27 17:00:00,101.2512,101.26,101.25,101.25,3622.0,-1.185171138709668e-05,8.691255017232302e-05,1.185171138709668e-05,6
14434,2023-06-27 18:00:00,101.26,101.4,101.03,101.03,2198.0,-0.0022713806043847913,0.001382579498321159,0.0022713806043847913,6
14435,2023-06-28 07:00:00,101.7,101.73,101.35,101.73,1624.0,0.0002949852507374743,0.0002949852507374743,0.0034414945919371536,6
14436,2023-06-28 08:00:00,102.0,102.0,101.39,101.59,878.0,-0.004019607843137221,0.0,0.005980392156862739,6
14437,2023-06-28 09:00:00,101.27,104.06,101.01,104.035,600311.0,0.027303248740989442,0.0275501135578158,0.002567394094993492,6
14438,2023-06-28 10:00:00,104.08,104.31,103.17,104.185,848807.0,0.0010088393543428514,0.0022098385857033435,0.00874327440430435,6
14439,2023-06-28 11:00:00,104.15,105.21,103.14,104.86,1013870.0,0.006817090734517462,0.010177628420547173,0.00969755160825737,6
14440,2023-06-28 12:00:00,104.82,104.93,103.54,103.63,469899.0,-0.01135279526807859,0.00104941804999059,0.0122114100362525,6
14441,2023-06-28 13:00:00,103.62,103.805,103.3,103.5,274315.0,-0.0011580775911986542,0.001785369619764546,0.003088206909863032,6
14442,2023-06-28 14:00:00,103.525,104.34,103.29,104.27,272054.0,0.007196329389036371,0.007872494566529801,0.002269983095870557,6
14443,2023-06-28 15:00:00,104.28,104.39,102.945,103.17,920919.0,-0.010644418872266968,0.0010548523206751,0.01280207134637522,6
14444,2023-06-28 16:00:00,103.13,103.45,103.13,103.29,67515.0,0.0015514399301853078,0.003102879860370478,0.0,6
14445,2023-06-28 17:00:00,103.29,103.45,103.29,103.45,301.0,0.0015490366928066278,0.0015490366928066278,0.0,6
14446,2023-06-28 18:00:00,103.45,103.45,103.45,103.45,100.0,0.0,0.0,0.0,6
14447,2023-06-28 19:00:00,103.45,103.45,103.3,103.3,204.0,-0.0014499758337361594,0.0,0.0014499758337361594,6
14448,2023-06-29 05:00:00,102.89,102.89,102.89,102.89,1121.0,0.0,0.0,0.0,6
14449,2023-06-29 07:00:00,103.98,103.99,103.91,103.95,1354.0,-0.0002885170225043387,9.617234083468845e-05,0.0006732063858435024,6
14450,2023-06-29 08:00:00,103.99,104.0,103.75,103.75,8068.0,-0.002307914222521347,9.616309260510737e-05,0.002307914222521347,6
14451,2023-06-29 09:00:00,103.55,103.98,102.33,103.135,436011.0,-0.00400772573635917,0.004152583293095189,0.011781747947851268,6
14452,2023-06-29 10:00:00,103.12,103.3,101.87,102.71,710744.0,-0.00397595034910794,0.0017455391776570268,0.012121799844840962,6
14453,2023-06-29 11:00:00,102.69,102.99,102.38,102.44,308775.0,-0.0024345116369656247,0.002921413964358722,0.003018794429837397,6
14454,2023-06-29 12:00:00,102.45,102.81,102.165,102.22,250629.0,-0.0022449975597853,0.0035139092240117076,0.002781844802342573,6
14455,2023-06-29 13:00:00,102.2,102.81,102.06,102.5,253656.0,0.002935420743639894,0.005968688845401168,0.0013698630136986356,6
14456,2023-06-29 14:00:00,102.53,102.61,102.21,102.32,199865.0,-0.0020481810201892904,0.0007802594362625407,0.003121037745050301,6
14457,2023-06-29 15:00:00,102.33,102.37,101.49,101.58,1023639.0,-0.00732922896511287,0.0003908922114727475,0.008208736440926448,6
14458,2023-06-29 16:00:00,101.56,102.51,101.51,101.56,44761.0,0.0,0.009354076408034687,0.0004923198109491646,6
14459,2023-06-29 17:00:00,101.5,101.5,101.04,101.4,1936.0,-0.0009852216748767913,0.0,0.004532019704433436,6
14460,2023-06-29 18:00:00,101.22,101.22,101.21,101.2104,3000.0,-9.484291641959926e-05,0.0,9.879470460388377e-05,6
14461,2023-06-29 19:00:00,101.49,101.5,101.25,101.49,2284.0,0.0,9.853187506163284e-05,0.002364765001477928,6
14462,2023-06-30 04:00:00,101.63,101.63,101.63,101.63,100.0,0.0,0.0,0.0,6
14463,2023-06-30 06:00:00,102.59,103.42,102.59,103.42,894.0,0.008090457159567192,0.008090457159567192,0.0,6
14464,2023-06-30 07:00:00,102.66,103.35,102.66,102.78,8629.0,0.0011689070718878293,0.006721215663354742,0.0,6
14465,2023-06-30 08:00:00,103.0,103.25,102.51,103.03,14283.0,0.0002912621359223411,0.0024271844660194173,0.004757281553398008,6
14466,2023-06-30 09:00:00,102.9999,104.75,102.63,104.24,477890.0,0.012039817514385919,0.016991278632309384,0.003591265622587995,6
14467,2023-06-30 10:00:00,104.24,104.5893,103.08,103.81,709175.0,-0.004125095932463475,0.003350920951650034,0.011128165771296975,6
14468,2023-06-30 11:00:00,103.79,104.01,103.38,103.86,346688.0,0.0006744387705944038,0.002119664707582608,0.003950284227767712,6
14469,2023-06-30 12:00:00,103.83,104.44,103.75,104.365,288270.0,0.005152653375710263,0.0058749879610902386,0.0007704902244052615,6
14470,2023-06-30 13:00:00,104.33,104.41,103.79,103.86,293522.0,-0.004504936259944396,0.0007667976612671169,0.005175884213553072,6
14471,2023-06-30 14:00:00,103.85,104.5,103.74,104.3997,331388.0,0.005293211362542142,0.006259027443428076,0.0010592200288878136,6
14472,2023-06-30 15:00:00,104.4,104.53,103.73,103.73,775343.0,-0.006417624521072813,0.0012452107279693051,0.006417624521072813,6
14473,2023-06-30 16:00:00,103.74,103.75,103.05,103.26,80178.0,-0.00462695199537295,9.639483323698782e-05,0.0066512434933487345,6
14474,2023-06-30 17:00:00,103.0701,103.0701,103.0701,103.0701,150.0,0.0,0.0,0.0,6
14475,2023-06-30 18:00:00,103.44,103.7,103.44,103.7,200.0,0.00251353441608667,0.00251353441608667,0.0,6
14476,2023-07-03 08:00:00,103.08,103.08,103.08,103.08,500.0,0.0,0.0,0.0,7
14477,2023-07-03 09:00:00,103.43,103.74,102.26,102.945,373954.0,-0.004689161751909636,0.002997196171323485,0.011311998453060057,7
14478,2023-07-03 10:00:00,102.97,103.65,102.7,103.345,449331.0,0.003641837428377197,0.006603865203457384,0.0026221229484315435,7
14479,2023-07-03 11:00:00,103.37,103.83,103.22,103.72,308021.0,0.003385895327464393,0.004450033858953214,0.0014510979974848184,7
14480,2023-07-03 12:00:00,103.745,103.9099,103.17,103.19,493633.0,-0.005349655405079828,0.0015894741915271939,0.00554243578003762,7
14481,2023-07-03 13:00:00,103.2,104.0,103.2,104.0,5367.0,0.007751937984496096,0.007751937984496096,0.0,7
14482,2023-07-03 14:00:00,103.2,103.2,103.0,103.0,142039.0,-0.0019379844961240585,0.0,0.0019379844961240585,7
14483,2023-07-03 16:00:00,103.01,103.01,103.0,103.0,500.0,-9.707795359678784e-05,0.0,9.707795359678784e-05,7
14484,2023-07-05 05:00:00,102.14,102.14,102.14,102.14,160.0,0.0,0.0,0.0,7
14485,2023-07-05 06:00:00,102.0,102.0,102.0,102.0,100.0,0.0,0.0,0.0,7
14486,2023-07-05 07:00:00,102.5,102.5,102.5,102.5,1763.0,0.0,0.0,0.0,7
14487,2023-07-05 08:00:00,102.1,102.3799,102.1,102.1,2017.0,0.0,0.00274142997061716,0.0,7
14488,2023-07-05 09:00:00,102.17,103.28,102.05,102.246,402320.0,0.0007438582754232495,0.01086424586473524,0.001174513066457909,7
14489,2023-07-05 10:00:00,102.225,104.02,102.1,103.88,517130.0,0.016189777451699694,0.01755930545365617,0.0012227928588897043,7
14490,2023-07-05 11:00:00,103.9,103.93,102.8525,102.8525,331296.0,-0.010081809432146288,0.00028873917228105036,0.010081809432146288,7
14491,2023-07-05 12:00:00,102.84,103.27,102.61,103.27,245021.0,0.004181252430960644,0.004181252430960644,0.0022364838584208865,7
14492,2023-07-05 13:00:00,103.26,103.93,103.14,103.86,223844.0,0.0058105752469493925,0.0064884756924269,0.0011621150493899336,7
14493,2023-07-05 14:00:00,103.8965,104.17,103.7,103.95,233760.0,0.0005149355368082627,0.0026324274638702795,0.0018913052893985874,7
14494,2023-07-05 15:00:00,103.94,104.1,103.03,103.25,549430.0,-0.006638445256878947,0.0015393496247834962,0.008755050990956288,7
14495,2023-07-05 16:00:00,103.24,103.24,103.0,103.0,65170.0,-0.0023246803564509386,0.0,0.0023246803564509386,7
14496,2023-07-05 17:00:00,103.45,103.45,103.2,103.2,336.0,-0.002416626389560174,0.0,0.002416626389560174,7
14497,2023-07-05 18:00:00,103.0,103.19,103.0,103.19,507.0,0.0018446601941747352,0.0018446601941747352,0.0,7
14498,2023-07-06 06:00:00,102.94,102.94,102.94,102.94,100.0,0.0,0.0,0.0,7
14499,2023-07-06 07:00:00,102.6,102.6,102.53,102.6,2596.0,0.0,0.0,0.0006822612085769316,7
14500,2023-07-06 08:00:00,102.6,102.8,102.0,102.0,5823.0,-0.005847953216374214,0.0019493177387914509,0.005847953216374214,7
14501,2023-07-06 09:00:00,101.92,102.32,100.67,100.73,501073.0,-0.011675824175824153,0.003924646781789555,0.012264521193092622,7
14502,2023-07-06 10:00:00,100.73,101.7508,100.7,101.3,424695.0,0.005658691551672721,0.010134021642013245,0.00029782587114068437,7
14503,2023-07-06 11:00:00,101.295,101.82,100.83,101.66,244475.0,0.0036033367885877376,0.005182881682215227,0.004590552347105024,7
14504,2023-07-06 12:00:00,101.685,101.94,101.32,101.82,189262.0,0.001327629443870688,0.0025077445050892015,0.003589516644539599,7
14505,2023-07-06 13:00:00,101.81,102.115,101.675,102.115,146182.0,0.0029957764463215066,0.0029957764463215066,0.0013259994106669787,7
14506,2023-07-06 14:00:00,102.125,102.29,101.85,102.16,465243.0,0.0003427172582619005,0.0016156670746634639,0.0026927784577723936,7
14507,2023-07-06 15:00:00,102.155,102.255,101.39,101.78,552843.0,-0.0036708922715481375,0.0009789046057461144,0.007488620233958207,7
14508,2023-07-06 16:00:00,101.77,101.77,101.77,101.77,108332.0,0.0,0.0,0.0,7
14509,2023-07-06 17:00:00,101.52,101.52,101.52,101.52,146.0,0.0,0.0,0.0,7
14510,2023-07-07 04:00:00,101.72,101.72,101.72,101.72,100.0,0.0,0.0,0.0,7
14511,2023-07-07 08:00:00,101.7,102.0,101.62,102.0,2298.0,0.002949852507374603,0.002949852507374603,0.0007866273352998849,7
14512,2023-07-07 09:00:00,101.93,102.15,101.36,101.77,196739.0,-0.0015697046993035494,0.0021583439615422235,0.00559207299126859,7
14513,2023-07-07 10:00:00,101.79,102.63,101.76,102.5,326991.0,0.006975144906179327,0.008252284114352974,0.0002947244326554783,7
14514,2023-07-07 11:00:00,102.46,102.96,102.21,102.76,195765.0,0.002927971891469953,0.004879953152449737,0.0024399765762248686,7
14515,2023-07-07 12:00:00,102.78,103.07,102.42,102.77,165401.0,-9.729519361748508e-05,0.002821560614905546,0.003502626970227665,7
14516,2023-07-07 13:00:00,102.745,103.07,102.68,102.905,171676.0,0.0015572533943257246,0.003163170957224085,0.000632634191444817,7
14517,2023-07-07 14:00:00,102.88,103.15,102.75,102.82,143676.0,-0.0005832037325039102,0.0026244167962675958,0.0012636080870917132,7
14518,2023-07-07 15:00:00,102.81,102.92,101.8,102.02,447870.0,-0.007684077424375121,0.0010699348312420915,0.009823947086859304,7
14519,2023-07-07 16:00:00,102.01,102.03,102.01,102.03,67112.0,0.00019605920988134516,0.00019605920988134516,0.0,7
14520,2023-07-07 18:00:00,102.01,102.02,102.01,102.02,2307.0,9.802960494060292e-05,9.802960494060292e-05,0.0,7
14521,2023-07-10 04:00:00,101.9,101.9,101.9,101.9,404.0,0.0,0.0,0.0,7
14522,2023-07-10 07:00:00,101.51,102.1,101.51,102.1,755.0,0.005812235247758735,0.005812235247758735,0.0,7
14523,2023-07-10 08:00:00,101.14,101.14,101.14,101.14,179.0,0.0,0.0,0.0,7
14524,2023-07-10 09:00:00,102.51,102.65,100.96,101.46,272515.0,-0.010242903131401925,0.0013657204175202475,0.015120476051117075,7
14525,2023-07-10 10:00:00,101.45,102.45,101.45,102.2501,381799.0,0.007886643666830956,0.009857072449482503,0.0,7
14526,2023-07-10 11:00:00,102.275,103.47,102.14,102.88,317572.0,0.005915424101686529,0.011684184795893357,0.0013199706673185539,7
14527,2023-07-10 12:00:00,102.84,103.1454,102.51,102.64,167223.0,-0.0019447685725398954,0.002969661610268297,0.003208868144690765,7
14528,2023-07-10 13:00:00,102.64,102.88,102.41,102.65,153609.0,9.742790335156972e-05,0.0023382696804364273,0.0022408417770849957,7
14529,2023-07-10 14:00:00,102.66,102.94,102.42,102.43,210805.0,-0.002240405221118155,0.002727449834404843,0.0023378141437755203,7
14530,2023-07-10 15:00:00,102.43,103.22,102.32,103.22,574982.0,0.007712584203846451,0.007712584203846451,0.0010739041296496498,7
14531,2023-07-10 16:00:00,103.2,103.2,103.2,103.2,72754.0,0.0,0.0,0.0,7
14532,2023-07-10 18:00:00,103.2,103.2,103.2,103.2,501.0,0.0,0.0,0.0,7
14533,2023-07-11 04:00:00,103.2,103.2,103.19,103.19,806.0,-9.689922480625112e-05,0.0,9.689922480625112e-05,7
14534,2023-07-11 07:00:00,103.2,103.3,103.02,103.02,402.0,-0.001744186046511694,0.0009689922480619604,0.001744186046511694,7
14535,2023-07-11 08:00:00,103.8434,103.8434,103.5,103.5,263.0,-0.0033069025089702627,0.0,0.0033069025089702627,7
14536,2023-07-11 09:00:00,103.8,103.8,101.94,102.49,236534.0,-0.012620423892100215,0.0,0.017919075144508665,7
14537,2023-07-11 10:00:00,102.5,102.71,100.81,100.84,399683.0,-0.016195121951219478,0.002048780487804817,0.016487804878048757,7
14538,2023-07-11 11:00:00,100.86,101.81,100.5201,101.17,405507.0,0.0030735673210390865,0.00941899662899071,0.0033700178465199296,7
14539,2023-07-11 12:00:00,101.1872,101.63,101.08,101.56,157922.0,0.0036842604598209855,0.0043760475633280805,0.0010594225356567427,7
14540,2023-07-11 13:00:00,101.57,101.785,101.16,101.3,164145.0,-0.0026582652357979328,0.0021167667618391594,0.004036624987693183,7
14541,2023-07-11 14:00:00,101.305,101.54,101.12,101.33,252640.0,0.00024677952717034175,0.002319727555401998,0.0018261685010611743,7
14542,2023-07-11 15:00:00,101.33,101.63,101.11,101.28,549530.0,-0.0004934372841211602,0.0029606237047271012,0.002171124050133217,7
14543,2023-07-11 16:00:00,101.28,101.28,101.28,101.28,12073.0,0.0,0.0,0.0,7
14544,2023-07-11 17:00:00,101.35,101.35,101.28,101.35,7113.0,0.0,0.0,0.0006906758756782751,7
14545,2023-07-11 19:00:00,101.28,101.28,101.28,101.28,344.0,0.0,0.0,0.0,7
14546,2023-07-12 07:00:00,101.5,101.79,101.5,101.79,600.0,0.0028571428571429187,0.0028571428571429187,0.0,7
14547,2023-07-12 08:00:00,101.36,103.0,101.36,102.75,18460.0,0.013713496448303084,0.016179952644041047,0.0,7
14548,2023-07-12 09:00:00,102.75,103.1,100.1,100.905,446661.0,-0.01795620437956203,0.003406326034063205,0.025790754257907597,7
14549,2023-07-12 10:00:00,100.98,101.41,100.66,100.985,505946.0,4.95147553970633e-05,0.004258268964151244,0.003168944345415007,7
14550,2023-07-12 11:00:00,101.03,101.74,100.63,101.17,319706.0,0.0013857270117786852,0.00702761555973467,0.003959220033653427,7
14551,2023-07-12 12:00:00,101.12,101.5,100.87,101.02,226975.0,-0.0009889240506329956,0.0037579113924050183,0.002472310126582278,7
14552,2023-07-12 13:00:00,101.02,101.14,100.32,100.37,335617.0,-0.0064343694317956,0.001187883587408479,0.006929320926549226,7
14553,2023-07-12 14:00:00,100.36,100.49,99.6,99.785,457463.0,-0.005729374252690343,0.0012953367875647216,0.00757273814268638,7
14554,2023-07-12 15:00:00,99.8,99.98,99.19,99.33,1412741.0,-0.00470941883767534,0.001803607214428926,0.00611222444889779,7
14555,2023-07-12 16:00:00,99.31,99.5,99.23,99.31,93959.0,0.0,0.0019132010875037532,0.0008055583526331517,7
14556,2023-07-12 18:00:00,99.35,99.35,99.33,99.33,600.0,-0.00020130850528430821,0.0,0.00020130850528430821,7
14557,2023-07-12 19:00:00,99.32,99.5,99.31,99.36,2521.0,0.0004027386226339736,0.0018123238018526665,0.00010068465565838608,7
14558,2023-07-13 06:00:00,99.27,99.27,99.25,99.25,400.0,-0.00020147073637550138,0.0,0.00020147073637550138,7
14559,2023-07-13 07:00:00,100.0,100.36,99.85,99.99,1574.0,-0.00010000000000005117,0.0035999999999999943,0.0015000000000000568,7
14560,2023-07-13 08:00:00,99.9,100.286,99.6,99.7,15883.0,-0.00200200200200203,0.0038638638638638203,0.0030030030030031166,7
14561,2023-07-13 09:00:00,99.65,100.9,99.34,99.715,408945.0,0.0006522829904666103,0.012543903662819869,0.0031108881083793502,7
14562,2023-07-13 10:00:00,99.72,99.955,98.27,99.35,878021.0,-0.003710389089450507,0.002356598475732044,0.014540713999197782,7
14563,2023-07-13 11:00:00,99.36,99.52,98.78,98.9306,377521.0,-0.0043216586151368875,0.0016103059581320108,0.005837359098228646,7
14564,2023-07-13 12:00:00,98.95,99.55,98.87,99.38,195251.0,0.004345629105608819,0.006063668519454213,0.0008084891359272187,7
14565,2023-07-13 13:00:00,99.41,99.88,99.3,99.5902,241839.0,0.0018126948999094583,0.004727894578010249,0.0011065285182577148,7
14566,2023-07-13 14:00:00,99.59,99.89,99.36,99.56,550962.0,-0.0003012350637614332,0.0030123506376141898,0.0023094688221709406,7
14567,2023-07-13 15:00:00,99.575,99.72,99.05,99.27,544920.0,-0.003063017825759546,0.0014561888024102036,0.005272407732864732,7
14568,2023-07-13 16:00:00,99.27,99.27,99.27,99.27,31934.0,0.0,0.0,0.0,7
14569,2023-07-13 17:00:00,99.47,99.49,99.08,99.49,1048.0,0.00020106564793401045,0.00020106564793401045,0.0039207801347139895,7
14570,2023-07-13 19:00:00,99.51,99.51,99.51,99.51,800.0,0.0,0.0,0.0,7
14571,2023-07-14 06:00:00,98.62,98.62,98.62,98.62,201.0,0.0,0.0,0.0,7
14572,2023-07-14 08:00:00,99.15,99.2,98.8,99.2,2119.0,0.000504286434694878,0.000504286434694878,0.0035300050428644326,7
14573,2023-07-14 09:00:00,99.36,99.55,98.48,99.38,228737.0,0.0002012882447664656,0.0019122383252817806,0.008856682769726202,7
14574,2023-07-14 10:00:00,99.32,99.46,98.6575,98.67,300451.0,-0.006544502617800962,0.001409585179218693,0.006670358437374088,7
14575,2023-07-14 11:00:00,98.7,98.79,98.28,98.53,265626.0,-0.0017223910840932289,0.0009118541033434996,0.004255319148936188,7
14576,2023-07-14 12:00:00,98.49,98.74,98.08,98.4025,205360.0,-0.0008884150675194586,0.0025383287643415578,0.00416285917352012,7
14577,2023-07-14 13:00:00,98.4,98.41,97.74,98.05,359558.0,-0.0035569105691057776,0.00010162601626007017,0.006707317073170841,7
14578,2023-07-14 14:00:00,98.03,98.08,97.54,97.685,287410.0,-0.0035193308170967954,0.0005100479445067546,0.004998469856166427,7
14579,2023-07-14 15:00:00,97.69,98.12,97.38,97.8,947362.0,0.0011260108506500096,0.0044016787798137665,0.0031733033063773394,7
14580,2023-07-14 16:00:00,98.08,98.08,97.74,97.76,35228.0,-0.0032626427406198324,0.0,0.003466557911908681,7
14581,2023-07-14 17:00:00,97.76,97.76,97.75,97.75,12876.0,-0.00010229132569563335,0.0,0.00010229132569563335,7
14582,2023-07-14 19:00:00,97.61,97.75,97.61,97.6799,1075.0,0.0007161151521360934,0.001434279274664487,0.0,7
14583,2023-07-17 06:00:00,97.62,97.9,97.62,97.9,802.0,0.002868264699856598,0.002868264699856598,0.0,7
14584,2023-07-17 07:00:00,97.37,97.37,97.25,97.25,378.0,-0.001232412447365765,0.0,0.001232412447365765,7
14585,2023-07-17 08:00:00,97.25,97.67,97.1,97.5,1498.0,0.002570694087403599,0.004318766066838064,0.0015424164524422178,7
14586,2023-07-17 09:00:00,97.5,99.9,97.3,98.98,376141.0,0.01517948717948722,0.024615384615384674,0.0020512820512820803,7
14587,2023-07-17 10:00:00,99.04,99.385,98.785,98.89,349972.0,-0.001514539579967747,0.003483441033925675,0.00257471728594517,7
14588,2023-07-17 11:00:00,98.85,99.27,98.655,99.21,297810.0,0.003641881638846732,0.004248861911987878,0.0019726858877085808,7
14589,2023-07-17 12:00:00,99.32,99.83,99.16,99.37,193821.0,0.0005034232782925028,0.005134917438582412,0.0016109544905356082,7
14590,2023-07-17 13:00:00,99.35,99.83,99.22,99.7,195105.0,0.003522898842476181,0.004831404126824398,0.001308505284348218,7
14591,2023-07-17 14:00:00,99.69,99.69,99.16,99.36,340103.0,-0.0033102618116159924,0.0,0.0053164810913833,7
14592,2023-07-17 15:00:00,99.38,99.53,98.73,98.75,654603.0,-0.0063393036828335225,0.0015093580197223355,0.006540551418796453,7
14593,2023-07-17 16:00:00,98.78,98.78,98.15,98.15,21069.0,-0.006377809273132167,0.0,0.006377809273132167,7
14594,2023-07-17 17:00:00,99.27,99.27,98.55,98.85,915.0,-0.004230885463886388,0.0,0.007252946509519481,7
14595,2023-07-17 18:00:00,98.85,98.85,98.85,98.85,110.0,0.0,0.0,0.0,7
14596,2023-07-17 19:00:00,98.81,98.81,98.81,98.81,400.0,0.0,0.0,0.0,7
14597,2023-07-18 07:00:00,99.0,99.0,99.0,99.0,100.0,0.0,0.0,0.0,7
14598,2023-07-18 08:00:00,99.5,99.5,99.47,99.47,317.0,-0.0003015075376884536,0.0,0.0003015075376884536,7
14599,2023-07-18 09:00:00,98.97,100.83,98.16,100.27,610644.0,0.013135293523289857,0.018793573810245524,0.008184298272203721,7
14600,2023-07-18 10:00:00,100.3,100.75,99.1,99.2,518689.0,-0.010967098703888279,0.004486540378863438,0.011964107676969121,7
14601,2023-07-18 11:00:00,99.13,99.23,98.41,98.81,341686.0,-0.0032280843337031493,0.0010087763542823416,0.0072631897508322295,7
14602,2023-07-18 12:00:00,98.8,99.045,98.57,98.63,238909.0,-0.0017206477732793696,0.002479757085020289,0.0023279352226721053,7
14603,2023-07-18 13:00:00,98.62,99.49,98.54,99.28,258999.0,0.00669235449198942,0.008821740012167819,0.0008111944838774923,7
14604,2023-07-18 14:00:00,99.3,99.32,98.76,98.84,220041.0,-0.004632426988922395,0.00020140986908354503,0.005438066465256718,7
14605,2023-07-18 15:00:00,98.86,99.4,98.55,99.36,622662.0,0.0050576572931418165,0.005462269876593226,0.0031357475217479495,7
14606,2023-07-18 16:00:00,99.37,99.37,99.0,99.0,36767.0,-0.0037234577840394942,0.0,0.0037234577840394942,7
14607,2023-07-18 17:00:00,99.25,99.25,98.73,99.0,540.0,-0.0025188916876574307,0.0,0.005239294710327416,7
14608,2023-07-18 18:00:00,99.37,99.37,99.37,99.37,170.0,0.0,0.0,0.0,7
14609,2023-07-19 07:00:00,99.6,99.6,99.5,99.5,600.0,-0.001004016064256971,0.0,0.001004016064256971,7
14610,2023-07-19 08:00:00,99.65,99.91,99.48,99.51,4384.0,-0.001404917210235831,0.0026091319618664413,0.0017059708981435192,7
14611,2023-07-19 09:00:00,99.91,99.91,98.28,98.89,240295.0,-0.010209188269442459,0.0,0.01631468321489336,7
14612,2023-07-19 10:00:00,98.895,99.41,98.16,99.015,379239.0,0.0012134081601699231,0.005207543354062395,0.007432124981040492,7
14613,2023-07-19 11:00:00,99.01,99.46,98.64,98.8792,306781.0,-0.0013210786789213998,0.0045449954550044296,0.0037369962630037826,7
14614,2023-07-19 12:00:00,98.81,98.91,98.18,98.55,222149.0,-0.0026313126201801956,0.0010120433154538438,0.0063758728873595325,7
14615,2023-07-19 13:00:00,98.54,99.15,98.365,99.0708,191243.0,0.00538664501725187,0.006190379541303018,0.0017759285569313107,7
14616,2023-07-19 14:00:00,99.06,99.14,98.61,98.805,211350.0,-0.002574197456087174,0.0008075913587724439,0.004542701393095122,7
14617,2023-07-19 15:00:00,98.805,99.48,98.805,99.4,731773.0,0.006021962451292938,0.006831638074996175,0.0,7
14618,2023-07-19 16:00:00,99.51,99.52,99.41,99.5,37934.0,-0.00010049241282288329,0.00010049241282274047,0.0010049241282284044,7
14619,2023-07-19 17:00:00,99.4,99.4,99.4,99.4,116.0,0.0,0.0,0.0,7
14620,2023-07-19 18:00:00,99.0,99.0,99.0,99.0,100.0,0.0,0.0,0.0,7
14621,2023-07-19 19:00:00,99.4,99.41,99.0,99.0,3069.0,-0.0040241448692153485,0.00010060362173029078,0.0040241448692153485,7
14622,2023-07-20 08:00:00,99.4,99.4,99.1783,99.39,663.0,-0.00010060362173043375,0.0,0.002230382293762703,7
14623,2023-07-20 09:00:00,99.17,100.429,98.6424,100.115,301245.0,0.00952909145911055,0.012695371584148435,0.005320157305636853,7
14624,2023-07-20 10:00:00,100.12,101.48,99.78,101.3,600089.0,0.011785856971633965,0.01358369956052736,0.0033959248901318756,7
14625,2023-07-20 11:00:00,101.31,101.85,100.94,101.64,368355.0,0.0032573289902279963,0.005330174711282124,0.003652156746619332,7
14626,2023-07-20 12:00:00,101.65,102.26,101.44,101.6,411557.0,-0.0004918839153960784,0.006000983767830786,0.0020659124446631375,7
14627,2023-07-20 13:00:00,101.59,101.635,101.21,101.43,267112.0,-0.001574958165173704,0.0004429569839551305,0.003740525642287722,7
14628,2023-07-20 14:00:00,101.42,101.65,101.07,101.43,234185.0,9.859988168019242e-05,0.002267797278643305,0.0034509958588050537,7
14629,2023-07-20 15:00:00,101.43,101.597,100.91,101.1,670026.0,-0.0032534753031648674,0.00164645568372264,0.005126688356502122,7
14630,2023-07-20 16:00:00,101.11,101.11,100.73,101.11,32450.0,0.0,0.0,0.003758283058055538,7
14631,2023-07-20 19:00:00,101.77,101.78,101.2,101.2,523.0,-0.005600864694900199,9.826078412110756e-05,0.005600864694900199,7
14632,2023-07-21 09:00:00,101.66,102.67,101.44,101.61,254236.0,-0.0004918355301986736,0.009935077710013823,0.002164076332874276,7
14633,2023-07-21 10:00:00,101.65,102.32,101.3238,101.75,287006.0,0.000983767830791877,0.006591244466305829,0.0032090506640432863,7
14634,2023-07-21 11:00:00,101.76,102.48,101.66,102.23,269710.0,0.004618710691823888,0.0070754716981131964,0.000982704402515807,7
14635,2023-07-21 12:00:00,102.25,102.61,101.981,102.58,250788.0,0.003227383863080668,0.003520782396088014,0.0026308068459658237,7
14636,2023-07-21 13:00:00,102.595,102.8,102.34,102.69,714947.0,0.0009259710512208087,0.0019981480578975417,0.0024855012427505772,7
14637,2023-07-21 14:00:00,102.67,102.8699,102.39,102.685,559364.0,0.0001460991526249203,0.0019470147073146929,0.0027271841823317535,7
14638,2023-07-21 15:00:00,102.685,102.685,102.065,102.36,816681.0,-0.003165019233578447,0.0,0.006037882845595798,7
14639,2023-07-21 16:00:00,102.32,102.38,102.11,102.2,31687.0,-0.0011727912431586233,0.0005863956215793811,0.002052384675527695,7
14640,2023-07-24 05:00:00,102.23,102.33,102.23,102.33,694.0,0.0009781864423358535,0.0009781864423358535,0.0,7
14641,2023-07-24 06:00:00,102.33,102.33,102.33,102.33,381.0,0.0,0.0,0.0,7
14642,2023-07-24 07:00:00,102.75,102.97,102.75,102.75,646.0,0.0,0.002141119221411181,0.0,7
14643,2023-07-24 08:00:00,102.74,102.98,102.55,102.98,1766.0,0.0023359937706833667,0.0023359937706833667,0.0018493284017909064,7
14644,2023-07-24 09:00:00,102.45,102.45,99.94,100.1701,358626.0,-0.02225378233284527,0.0,0.02449975597852616,7
14645,2023-07-24 10:00:00,100.205,102.21,100.1,102.13,561431.0,0.019210618232623093,0.020008981587745077,0.0010478519035976646,7
14646,2023-07-24 11:00:00,102.2,102.77,102.2,102.7,335462.0,0.004892367906066536,0.005577299412915784,0.0,7
14647,2023-07-24 12:00:00,102.66,102.795,102.47,102.715,261239.0,0.0005357490746153012,0.001315020455873808,0.0018507695304889706,7
14648,2023-07-24 13:00:00,102.73,102.81,101.91,102.01,337560.0,-0.007008663486810073,0.0007787403874233262,0.007982088971089334,7
14649,2023-07-24 14:00:00,102.015,102.57,101.99,102.5,272820.0,0.0047542028133117625,0.005440376415232982,0.00024506200068622933,7
14650,2023-07-24 15:00:00,102.51,102.94,102.35,102.94,795886.0,0.004194712710954956,0.004194712710954956,0.0015608233343089532,7
14651,2023-07-24 16:00:00,102.93,102.93,102.6,102.6,26428.0,-0.003206062372486277,0.0,0.003206062372486277,7
14652,2023-07-25 04:00:00,102.9,102.9,102.9,102.9,308.0,0.0,0.0,0.0,7
14653,2023-07-25 08:00:00,103.0,103.0,102.6,102.6,3148.0,-0.0038834951456311233,0.0,0.0038834951456311233,7
14654,2023-07-25 09:00:00,102.28,102.4999,100.96,101.265,200732.0,-0.009923738756355108,0.0021499804458349194,0.012905748924520994,7
14655,2023-07-25 10:00:00,101.305,102.06,101.13,101.355,246745.0,0.0004935590543408238,0.007452741720546818,0.0017274566901930937,7
14656,2023-07-25 11:00:00,101.35,102.08,101.35,101.9299,224908.0,0.005721756290083959,0.007202762703502753,0.0,7
14657,2023-07-25 12:00:00,101.9,101.9368,101.5201,101.68,158039.0,-0.002158979391560342,0.00036113837095190873,0.003728164867517236,7
14658,2023-07-25 13:00:00,101.65,101.685,101.04,101.26,149878.0,-0.0038366945400885445,0.000344318740777143,0.006000983767830786,7
14659,2023-07-25 14:00:00,101.25,101.49,100.96,101.1171,186186.0,-0.0013125925925926564,0.00237037037037032,0.0028641975308642594,7
14660,2023-07-25 15:00:00,101.115,101.74,101.01,101.64,525499.0,0.00519210799584637,0.006181080947436088,0.0010384215991691616,7
14661,2023-07-25 16:00:00,101.62,102.48,101.47,101.82,102593.0,0.001968116512497428,0.008462901003739415,0.0014760873843732108,7
14662,2023-07-25 19:00:00,101.4,101.4,101.4,101.4,103.0,0.0,0.0,0.0,7
14663,2023-07-26 07:00:00,101.63,102.23,101.63,102.0,1791.0,0.0036406572862344245,0.005903768572272051,0.0,7
14664,2023-07-26 08:00:00,101.62,101.62,101.24,101.24,513.0,-0.0037394213737454206,0.0,0.0037394213737454206,7
14665,2023-07-26 09:00:00,101.2217,102.58,101.2217,101.7,213145.0,0.004725271359797399,0.013419059351897862,0.0,7
14666,2023-07-26 10:00:00,101.76,101.8977,100.16,100.295,404880.0,-0.01439661949685538,0.0013531839622641043,0.015723270440251656,7
14667,2023-07-26 11:00:00,100.27,100.4699,99.81,99.92,359223.0,-0.003490575446294947,0.0019936172334696274,0.004587613443701942,7
14668,2023-07-26 12:00:00,99.92,100.09,99.6,99.79,249894.0,-0.0013010408326660874,0.001701361088871114,0.0032025620496397857,7
14669,2023-07-26 13:00:00,99.775,99.99,99.51,99.72,326401.0,-0.0005512402906540397,0.0021548484089199617,0.0026559759458782317,7
14670,2023-07-26 14:00:00,99.7,101.27,99.61,100.7,509844.0,0.010030090270812437,0.015747241725175457,0.0009027081243731535,7
14671,2023-07-26 15:00:00,100.7,101.02,99.945,100.97,1141741.0,0.002681231380337597,0.003177755710029724,0.007497517378351635,7
14672,2023-07-26 16:00:00,100.88,101.88,100.88,101.2,48479.0,0.0031720856463125237,0.009912767644726409,0.0,7
14673,2023-07-26 17:00:00,101.25,101.54,101.21,101.49,7455.0,0.00237037037037032,0.0028641975308642594,0.0003950617283951235,7
14674,2023-07-26 18:00:00,101.3,101.49,101.28,101.31,2869.0,9.871668311949769e-05,0.0018756169792694742,0.0001974333662388551,7
14675,2023-07-26 19:00:00,101.32,101.89,101.12,101.89,4502.0,0.00562574022897757,0.00562574022897757,0.001973943939991992,7
14676,2023-07-27 04:00:00,102.0,102.3,102.0,102.3,2109.0,0.0029411764705882075,0.0029411764705882075,0.0,7
14677,2023-07-27 05:00:00,102.3,102.3,102.19,102.2,882.0,-0.000977517106549309,0.0,0.0010752688172042957,7
14678,2023-07-27 07:00:00,102.0,110.01,101.89,110.0,72394.0,0.0784313725490196,0.07852941176470593,0.0010784313725490141,7
14679,2023-07-27 08:00:00,110.21,112.84,100.88,112.4,583886.0,0.01987115506759833,0.02386353325469567,0.08465656474004173,7
14680,2023-07-27 09:00:00,112.4,113.91,106.33,108.06,2623560.0,-0.038612099644128144,0.013434163701067535,0.054003558718861276,7
14681,2023-07-27 10:00:00,108.02,109.9776,105.75,109.28,1943837.0,0.011664506572856927,0.018122569894463984,0.02101462692094053,7
14682,2023-07-27 11:00:00,109.3807,111.78,108.91,111.675,2048590.0,0.020975364026743226,0.0219353139996361,0.004303318592768266,7
14683,2023-07-27 12:00:00,111.66,112.08,110.21,110.445,1455237.0,-0.010881246641590573,0.003761418592154771,0.012985849901486681,7
14684,2023-07-27 13:00:00,110.445,110.51,109.395,109.65,871773.0,-0.00719815292679603,0.0005885282267192897,0.009506994431617522,7
14685,2023-07-27 14:00:00,109.63,110.75,109.01,109.405,934767.0,-0.0020523579312231536,0.010216181702088887,0.005655386299370522,7
14686,2023-07-27 15:00:00,109.395,109.68,108.67,109.66,1431530.0,0.0024224141871200745,0.0026052378993556453,0.006627359568535988,7
14687,2023-07-27 16:00:00,109.68,109.69,109.5,109.5,139445.0,-0.0016411378555799309,9.117432530990978e-05,0.0016411378555799309,7
14688,2023-07-27 17:00:00,109.49,109.62,108.6,108.6,1297.0,-0.008128596218832775,0.0011873230432003807,0.008128596218832775,7
14689,2023-07-27 18:00:00,108.6,109.38,108.6,109.3,1934.0,0.006445672191528572,0.007182320441988961,0.0,7
14690,2023-07-27 19:00:00,109.4,109.4,108.6,109.0,5077.0,-0.0036563071297989547,0.0,0.007312614259597909,7
14691,2023-07-28 04:00:00,109.68,109.68,109.68,109.68,325.0,0.0,0.0,0.0,7
14692,2023-07-28 06:00:00,109.76,109.76,109.75,109.75,622.0,-9.110787172016322e-05,0.0,9.110787172016322e-05,7
14693,2023-07-28 07:00:00,109.98,110.38,108.98,109.67,3959.0,-0.002818694308056031,0.0036370249136205807,0.009092562284051645,7
14694,2023-07-28 08:00:00,110.0,110.38,109.2,109.98,29713.0,-0.00018181818181814565,0.0034545454545454133,0.007272727272727247,7
14695,2023-07-28 09:00:00,110.19,112.95,110.19,111.64,681403.0,0.013159088846537824,0.0250476449768582,0.0,7
14696,2023-07-28 10:00:00,111.6336,111.8,109.79,110.33,735152.0,-0.011677487781456506,0.001490590646543656,0.01651474108153813,7
14697,2023-07-28 11:00:00,110.36,110.91,109.38,109.47,513770.0,-0.008064516129032263,0.004983689742660358,0.008880028996013084,7
14698,2023-07-28 12:00:00,109.45,109.7213,108.975,109.5103,327375.0,0.0005509365006852263,0.00247875742348101,0.004339881224303413,7
14699,2023-07-28 13:00:00,109.5,109.99,109.35,109.71,312404.0,0.0019178082191780251,0.004474885844748811,0.001369863013698682,7
14700,2023-07-28 14:00:00,109.72,109.78,108.79,108.85,328481.0,-0.007929274516952283,0.0005468465184105202,0.008476121035362674,7
14701,2023-07-28 15:00:00,108.87,108.89,108.18,108.56,776809.0,-0.0028474327179204765,0.00018370533663999284,0.006337834114080993,7
14702,2023-07-28 16:00:00,108.57,108.89,108.38,108.7,55656.0,0.0011973841761076694,0.00294740720272642,0.0017500230266187505,7
14703,2023-07-28 17:00:00,108.7,108.9,108.6,108.9,1232.0,0.0018399264029439082,0.0018399264029439082,0.0009199632014720195,7
14704,2023-07-28 18:00:00,108.7,108.7,108.7,108.7,100.0,0.0,0.0,0.0,7
14705,2023-07-28 19:00:00,108.79,108.9,108.75,108.9,768.0,0.0010111223458038369,0.0010111223458038369,0.0003676808530196365,7
14706,2023-07-31 04:00:00,108.05,108.05,108.01,108.01,210.0,-0.00037019898195272597,0.0,0.00037019898195272597,7
14707,2023-07-31 07:00:00,109.38,109.38,109.31,109.31,336.0,-0.0006399707441944888,0.0,0.0006399707441944888,7
14708,2023-07-31 08:00:00,109.0,109.5,109.0,109.38,1362.0,0.00348623853211005,0.0045871559633027525,0.0,7
14709,2023-07-31 09:00:00,109.1,109.67,107.5,109.13,460971.0,0.00027497708524290684,0.0052245646196151,0.014665444546287758,7
14710,2023-07-31 10:00:00,109.115,110.3,109.09,109.72,515189.0,0.005544608898868203,0.01086010172753519,0.00022911607020108577,7
14711,2023-07-31 11:00:00,109.75,109.84,108.79,109.145,323718.0,-0.005512528473804137,0.0008200455580865914,0.00874715261958992,7
14712,2023-07-31 12:00:00,109.17,109.665,108.9714,109.0701,254355.0,-0.000915086562242422,0.00453421269579559,0.0018191810937070532,7
14713,2023-07-31 13:00:00,109.0607,109.2999,108.6,109.125,243941.0,0.0005895799311759682,0.0021932740207975627,0.0042242530994208065,7
14714,2023-07-31 14:00:00,109.15,109.36,108.87,109.0,315119.0,-0.0013742556115437991,0.0019239578561611886,0.002565277141548338,7
14715,2023-07-31 15:00:00,109.0,109.17,108.735,109.13,725701.0,0.0011926605504586738,0.0015596330275229515,0.002431192660550464,7
14716,2023-07-31 16:00:00,109.11,109.5,108.99,108.99,25067.0,-0.0010998075336816474,0.003574374484465224,0.0010998075336816474,7
14717,2023-07-31 18:00:00,109.01,109.1,109.0,109.1,1356.0,0.0008256123291440161,0.0008256123291440161,9.173470323828195e-05,7
14718,2023-07-31 19:00:00,109.02,109.5,109.02,109.5,1256.0,0.004402861860209172,0.004402861860209172,0.0,7
14719,2023-08-01 07:00:00,109.33,109.33,106.08,107.15,20907.0,-0.019939632305862917,0.0,0.029726516052318668,8
14720,2023-08-01 08:00:00,108.9,108.9,106.07,106.9,7422.0,-0.018365472910927456,0.0,0.025987144168962466,8
14721,2023-08-01 09:00:00,107.06,108.7,106.561,107.0197,459433.0,-0.0003764244348963385,0.015318512983373814,0.0046609377918923525,8
14722,2023-08-01 10:00:00,107.0102,107.22,105.56,106.39,629218.0,-0.0057957091940767985,0.0019605607689734375,0.013551979157127034,8
14723,2023-08-01 11:00:00,106.39,107.8581,105.935,107.33,402018.0,0.008835416862487054,0.013799229250869374,0.004276717736629366,8
14724,2023-08-01 12:00:00,107.33,107.33,106.515,107.07,224731.0,-0.002422435479362761,0.0,0.007593403521848483,8
14725,2023-08-01 13:00:00,107.055,107.4715,106.97,107.18,190973.0,0.0011676241184437905,0.0038905235626547027,0.0007939844005418519,8
14726,2023-08-01 14:00:00,107.11,107.43,106.93,107.08,206683.0,-0.0002800858930071995,0.002987582858743417,0.0016805153580430642,8
14727,2023-08-01 15:00:00,107.095,107.72,106.98,107.43,662640.0,0.003128063868528017,0.005835940053223773,0.0010738129697931266,8
14728,2023-08-01 16:00:00,107.44,107.925,107.0,107.5,110568.0,0.000558451228592724,0.004514147431124343,0.0040953090096798005,8
14729,2023-08-01 17:00:00,107.32,107.44,107.0,107.44,3417.0,0.0011181513231457748,0.0011181513231457748,0.0029817368617218896,8
14730,2023-08-01 18:00:00,107.25,107.25,107.25,107.25,140.0,0.0,0.0,0.0,8
14731,2023-08-01 19:00:00,106.8,106.8,106.8,106.8,210.0,0.0,0.0,0.0,8
14732,2023-08-02 05:00:00,104.55,104.55,104.55,104.55,100.0,0.0,0.0,0.0,8
14733,2023-08-02 06:00:00,105.5,105.5,105.5,105.5,310.0,0.0,0.0,0.0,8
14734,2023-08-02 07:00:00,106.84,106.96,105.98,106.29,1071.0,-0.005147884687382976,0.0011231748408834737,0.00804941969299887,8
14735,2023-08-02 08:00:00,106.01,106.9599,106.01,106.2,6756.0,0.0017922837468163165,0.008960475426846519,0.0,8
14736,2023-08-02 09:00:00,106.16,107.1,105.17,105.35,367152.0,-0.007629992464204995,0.008854559155990935,0.009325546345139364,8
14737,2023-08-02 10:00:00,105.3428,106.15,105.13,105.43,591522.0,0.0008277737064138217,0.007662602474967524,0.002020071613817,8
14738,2023-08-02 11:00:00,105.435,105.55,104.13,104.165,950417.0,-0.012045335988997923,0.001090719400578507,0.012377294067434976,8
14739,2023-08-02 12:00:00,104.18,104.65,104.09,104.38,490143.0,0.0019197542714531448,0.004511422537915135,0.0008638894221539969,8
14740,2023-08-02 13:00:00,104.385,105.23,104.36,104.59,850597.0,0.0019638836997652757,0.008095032811227655,0.00023949801216655345,8
14741,2023-08-02 14:00:00,104.61,105.135,104.54,104.72,263283.0,0.001051524710830699,0.005018640665328417,0.0006691520887103831,8
14742,2023-08-02 15:00:00,104.7,105.27,104.6,105.19,691793.0,0.004680038204393456,0.005444126074498502,0.000955109837631409,8
14743,2023-08-02 16:00:00,105.2,105.425,104.5001,105.4215,69583.0,0.002105513307984713,0.002138783269961923,0.006653041825095052,8
14744,2023-08-02 17:00:00,105.0,105.0,105.0,105.0,100.0,0.0,0.0,0.0,8
14745,2023-08-02 18:00:00,106.3,106.3,105.14,105.14,252.0,-0.010912511759172122,0.0,0.010912511759172122,8
14746,2023-08-02 19:00:00,105.19,105.19,105.19,105.19,400.0,0.0,0.0,0.0,8
14747,2023-08-03 07:00:00,105.19,105.19,105.05,105.19,1356.0,0.0,0.0,0.00133092499287005,8
14748,2023-08-03 08:00:00,104.79,105.0,104.6201,104.65,1203.0,-0.0013360053440213814,0.0020040080160320045,0.0016213379139232043,8
14749,2023-08-03 09:00:00,104.5,107.08,104.15,106.735,372598.0,0.021387559808612434,0.02468899521531099,0.003349282296650663,8
14750,2023-08-03 10:00:00,106.69,106.78,105.14,105.45,399406.0,-0.011622457587402707,0.0008435654700534578,0.014528071984253418,8
14751,2023-08-03 11:00:00,105.5,105.65,104.38,104.53,263623.0,-0.00919431279620852,0.0014218009478673525,0.010616113744075872,8
14752,2023-08-03 12:00:00,104.51,104.98,104.38,104.85,188377.0,0.003253277198354121,0.004497177303607299,0.0012439001052531782,8
14753,2023-08-03 13:00:00,104.88,105.09,104.53,104.7,190448.0,-0.0017162471395880303,0.0020022883295195268,0.0033371472158656972,8
14754,2023-08-03 14:00:00,104.71,104.8,104.21,104.465,216733.0,-0.002339795626014615,0.0008595167605768639,0.00477509311431573,8
14755,2023-08-03 15:00:00,104.46,104.99,104.16,104.69,526797.0,0.0022017997319548534,0.0050737124258089334,0.00287191269385408,8
14756,2023-08-03 16:00:00,104.72,105.33,104.42,104.42,38673.0,-0.0028647822765469552,0.005825057295645525,0.0028647822765469552,8
14757,2023-08-03 17:00:00,104.75,104.75,104.5,104.5,3299.0,-0.002386634844868735,0.0,0.002386634844868735,8
14758,2023-08-03 18:00:00,104.43,104.43,104.42,104.42,537.0,-9.575792396825736e-05,0.0,9.575792396825736e-05,8
14759,2023-08-03 19:00:00,104.72,104.72,104.72,104.72,167.0,0.0,0.0,0.0,8
14760,2023-08-04 04:00:00,104.9,104.9,104.9,104.9,180.0,0.0,0.0,0.0,8
14761,2023-08-04 08:00:00,104.9,105.33,104.71,105.33,3996.0,0.004099142040038061,0.004099142040038061,0.0018112488083890555,8
14762,2023-08-04 09:00:00,105.33,105.7,102.7,103.855,241565.0,-0.014003607709104665,0.003512769391436481,0.024969144593183286,8
14763,2023-08-04 10:00:00,103.86,105.27,103.84,105.07,276946.0,0.011650298478721295,0.01357596764875791,0.00019256691700362047,8
14764,2023-08-04 11:00:00,105.06,105.5165,104.61,105.19,221192.0,0.0012373881591471107,0.004345136112697423,0.004283266704740175,8
14765,2023-08-04 12:00:00,105.22,105.75,105.12,105.29,192707.0,0.0006652727618324215,0.00503706519673067,0.0009503896597604478,8
14766,2023-08-04 13:00:00,105.2948,105.2948,104.24,104.33,219428.0,-0.009162845648598001,0.0,0.010017588712832924,8
14767,2023-08-04 14:00:00,104.34,104.355,103.3925,103.53,236848.0,-0.007763082231167359,0.00014376078205865985,0.009080889400038384,8
14768,2023-08-04 15:00:00,103.51,104.08,103.38,103.94,528558.0,0.004154188001159236,0.005506714327118086,0.0012559173026761633,8
14769,2023-08-04 16:00:00,104.39,104.4,103.92,104.4,21906.0,9.579461634261056e-05,9.579461634261056e-05,0.004502346968100382,8
14770,2023-08-04 17:00:00,104.0,104.0,103.92,103.94,1832.0,-0.0005769230769230988,0.0,0.0007692307692307529,8
14771,2023-08-04 18:00:00,103.99,104.0,103.99,104.0,740.0,9.616309260510737e-05,9.616309260510737e-05,0.0,8
14772,2023-08-04 19:00:00,104.0,104.0,103.94,103.94,1676.0,-0.0005769230769230988,0.0,0.0005769230769230988,8
14773,2023-08-07 07:00:00,104.24,104.24,104.24,104.24,111.0,0.0,0.0,0.0,8
14774,2023-08-07 08:00:00,104.03,104.25,104.03,104.2,830.0,0.0016341439969239807,0.002114774584254531,0.0,8
14775,2023-08-07 09:00:00,104.11,106.12,104.11,105.75,359098.0,0.015752569397752384,0.019306502737489243,0.0,8
14776,2023-08-07 10:00:00,105.7,106.44,105.17,106.22,370192.0,0.004919583727530709,0.007000946073793707,0.0050141911069063495,8
14777,2023-08-07 11:00:00,106.23,106.46,105.14,106.38,316564.0,0.0014120304998587166,0.0021651134331167254,0.010260754965640623,8
14778,2023-08-07 12:00:00,106.445,107.15,106.3347,107.015,296430.0,0.005354878106064234,0.006623138710132111,0.0010362158861383362,8
14779,2023-08-07 13:00:00,107.015,107.51,106.93,106.945,266439.0,-0.0006541139092651253,0.004625519786945797,0.0007942811755360813,8
14780,2023-08-07 14:00:00,106.98,107.8,106.94,107.73,470898.0,0.007010656197420078,0.007664984109179222,0.0003739016638624626,8
14781,2023-08-07 15:00:00,107.745,108.24,107.55,108.07,829305.0,0.0030163812705924975,0.0045941807044409515,0.0018098287623556303,8
14782,2023-08-07 16:00:00,108.06,108.17,107.8,107.8,17426.0,-0.002406070701462198,0.0010179529890801354,0.002406070701462198,8
14783,2023-08-07 17:00:00,108.18,108.18,107.82,107.82,351.0,-0.0033277870216307415,0.0,0.0033277870216307415,8
14784,2023-08-07 18:00:00,108.05,108.06,108.05,108.05,349.0,0.0,9.254974548824726e-05,0.0,8
14785,2023-08-08 04:00:00,108.0,108.0,108.0,108.0,975.0,0.0,0.0,0.0,8
14786,2023-08-08 05:00:00,107.49,107.49,107.49,107.49,323.0,0.0,0.0,0.0,8
14787,2023-08-08 07:00:00,107.74,107.74,106.8,106.8,6146.0,-0.008724707629478353,0.0,0.008724707629478353,8
14788,2023-08-08 08:00:00,107.27,107.27,106.7,106.85,2050.0,-0.003915353780180868,0.0,0.005313694415959664,8
14789,2023-08-08 09:00:00,106.85,106.85,105.14,106.12,267967.0,-0.006832007487131397,0.0,0.016003743565746315,8
14790,2023-08-08 10:00:00,106.21,106.58,105.79,106.0894,261471.0,-0.0011354863007249417,0.0034836644383768435,0.003954429903022197,8
14791,2023-08-08 11:00:00,106.1,106.1,105.22,105.43,231332.0,-0.00631479736098009,0.0,0.0082940622054665,8
14792,2023-08-08 12:00:00,105.46,105.965,105.41,105.948,140011.0,0.0046273468613692356,0.004788545420064572,0.00047411340792714927,8
14793,2023-08-08 13:00:00,105.945,106.3,105.745,106.045,131388.0,0.0009438859785738688,0.0033507952239369863,0.0018877719571474695,8
14794,2023-08-08 14:00:00,106.06,106.24,105.72,106.1,149566.0,0.00037714501225713786,0.0016971525551573883,0.0032057326041863418,8
14795,2023-08-08 15:00:00,106.1,106.18,105.64,106.12,513967.0,0.00018850141376069966,0.0007540056550425307,0.004335532516493815,8
14796,2023-08-08 16:00:00,106.15,106.15,106.15,106.15,8486.0,0.0,0.0,0.0,8
14797,2023-08-08 19:00:00,105.9,105.9,105.9,105.9,300.0,0.0,0.0,0.0,8
14798,2023-08-09 07:00:00,107.46,107.46,107.46,107.46,100.0,0.0,0.0,0.0,8
14799,2023-08-09 08:00:00,107.72,107.72,106.98,106.98,708.0,-0.006869662086891895,0.0,0.006869662086891895,8
14800,2023-08-09 09:00:00,106.55,106.55,105.39,105.6,148644.0,-0.008916001877053053,0.0,0.010886907555138402,8
14801,2023-08-09 10:00:00,105.62,105.93,104.2,104.4369,343663.0,-0.011201476992993847,0.0029350501798901937,0.013444423404658224,8
14802,2023-08-09 11:00:00,104.4,104.92,103.59,103.825,334936.0,-0.005507662835249069,0.004980842911877356,0.007758620689655194,8
14803,2023-08-09 12:00:00,103.82,104.16,103.75,104.03,193762.0,0.002022731650934386,0.0032748988634174864,0.0006742438836447041,8
14804,2023-08-09 13:00:00,104.035,104.44,104.0,104.1,151267.0,0.0006247897342240374,0.0038929206517037645,0.0003364252415052299,8
14805,2023-08-09 14:00:00,104.1,104.39,103.82,103.97,188034.0,-0.0012487992315081216,0.0027857829010567367,0.0026897214217099052,8
14806,2023-08-09 15:00:00,103.92,104.11,103.07,103.21,511300.0,-0.0068321785989223244,0.0018283294842186078,0.008179368745188688,8
14807,2023-08-09 16:00:00,103.17,103.29,103.17,103.29,37208.0,0.0011631288165164732,0.0011631288165164732,0.0,8
14808,2023-08-09 17:00:00,103.17,103.17,103.17,103.17,210.0,0.0,0.0,0.0,8
14809,2023-08-09 18:00:00,103.17,103.4,103.17,103.395,1300.0,0.0021808665309682495,0.002229330231656528,0.0,8
14810,2023-08-09 19:00:00,103.17,103.4,103.17,103.4,251.0,0.002229330231656528,0.002229330231656528,0.0,8
14811,2023-08-10 07:00:00,104.01,104.18,104.01,104.15,848.0,0.0013460244207287814,0.001634458225170673,0.0,8
14812,2023-08-10 08:00:00,104.15,104.44,103.6,103.6,4445.0,-0.005280844935189739,0.0027844455112817287,0.005280844935189739,8
14813,2023-08-10 09:00:00,103.63,104.86,103.63,104.735,155251.0,0.010662935443404459,0.011869149860079167,0.0,8
14814,2023-08-10 10:00:00,104.77,104.83,103.2136,103.57,211678.0,-0.011453660398969199,0.0005726830199484803,0.014855397537462981,8
14815,2023-08-10 11:00:00,103.53,104.305,103.28,103.75,354428.0,0.002124987926204954,0.007485752921858453,0.002414759007051096,8
14816,2023-08-10 12:00:00,103.75,103.94,102.91,103.2,177250.0,-0.005301204819277081,0.0018313253012047974,0.008096385542168707,8
14817,2023-08-10 13:00:00,103.14,103.45,102.51,102.78,172991.0,-0.003490401396160553,0.003005623424471614,0.006108202443280933,8
14818,2023-08-10 14:00:00,102.81,103.51,102.8,103.49,136483.0,0.006614142593132892,0.0068086761988133725,9.72668028402404e-05,8
14819,2023-08-10 15:00:00,103.48,103.62,103.05,103.53,418373.0,0.00048318515655196325,0.0013529184383455795,0.004155392346347186,8
14820,2023-08-10 16:00:00,103.57,103.57,103.57,103.57,7625.0,0.0,0.0,0.0,8
14821,2023-08-10 17:00:00,103.35,103.35,103.35,103.35,100.0,0.0,0.0,0.0,8
14822,2023-08-11 08:00:00,103.31,103.57,102.96,102.96,5038.0,-0.0033878617752396527,0.002516697318749307,0.0033878617752396527,8
14823,2023-08-11 09:00:00,102.96,102.96,101.261,101.36,237654.0,-0.015540015540015486,0.0,0.016501554001553984,8
14824,2023-08-11 10:00:00,101.37,103.155,101.37,102.25,294576.0,0.008681069349906239,0.017608759988162144,0.0,8
14825,2023-08-11 11:00:00,102.28,102.535,101.78,102.1355,187091.0,-0.0014127884239343747,0.002493156042236952,0.004888541259288229,8
14826,2023-08-11 12:00:00,102.2,102.67,102.02,102.34,142958.0,0.0013698630136986356,0.004598825831702533,0.0017612524461840197,8
14827,2023-08-11 13:00:00,102.3,102.4,102.075,102.29,110055.0,-9.775171065484756e-05,0.000977517106549448,0.002199413489736015,8
14828,2023-08-11 14:00:00,102.31,102.67,102.24,102.55,130436.0,0.0023458117486071244,0.0035187176229107557,0.0006841950933438313,8
14829,2023-08-11 15:00:00,102.555,102.95,102.43,102.86,446328.0,0.0029740139437374343,0.0038515918287747647,0.0012188581736629126,8
14830,2023-08-11 16:00:00,102.82,102.99,102.5,102.99,13663.0,0.0016533748297996665,0.0016533748297996665,0.0031122349737404513,8
14831,2023-08-11 19:00:00,102.8,102.8,102.75,102.75,430.0,-0.0004863813229571708,0.0,0.0004863813229571708,8
14832,2023-08-14 07:00:00,102.5,102.66,102.5,102.66,1378.0,0.0015609756097560643,0.0015609756097560643,0.0,8
14833,2023-08-14 08:00:00,102.0,102.82,102.0,102.82,10577.0,0.008039215686274442,0.008039215686274442,0.0,8
14834,2023-08-14 09:00:00,102.147,103.1406,101.82,102.3301,152313.0,0.0017925147091935744,0.009727157919469006,0.0032012687597287475,8
14835,2023-08-14 10:00:00,102.36,102.51,101.51,102.15,304728.0,-0.002051582649472389,0.0014654161781946628,0.008304025009769386,8
14836,2023-08-14 11:00:00,102.07,102.7,101.8,102.3875,228830.0,0.0031106103654355804,0.006172234740864208,0.002645243460370295,8
14837,2023-08-14 12:00:00,102.385,103.01,102.26,102.88,218928.0,0.004834692581921085,0.006104409825658055,0.001220881965131611,8
14838,2023-08-14 13:00:00,102.885,103.52,102.87,103.48,132332.0,0.0057831559508188645,0.006171939544151148,0.00014579384749964104,8
14839,2023-08-14 14:00:00,103.48,103.659,103.27,103.42,154373.0,-0.0005798221878624109,0.0017298028604561466,0.002029377657518438,8
14840,2023-08-14 15:00:00,103.45,103.76,103.23,103.75,340082.0,0.0028999516674721813,0.0029966167230546376,0.002126631222812942,8
14841,2023-08-14 16:00:00,103.75,103.99,103.67,103.67,20142.0,-0.0007710843373493812,0.0023132530120481437,0.0007710843373493812,8
14842,2023-08-14 17:00:00,103.7938,103.7938,103.7938,103.7938,400.0,0.0,0.0,0.0,8
14843,2023-08-14 18:00:00,103.5,104.48,103.5,104.0,1703.0,0.004830917874396135,0.009468599033816463,0.0,8
14844,2023-08-14 19:00:00,103.82,104.95,103.8,103.8,912.0,-0.00019264110961275305,0.010884222693122806,0.00019264110961275305,8
14845,2023-08-15 04:00:00,103.8,103.8,103.8,103.8,103.0,0.0,0.0,0.0,8
14846,2023-08-15 05:00:00,102.7,102.7,102.7,102.7,500.0,0.0,0.0,0.0,8
14847,2023-08-15 07:00:00,102.7,102.75,102.7,102.75,600.0,0.0004868549172346364,0.0004868549172346364,0.0,8
14848,2023-08-15 08:00:00,102.75,103.0,102.75,102.81,1498.0,0.0005839416058394382,0.0024330900243309003,0.0,8
14849,2023-08-15 09:00:00,102.81,104.34,102.81,103.1918,180267.0,0.003713646532438463,0.014881820834549178,0.0,8
14850,2023-08-15 10:00:00,103.205,103.57,102.905,103.42,211107.0,0.002083232401530967,0.0035366503560873494,0.002906835909112903,8
14851,2023-08-15 11:00:00,103.38,103.75,103.3,103.68,185912.0,0.002901915264074399,0.003579028825691667,0.0007738440704197939,8
14852,2023-08-15 12:00:00,103.75,103.84,102.91,103.169,122566.0,-0.005600000000000029,0.0008674698795181052,0.008096385542168707,8
14853,2023-08-15 13:00:00,103.17,103.445,102.97,103.43,128833.0,0.002520112435785646,0.0026655035378500675,0.0019385480275274096,8
14854,2023-08-15 14:00:00,103.47,103.76,103.395,103.69,128773.0,0.002126220160432965,0.0028027447569344377,0.0007248477819658146,8
14855,2023-08-15 15:00:00,103.69,103.89,103.19,103.51,621886.0,-0.0017359436782717003,0.0019288263091908847,0.004822065772977144,8
14856,2023-08-15 16:00:00,103.51,104.0,102.97,102.97,95271.0,-0.005216887257269889,0.004733842140855906,0.005216887257269889,8
14857,2023-08-15 19:00:00,103.0,103.24,103.0,103.24,5711.0,0.002330097087378591,0.002330097087378591,0.0,8
14858,2023-08-16 09:00:00,102.97,104.28,102.46,103.24,165470.0,0.0026221229484315435,0.012722152083131032,0.004952898902593038,8
14859,2023-08-16 10:00:00,103.12,103.3,102.34,102.51,196005.0,-0.005915438324282383,0.0017455391776570268,0.007564003103180771,8
14860,2023-08-16 11:00:00,102.53,102.96,102.385,102.49,158844.0,-0.0003901297181313396,0.0041938944699111734,0.0014142202282258463,8
14861,2023-08-16 12:00:00,102.525,102.73,102.07,102.31,130325.0,-0.002097049500121955,0.001999512314069722,0.004437941965374421,8
14862,2023-08-16 13:00:00,102.29,102.3533,101.96,102.24,142897.0,-0.0004888063349302118,0.0006188288200214892,0.0032261218105387865,8
14863,2023-08-16 14:00:00,102.21,102.47,101.9,101.96,220761.0,-0.002445944623813717,0.0025437824087663156,0.003032971333528892,8
14864,2023-08-16 15:00:00,101.93,101.94,101.09,101.17,645944.0,-0.007456097321691406,9.810654370637598e-05,0.008240949671343112,8
14865,2023-08-16 16:00:00,101.99,101.99,101.0551,101.31,100862.0,-0.006667320325522038,0.0,0.009166584959309726,8
14866,2023-08-16 17:00:00,101.33,101.34,101.33,101.33,870.0,0.0,9.868745682428813e-05,0.0,8
14867,2023-08-16 18:00:00,101.23,101.7,101.2,101.7,1780.0,0.004642892423194694,0.004642892423194694,0.0002963548355230775,8
14868,2023-08-16 19:00:00,101.25,101.25,101.25,101.25,800.0,0.0,0.0,0.0,8
14869,2023-08-17 07:00:00,101.21,101.21,101.18,101.18,301.0,-0.00029641339788545525,0.0,0.00029641339788545525,8
14870,2023-08-17 08:00:00,101.56,101.99,101.56,101.99,1164.0,0.004233950374162984,0.004233950374162984,0.0,8
14871,2023-08-17 09:00:00,101.99,102.24,101.025,101.105,127570.0,-0.008677321306010304,0.0024512207079125407,0.009461711932542301,8
14872,2023-08-17 10:00:00,101.15,101.565,100.0667,101.055,333333.0,-0.0009391992090953915,0.004102817597627207,0.010709836875926923,8
14873,2023-08-17 11:00:00,101.04,101.12,100.33,100.33,361313.0,-0.007026920031670704,0.0007917656373713211,0.007026920031670704,8
14874,2023-08-17 12:00:00,100.3209,101.27,100.1538,101.25,228671.0,0.009261280550712818,0.009460640803661066,0.0016656549133828615,8
14875,2023-08-17 13:00:00,101.25,101.27,100.99,101.25,160811.0,0.0,0.00019753086419749158,0.002567901234567952,8
14876,2023-08-17 14:00:00,101.23,101.235,100.5,100.54,336416.0,-0.0068161612170305015,4.939247258713279e-05,0.007211300997727986,8
14877,2023-08-17 15:00:00,100.505,100.59,99.5,99.52,1134987.0,-0.009800507437440919,0.0008457290682056411,0.009999502512312776,8
14878,2023-08-17 16:00:00,99.53,100.1,99.07,100.1,100179.0,0.005726916507585584,0.005726916507585584,0.004621722093841133,8
14879,2023-08-17 17:00:00,99.4,99.4,99.4,99.4,320.0,0.0,0.0,0.0,8
14880,2023-08-17 18:00:00,99.05,99.05,99.05,99.05,548.0,0.0,0.0,0.0,8
14881,2023-08-17 19:00:00,99.06,99.2,99.05,99.2,551.0,0.0014132848778518126,0.0014132848778518126,0.00010094891984660928,8
14882,2023-08-18 05:00:00,98.1,98.68,98.1,98.67,1068.0,0.005810397553516896,0.005912334352701453,0.0,8
14883,2023-08-18 06:00:00,98.64,98.64,98.63,98.63,565.0,-0.00010137875101383938,0.0,0.00010137875101383938,8
14884,2023-08-18 07:00:00,98.63,98.92,98.5,98.51,1130.0,-0.0012166683564837305,0.002940281861502649,0.001318057386190768,8
14885,2023-08-18 08:00:00,98.5,98.8,98.15,98.2,7559.0,-0.0030456852791877886,0.0030456852791877886,0.003553299492385729,8
14886,2023-08-18 09:00:00,98.3,99.865,97.77,99.535,444823.0,0.012563580874872833,0.015920651068158674,0.005391658189216695,8
14887,2023-08-18 10:00:00,99.595,99.82,98.84,99.08,399192.0,-0.00517094231638135,0.0022591495557005305,0.007580701842461925,8
14888,2023-08-18 11:00:00,99.05,99.815,98.94,99.73,375134.0,0.006865219586067711,0.007723372034326104,0.0011105502271579954,8
14889,2023-08-18 12:00:00,99.72,100.44,99.65,100.17,178501.0,0.0045126353790614,0.007220216606498184,0.0007019655034094783,8
14890,2023-08-18 13:00:00,100.14,100.36,99.26,99.77,336547.0,-0.0036948272418614397,0.0021969243059716285,0.008787697223886514,8
14891,2023-08-18 14:00:00,99.79,100.0227,99.635,99.74,170693.0,-0.0005010522096403584,0.002331896983665639,0.0015532618498847693,8
14892,2023-08-18 15:00:00,99.69,99.74,98.92,99.21,524959.0,-0.004814926271441509,0.0005015548199417911,0.007723944227103983,8
14893,2023-08-18 16:00:00,99.2,99.2,99.14,99.2,35769.0,0.0,0.0,0.0006048387096774423,8
14894,2023-08-18 17:00:00,98.56,98.56,98.56,98.56,209.0,0.0,0.0,0.0,8
14895,2023-08-18 19:00:00,98.95,99.2,98.95,99.2,1064.0,0.0025265285497726125,0.0025265285497726125,0.0,8
14896,2023-08-21 07:00:00,99.8,99.8,99.8,99.8,200.0,0.0,0.0,0.0,8
14897,2023-08-21 08:00:00,99.25,99.89,99.25,99.89,752.0,0.006448362720403028,0.006448362720403028,0.0,8
14898,2023-08-21 09:00:00,99.99,100.41,98.42,99.07,132902.0,-0.00920092009200922,0.004200420042004218,0.015701570157015635,8
14899,2023-08-21 10:00:00,99.135,99.3,98.44,98.595,186399.0,-0.005447117566954216,0.0016643970343470222,0.007010642053765142,8
14900,2023-08-21 11:00:00,98.605,98.77,97.775,97.905,199158.0,-0.00709903148927542,0.0016733431367576901,0.008417423051569376,8
14901,2023-08-21 12:00:00,97.88,98.32,97.81,98.27,162049.0,0.003984470780547616,0.004495300367797279,0.0007151614221495012,8
14902,2023-08-21 13:00:00,98.24,98.73,98.135,98.33,165764.0,0.0009161237785016634,0.004987785016286737,0.0010688110749184627,8
14903,2023-08-21 14:00:00,98.3575,98.84,98.14,98.805,215482.0,0.004549729303815216,0.004905574053834245,0.0022113209465470466,8
14904,2023-08-21 15:00:00,98.82,99.67,98.82,99.25,543742.0,0.004351345881400595,0.008601497672536011,0.0,8
14905,2023-08-21 16:00:00,99.27,99.27,99.0068,99.0068,16840.0,-0.002651354890702102,0.0,0.002651354890702102,8
14906,2023-08-21 17:00:00,99.02,99.02,99.02,99.02,204.0,0.0,0.0,0.0,8
14907,2023-08-21 18:00:00,99.02,99.02,99.02,99.02,150.0,0.0,0.0,0.0,8
14908,2023-08-22 04:00:00,100.0,100.0,100.0,100.0,300.0,0.0,0.0,0.0,8
14909,2023-08-22 07:00:00,100.01,100.01,99.9,99.9,573.0,-0.0010998900109988944,0.0,0.0010998900109988944,8
14910,2023-08-22 08:00:00,99.6516,100.1,99.6516,100.1,1634.0,0.00449967687422974,0.00449967687422974,0.0,8
14911,2023-08-22 09:00:00,99.79,100.21,98.87,98.96,103775.0,-0.008317466680028184,0.0042088385609779285,0.009219360657380516,8
14912,2023-08-22 10:00:00,98.92,99.3325,98.11,98.445,392516.0,-0.004801860088960863,0.004170036393044827,0.008188435099069979,8
14913,2023-08-22 11:00:00,98.48,98.71,97.82,97.92,271673.0,-0.0056864337936637106,0.0023354995938260534,0.00670186839967517,8
14914,2023-08-22 12:00:00,97.92,98.43,97.59,98.24,254469.0,0.0032679738562090806,0.005208333333333385,0.0033700980392156687,8
14915,2023-08-22 13:00:00,98.19,98.715,98.04,98.65,153362.0,0.004684794785619798,0.005346776657500822,0.00152765047357156,8
14916,2023-08-22 14:00:00,98.64,99.59,98.57,99.54,203758.0,0.009124087591240934,0.009630981346309842,0.0007096512570965875,8
14917,2023-08-22 15:00:00,99.59,99.92,99.25,99.41,518323.0,-0.0018074103825685994,0.003313585701375623,0.003413997389296148,8
14918,2023-08-22 16:00:00,99.36,99.36,98.9,98.9,414404.0,-0.004629629629629567,0.0,0.004629629629629567,8
14919,2023-08-23 08:00:00,99.26,99.26,99.26,99.26,500.0,0.0,0.0,0.0,8
14920,2023-08-23 09:00:00,99.25,99.74,98.78,98.96,101184.0,-0.002921914357682683,0.004937027707808512,0.0047355163727959585,8
14921,2023-08-23 10:00:00,98.97,100.26,98.93,99.825,231354.0,0.008638981509548388,0.013034252803880026,0.0004041628776396084,8
14922,2023-08-23 11:00:00,99.84,103.9,99.63,102.7,1289396.0,0.028645833333333325,0.040665064102564125,0.0021033653846154643,8
14923,2023-08-23 12:00:00,102.66,102.93,102.01,102.2,263605.0,-0.004480810442236448,0.002630040911747616,0.006331579972725419,8
14924,2023-08-23 13:00:00,102.2,102.77,102.02,102.64,168772.0,0.00430528375733853,0.005577299412915784,0.0017612524461840197,8
14925,2023-08-23 14:00:00,102.62,102.84,102.325,102.37,221464.0,-0.002436172286104073,0.002143831611771573,0.002874683297602823,8
14926,2023-08-23 15:00:00,102.37,102.8666,102.21,102.42,680462.0,0.0004884243430692308,0.004851030575363884,0.0015629578978217328,8
14927,2023-08-23 16:00:00,102.41,102.5,102.41,102.5,23358.0,0.0008788204276926415,0.0008788204276926415,0.0,8
14928,2023-08-23 17:00:00,102.42,102.42,102.42,102.42,250.0,0.0,0.0,0.0,8
14929,2023-08-23 18:00:00,102.5,102.5,102.4201,102.4201,200.0,-0.0007795121951219021,0.0,0.0007795121951219021,8
14930,2023-08-23 19:00:00,102.43,102.87,102.43,102.87,776.0,0.004295616518598044,0.004295616518598044,0.0,8
14931,2023-08-24 06:00:00,103.0,103.0,103.0,103.0,159.0,0.0,0.0,0.0,8
14932,2023-08-24 08:00:00,102.4003,102.6,102.4,102.41,1684.0,9.472628498153967e-05,0.0019501895990538395,2.9296789169147755e-06,8
14933,2023-08-24 09:00:00,102.25,102.25,100.7201,101.2,251612.0,-0.010268948655256696,0.0,0.014962347188264037,8
14934,2023-08-24 10:00:00,101.155,101.61,100.368,100.41,314560.0,-0.007364935000741481,0.004498047550788377,0.007780139390045041,8
14935,2023-08-24 11:00:00,100.44,100.44,99.485,99.52,308688.0,-0.00915969733174036,0.0,0.009508164078056535,8
14936,2023-08-24 12:00:00,99.556,100.57,99.3,100.17,221625.0,0.006167383181325127,0.010185222387400014,0.002571417091887985,8
14937,2023-08-24 13:00:00,100.155,100.425,99.52,99.66,173337.0,-0.004942339373970392,0.002695821476711058,0.00634017273226504,8
14938,2023-08-24 14:00:00,99.71,99.83,99.19,99.41,210115.0,-0.003008725303379773,0.0012034901213519662,0.005215123859191617,8
14939,2023-08-24 15:00:00,99.41,99.635,99.02,99.02,674487.0,-0.003923146564731924,0.0022633537873454233,0.003923146564731924,8
14940,2023-08-24 16:00:00,99.05,99.05,99.0,99.05,31742.0,0.0,0.0,0.0005047955577990627,8
14941,2023-08-24 17:00:00,99.05,99.05,99.05,99.05,200.0,0.0,0.0,0.0,8
14942,2023-08-24 18:00:00,99.05,99.05,99.05,99.05,638.0,0.0,0.0,0.0,8
14943,2023-08-25 08:00:00,99.33,99.33,99.12,99.12,950.0,-0.0021141649048625165,0.0,0.0021141649048625165,8
14944,2023-08-25 09:00:00,99.17,99.64,98.8,99.17,133629.0,0.0,0.0047393364928909835,0.003730967026318489,8
14945,2023-08-25 10:00:00,99.2075,99.835,98.24,98.3,244811.0,-0.009147493889070876,0.006325126628531086,0.00975228687347228,8
14946,2023-08-25 11:00:00,98.3,99.46,98.18,98.93,179398.0,0.006408952187182194,0.011800610376398745,0.0012207527975583961,8
14947,2023-08-25 12:00:00,98.94,100.0,98.77,99.9588,212406.0,0.01029714978775014,0.010713563776025897,0.0017182130584192613,8
14948,2023-08-25 13:00:00,99.94,99.94,99.15,99.57,149602.0,-0.0037022213327997256,0.0,0.007904742845707345,8
14949,2023-08-25 14:00:00,99.57,100.37,99.52,100.155,520108.0,0.005875263633624666,0.008034548558802966,0.0005021592849251497,8
14950,2023-08-25 15:00:00,100.155,100.3625,99.72,99.77,700870.0,-0.0038440417353103203,0.002071788727472378,0.004343267934701236,8
14951,2023-08-25 16:00:00,99.77,99.77,99.77,99.77,30992.0,0.0,0.0,0.0,8
14952,2023-08-25 19:00:00,99.77,99.77,99.77,99.77,100.0,0.0,0.0,0.0,8
14953,2023-08-28 05:00:00,99.87,99.87,99.87,99.87,127.0,0.0,0.0,0.0,8
14954,2023-08-28 07:00:00,100.05,100.05,100.05,100.05,162.0,0.0,0.0,0.0,8
14955,2023-08-28 08:00:00,99.98,100.25,99.73,100.25,1276.0,0.0027005401080215643,0.0027005401080215643,0.002500500100020004,8
14956,2023-08-28 09:00:00,100.5,100.525,99.5,100.04,111793.0,-0.004577114427860634,0.0002487562189055292,0.009950248756218905,8
14957,2023-08-28 10:00:00,100.005,100.43,98.96,99.14,182324.0,-0.008649567521623868,0.004249787510624583,0.010449477526123711,8
14958,2023-08-28 11:00:00,99.15,99.34,98.23,98.495,217083.0,-0.006606152294503289,0.0019162884518406224,0.0092788703983863,8
14959,2023-08-28 12:00:00,98.49,99.12,98.36,99.1,100900.0,0.006193522184993395,0.006396588486140824,0.0013199309574575637,8
14960,2023-08-28 13:00:00,99.1,99.3489,98.64,98.73,121099.0,-0.003733602421796068,0.0025116044399596986,0.00464177598385463,8
14961,2023-08-28 14:00:00,98.7101,98.72,98.33,98.55,149513.0,-0.0016219211610564665,0.00010029368828520888,0.003850669789616248,8
14962,2023-08-28 15:00:00,98.59,98.76,98.07,98.32,522750.0,-0.00273861446394168,0.0017243128106298985,0.0052743685972209174,8
14963,2023-08-28 16:00:00,98.32,98.32,98.32,98.32,11940.0,0.0,0.0,0.0,8
14964,2023-08-28 18:00:00,98.4,98.4,98.4,98.4,500.0,0.0,0.0,0.0,8
14965,2023-08-28 19:00:00,98.4,98.7,98.4,98.68,639.0,0.0028455284552845643,0.003048780487804849,0.0,8
14966,2023-08-29 07:00:00,98.4,98.4,98.4,98.4,150.0,0.0,0.0,0.0,8
14967,2023-08-29 08:00:00,98.5,98.5,97.81,97.81,761.0,-0.007005076142131956,0.0,0.007005076142131956,8
14968,2023-08-29 09:00:00,98.3,98.71,96.9,98.44,285262.0,0.0014242115971515826,0.004170905391658155,0.014242115971515682,8
14969,2023-08-29 10:00:00,98.44,100.05,98.44,99.248,400479.0,0.008208045509955374,0.016355140186915883,0.0,8
14970,2023-08-29 11:00:00,99.24,100.04,99.15,99.63,281202.0,0.003929866989117297,0.00806126561870225,0.0009068923821038816,8
14971,2023-08-29 12:00:00,99.66,100.52,99.64,100.285,234818.0,0.00627132249648806,0.008629339755167564,0.00020068231988757797,8
14972,2023-08-29 13:00:00,100.3,100.9,100.19,100.532,234521.0,0.002313060817547351,0.005982053838484632,0.0010967098703888278,8
14973,2023-08-29 14:00:00,100.55,101.18,100.545,100.92,206996.0,0.003679761312779757,0.006265539532570957,4.972650422670763e-05,8
14974,2023-08-29 15:00:00,100.92,101.03,100.55,100.6,459036.0,-0.0031708283789140643,0.0010899722552516788,0.0036662703131193474,8
14975,2023-08-29 16:00:00,100.53,100.53,100.05,100.05,29474.0,-0.004774694121157903,0.0,0.004774694121157903,8
14976,2023-08-29 17:00:00,100.52,100.53,100.52,100.53,1288.0,9.948269001198882e-05,9.948269001198882e-05,0.0,8
14977,2023-08-29 18:00:00,100.6,100.6,100.6,100.6,200.0,0.0,0.0,0.0,8
14978,2023-08-29 19:00:00,100.55,100.56,100.55,100.56,900.0,9.94530084535566e-05,9.94530084535566e-05,0.0,8
14979,2023-08-30 09:00:00,101.5,101.5,99.6875,100.29,189166.0,-0.011921182266009791,0.0,0.017857142857142856,8
14980,2023-08-30 10:00:00,100.28,100.61,99.36,100.23,296895.0,-0.0004986039090546186,0.003290785799760653,0.00917431192660552,8
14981,2023-08-30 11:00:00,100.28,100.47,99.99,100.47,168331.0,0.001894694854407636,0.001894694854407636,0.0028919026725170147,8
14982,2023-08-30 12:00:00,100.46,100.5187,99.96,99.99,116564.0,-0.004678478996615557,0.0005843121640454087,0.004977105315548477,8
14983,2023-08-30 13:00:00,99.985,99.99,99.525,99.83,128962.0,-0.0015502325348802433,5.0007501125123295e-05,0.004600690103515465,8
14984,2023-08-30 14:00:00,99.79,99.82,99.25,99.35,157073.0,-0.004409259444834271,0.0003006313257840157,0.005411363864114703,8
14985,2023-08-30 15:00:00,99.35,99.38,98.72,98.96,558477.0,-0.003925515853044797,0.00030196275792653384,0.006341217916456925,8
14986,2023-08-30 16:00:00,98.94,98.94,98.9,98.9,23741.0,-0.00040428542551032993,0.0,0.00040428542551032993,8
14987,2023-08-30 17:00:00,98.97,98.97,98.95,98.95,300.0,-0.0002020814388198042,0.0,0.0002020814388198042,8
14988,2023-08-30 18:00:00,98.96,98.96,98.95,98.95,296.0,-0.00010105092966846105,0.0,0.00010105092966846105,8
14989,2023-08-30 19:00:00,98.83,98.85,98.81,98.85,931.0,0.00020236770211470222,0.00020236770211470222,0.00020236770211470222,8
14990,2023-08-31 08:00:00,98.95,99.54,98.95,98.95,2801.0,0.0,0.0059626073774634,0.0,8
14991,2023-08-31 09:00:00,99.5,99.62,98.4,99.26,131224.0,-0.0024120603015074862,0.0012060301507538145,0.011055276381909491,8
14992,2023-08-31 10:00:00,99.24,99.865,98.98,99.43,204122.0,0.0019145505844418778,0.0062978637646110445,0.002619911326078103,8
14993,2023-08-31 11:00:00,99.43,99.56,99.09,99.49,133210.0,0.0006034396057526708,0.0013074524791310011,0.003419491099265849,8
14994,2023-08-31 12:00:00,99.5,99.65,98.795,99.05,130501.0,-0.004522613065326662,0.0015075376884422682,0.007085427135678375,8
14995,2023-08-31 13:00:00,99.02,99.09,98.63,98.69,108259.0,-0.003332660068672978,0.0007069278933549525,0.003938598262977182,8
14996,2023-08-31 14:00:00,98.69,99.009,98.66,98.92,125600.0,0.0023305299422434287,0.0032323437025028132,0.00030398216637958394,8
14997,2023-08-31 15:00:00,98.895,99.09,98.64,98.94,542248.0,0.0004550280600637212,0.0019717882602761252,0.002578492340360943,8
14998,2023-08-31 16:00:00,98.94,98.94,98.7,98.94,52377.0,0.0,0.0,0.0024257125530624105,8
14999,2023-08-31 18:00:00,98.7,98.7,98.7,98.7,150.0,0.0,0.0,0.0,8
15000,2023-08-31 19:00:00,99.0,99.0,99.0,99.0,102.0,0.0,0.0,0.0,8
15001,2023-09-01 08:00:00,99.78,99.78,99.4,99.78,752.0,0.0,0.0,0.0038083784325515678,9
15002,2023-09-01 09:00:00,99.21,99.75,98.59,98.96,104199.0,-0.0025199072674125596,0.0054429996976111915,0.00624937002318305,9
15003,2023-09-01 10:00:00,98.8,99.04,97.91,98.07,299110.0,-0.007388663967611377,0.0024291497975709423,0.009008097165991909,9
15004,2023-09-01 11:00:00,98.16,98.1799,97.045,97.18,194495.0,-0.00998370008149949,0.00020273023634888868,0.011359005704971423,9
15005,2023-09-01 12:00:00,97.17,97.924,97.12,97.8902,251097.0,0.0074117525985385535,0.007759596583307655,0.0005145621076463637,9
15006,2023-09-01 13:00:00,97.895,98.16,97.545,97.615,113985.0,-0.0028602073650339766,0.00270698197047858,0.0035752592062923984,9
15007,2023-09-01 14:00:00,97.6,97.7799,97.1,97.44,143530.0,-0.001639344262295047,0.0018432377049180688,0.005122950819672132,9
15008,2023-09-01 15:00:00,97.47,97.72,97.39,97.7,455452.0,0.00235970042064229,0.002564891761567662,0.0008207653637016343,9
15009,2023-09-01 16:00:00,97.7,97.7,97.7,97.7,18861.0,0.0,0.0,0.0,9
15010,2023-09-05 09:00:00,97.07,98.15,94.561,95.0251,498757.0,-0.021066240857113408,0.011125991552488024,0.025847326671474054,9
15011,2023-09-05 10:00:00,95.1,98.03,95.04,98.02,503684.0,0.03070452155625659,0.030809674027339716,0.0006309148264982972,9
15012,2023-09-05 11:00:00,98.0,98.49,97.55,97.755,267361.0,-0.0025000000000000465,0.004999999999999948,0.004591836734693907,9
15013,2023-09-05 12:00:00,97.76,98.28,97.67,98.09,191244.0,0.003375613747954156,0.005319148936170172,0.0009206219312602639,9
15014,2023-09-05 13:00:00,98.09,98.35,97.45,98.335,205899.0,0.002497706188194417,0.0026506269752267398,0.006524620246712209,9
15015,2023-09-05 14:00:00,98.36,98.5,98.03,98.47,229374.0,0.0011183407889385872,0.0014233428222854877,0.0033550223668157614,9
15016,2023-09-05 15:00:00,98.46,99.2,97.88,98.98,802190.0,0.005281332520820742,0.007515742433475616,0.005890717042453772,9
15017,2023-09-05 16:00:00,98.96,98.97,98.89,98.89,25256.0,-0.0007073565076798018,0.00010105092966860465,0.0007073565076798018,9
15018,2023-09-05 17:00:00,99.0999,99.0999,99.0999,99.0999,557.0,0.0,0.0,0.0,9
15019,2023-09-06 04:00:00,98.59,98.59,98.59,98.59,135.0,0.0,0.0,0.0,9
15020,2023-09-06 06:00:00,98.1,98.2,98.09,98.2,925.0,0.001019367991845143,0.001019367991845143,0.0001019367991844129,9
15021,2023-09-06 07:00:00,98.32,98.32,98.05,98.05,323.0,-0.00274613506916188,0.0,0.00274613506916188,9
15022,2023-09-06 08:00:00,98.16,98.7,98.08,98.1,1727.0,-0.0006112469437653044,0.005501222493887594,0.0008149959250203575,9
15023,2023-09-06 09:00:00,98.17,98.17,96.765,97.06,379210.0,-0.011306916573291224,0.0,0.014311907914841613,9
15024,2023-09-06 10:00:00,96.98,97.85,96.3701,97.48,502332.0,0.005155702206640544,0.008970921839554447,0.0062889255516602426,9
15025,2023-09-06 11:00:00,97.44,97.65,96.745,96.935,270946.0,-0.005182676518883369,0.0021551724137931854,0.007132594417077106,9
15026,2023-09-06 12:00:00,96.925,97.54,96.925,97.43,221310.0,0.005210214083054008,0.006345112200154853,0.0,9
15027,2023-09-06 13:00:00,97.41,98.36,97.23,98.29,266820.0,0.009033980084180368,0.009752592136331001,0.001847859562673161,9
15028,2023-09-06 14:00:00,98.26,98.77,98.15,98.46,368522.0,0.0020354162426215,0.005190311418685028,0.001119478933441883,9
15029,2023-09-06 15:00:00,98.47,99.1,98.33,98.88,786171.0,0.004163704681628888,0.006397887681527323,0.0014217528181171989,9
15030,2023-09-06 16:00:00,98.86,98.86,98.84,98.84,36994.0,-0.00020230629172563242,0.0,0.00020230629172563242,9
15031,2023-09-07 06:00:00,98.7,98.7,98.7,98.7,200.0,0.0,0.0,0.0,9
15032,2023-09-07 07:00:00,98.84,98.84,98.84,98.84,302.0,0.0,0.0,0.0,9
15033,2023-09-07 08:00:00,98.8,98.8,97.63,97.63,1292.0,-0.011842105263157912,0.0,0.011842105263157912,9
15034,2023-09-07 09:00:00,98.3604,98.3604,96.85,97.1,212077.0,-0.012814099983326666,0.0,0.015355773258343848,9
15035,2023-09-07 10:00:00,97.15,97.7616,96.82,97.45,452171.0,0.0030880082346885964,0.006295419454451834,0.003396809058157617,9
15036,2023-09-07 11:00:00,97.45,97.515,95.96,96.01,339884.0,-0.014776808619805005,0.0006670087224217313,0.01528989225243724,9
15037,2023-09-07 12:00:00,96.015,96.91,95.96,96.73,234325.0,0.007446753111493031,0.00932146018851217,0.0005728271624226091,9
15038,2023-09-07 13:00:00,96.72,97.215,96.38,96.89,209280.0,0.001757650951199356,0.005117866004962827,0.003515301902398712,9
15039,2023-09-07 14:00:00,96.9,97.215,96.41,96.74,299247.0,-0.0016511867905057874,0.003250773993808026,0.0050567595459237264,9
15040,2023-09-07 15:00:00,96.75,97.2482,96.26,97.17,947487.0,0.004341085271317847,0.005149354005167929,0.005064599483204081,9
15041,2023-09-07 16:00:00,96.16,97.18,96.16,96.3673,28240.0,0.0021557820299501207,0.010607321131447694,0.0,9
15042,2023-09-07 17:00:00,96.86,97.2499,96.86,97.2499,6933.0,0.00402539748090024,0.00402539748090024,0.0,9
15043,2023-09-07 19:00:00,97.18,97.25,97.0,97.0,400.0,-0.0018522329697469315,0.0007203128215681536,0.0018522329697469315,9
15044,2023-09-08 09:00:00,97.15,97.755,96.75,97.42,144303.0,0.002779207411219722,0.006227483273288623,0.004117344312918226,9
15045,2023-09-08 10:00:00,97.56,98.6,97.42,97.45,329723.0,-0.0011275112751127452,0.010660106601065929,0.0014350143501435072,9
15046,2023-09-08 11:00:00,97.39,97.97,97.21,97.3,186027.0,-0.0009241195194578848,0.005955436903172793,0.0018482390389157697,9
15047,2023-09-08 12:00:00,97.32,97.49,96.91,97.25,226242.0,-0.0007192766132346197,0.0017468146321414069,0.004212905877517433,9
15048,2023-09-08 13:00:00,97.26,97.4,96.43,96.44,245951.0,-0.008431009664816034,0.001439440674480779,0.00853382685585028,9
15049,2023-09-08 14:00:00,96.45,96.58,95.91,96.39,273138.0,-0.0006220839813375042,0.0013478486262311607,0.00559875583203739,9
15050,2023-09-08 15:00:00,96.405,97.43,96.28,97.37,728790.0,0.010009854260671162,0.010632228618847628,0.0012966132462009232,9
15051,2023-09-08 16:00:00,97.35,97.45,97.35,97.45,349683.0,0.0010272213662045047,0.0010272213662045047,0.0,9
15052,2023-09-08 17:00:00,97.25,97.25,97.25,97.25,207.0,0.0,0.0,0.0,9
15053,2023-09-08 18:00:00,97.25,97.25,97.25,97.25,130.0,0.0,0.0,0.0,9
15054,2023-09-11 07:00:00,98.39,98.5,98.39,98.5,1021.0,0.0011179997967273039,0.0011179997967273039,0.0,9
15055,2023-09-11 08:00:00,98.38,98.38,98.11,98.11,1463.0,-0.0027444602561495835,0.0,0.0027444602561495835,9
15056,2023-09-11 09:00:00,98.36,98.36,95.1854,95.255,253593.0,-0.03156771045140305,0.0,0.03227531516876777,9
15057,2023-09-11 10:00:00,95.255,96.83,94.88,96.535,453224.0,0.013437614823368865,0.016534565114692173,0.003936801217783843,9
15058,2023-09-11 11:00:00,96.5,96.67,95.85,96.14,222705.0,-0.0037305699481865228,0.0017616580310881006,0.006735751295336847,9
15059,2023-09-11 12:00:00,96.16,97.11,96.06,96.965,222326.0,0.008371464226289588,0.00987936772046592,0.0010399334442595084,9
15060,2023-09-11 13:00:00,96.96,97.49,96.92,97.07,214161.0,0.0011344884488448787,0.0054661716171617285,0.00041254125412533047,9
15061,2023-09-11 14:00:00,97.12,97.575,96.89,97.545,224516.0,0.004376029654036214,0.004684925864909373,0.002368204283360832,9
15062,2023-09-11 15:00:00,97.54,97.96,97.51,97.68,490623.0,0.0014353085913471455,0.004305925774041291,0.00030756612671725583,9
15063,2023-09-11 16:00:00,97.66,97.66,97.5,97.5,43853.0,-0.0016383370878557916,0.0,0.0016383370878557916,9
15064,2023-09-11 18:00:00,97.65,97.65,97.65,97.65,100.0,0.0,0.0,0.0,9
15065,2023-09-12 08:00:00,97.69,97.69,97.69,97.69,547.0,0.0,0.0,0.0,9
15066,2023-09-12 09:00:00,97.23,99.24,97.08,98.99,203736.0,0.018101409030134637,0.02067263190373332,0.0015427337241592685,9
15067,2023-09-12 10:00:00,99.02,99.4,98.64,98.825,375332.0,-0.001969299131488519,0.003837608563926577,0.003837608563926434,9
15068,2023-09-12 11:00:00,98.845,99.25,98.47,99.025,248725.0,0.0018210329303455595,0.004097324093277365,0.0037938186048864383,9
15069,2023-09-12 12:00:00,99.03,99.49,99.03,99.33,185806.0,0.003029385034837899,0.004645057053418093,0.0,9
15070,2023-09-12 13:00:00,99.33,100.36,99.23,99.765,454095.0,0.0043793415886439375,0.010369475485754566,0.0010067451927916473,9
15071,2023-09-12 14:00:00,99.74,100.05,99.015,99.025,252676.0,-0.007168638459995881,0.003108081010627655,0.0072688991377581145,9
15072,2023-09-12 15:00:00,99.015,99.39,98.84,99.03,677368.0,0.00015149219815180094,0.0037873049537948795,0.0017674089784375817,9
15073,2023-09-12 16:00:00,99.9,100.1,99.0,99.14,23931.0,-0.007607607607607658,0.002002002002001888,0.009009009009009066,9
15074,2023-09-12 18:00:00,99.2,99.2,99.2,99.2,100.0,0.0,0.0,0.0,9
15075,2023-09-12 19:00:00,99.03,99.25,99.03,99.25,650.0,0.0022215490255478023,0.0022215490255478023,0.0,9
15076,2023-09-13 04:00:00,99.4,99.4,99.4,99.4,405.0,0.0,0.0,0.0,9
15077,2023-09-13 07:00:00,98.8,98.8,98.69,98.69,868.0,-0.001113360323886634,0.0,0.001113360323886634,9
15078,2023-09-13 08:00:00,98.01,98.5,98.0,98.37,6032.0,0.003673094582185485,0.004999489847974644,0.00010203040506076028,9
15079,2023-09-13 09:00:00,98.37,98.66,96.8,97.28,319894.0,-0.01108061400833591,0.0029480532682727664,0.015960150452373766,9
15080,2023-09-13 10:00:00,97.245,97.825,97.12,97.3,291644.0,0.0005655817779833678,0.005964316931461754,0.0012854131317805541,9
15081,2023-09-13 11:00:00,97.31,97.815,97.15,97.23,227501.0,-0.0008221148905559377,0.00518960024663442,0.0016442297811118754,9
15082,2023-09-13 12:00:00,97.2,97.46,97.1,97.265,262656.0,0.0006687242798353675,0.00267489711934147,0.0010288065843622276,9
15083,2023-09-13 13:00:00,97.28,97.47,97.09,97.155,294944.0,-0.001284950657894737,0.0019531249999999766,0.0019531249999999766,9
15084,2023-09-13 14:00:00,97.13,97.34,96.96,97.02,263152.0,-0.0011325028312570724,0.002162050859672686,0.001750231648306411,9
15085,2023-09-13 15:00:00,97.02,97.43,96.87,97.35,1383049.0,0.0034013605442176696,0.004225932797361481,0.0015460729746443155,9
15086,2023-09-13 16:00:00,97.35,97.35,97.2,97.2,41872.0,-0.001540832049306538,0.0,0.001540832049306538,9
15087,2023-09-13 17:00:00,97.35,97.35,97.35,97.35,329.0,0.0,0.0,0.0,9
15088,2023-09-13 18:00:00,97.5,97.5,97.5,97.5,258.0,0.0,0.0,0.0,9
15089,2023-09-13 19:00:00,97.4899,97.4899,97.4899,97.4899,100.0,0.0,0.0,0.0,9
15090,2023-09-14 04:00:00,98.49,98.49,98.49,98.49,100.0,0.0,0.0,0.0,9
15091,2023-09-14 06:00:00,98.49,98.5,98.24,98.49,1015.0,0.0,0.00010153315057371426,0.0025383287643415578,9
15092,2023-09-14 07:00:00,98.35,98.35,97.99,98.01,1194.0,-0.0034570411794609987,0.0,0.003660396542958815,9
15093,2023-09-14 08:00:00,98.38,98.38,97.56,98.18,6125.0,-0.00203293352307368,0.0,0.008335027444602492,9
15094,2023-09-14 09:00:00,98.26,100.41,98.07,98.64,284409.0,0.003867290860981024,0.021880724608182286,0.0019336454304906567,9
15095,2023-09-14 10:00:00,98.68,99.41,97.97,99.15,298698.0,0.004762869882448306,0.007397648966355794,0.007194973652209241,9
15096,2023-09-14 11:00:00,99.18,99.26,98.62,99.105,995651.0,-0.0007562008469449772,0.0008066142367412612,0.005646299657188972,9
15097,2023-09-14 12:00:00,99.1,99.28,98.735,98.865,467230.0,-0.00237134207870837,0.0018163471241171225,0.003683148335015085,9
15098,2023-09-14 13:00:00,98.83,99.61,98.795,99.35,159702.0,0.005261560254983265,0.007892340382474968,0.00035414347870076486,9
15099,2023-09-14 14:00:00,99.36,99.84,99.33,99.73,174730.0,0.0037238325281804,0.004830917874396175,0.0003019323671497699,9
15100,2023-09-14 15:00:00,99.75,99.89,99.49,99.78,590718.0,0.00030075187969925954,0.0014035087719298303,0.0026065162907268685,9
15101,2023-09-14 16:00:00,99.77,99.9,99.0,99.57,29294.0,-0.0020046106043901256,0.0013029968928536602,0.007717750826901835,9
15102,2023-09-14 17:00:00,99.77,99.77,99.77,99.77,786606.0,0.0,0.0,0.0,9
15103,2023-09-14 18:00:00,99.68,99.68,99.68,99.68,121.0,0.0,0.0,0.0,9
15104,2023-09-15 08:00:00,99.99,99.99,99.77,99.77,2236.0,-0.002200220022002189,0.0,0.002200220022002189,9
15105,2023-09-15 09:00:00,99.5,99.5,97.65,98.34,464883.0,-0.011658291457286397,0.0,0.018592964824120546,9
15106,2023-09-15 10:00:00,98.33,99.435,98.33,98.75,230884.0,0.004271331231567189,0.011237669073527957,0.0,9
15107,2023-09-15 11:00:00,98.78,98.9669,98.255,98.465,176800.0,-0.0031889046365660835,0.001892083417695832,0.005314841060943569,9
15108,2023-09-15 12:00:00,98.475,98.61,98.03,98.07,151343.0,-0.004112718964204124,0.001370906321401423,0.00451891342980445,9
15109,2023-09-15 13:00:00,98.07,98.08,97.25,97.55,266488.0,-0.0053023350667889884,0.00010196798205368733,0.008361374528398014,9
15110,2023-09-15 14:00:00,97.54,97.55,97.145,97.55,196038.0,0.00010252204223898815,0.00010252204223898815,0.00404962066844382,9
15111,2023-09-15 15:00:00,97.53,97.58,96.72,97.43,1155875.0,-0.0010253255408591644,0.0005126627704295822,0.008305136880959728,9
15112,2023-09-15 16:00:00,97.42,97.42,97.42,97.42,464448.0,0.0,0.0,0.0,9
15113,2023-09-15 18:00:00,97.42,97.42,97.42,97.42,9000.0,0.0,0.0,0.0,9
15114,2023-09-18 05:00:00,97.42,97.42,97.42,97.42,103.0,0.0,0.0,0.0,9
15115,2023-09-18 06:00:00,97.42,97.42,97.42,97.42,200.0,0.0,0.0,0.0,9
15116,2023-09-18 07:00:00,97.35,97.37,97.35,97.35,400.0,0.0,0.00020544427324098853,0.0,9
15117,2023-09-18 08:00:00,97.0,97.0131,97.0,97.0131,1306.0,0.00013505154639169422,0.00013505154639169422,0.0,9
15118,2023-09-18 09:00:00,97.0,97.37,96.37,96.9766,216618.0,-0.00024123711340201238,0.0038144329896907686,0.006494845360824696,9
15119,2023-09-18 10:00:00,97.08,97.38,96.1,96.27,307124.0,-0.008343634116192855,0.0030902348578491674,0.010094767202307417,9
15120,2023-09-18 11:00:00,96.22,96.35,95.92,96.22,238139.0,0.0,0.0013510704635210503,0.003117854915817888,9
15121,2023-09-18 12:00:00,96.25,96.61,96.01,96.5299,236753.0,0.002908051948051925,0.0037402597402597343,0.0024935064935064405,9
15122,2023-09-18 13:00:00,96.5,96.57,95.9379,96.145,187619.0,-0.0036787564766839792,0.0007253886010361988,0.0058248704663212535,9
15123,2023-09-18 14:00:00,96.14,96.52,95.9003,96.23,403749.0,0.0009361348034117267,0.003952569169960427,0.0024932390264197956,9
15124,2023-09-18 15:00:00,96.215,96.44,95.89,95.92,516509.0,-0.0030660499922049752,0.0023385127059189765,0.003377851686327525,9
15125,2023-09-18 16:00:00,95.92,96.11,95.92,96.11,64638.0,0.001980817347789801,0.001980817347789801,0.0,9
15126,2023-09-18 19:00:00,96.08,96.08,95.94,95.94,300.0,-0.0014571190674438027,0.0,0.0014571190674438027,9
15127,2023-09-19 04:00:00,96.0,96.0,96.0,96.0,300.0,0.0,0.0,0.0,9
15128,2023-09-19 06:00:00,96.54,98.2,96.54,98.2,7713.0,0.01719494510047645,0.01719494510047645,0.0,9
15129,2023-09-19 07:00:00,98.11,98.2,97.52,97.8,5035.0,-0.003159718683110817,0.0009173376821934911,0.006013658138823804,9
15130,2023-09-19 08:00:00,98.11,98.21,97.504,97.6,13644.0,-0.005198246865762971,0.0010192640913260047,0.006176740393435884,9
15131,2023-09-19 09:00:00,97.5,98.9799,97.22,98.625,622075.0,0.011538461538461539,0.015178461538461545,0.0028717948717948832,9
15132,2023-09-19 10:00:00,98.67,98.97,97.8,97.8,530734.0,-0.008817269686834951,0.00304043782304649,0.008817269686834951,9
15133,2023-09-19 11:00:00,97.8,98.17,97.52,97.79,248338.0,-0.00010224948875246324,0.003783231083844627,0.0028629856850715864,9
15134,2023-09-19 12:00:00,97.79,97.995,97.4,97.815,198685.0,0.00025564986194898733,0.0020963288679823936,0.003988137846405568,9
15135,2023-09-19 13:00:00,97.84,98.4,97.69,98.29,158106.0,0.004599345870809513,0.005723630417007382,0.0015331152902698863,9
15136,2023-09-19 14:00:00,98.32,98.6,98.0201,98.06,185607.0,-0.002644426362896572,0.0028478437754271882,0.0030502441008949744,9
15137,2023-09-19 15:00:00,98.02,98.4,97.8,98.35,646277.0,0.003366659865333588,0.0038767598449297048,0.0022444399102223922,9
15138,2023-09-19 16:00:00,98.32,98.32,98.3,98.3,34980.0,-0.00020341741253047217,0.0,0.00020341741253047217,9
15139,2023-09-19 18:00:00,98.3,98.3,98.3,98.3,366.0,0.0,0.0,0.0,9
15140,2023-09-19 19:00:00,98.1301,98.1301,98.1301,98.1301,200.0,0.0,0.0,0.0,9
15141,2023-09-20 07:00:00,98.5,98.72,98.5,98.72,735.0,0.0022335025380710543,0.0022335025380710543,0.0,9
15142,2023-09-20 09:00:00,98.5,98.9999,97.8,98.46,141221.0,-0.0004060913705584391,0.005075126903553266,0.007106598984771602,9
15143,2023-09-20 10:00:00,98.445,98.9799,98.4281,98.481,158502.0,0.0003656864238915269,0.005433490781654808,0.00017166946010455168,9
15144,2023-09-20 11:00:00,98.4855,98.615,97.87,98.23,111146.0,-0.0025942905300780097,0.001314914378258658,0.006249650963847442,9
15145,2023-09-20 12:00:00,98.23,98.23,97.925,97.95,73074.0,-0.002850453018426154,0.0,0.0031049577522142607,9
15146,2023-09-20 13:00:00,97.93,97.9899,97.37,97.77,114717.0,-0.0016338200755642886,0.0006116613907893286,0.0057183702644746474,9
15147,2023-09-20 14:00:00,97.7,98.2555,97.3,97.76,156683.0,0.0006141248720573416,0.005685772773797287,0.004094165813715514,9
15148,2023-09-20 15:00:00,97.73,97.88,96.22,96.23,509179.0,-0.015348408881612605,0.0015348408881611733,0.015450731607490074,9
15149,2023-09-20 16:00:00,96.21,97.4,96.19,96.2,48912.0,-0.00010393929944902719,0.012368776634445609,0.00020787859889820207,9
15150,2023-09-20 17:00:00,96.32,96.32,96.32,96.32,500.0,0.0,0.0,0.0,9
15151,2023-09-20 18:00:00,96.26,96.26,96.2,96.2,1076.0,-0.000623311863702496,0.0,0.000623311863702496,9
15152,2023-09-21 04:00:00,96.16,96.16,96.16,96.16,100.0,0.0,0.0,0.0,9
15153,2023-09-21 05:00:00,95.87,95.87,95.87,95.87,216.0,0.0,0.0,0.0,9
15154,2023-09-21 06:00:00,95.6,95.6,95.54,95.54,1271.0,-0.0006276150627613815,0.0,0.0006276150627613815,9
15155,2023-09-21 07:00:00,95.25,95.25,95.25,95.25,124.0,0.0,0.0,0.0,9
15156,2023-09-21 08:00:00,95.3,95.5,94.9,94.9,3740.0,-0.004197271773347235,0.002098635886673692,0.004197271773347235,9
15157,2023-09-21 09:00:00,95.5,95.5,93.78,94.2,328750.0,-0.013612565445026148,0.0,0.01801047120418847,9
15158,2023-09-21 10:00:00,94.2,95.31,93.58,94.75,447312.0,0.00583864118895963,0.011783439490445854,0.006581740976645483,9
15159,2023-09-21 11:00:00,94.775,95.175,94.5401,94.71,175059.0,-0.000685834872065544,0.004220522289633252,0.002478501714587289,9
15160,2023-09-21 12:00:00,94.7,94.87,94.45,94.785,168258.0,0.000897571277719047,0.001795142555438244,0.0026399155227032735,9
15161,2023-09-21 13:00:00,94.76,95.44,94.7,95.35,144160.0,0.006226255804136652,0.007176023638666026,0.0006331785563529154,9
15162,2023-09-21 14:00:00,95.3277,95.375,94.83,94.89,155104.0,-0.004591530058943963,0.0004961831660682782,0.005220937880594987,9
15163,2023-09-21 15:00:00,94.86,95.03,94.29,94.335,588020.0,-0.005534471853257492,0.0017921146953405198,0.00600885515496514,9
15164,2023-09-21 16:00:00,94.32,94.32,94.32,94.32,12996.0,0.0,0.0,0.0,9
15165,2023-09-22 06:00:00,94.37,94.37,94.3,94.3,2878.0,-0.0007417611529088417,0.0,0.0007417611529088417,9
15166,2023-09-22 07:00:00,94.54,94.54,94.54,94.54,122.0,0.0,0.0,0.0,9
15167,2023-09-22 08:00:00,94.68,94.94,94.68,94.85,1235.0,0.0017955217574988115,0.0027460920997041706,0.0,9
15168,2023-09-22 09:00:00,94.9,95.3,93.32,93.54,240826.0,-0.0143308746048472,0.004214963119072618,0.016649104320337327,9
15169,2023-09-22 10:00:00,93.58,93.87,92.96,93.38,326733.0,-0.0021372088053003085,0.0030989527676854698,0.00662534729643091,9
15170,2023-09-22 11:00:00,93.3783,93.3783,92.56,92.69,259188.0,-0.007371091570525467,0.0,0.008763277977859885,9
15171,2023-09-22 12:00:00,92.695,93.22,92.695,92.73,224643.0,0.0003775823938724937,0.005663735908085719,0.0,9
15172,2023-09-22 13:00:00,92.77,92.77,91.9,91.93,519316.0,-0.009054651288131823,0.0,0.009378031691279405,9
15173,2023-09-22 14:00:00,91.9965,92.0,91.24,91.4,348072.0,-0.006483942323892668,3.80449256221976e-05,0.008223138923763433,9
15174,2023-09-22 15:00:00,91.35,92.0,91.04,91.2,1232016.0,-0.0016420361247946522,0.007115489874110627,0.003393541324575677,9
15175,2023-09-22 16:00:00,91.24,92.2,91.24,92.2,40381.0,0.010521701008329767,0.010521701008329767,0.0,9
15176,2023-09-22 17:00:00,91.24,91.31,91.22,91.22,8678.0,-0.00021920210434015806,0.0007672073651907869,0.00021920210434015806,9
15177,2023-09-25 04:00:00,91.2,91.2,91.2,91.2,291.0,0.0,0.0,0.0,9
15178,2023-09-25 05:00:00,90.2,90.5,90.2,90.5,1024.0,0.0033259423503325626,0.0033259423503325626,0.0,9
15179,2023-09-25 06:00:00,90.15,90.27,90.15,90.27,300.0,0.001331114808652139,0.001331114808652139,0.0,9
15180,2023-09-25 07:00:00,90.75,90.75,90.7,90.7,625.0,-0.0005509641873277924,0.0,0.0005509641873277924,9
15181,2023-09-25 08:00:00,90.4,90.41,89.9,90.0,7261.0,-0.004424778761062009,0.00011061946902644806,0.0055309734513274336,9
15182,2023-09-25 09:00:00,89.9,91.14,89.56,90.89,462100.0,0.011012235817575025,0.013793103448275805,0.003781979977753097,9
15183,2023-09-25 10:00:00,90.88,91.75,90.36,91.26,712283.0,0.00418133802816912,0.00957306338028174,0.00572183098591545,9
15184,2023-09-25 11:00:00,91.17,92.285,91.07,91.895,267612.0,0.00795217725128874,0.01222990018646479,0.0010968520346606178,9
15185,2023-09-25 12:00:00,91.91,92.29,91.67,91.98,197284.0,0.0007616146230008421,0.00413447938200424,0.002611250136002556,9
15186,2023-09-25 13:00:00,91.93,92.27,91.54,91.675,267773.0,-0.002773849668225929,0.003698466224300981,0.004242358316110089,9
15187,2023-09-25 14:00:00,91.65,91.95,91.13,91.13,224843.0,-0.005673758865248338,0.0032733224222585614,0.005673758865248338,9
15188,2023-09-25 15:00:00,91.12,91.37,90.69,90.99,665226.0,-0.0014266900790167872,0.0027436347673397716,0.004719051799824482,9
15189,2023-09-25 16:00:00,90.97,90.97,90.97,90.97,21502.0,0.0,0.0,0.0,9
15190,2023-09-25 18:00:00,91.0899,91.0899,91.05,91.0899,3000.0,0.0,0.0,0.0004380288045107409,9
15191,2023-09-25 19:00:00,90.54,90.54,90.54,90.54,121.0,0.0,0.0,0.0,9
15192,2023-09-26 09:00:00,90.0,91.14,89.8656,90.61,231035.0,0.0067777777777777715,0.012666666666666673,0.0014933333333333268,9
15193,2023-09-26 10:00:00,90.61,91.56,90.47,91.56,345578.0,0.010484493985211377,0.010484493985211377,0.001545083324136415,9
15194,2023-09-26 11:00:00,91.59,91.68,90.86,91.01,228808.0,-0.0063325690577573784,0.0009826400262037713,0.007970302434763663,9
15195,2023-09-26 12:00:00,90.95,91.34,90.95,90.975,182480.0,0.0002748763056623581,0.004288070368334256,0.0,9
15196,2023-09-26 13:00:00,90.9975,90.9975,90.28,90.5,199135.0,-0.005467183164372672,0.0,0.007884832000879157,9
15197,2023-09-26 14:00:00,90.505,90.59,90.17,90.23,222039.0,-0.0030385061598805756,0.0009391746312359313,0.0037014529584000195,9
15198,2023-09-26 15:00:00,90.22,90.79,90.13,90.46,691018.0,0.0026601640434492893,0.006317889603192279,0.0009975615162935425,9
15199,2023-09-26 16:00:00,90.46,90.46,90.3,90.3,14621.0,-0.0017687375635639685,0.0,0.0017687375635639685,9
15200,2023-09-26 19:00:00,91.17,91.3,91.17,91.3,1175.0,0.0014259076450586316,0.0014259076450586316,0.0,9
15201,2023-09-27 07:00:00,91.2,91.31,91.2,91.31,221.0,0.0012061403508771868,0.0012061403508771868,0.0,9
15202,2023-09-27 09:00:00,91.28,92.4237,90.77,92.11,244903.0,0.00909290096406659,0.012529579316389082,0.005587204206836165,9
15203,2023-09-27 10:00:00,92.07,92.35,91.32,91.4305,234879.0,-0.0069458021070924105,0.0030411643314869246,0.008145975887911373,9
15204,2023-09-27 11:00:00,91.39,91.6599,90.86,90.9,229056.0,-0.005361636940584253,0.0029532771638034,0.005799321588795286,9
15205,2023-09-27 12:00:00,90.91,90.97,90.2035,90.685,235709.0,-0.002474975250247435,0.0006599934000660244,0.007771422285777046,9
15206,2023-09-27 13:00:00,90.71,91.03,90.35,90.83,163720.0,0.0013228971447470461,0.003527725719325404,0.003968691434240982,9
15207,2023-09-27 14:00:00,90.85,91.58,90.755,91.42,232976.0,0.0062740781507981,0.008035222894881717,0.0010456796917996574,9
15208,2023-09-27 15:00:00,91.43,92.06,91.4,91.98,599408.0,0.006015531007327979,0.00689051733566658,0.0003281198731269948,9
15209,2023-09-27 16:00:00,91.96,91.98,91.9501,91.9501,10789.0,-0.00010765550239220951,0.00021748586341898904,0.00010765550239220951,9
15210,2023-09-27 17:00:00,92.05,92.05,91.97,91.97,2540.0,-0.0008690928843019912,0.0,0.0008690928843019912,9
15211,2023-09-27 18:00:00,91.97,92.23,91.97,92.23,440.0,0.002827008807219801,0.002827008807219801,0.0,9
15212,2023-09-27 19:00:00,92.24,92.3,92.1,92.1,1042.0,-0.001517779705117092,0.0006504770164787758,0.001517779705117092,9
15213,2023-09-28 04:00:00,91.63,91.63,91.62,91.62,545.0,-0.00010913456291597627,0.0,0.00010913456291597627,9
15214,2023-09-28 05:00:00,91.62,91.62,91.62,91.62,1471.0,0.0,0.0,0.0,9
15215,2023-09-28 06:00:00,91.01,91.01,91.01,91.01,108.0,0.0,0.0,0.0,9
15216,2023-09-28 07:00:00,91.02,91.13,90.78,91.13,4882.0,0.001208525598769495,0.001208525598769495,0.0026367831245879465,9
15217,2023-09-28 08:00:00,90.9,92.4131,90.8824,91.24,3150.0,0.0037403740374036213,0.016645764576457583,0.00019361936193621138,9
15218,2023-09-28 09:00:00,91.5,92.65,91.38,92.6,193601.0,0.012021857923497206,0.012568306010929025,0.0013114754098361152,9
15219,2023-09-28 10:00:00,92.615,93.7,92.4,93.63,456782.0,0.010959347837823253,0.011715164930087006,0.0023214382119525908,9
15220,2023-09-28 11:00:00,93.61,94.63,93.4001,94.5418,345515.0,0.009954064736673384,0.010896271765836942,0.0022422818074992485,9
15221,2023-09-28 12:00:00,94.55,94.7689,94.1301,94.47,206902.0,-0.0008461131676361533,0.0023151771549445267,0.004441036488630337,9
15222,2023-09-28 13:00:00,94.49,94.62,94.14,94.21,300447.0,-0.002963276537199716,0.0013758069636999647,0.0037040956714995696,9
15223,2023-09-28 14:00:00,94.19,94.45,93.835,94.2,205074.0,0.00010616838305558038,0.002760377959443732,0.0037689775984712176,9
15224,2023-09-28 15:00:00,94.24,94.65,94.0,94.13,882068.0,-0.001167232597623084,0.004350594227504359,0.0025466893039048696,9
15225,2023-09-28 16:00:00,94.13,94.13,94.13,94.13,30988.0,0.0,0.0,0.0,9
15226,2023-09-28 17:00:00,94.13,94.13,94.13,94.13,347.0,0.0,0.0,0.0,9
15227,2023-09-29 05:00:00,94.37,94.37,94.37,94.37,174.0,0.0,0.0,0.0,9
15228,2023-09-29 08:00:00,95.08,96.0,95.08,95.9999,504.0,0.009675010517458966,0.009676062263357191,0.0,9
15229,2023-09-29 09:00:00,96.0,97.64,91.73,95.35,522766.0,-0.0067708333333333925,0.01708333333333334,0.044479166666666625,9
15230,2023-09-29 10:00:00,95.305,95.37,92.92,93.27,541918.0,-0.02135249986884225,0.0006820208803315432,0.025024919993704476,9
15231,2023-09-29 11:00:00,93.23,93.34,92.37,93.03,382224.0,-0.0021452322213879956,0.0011798777217633747,0.009224498551968245,9
15232,2023-09-29 12:00:00,93.08,93.08,92.19,92.37,240509.0,-0.007627847013321806,0.0,0.00956166738289644,9
15233,2023-09-29 13:00:00,92.36,92.37,91.18,91.42,277381.0,-0.010177566045907294,0.00010827197921183538,0.012776093546989959,9
15234,2023-09-29 14:00:00,91.39,91.9175,91.15,91.91,214744.0,0.005689900426742488,0.0057719662982821255,0.002626107889265728,9
15235,2023-09-29 15:00:00,91.94,92.41,91.68,92.18,860250.0,0.0026103980857081696,0.0051120295845116254,0.0028279312595169775,9
15236,2023-09-29 16:00:00,92.36,92.36,92.14,92.35,407363.0,-0.00010827197921183538,0.0,0.0023819835426591475,9
15237,2023-09-29 17:00:00,92.14,92.2,92.14,92.17,1611.0,0.00032559149120904205,0.0006511829824180841,0.0,9
15238,2023-09-29 18:00:00,92.36,92.36,92.36,92.36,100.0,0.0,0.0,0.0,9
15239,2023-09-29 19:00:00,92.21,92.21,92.21,92.21,100.0,0.0,0.0,0.0,9
15240,2023-10-02 04:00:00,92.14,92.63,92.14,92.63,205.0,0.0053179943564140965,0.0053179943564140965,0.0,10
15241,2023-10-02 05:00:00,92.26,92.26,92.26,92.26,100.0,0.0,0.0,0.0,10
15242,2023-10-02 07:00:00,92.0,92.0,91.97,91.97,309.0,-0.00032608695652175146,0.0,0.00032608695652175146,10
15243,2023-10-02 08:00:00,92.25,92.25,91.75,91.75,1136.0,-0.005420054200542005,0.0,0.005420054200542005,10
15244,2023-10-02 09:00:00,91.74,93.22,91.3,91.95,276848.0,0.002289077828646261,0.01613254850664927,0.00479616306954434,10
15245,2023-10-02 10:00:00,91.89,92.96,91.5201,92.71,720396.0,0.008923713135270357,0.011644357383828416,0.004025465230166517,10
15246,2023-10-02 11:00:00,92.68,92.73,91.72,91.79,214094.0,-0.009602934829520939,0.0005394907207595723,0.010358221838584461,10
15247,2023-10-02 12:00:00,91.77,92.0,91.59,91.89,157849.0,0.0013076168682576502,0.0025062656641604447,0.0019614253023863206,10
15248,2023-10-02 13:00:00,91.87,92.21,91.505,91.72,213983.0,-0.001632741917927568,0.003700881680635563,0.003973005333623697,10
15249,2023-10-02 14:00:00,91.7,91.72,91.14,91.35,260967.0,-0.0038167938931298637,0.00021810250817880066,0.006106870229007658,10
15250,2023-10-02 15:00:00,91.34,91.83,91.1238,91.7,514563.0,0.0039413181519597044,0.005364571929056217,0.0023669805123713666,10
15251,2023-10-02 16:00:00,91.7,92.14,91.7,92.14,24038.0,0.004798255179934544,0.004798255179934544,0.0,10
15252,2023-10-03 07:00:00,91.38,91.38,91.1,91.1,348.0,-0.0030641278179032736,0.0,0.0030641278179032736,10
15253,2023-10-03 08:00:00,91.0,91.0,91.0,91.0,532.0,0.0,0.0,0.0,10
15254,2023-10-03 09:00:00,90.63,90.945,88.931,89.41,356346.0,-0.013461326271653966,0.0034756703078450595,0.018746551914377116,10
15255,2023-10-03 10:00:00,89.32,89.32,87.11,87.11,798452.0,-0.024742498880429845,0.0,0.024742498880429845,10
15256,2023-10-03 11:00:00,87.09,87.62,86.76,86.995,667680.0,-0.0010908255827304955,0.006085658514180746,0.0037891836031691156,10
15257,2023-10-03 12:00:00,87.06,87.88,87.06,87.32,328239.0,0.002986446129106259,0.00941879163795076,0.0,10
15258,2023-10-03 13:00:00,87.3599,87.625,86.43,86.49,383743.0,-0.009957657918564481,0.003034573070710977,0.010644471891565688,10
15259,2023-10-03 14:00:00,86.4701,87.08,86.19,86.94,709014.0,0.005434248370245849,0.007053305130906476,0.0032392699904360517,10
15260,2023-10-03 15:00:00,86.9,87.2,86.27,86.79,1520145.0,-0.0012658227848101199,0.0034522439585730398,0.007249712313003563,10
15261,2023-10-03 16:00:00,86.78,87.02,86.78,86.82,134684.0,0.00046093569946983225,0.0027656141968194848,0.0,10
15262,2023-10-03 17:00:00,85.99,85.99,85.99,85.99,282.0,0.0,0.0,0.0,10
15263,2023-10-03 18:00:00,86.3,86.91,86.2924,86.91,2541.0,0.007068366164542288,0.007068366164542288,8.806488991884703e-05,10
15264,2023-10-03 19:00:00,86.82,86.82,86.82,86.82,100.0,0.0,0.0,0.0,10
15265,2023-10-04 08:00:00,87.0,87.39,87.0,87.39,712.0,0.004482758620689662,0.004482758620689662,0.0,10
15266,2023-10-04 09:00:00,87.05,88.935,87.0,88.45,419975.0,0.016082711085583064,0.021654221711660024,0.0005743825387707887,10
15267,2023-10-04 10:00:00,88.45,88.7,87.75,87.87,498070.0,-0.006557377049180309,0.002826455624646693,0.007914075749010773,10
15268,2023-10-04 11:00:00,87.85,88.76,87.78,88.62,330580.0,0.008764940239043941,0.010358565737051916,0.0007968127490039065,10
15269,2023-10-04 12:00:00,88.65,89.495,88.51,89.255,532844.0,0.006824591088550364,0.00953186689227297,0.0015792442188381339,10
15270,2023-10-04 13:00:00,89.24,89.31,88.27,88.33,311461.0,-0.010197220977140257,0.0007844016136262595,0.010869565217391292,10
15271,2023-10-04 14:00:00,88.31,88.91,88.2351,88.8624,205220.0,0.006255237232476407,0.006794247537085203,0.0008481485675461388,10
15272,2023-10-04 15:00:00,88.86,89.55,88.81,89.3,793761.0,0.004951609273013704,0.007765023632680596,0.0005626828719333464,10
15273,2023-10-04 16:00:00,89.36,89.36,89.36,89.36,15727.0,0.0,0.0,0.0,10
15274,2023-10-04 17:00:00,89.25,89.25,89.25,89.25,100.0,0.0,0.0,0.0,10
15275,2023-10-04 19:00:00,89.09,89.19,89.09,89.19,418.0,0.0011224604332696635,0.0011224604332696635,0.0,10
15276,2023-10-05 06:00:00,89.0,89.0,89.0,89.0,300.0,0.0,0.0,0.0,10
15277,2023-10-05 07:00:00,89.32,89.5,89.32,89.5,223.0,0.002015226153157264,0.002015226153157264,0.0,10
15278,2023-10-05 08:00:00,89.5,89.9799,89.04,89.1,2045.0,-0.004469273743016824,0.005362011173184365,0.005139664804469204,10
15279,2023-10-05 09:00:00,89.47,90.7201,89.09,89.63,595625.0,0.001788308930367683,0.013972281211579337,0.004247233709623287,10
15280,2023-10-05 10:00:00,89.56,90.595,89.15,89.65,332421.0,0.0010049129075480505,0.011556498436802105,0.004577936578829797,10
15281,2023-10-05 11:00:00,89.64,89.64,88.79,88.88,232433.0,-0.008478357875948294,0.0,0.009482373940205202,10
15282,2023-10-05 12:00:00,88.86,89.3,88.82,89.01,149857.0,0.001688048615800199,0.004951609273013704,0.00045014629754677304,10
15283,2023-10-05 13:00:00,89.015,89.685,88.78,89.685,151664.0,0.0075268213222490785,0.0075268213222490785,0.0026400044936246638,10
15284,2023-10-05 14:00:00,89.7,90.226,89.61,89.84,278646.0,0.0015607580824972193,0.005863991081382343,0.0010033444816053892,10
15285,2023-10-05 15:00:00,89.835,89.835,88.66,88.79,724283.0,-0.011632437246062086,0.0,0.013079534702510127,10
15286,2023-10-05 16:00:00,88.77,89.55,88.75,89.47,29044.0,0.007885546919004201,0.008786752281176086,0.0002253013405429314,10
15287,2023-10-05 17:00:00,88.85,88.95,88.8,88.8,1757.0,-0.0005627462014631082,0.0011254924029263764,0.0005627462014631082,10
15288,2023-10-05 18:00:00,88.95,88.95,88.95,88.95,850.0,0.0,0.0,0.0,10
15289,2023-10-05 19:00:00,88.87,88.87,88.87,88.87,100.0,0.0,0.0,0.0,10
15290,2023-10-06 04:00:00,90.07,90.09,90.07,90.09,2500.0,0.00022204951704241405,0.00022204951704241405,0.0,10
15291,2023-10-06 05:00:00,89.9,90.0,89.9,89.98,700.0,0.0008898776418242301,0.0011123470522802481,0.0,10
15292,2023-10-06 07:00:00,89.06,89.28,89.06,89.15,796.0,0.0010105546822367327,0.0024702447788007955,0.0,10
15293,2023-10-06 08:00:00,88.02,88.02,87.46,87.5,1954.0,-0.005907748239036538,0.0,0.006362190411270192,10
15294,2023-10-06 09:00:00,87.65,88.75,87.56,88.6005,180553.0,0.010844266970906914,0.012549914432401532,0.0010268111808328967,10
15295,2023-10-06 10:00:00,88.57,89.69,88.34,89.32,321177.0,0.008467878514169584,0.01264536524782663,0.002596816077678557,10
15296,2023-10-06 11:00:00,89.2975,91.07,89.11,91.015,208417.0,0.01923346118312384,0.019849379881855526,0.002099722836585571,10
15297,2023-10-06 12:00:00,91.0001,91.55,90.99,91.38,309306.0,0.004174720687120038,0.006042850502362017,0.00011098888902329156,10
15298,2023-10-06 13:00:00,91.34,91.66,91.3,91.38,160098.0,0.0004379242391065474,0.0035033939128530016,0.000437924239106703,10
15299,2023-10-06 14:00:00,91.39,91.52,91.07,91.4957,170452.0,0.0011565816828974591,0.0014224751066855832,0.0035014771856877926,10
15300,2023-10-06 15:00:00,91.49,91.49,90.76,90.89,576745.0,-0.006558093780741003,0.0,0.007979014099901517,10
15301,2023-10-06 16:00:00,90.88,90.88,90.88,90.88,10220.0,0.0,0.0,0.0,10
15302,2023-10-06 19:00:00,90.75,90.75,90.75,90.75,215.0,0.0,0.0,0.0,10
15303,2023-10-09 04:00:00,89.24,89.24,89.24,89.24,108.0,0.0,0.0,0.0,10
15304,2023-10-09 06:00:00,88.81,88.81,88.71,88.71,400.0,-0.0011259993244005014,0.0,0.0011259993244005014,10
15305,2023-10-09 07:00:00,88.75,88.98,88.7,88.81,3141.0,0.0006760563380281946,0.0025915492957746928,0.0005633802816901088,10
15306,2023-10-09 08:00:00,89.4,89.4,88.7,88.7,6342.0,-0.007829977628635378,0.0,0.007829977628635378,10
15307,2023-10-09 09:00:00,88.7,88.73,87.11,87.66,460745.0,-0.011724915445321378,0.0003382187147688967,0.017925591882750884,10
15308,2023-10-09 10:00:00,87.625,87.66,86.45,86.97,505316.0,-0.007475035663338101,0.00039942938659054595,0.013409415121255317,10
15309,2023-10-09 11:00:00,86.94,87.32,86.42,86.84,343457.0,-0.001150218541522824,0.004370830457786927,0.005981136415918979,10
15310,2023-10-09 12:00:00,86.82,87.275,86.56,86.985,243251.0,0.001900483759502491,0.005240727942870451,0.0029947016816400706,10
15311,2023-10-09 13:00:00,86.9911,88.28,86.94,88.28,287629.0,0.014816458235382678,0.014816458235382678,0.0005874164138630877,10
15312,2023-10-09 14:00:00,88.29,88.73,88.19,88.37,259758.0,0.0009061048816400304,0.004983576849020248,0.0011326311020501587,10
15313,2023-10-09 15:00:00,88.36,88.36,87.61,88.29,634413.0,-0.0007922136713444226,0.0,0.008488003621548211,10
15314,2023-10-09 16:00:00,88.23,88.23,87.6,88.2,70950.0,-0.0003400204012240863,0.0,0.007140428425705651,10
15315,2023-10-09 17:00:00,88.2,88.2,88.0,88.0,1200.0,-0.002267573696145157,0.0,0.002267573696145157,10
15316,2023-10-09 18:00:00,88.0,88.0,88.0,88.0,268.0,0.0,0.0,0.0,10
15317,2023-10-10 08:00:00,88.25,88.9997,88.25,88.304,6523.0,0.0006118980169971904,0.008495184135977385,0.0,10
15318,2023-10-10 09:00:00,88.75,90.1,88.75,89.79,191472.0,0.011718309859155,0.015211267605633738,0.0,10
15319,2023-10-10 10:00:00,89.79,91.04,89.76,90.17,314334.0,0.004232097115491652,0.013921372090433232,0.0003341129301704102,10
15320,2023-10-10 11:00:00,90.21,91.26,90.205,90.99,344953.0,0.008646491519787176,0.01163950781509823,5.542622769089295e-05,10
15321,2023-10-10 12:00:00,91.01,91.05,90.24,90.36,145582.0,-0.007142072299747343,0.0004395121415228221,0.00846060872431612,10
15322,2023-10-10 13:00:00,90.34,90.34,89.455,89.65,153242.0,-0.007637812707549233,0.0,0.00979632499446541,10
15323,2023-10-10 14:00:00,89.62,89.76,89.25,89.57,443776.0,-0.0005579111805401848,0.0015621513055121686,0.00412854273599648,10
15324,2023-10-10 15:00:00,89.56,89.77,89.21,89.33,424456.0,-0.002568110763733854,0.002344796784278626,0.003907994640464588,10
15325,2023-10-10 16:00:00,89.33,89.33,89.33,89.33,39717.0,0.0,0.0,0.0,10
15326,2023-10-10 17:00:00,89.33,89.33,89.33,89.33,100.0,0.0,0.0,0.0,10
15327,2023-10-10 19:00:00,89.25,89.25,89.25,89.25,505.0,0.0,0.0,0.0,10
15328,2023-10-11 07:00:00,90.0,90.0,90.0,90.0,200.0,0.0,0.0,0.0,10
15329,2023-10-11 08:00:00,89.5,89.5,89.5,89.5,100.0,0.0,0.0,0.0,10
15330,2023-10-11 09:00:00,90.9634,90.9634,89.33,90.07,125001.0,-0.009821532616414951,0.0,0.017956672683738677,10
15331,2023-10-11 10:00:00,90.06,90.25,89.19,89.79,182726.0,-0.0029980013324449922,0.0021097046413501856,0.009660226515656279,10
15332,2023-10-11 11:00:00,89.805,90.11,89.38,89.4,172026.0,-0.004509771170870231,0.003396247424976255,0.004732475920049121,10
15333,2023-10-11 12:00:00,89.37,89.37,88.6,88.82,199620.0,-0.006154190444220783,0.0,0.008615866621909033,10
15334,2023-10-11 13:00:00,88.83,88.885,87.855,88.17,219911.0,-0.007429922323539307,0.0006191601936283555,0.010976021614319422,10
15335,2023-10-11 14:00:00,88.21,88.675,87.985,88.48,164051.0,0.0030608774515362234,0.0052715111665344455,0.0025507312096133584,10
15336,2023-10-11 15:00:00,88.46,89.345,88.46,89.24,460179.0,0.0088175446529505,0.010004521817770803,0.0,10
15337,2023-10-11 16:00:00,89.2,89.4,88.03,89.4,45211.0,0.0022421524663677446,0.0022421524663677446,0.01311659192825114,10
15338,2023-10-11 17:00:00,88.71,88.71,88.71,88.71,100.0,0.0,0.0,0.0,10
15339,2023-10-12 06:00:00,89.7,89.7,89.7,89.7,223.0,0.0,0.0,0.0,10
15340,2023-10-12 07:00:00,89.36,90.24,89.29,90.1,3087.0,0.008281110116383113,0.009847806624888043,0.0007833482542523856,10
15341,2023-10-12 08:00:00,90.1,90.5,89.3,90.1858,5670.0,0.0009522752497225982,0.004439511653718154,0.008879023307436151,10
15342,2023-10-12 09:00:00,89.52,89.64,87.59,87.78,271543.0,-0.019436997319034796,0.0013404825737265923,0.02155942806076846,10
15343,2023-10-12 10:00:00,87.76,88.855,87.64,88.76,317166.0,0.011394712853236098,0.012477210574293515,0.0013673655423883835,10
15344,2023-10-12 11:00:00,88.75,89.265,88.6113,89.21,207558.0,0.005183098591549225,0.005802816901408457,0.0015628169014084512,10
15345,2023-10-12 12:00:00,89.21,90.27,89.175,89.75,248002.0,0.006053133056832264,0.011882076000448407,0.00039233269812797433,10
15346,2023-10-12 13:00:00,89.755,89.755,88.2325,88.2325,195361.0,-0.016962843295638057,0.0,0.016962843295638057,10
15347,2023-10-12 14:00:00,88.215,88.82,87.9501,88.47,220741.0,0.002890664852916119,0.006858244062800995,0.003002890664852885,10
15348,2023-10-12 15:00:00,88.47,89.06,88.455,88.89,618611.0,0.004747371990505275,0.006668927319995517,0.00016954899966090844,10
15349,2023-10-12 16:00:00,88.87,88.87,88.87,88.87,29558.0,0.0,0.0,0.0,10
15350,2023-10-12 18:00:00,88.9,88.9,88.9,88.9,100.0,0.0,0.0,0.0,10
15351,2023-10-12 19:00:00,89.18,89.21,89.18,89.21,600.0,0.00033639829558182243,0.00033639829558182243,0.0,10
15352,2023-10-13 05:00:00,88.86,88.86,88.71,88.71,517.0,-0.001688048615800199,0.0,0.001688048615800199,10
15353,2023-10-13 07:00:00,88.55,88.55,88.35,88.35,1250.0,-0.0022586109542631605,0.0,0.0022586109542631605,10
15354,2023-10-13 08:00:00,87.91,88.6,87.91,88.6,1177.0,0.007848936412239766,0.007848936412239766,0.0,10
15355,2023-10-13 09:00:00,89.3006,89.3006,87.16,87.62,272234.0,-0.018819582399222382,0.0,0.023970723600961318,10
15356,2023-10-13 10:00:00,87.56,87.64,86.15,86.5,611564.0,-0.012105984467793538,0.000913659205116472,0.016103243490178124,10
15357,2023-10-13 11:00:00,86.54,86.62,85.7,85.9,623884.0,-0.007395424081349671,0.0009244280101686883,0.009706494106771473,10
15358,2023-10-13 12:00:00,85.92,86.13,85.32,85.66,296613.0,-0.003026070763500991,0.0024441340782122177,0.0069832402234637865,10
15359,2023-10-13 13:00:00,85.63,86.46,85.5,86.315,291881.0,0.007999532873992786,0.009692864650239382,0.0015181595235314196,10
15360,2023-10-13 14:00:00,86.3,86.35,85.56,85.86,187098.0,-0.0050984936268829405,0.0005793742757821223,0.008574739281575839,10
15361,2023-10-13 15:00:00,85.84,86.17,85.66,86.14,595606.0,0.0034948741845293235,0.0038443616029822728,0.0020969245107176934,10
15362,2023-10-13 16:00:00,86.11,86.3,85.63,85.6301,29764.0,-0.00557310416908606,0.002206480083613956,0.005574265474393264,10
15363,2023-10-13 17:00:00,85.95,85.95,85.95,85.95,100.0,0.0,0.0,0.0,10
15364,2023-10-13 18:00:00,86.0,86.0,86.0,86.0,222.0,0.0,0.0,0.0,10
15365,2023-10-13 19:00:00,86.08,86.09,86.01,86.01,1325.0,-0.0008131970260222256,0.00011617100371753155,0.0008131970260222256,10
15366,2023-10-16 06:00:00,85.52,85.52,85.52,85.52,100.0,0.0,0.0,0.0,10
15367,2023-10-16 08:00:00,86.31,86.47,86.31,86.47,794.0,0.0018537828756806463,0.0018537828756806463,0.0,10
15368,2023-10-16 09:00:00,86.62,87.98,86.62,87.32,221247.0,0.008081274532440414,0.015700761948741624,0.0,10
15369,2023-10-16 10:00:00,87.33,87.95,87.07,87.6,275271.0,0.0030917210580556054,0.00709950761479451,0.002977212870720315,10
15370,2023-10-16 11:00:00,87.61,87.765,86.81,86.96,200767.0,-0.007419244378495671,0.0017692044287181958,0.009131377696609943,10
15371,2023-10-16 12:00:00,86.99,87.55,86.94,87.05,237023.0,0.0006897344522359154,0.006437521554201659,0.0005747787101965417,10
15372,2023-10-16 13:00:00,87.05,87.58,86.73,87.32,163697.0,0.00310166570936239,0.00608845491097072,0.0036760482481331784,10
15373,2023-10-16 14:00:00,87.2502,87.35,86.79,87.02,123507.0,-0.0026383893675889637,0.0011438369195713898,0.005274486476821834,10
15374,2023-10-16 15:00:00,87.025,87.158,86.57,86.7,515156.0,-0.003734559034760159,0.0015282964665325545,0.00522838264866432,10
15375,2023-10-16 16:00:00,86.7,86.7,86.55,86.7,16534.0,0.0,0.0,0.0017301038062284392,10
15376,2023-10-16 17:00:00,86.69,86.73,86.69,86.73,411.0,0.0004614142346292104,0.0004614142346292104,0.0,10
15377,2023-10-16 18:00:00,86.95,86.95,86.7,86.72,1594.0,-0.0026451983898792865,0.0,0.0028752156411730877,10
15378,2023-10-16 19:00:00,86.7,86.7,86.7,86.7,100.0,0.0,0.0,0.0,10
15379,2023-10-17 09:00:00,86.4,87.74,85.77,87.13,145265.0,0.008449074074073954,0.015509259259259132,0.007291666666666778,10
15380,2023-10-17 10:00:00,87.14,87.71,86.72,87.23,242068.0,0.0010328207482212923,0.006541198072067858,0.004819830158365868,10
15381,2023-10-17 11:00:00,87.215,87.9799,87.17,87.87,218336.0,0.00751017600183456,0.008770280341684311,0.000515966290202393,10
15382,2023-10-17 12:00:00,87.89,88.0799,87.3,87.47,146498.0,-0.004778700648537965,0.002160655364660307,0.006712936625327152,10
15383,2023-10-17 13:00:00,87.48,87.62,86.82,86.96,171239.0,-0.005944215820759147,0.0016003657978966685,0.007544581618655816,10
15384,2023-10-17 14:00:00,86.97,87.405,86.8,86.925,221218.0,-0.0005174197999310304,0.005001724732666463,0.0019546970219616157,10
15385,2023-10-17 15:00:00,86.91,87.05,86.38,86.5,703546.0,-0.004717523875273232,0.0016108618110689285,0.0060982625704752175,10
15386,2023-10-17 16:00:00,86.5,86.5,86.2,86.26,40349.0,-0.0027745664739883802,0.0,0.003468208092485516,10
15387,2023-10-17 17:00:00,86.43,86.43,86.43,86.43,351.0,0.0,0.0,0.0,10
15388,2023-10-17 18:00:00,86.01,86.01,86.01,86.01,163.0,0.0,0.0,0.0,10
15389,2023-10-18 05:00:00,86.0,86.0,85.77,85.77,396.0,-0.002674418604651209,0.0,0.002674418604651209,10
15390,2023-10-18 07:00:00,85.5,85.5,85.5,85.5,287.0,0.0,0.0,0.0,10
15391,2023-10-18 08:00:00,85.8,85.94,85.5,85.5,4382.0,-0.0034965034965034635,0.0016317016317016384,0.0034965034965034635,10
15392,2023-10-18 09:00:00,85.69,85.875,84.49,84.85,345928.0,-0.009802777453611897,0.0021589450344264476,0.014003967790874115,10
15393,2023-10-18 10:00:00,84.795,85.4999,83.97,84.23,571083.0,-0.006663128722212368,0.00831299015272121,0.00972934724924822,10
15394,2023-10-18 11:00:00,84.21,84.32,83.61,83.88,495688.0,-0.003918774492340557,0.001306258164113519,0.007125044531528255,10
15395,2023-10-18 12:00:00,83.91,84.385,83.76,83.77,218621.0,-0.0016684542962698196,0.005660827076629824,0.0017876296031461266,10
15396,2023-10-18 13:00:00,83.7927,84.625,83.3,83.73,319294.0,-0.0007482752077447371,0.009932846178724444,0.0058799871587859,10
15397,2023-10-18 14:00:00,83.7,84.07,83.16,83.25,250295.0,-0.005376344086021539,0.004420549581839789,0.006451612903225881,10
15398,2023-10-18 15:00:00,83.24,83.42,82.74,82.85,1813161.0,-0.004685247477174442,0.002162421912542129,0.00600672753483902,10
15399,2023-10-18 16:00:00,82.83,83.19,82.81,83.1,156226.0,0.003259688518652614,0.004346251358203543,0.00024145840878903805,10
15400,2023-10-18 17:00:00,82.82,83.09,82.82,83.09,92527.0,0.0032600821057716767,0.0032600821057716767,0.0,10
15401,2023-10-18 18:00:00,82.9,83.07,82.9,83.07,2100.0,0.002050663449939535,0.002050663449939535,0.0,10
15402,2023-10-18 19:00:00,82.86,82.86,82.86,82.86,100.0,0.0,0.0,0.0,10
15403,2023-10-19 06:00:00,82.87,82.87,82.87,82.87,116.0,0.0,0.0,0.0,10
15404,2023-10-19 07:00:00,82.88,82.95,82.75,82.75,2095.0,-0.0015685328185327638,0.0008445945945946838,0.0015685328185327638,10
15405,2023-10-19 08:00:00,82.88,82.88,82.86,82.88,465.0,0.0,0.0,0.00024131274131269332,10
15406,2023-10-19 09:00:00,82.88,83.27,82.23,82.27,247824.0,-0.007360038610038604,0.004705598455598463,0.00784266409266399,10
15407,2023-10-19 10:00:00,82.445,83.125,81.9664,82.66,1104974.0,0.002607799138819861,0.008247922857662768,0.005805082175996121,10
15408,2023-10-19 11:00:00,82.69,83.43,82.4,82.86,374371.0,0.0020558713266416945,0.008949086951263866,0.0035070746160357,10
15409,2023-10-19 12:00:00,82.86,83.7799,82.62,83.41,264125.0,0.006637702148201752,0.011101858556601478,0.0028964518464879904,10
15410,2023-10-19 13:00:00,83.44,83.84,82.76,82.98,246578.0,-0.005512943432406445,0.004793863854266607,0.008149568552253027,10
15411,2023-10-19 14:00:00,82.955,83.3,82.425,82.62,332532.0,-0.004038334036525752,0.0041588813211982266,0.00638900608763789,10
15412,2023-10-19 15:00:00,82.63,82.84,82.02,82.07,973471.0,-0.006777199564322913,0.0025414498366211785,0.007382306668280279,10
15413,2023-10-19 16:00:00,82.25,82.25,82.08,82.08,42553.0,-0.0020668693009118747,0.0,0.0020668693009118747,10
15414,2023-10-19 17:00:00,82.08,82.08,81.97,81.9801,101054.0,-0.001217105263157958,0.0,0.0013401559454190965,10
15415,2023-10-19 18:00:00,82.0,82.0,81.79,81.79,200.0,-0.0025609756097560213,0.0,0.0025609756097560213,10
15416,2023-10-20 06:00:00,81.84,81.84,81.84,81.84,403.0,0.0,0.0,0.0,10
15417,2023-10-20 07:00:00,81.9,81.9,81.75,81.89,1341.0,-0.00012210012210018455,0.0,0.0018315018315019007,10
15418,2023-10-20 08:00:00,82.0,82.0,81.36,81.9,8620.0,-0.0012195121951218818,0.0,0.007804878048780495,10
15419,2023-10-20 09:00:00,81.34,82.0,81.1,81.365,261974.0,0.00030735185640510783,0.008114089009097573,0.0029505778214901535,10
15420,2023-10-20 10:00:00,81.365,81.55,80.155,80.235,594170.0,-0.01388803539605476,0.002273704909973604,0.014871259140908177,10
15421,2023-10-20 11:00:00,80.23,80.78,79.9,80.65,490720.0,0.005234949520129649,0.006855291038264952,0.0041131746229589716,10
15422,2023-10-20 12:00:00,80.625,81.255,80.24,81.195,300280.0,0.00706976744186038,0.007813953488372037,0.004775193798449676,10
15423,2023-10-20 13:00:00,81.17,82.31,80.97,81.335,620096.0,0.0020327707281014174,0.014044597757792295,0.0024639645189109627,10
15424,2023-10-20 14:00:00,81.31,81.34,80.47,80.55,369111.0,-0.009346943795351188,0.0003689583077112426,0.010330832615914443,10
15425,2023-10-20 15:00:00,80.56,80.64,80.0,80.03,914980.0,-0.006578947368421066,0.0009930486593842886,0.006951340615690197,10
15426,2023-10-20 16:00:00,80.04,80.2,80.01,80.04,46533.0,0.0,0.0019990004997500824,0.0003748125937031626,10
15427,2023-10-20 17:00:00,80.2,80.2,80.2,80.2,100.0,0.0,0.0,0.0,10
15428,2023-10-20 18:00:00,80.01,80.01,80.01,80.01,100.0,0.0,0.0,0.0,10
15429,2023-10-23 04:00:00,80.6,80.6,80.6,80.6,261.0,0.0,0.0,0.0,10
15430,2023-10-23 05:00:00,80.6,80.6,80.25,80.25,3778.0,-0.0043424317617865305,0.0,0.0043424317617865305,10
15431,2023-10-23 07:00:00,80.15,80.24,80.15,80.24,999.0,0.0011228945726760972,0.0011228945726760972,0.0,10
15432,2023-10-23 08:00:00,80.15,80.29,80.1,80.29,1944.0,0.0017467248908297013,0.0017467248908297013,0.0006238303181536041,10
15433,2023-10-23 09:00:00,80.25,80.58,79.385,80.39,348121.0,0.0017445482866043686,0.004112149532710259,0.010778816199376883,10
15434,2023-10-23 10:00:00,80.39,81.19,80.05,80.955,634020.0,0.007028237342953075,0.009951486503296395,0.004229381763901025,10
15435,2023-10-23 11:00:00,80.96,82.121,80.72,81.74,509163.0,0.009634387351778672,0.014340415019762864,0.0029644268774702926,10
15436,2023-10-23 12:00:00,81.72,82.305,81.33,82.305,260246.0,0.007158590308370141,0.007158590308370141,0.004772393538913369,10
15437,2023-10-23 13:00:00,82.36,82.43,81.65,81.83,427043.0,-0.006435162700339985,0.0008499271491015953,0.008620689655172337,10
15438,2023-10-23 14:00:00,81.81,82.02,81.245,81.93,418332.0,0.0014668133480015223,0.0025669233590024905,0.006906246180173545,10
15439,2023-10-23 15:00:00,81.94,82.21,81.28,81.28,818005.0,-0.008054674151818363,0.0032950939711983893,0.008054674151818363,10
15440,2023-10-23 16:00:00,81.28,83.1,80.54,80.54,45919.0,-0.009104330708661354,0.022391732283464482,0.009104330708661354,10
15441,2023-10-23 17:00:00,80.53,82.1296,80.53,82.1296,1300.0,0.019863404942257485,0.019863404942257485,0.0,10
15442,2023-10-23 18:00:00,81.75,81.75,81.51,81.51,4028.0,-0.002935779816513699,0.0,0.002935779816513699,10
15443,2023-10-23 19:00:00,81.8,81.8,81.8,81.8,1700.0,0.0,0.0,0.0,10
15444,2023-10-24 08:00:00,83.0,83.0,82.02,82.02,1732.0,-0.011807228915662698,0.0,0.011807228915662698,10
15445,2023-10-24 09:00:00,82.29,82.93,81.92,82.88,203509.0,0.007169765463604195,0.0077773727062826654,0.0044962935958197175,10
15446,2023-10-24 10:00:00,82.85,83.3,82.31,83.125,491233.0,0.0033192516596258987,0.0054315027157513926,0.006517803258901534,10
15447,2023-10-24 11:00:00,83.125,83.14,82.44,82.55,451029.0,-0.006917293233082741,0.0001804511278195557,0.008240601503759427,10
15448,2023-10-24 12:00:00,82.55,82.71,82.14,82.48,353771.0,-0.0008479709267110016,0.0019382192610538655,0.004966686856450595,10
15449,2023-10-24 13:00:00,82.495,82.76,82.39,82.44,212200.0,-0.0006667070731560315,0.0032123158979332146,0.0012728044123886777,10
15450,2023-10-24 14:00:00,82.425,82.58,82.201,82.37,246874.0,-0.0006672732787381572,0.0018804974218987096,0.0027176220806794512,10
15451,2023-10-24 15:00:00,82.36,82.87,82.335,82.49,834376.0,0.001578436134045598,0.006192326372025317,0.00030354541039346385,10
15452,2023-10-24 16:00:00,82.48,82.7,82.48,82.7,35011.0,0.002667313288069821,0.002667313288069821,0.0,10
15453,2023-10-24 17:00:00,82.75,83.36,82.48,82.76,3429.0,0.00012084592145021288,0.0073716012084592076,0.0032628398791540304,10
15454,2023-10-24 18:00:00,82.0,82.1,81.97,82.01,9773.0,0.00012195121951225752,0.0012195121951218818,0.00036585365853659924,10
15455,2023-10-24 19:00:00,82.48,82.54,82.48,82.54,1088.0,0.0007274490785645281,0.0007274490785645281,0.0,10
15456,2023-10-25 07:00:00,82.0,82.0,82.0,82.0,202.0,0.0,0.0,0.0,10
15457,2023-10-25 08:00:00,82.28,82.28,82.28,82.28,103.0,0.0,0.0,0.0,10
15458,2023-10-25 09:00:00,82.5,82.5,81.5,82.21,258145.0,-0.003515151515151591,0.0,0.012121212121212121,10
15459,2023-10-25 10:00:00,82.185,82.5,81.48,81.59,588876.0,-0.007239763947192296,0.0038328162073370774,0.008578207702135405,10
15460,2023-10-25 11:00:00,81.58,82.25,81.51,81.57,355948.0,-0.0001225790634960176,0.008212797254228998,0.0008580534444716006,10
15461,2023-10-25 12:00:00,81.57,81.905,81.39,81.53,322135.0,-0.0004903763638591644,0.004106902047321417,0.0022066936373665883,10
15462,2023-10-25 13:00:00,81.52,81.78,81.28,81.38,406245.0,-0.001717369970559379,0.0031894013738960393,0.0029440628066731466,10
15463,2023-10-25 14:00:00,81.39,82.03,81.17,81.8,965806.0,0.005037473891141376,0.007863373878854904,0.0027030347708563566,10
15464,2023-10-25 15:00:00,81.8,82.308,81.675,82.26,1934164.0,0.005623471882640684,0.006210268948655376,0.001528117359413203,10
15465,2023-10-25 16:00:00,82.22,82.4,82.0,82.2399,62157.0,0.00024203356847490772,0.0021892483580638143,0.002675747993188991,10
15466,2023-10-25 17:00:00,82.39,82.4,82.39,82.39,1153.0,0.0,0.00012137395314971618,0.0,10
15467,2023-10-25 18:00:00,82.26,82.5,82.0,82.5,2459.0,0.002917578409919704,0.002917578409919704,0.003160709944079809,10
15468,2023-10-25 19:00:00,82.49,82.5,82.05,82.5,1107.0,0.00012122681537162221,0.00012122681537162221,0.005333979876348621,10
15469,2023-10-26 04:00:00,83.54,83.54,83.54,83.54,150.0,0.0,0.0,0.0,10
15470,2023-10-26 06:00:00,82.29,86.35,82.29,84.48,26405.0,0.026613197229310943,0.049337708105480466,0.0,10
15471,2023-10-26 07:00:00,84.3,85.5,81.0,82.0,45850.0,-0.02728351126927636,0.014234875444839892,0.03914590747330957,10
15472,2023-10-26 08:00:00,84.8,85.5,80.6,84.2,62038.0,-0.007075471698113141,0.00825471698113211,0.04952830188679249,10
15473,2023-10-26 09:00:00,84.2,84.58,78.35,80.56,1671966.0,-0.04323040380047506,0.004513064133016573,0.06947743467933501,10
15474,2023-10-26 10:00:00,80.49,85.2,79.6201,83.34,2827699.0,0.0354081252329483,0.05851658591129343,0.010807553733383045,10
15475,2023-10-26 11:00:00,83.34,85.5,83.34,84.265,1093193.0,0.011099112071034282,0.025917926565874688,0.0,10
15476,2023-10-26 12:00:00,84.23,84.295,82.94,83.605,776870.0,-0.007420159088210851,0.0007716965451739015,0.01531520835806727,10
15477,2023-10-26 13:00:00,83.61,83.97,82.96,83.845,631715.0,0.002810668580313353,0.004305705059203438,0.00777418969022851,10
15478,2023-10-26 14:00:00,83.87,85.09,83.86,84.735,814935.0,0.010313580541313877,0.014546321688327158,0.0001192321449863493,10
15479,2023-10-26 15:00:00,84.71,85.07,82.77,82.88,1623725.0,-0.02160311651516938,0.004249793412820203,0.022901664502419997,10
15480,2023-10-26 16:00:00,82.88,83.45,82.26,82.89,24628.0,0.00012065637065643239,0.006877413127413217,0.007480694980694864,10
15481,2023-10-26 18:00:00,82.75,82.75,82.75,82.75,100.0,0.0,0.0,0.0,10
15482,2023-10-27 08:00:00,83.52,83.9,83.44,83.44,1485.0,-0.0009578544061302479,0.0045498084291188895,0.0009578544061302479,10
15483,2023-10-27 09:00:00,83.7,84.96,83.635,84.12,422048.0,0.005017921146953425,0.015053763440860107,0.0007765830346475236,10
15484,2023-10-27 10:00:00,84.07,85.13,83.6,85.1,603289.0,0.012251695016058061,0.012608540501962678,0.005590579279172106,10
15485,2023-10-27 11:00:00,85.12,85.29,84.04,84.275,555466.0,-0.009927161654135324,0.0019971804511278394,0.012687969924812009,10
15486,2023-10-27 12:00:00,84.24,84.45,83.71,83.88,425693.0,-0.004273504273504267,0.0024928774928775874,0.0062915479582146385,10
15487,2023-10-27 13:00:00,83.88,84.06,82.78,82.94,608968.0,-0.011206485455412467,0.0021459227467811974,0.013113972341440086,10
15488,2023-10-27 14:00:00,82.97,83.25,82.46,83.0,602436.0,0.0003615764734241429,0.003374713751958553,0.006146800048210258,10
15489,2023-10-27 15:00:00,83.025,83.17,82.29,82.73,1474380.0,-0.0035531466425775572,0.001746461909063487,0.008852755194218602,10
15490,2023-10-27 16:00:00,82.81,82.81,82.81,82.81,89343.0,0.0,0.0,0.0,10
15491,2023-10-27 18:00:00,83.31,83.31,83.31,83.31,900.0,0.0,0.0,0.0,10
15492,2023-10-27 19:00:00,82.68,82.68,82.68,82.68,175.0,0.0,0.0,0.0,10
15493,2023-10-30 04:00:00,83.1,83.1,83.1,83.1,500.0,0.0,0.0,0.0,10
15494,2023-10-30 08:00:00,83.66,84.4099,83.66,83.74,3839.0,0.0009562514941429392,0.008963662443222529,0.0,10
15495,2023-10-30 09:00:00,84.3736,86.15,83.56,85.44,531575.0,0.012639024528999612,0.021053978969725242,0.009642826666160908,10
15496,2023-10-30 10:00:00,85.44,85.64,84.425,84.53,639617.0,-0.010650749063670372,0.0023408239700374867,0.011879681647940081,10
15497,2023-10-30 11:00:00,84.55,84.88,84.3,84.62,442181.0,0.0008279124778238603,0.003903015966883481,0.0029568302779420462,10
15498,2023-10-30 12:00:00,84.62,85.28,84.62,84.78,425807.0,0.001890805956038721,0.00779957456865985,0.0,10
15499,2023-10-30 13:00:00,84.775,85.915,84.65,85.85,487272.0,0.012680625184311277,0.013447360660572108,0.001474491300501327,10
15500,2023-10-30 14:00:00,85.88,85.96,85.42,85.51,453109.0,-0.004308337214718099,0.0009315323707498638,0.005356311131811758,10
15501,2023-10-30 15:00:00,85.55,86.06,85.5,85.87,1034443.0,0.0037405026300409983,0.005961426066627763,0.0005844535359438592,10
15502,2023-10-30 16:00:00,85.86,86.5,85.86,86.0,73233.0,0.0016305613789890587,0.0074539948753785295,0.0,10
15503,2023-10-30 17:00:00,85.6,85.6,85.6,85.6,250.0,0.0,0.0,0.0,10
15504,2023-10-30 19:00:00,85.85,85.85,85.85,85.85,1395.0,0.0,0.0,0.0,10
15505,2023-10-31 08:00:00,86.55,86.55,86.55,86.55,135.0,0.0,0.0,0.0,10
15506,2023-10-31 09:00:00,86.06,86.24,83.82,84.0,308459.0,-0.023936788287241485,0.0020915640250986824,0.026028352312340332,10
15507,2023-10-31 10:00:00,84.03,85.25,83.25,85.19,671184.0,0.013804593597524653,0.014518624300844923,0.009282399143163169,10
15508,2023-10-31 11:00:00,85.24,85.34,84.22,84.6,295356.0,-0.00750821210699203,0.0011731581417176037,0.01196621304551849,10
15509,2023-10-31 12:00:00,84.61,84.83,84.0,84.7,284227.0,0.0010637040538943791,0.002600165465075037,0.007209549698617178,10
15510,2023-10-31 13:00:00,84.69,84.835,84.21,84.33,220983.0,-0.004250797024442077,0.0017121265792891254,0.005667729365922824,10
15511,2023-10-31 14:00:00,84.35,84.6,83.97,84.59,351148.0,0.002845287492590505,0.0029638411381149973,0.004505038529934742,10
15512,2023-10-31 15:00:00,84.59,84.87,84.57,84.7,815561.0,0.0013003901170351038,0.003310083934271204,0.0002364345667337774,10
15513,2023-10-31 16:00:00,84.73,84.78,84.73,84.73,53158.0,0.0,0.0005901097604154037,0.0,10
15514,2023-10-31 17:00:00,84.25,85.4,84.25,84.7,6312.0,0.005341246290801221,0.013649851632047546,0.0,10
15515,2023-10-31 18:00:00,84.73,84.73,84.73,84.73,202.0,0.0,0.0,0.0,10
15516,2023-10-31 19:00:00,84.82,84.82,84.82,84.82,600.0,0.0,0.0,0.0,10
15517,2023-11-01 07:00:00,84.05,84.2,83.5,84.2,2778.0,0.0017846519928614597,0.0017846519928614597,0.0065437239738250705,11
15518,2023-11-01 08:00:00,84.0,84.41,83.05,84.4,4528.0,0.00476190476190483,0.00488095238095234,0.011309523809523844,11
15519,2023-11-01 09:00:00,84.5,85.785,84.01,85.24,234980.0,0.008757396449704082,0.015207100591715936,0.005798816568047277,11
15520,2023-11-01 10:00:00,85.3,85.61,84.05,85.1446,453412.0,-0.0018218053927315382,0.003634232121922653,0.014654161781946073,11
15521,2023-11-01 11:00:00,85.12,85.75,84.95,85.51,611793.0,0.00458176691729324,0.00740131578947363,0.0019971804511278394,11
15522,2023-11-01 12:00:00,85.48,85.48,84.39,84.4,299539.0,-0.012634534394010273,0.0,0.012751520823584503,11
15523,2023-11-01 13:00:00,84.45,84.825,84.43,84.755,265854.0,0.0036116044997038794,0.004440497335701598,0.0002368265245707048,11
15524,2023-11-01 14:00:00,84.78,84.98,84.23,84.65,431765.0,-0.0015333805142721804,0.0023590469450342397,0.006487379098844033,11
15525,2023-11-01 15:00:00,84.69,85.31,84.6775,85.22,833953.0,0.006258117841539746,0.007320817097650307,0.00014759711890427254,11
15526,2023-11-01 16:00:00,85.27,85.27,85.25,85.27,104898.0,0.0,0.0,0.00023454907939481672,11
15527,2023-11-01 18:00:00,85.5,85.5,85.5,85.5,446.0,0.0,0.0,0.0,11
15528,2023-11-02 05:00:00,86.0,86.0,86.0,86.0,498.0,0.0,0.0,0.0,11
15529,2023-11-02 06:00:00,86.5,86.5,86.5,86.5,500.0,0.0,0.0,0.0,11
15530,2023-11-02 07:00:00,86.5,86.75,86.5,86.75,5534.0,0.002890173410404624,0.002890173410404624,0.0,11
15531,2023-11-02 08:00:00,86.2528,86.75,86.2528,86.75,3171.0,0.005764450545373676,0.005764450545373676,0.0,11
15532,2023-11-02 09:00:00,86.68,88.63,86.38,88.2999,356731.0,0.018688278726349643,0.02249653899400079,0.003461005999077196,11
15533,2023-11-02 10:00:00,88.255,88.425,86.75,87.66,478430.0,-0.0067418276584895916,0.001926236473854192,0.017052858195003066,11
15534,2023-11-02 11:00:00,87.65,88.38,87.65,88.21,323760.0,0.006389047347404313,0.008328579577866398,0.0,11
15535,2023-11-02 12:00:00,88.23,88.93,88.16,88.67,314671.0,0.004986965884619718,0.007933809361895078,0.0007933809361895884,11
15536,2023-11-02 13:00:00,88.67,89.15,88.59,89.02,283489.0,0.0039472200293221415,0.005413330325927642,0.0009022217209879135,11
15537,2023-11-02 14:00:00,89.0,89.03,88.4,88.72,216698.0,-0.0031460674157303497,0.00033707865168540604,0.006741573033707801,11
15538,2023-11-02 15:00:00,88.71,88.82,88.19,88.28,799324.0,-0.004847255100890459,0.0012399954909254813,0.005861796866193169,11
15539,2023-11-02 16:00:00,88.32,88.56,88.32,88.32,22532.0,0.0,0.0027173913043479292,0.0,11
15540,2023-11-02 17:00:00,88.3,88.3,88.3,88.3,199.0,0.0,0.0,0.0,11
15541,2023-11-02 18:00:00,88.2,88.32,88.2,88.32,275.0,0.0013605442176869652,0.0013605442176869652,0.0,11
15542,2023-11-02 19:00:00,88.25,88.32,88.25,88.25,493.0,0.0,0.0007932011331443986,0.0,11
15543,2023-11-03 06:00:00,88.32,88.32,88.32,88.32,175.0,0.0,0.0,0.0,11
15544,2023-11-03 07:00:00,88.5,89.11,88.5,89.11,1001.0,0.006892655367231632,0.006892655367231632,0.0,11
15545,2023-11-03 08:00:00,89.13,89.976,89.13,89.976,1227.0,0.009491753618310374,0.009491753618310374,0.0,11
15546,2023-11-03 09:00:00,89.93,92.76,89.93,92.0016,534721.0,0.023035694429000216,0.031468920271322115,0.0,11
15547,2023-11-03 10:00:00,92.04,92.6999,90.57,91.075,637946.0,-0.010484571925249927,0.007169708822251122,0.015971316818774586,11
15548,2023-11-03 11:00:00,91.12,92.35,91.05,92.28,372161.0,0.012730465320456503,0.013498683055311564,0.0007682177348552171,11
15549,2023-11-03 12:00:00,92.305,92.41,91.54,91.77,197457.0,-0.005796002383402966,0.0011375331780509156,0.008287741725800341,11
15550,2023-11-03 13:00:00,91.76,92.43,91.675,92.37,216707.0,0.006647776809067125,0.007301656495204901,0.0009263295553619001,11
15551,2023-11-03 14:00:00,92.37,92.61,91.86,92.61,344368.0,0.002598246183825862,0.002598246183825862,0.00552127314063013,11
15552,2023-11-03 15:00:00,92.62,92.77,92.12,92.31,1145453.0,-0.00334700928525159,0.0016195206218958267,0.005398402072986396,11
15553,2023-11-03 16:00:00,92.36,92.5,92.3,92.4,44123.0,0.00043308791684718766,0.0015158077089649261,0.0006496318752707046,11
15554,2023-11-03 17:00:00,92.45,92.45,92.41,92.41,500.0,-0.0004326663061114792,0.0,0.0004326663061114792,11
15555,2023-11-03 18:00:00,92.33,92.34,92.33,92.34,395.0,0.00010830715910327213,0.00010830715910327213,0.0,11
15556,2023-11-03 19:00:00,92.45,92.45,92.45,92.45,300.0,0.0,0.0,0.0,11
15557,2023-11-06 04:00:00,92.2,92.2,92.2,92.2,113.0,0.0,0.0,0.0,11
15558,2023-11-06 05:00:00,92.99,92.99,92.99,92.99,429.0,0.0,0.0,0.0,11
15559,2023-11-06 07:00:00,92.9,92.9,92.9,92.9,940.0,0.0,0.0,0.0,11
15560,2023-11-06 08:00:00,92.59,92.6,92.59,92.6,384.0,0.00010800302408457613,0.00010800302408457613,0.0,11
15561,2023-11-06 09:00:00,92.61,93.0,91.45,91.5,193945.0,-0.011985746679624225,0.004211208292840952,0.012525645178706366,11
15562,2023-11-06 10:00:00,91.48,92.12,91.05,91.505,301939.0,0.00027328377787485213,0.006996064713598607,0.004700480979449135,11
15563,2023-11-06 11:00:00,91.49,91.49,90.9227,91.38,216860.0,-0.0012023171931358557,0.0,0.006200677669690555,11
15564,2023-11-06 12:00:00,91.39,91.49,90.55,90.67,177920.0,-0.00787832366779734,0.0010942116205273477,0.00919137761243028,11
15565,2023-11-06 13:00:00,90.64,90.65,89.91,90.125,252791.0,-0.005681818181818188,0.00011032656663730269,0.00805383936451902,11
15566,2023-11-06 14:00:00,90.13,90.14,89.745,90.0614,263066.0,-0.0007611228225894745,0.00011095084877404989,0.004271607677798634,11
15567,2023-11-06 15:00:00,90.085,90.49,89.855,90.49,495879.0,0.004495754010101584,0.004495754010101584,0.0025531442526501615,11
15568,2023-11-06 16:00:00,90.44,90.44,90.44,90.44,13061.0,0.0,0.0,0.0,11
15569,2023-11-06 17:00:00,89.6856,89.6856,89.6856,89.6856,205.0,0.0,0.0,0.0,11
15570,2023-11-06 18:00:00,90.5,90.5,90.5,90.5,101.0,0.0,0.0,0.0,11
15571,2023-11-06 19:00:00,90.0,90.0,90.0,90.0,118.0,0.0,0.0,0.0,11
15572,2023-11-07 07:00:00,90.45,90.45,90.45,90.45,300.0,0.0,0.0,0.0,11
15573,2023-11-07 09:00:00,90.45,91.49,90.0,91.09,111493.0,0.0070757324488667835,0.011498065229408425,0.004975124378109484,11
15574,2023-11-07 10:00:00,91.09,92.29,91.0,92.0,420586.0,0.009990119661872835,0.01317378416950272,0.000988033812712739,11
15575,2023-11-07 11:00:00,92.02,92.32,91.78,92.295,181309.0,0.002988480765051138,0.0032601608346011428,0.0026081286676808836,11
15576,2023-11-07 12:00:00,92.27,92.39,91.99,92.39,137221.0,0.0013005310501788723,0.0013005310501788723,0.003034572450417266,11
15577,2023-11-07 13:00:00,92.41,92.6,92.088,92.17,190960.0,-0.002597121523644572,0.002056054539551972,0.0034844713775565713,11
15578,2023-11-07 14:00:00,92.19,92.73,92.08,92.64,171934.0,0.004881223560039081,0.005857468272046928,0.0011931879813428727,11
15579,2023-11-07 15:00:00,92.64,93.06,92.54,92.96,690938.0,0.0034542314335059715,0.004533678756476703,0.0010794473229705777,11
15580,2023-11-07 16:00:00,92.96,93.02,92.7,92.7,18789.0,-0.002796901893287338,0.0006454388984509712,0.002796901893287338,11
15581,2023-11-07 17:00:00,92.7,92.9,92.7,92.9,400.0,0.0021574973031284017,0.0021574973031284017,0.0,11
15582,2023-11-07 18:00:00,92.72,92.72,92.72,92.72,100.0,0.0,0.0,0.0,11
15583,2023-11-08 07:00:00,92.95,92.95,92.8,92.8,5321.0,-0.0016137708445401364,0.0,0.0016137708445401364,11
15584,2023-11-08 08:00:00,93.28,93.2876,93.01,93.01,389.0,-0.0028945111492280876,8.147512864490243e-05,0.0028945111492280876,11
15585,2023-11-08 09:00:00,93.24,95.11,93.14,94.63,332601.0,0.014907764907764914,0.020055770055770104,0.0010725010725010115,11
15586,2023-11-08 10:00:00,94.59,95.47,94.28,95.16,460111.0,0.0060260069774816915,0.009303309017866534,0.0032773020403848428,11
15587,2023-11-08 11:00:00,95.19,95.99,95.19,95.61,518795.0,0.004412228175228509,0.008404244143292333,0.0,11
15588,2023-11-08 12:00:00,95.63,95.88,95.2525,95.855,389009.0,0.002352818153299263,0.002614242392554638,0.003947506012757479,11
15589,2023-11-08 13:00:00,95.86,96.67,95.84,96.36,523179.0,0.005215939912372209,0.008449822658043003,0.00020863759649484686,11
15590,2023-11-08 14:00:00,96.35,96.61,95.975,96.125,436215.0,-0.002335236118318571,0.0026984950700571367,0.003892060197197717,11
15591,2023-11-08 15:00:00,96.16,96.2,95.38,95.38,796504.0,-0.008111480865224638,0.000415973377703892,0.008111480865224638,11
15592,2023-11-08 16:00:00,95.42,95.42,95.25,95.42,32529.0,0.0,0.0,0.0017815971494445787,11
15593,2023-11-08 17:00:00,95.22,95.22,95.22,95.22,200.0,0.0,0.0,0.0,11
15594,2023-11-08 19:00:00,95.4099,95.4099,95.4099,95.4099,734.0,0.0,0.0,0.0,11
15595,2023-11-09 04:00:00,95.31,95.31,95.31,95.31,100.0,0.0,0.0,0.0,11
15596,2023-11-09 07:00:00,95.35,95.5,95.32,95.5,434.0,0.0015731515469324141,0.0015731515469324141,0.00031463030938648284,11
15597,2023-11-09 08:00:00,96.5,96.5,96.01,96.4669,1955.0,-0.00034300518134719763,0.0,0.005077720207253833,11
15598,2023-11-09 09:00:00,95.85,96.36,95.2,95.995,269882.0,0.0015127803860199294,0.005320813771518051,0.006781429316640495,11
15599,2023-11-09 10:00:00,96.03,96.13,94.89,95.79,310927.0,-0.0024992189940643015,0.0010413412475267553,0.011871290221805691,11
15600,2023-11-09 11:00:00,95.77,95.91,94.7362,95.01,197821.0,-0.007935679231492021,0.0014618356479064484,0.010794612091469138,11
15601,2023-11-09 12:00:00,94.99,95.1399,94.57,94.69,158363.0,-0.0031582271818085816,0.0015780608485103946,0.004421518054532074,11
15602,2023-11-09 13:00:00,94.67,94.72,93.63,93.88,215779.0,-0.008344776592373574,0.0005281504172387996,0.010985528678567722,11
15603,2023-11-09 14:00:00,93.84,93.84,92.57,92.595,248357.0,-0.013267263427110022,0.0,0.013533674339301046,11
15604,2023-11-09 15:00:00,92.58,92.915,92.15,92.56,692913.0,-0.00021602937999563643,0.0036184921149277163,0.004644631669907028,11
15605,2023-11-09 16:00:00,92.6,92.6,92.6,92.6,10302.0,0.0,0.0,0.0,11
15606,2023-11-09 17:00:00,92.65,92.69,92.65,92.65,1097.0,0.0,0.0004317323259578202,0.0,11
15607,2023-11-09 18:00:00,92.5,92.5,92.5,92.5,100.0,0.0,0.0,0.0,11
15608,2023-11-10 09:00:00,93.12,93.96,92.55,93.615,147006.0,0.005315721649484432,0.009020618556700914,0.006121134020618636,11
15609,2023-11-10 10:00:00,93.55,94.06,93.3,93.995,200853.0,0.004756814537680464,0.005451630144307912,0.002672367717797969,11
15610,2023-11-10 11:00:00,93.9429,94.2,93.6,94.07,143027.0,0.0013529495044329978,0.002736768824466866,0.0036500895756890646,11
15611,2023-11-10 12:00:00,94.04,94.61,93.9698,94.47,176843.0,0.004572522330922933,0.006061250531688571,0.0007464908549553362,11
15612,2023-11-10 13:00:00,94.5,94.97,94.35,94.94,171662.0,0.004656084656084632,0.0049735449735449615,0.0015873015873016474,11
15613,2023-11-10 14:00:00,94.93,95.02,94.57,94.85,138556.0,-0.0008427262193196303,0.000948066996734322,0.003792267986937887,11
15614,2023-11-10 15:00:00,94.865,95.07,94.655,94.96,408940.0,0.0010014230748958929,0.0021609655826700922,0.0022136720602961447,11
15615,2023-11-10 16:00:00,94.91,94.95,94.91,94.95,22197.0,0.0004214519018017728,0.0004214519018017728,0.0,11
15616,2023-11-10 19:00:00,94.75,94.85,94.65,94.85,1068.0,0.0010554089709761934,0.0010554089709761934,0.0010554089709761934,11
15617,2023-11-13 04:00:00,94.9,94.9,94.9,94.9,118.0,0.0,0.0,0.0,11
15618,2023-11-13 08:00:00,94.4001,94.422,94.4001,94.422,600.0,0.00023199127967027844,0.00023199127967027844,0.0,11
15619,2023-11-13 09:00:00,94.1,95.155,93.8,95.07,166503.0,0.010308182784272039,0.011211477151966067,0.003188097768331532,11
15620,2023-11-13 10:00:00,95.02,95.92,94.7364,95.645,268171.0,0.006577562618396127,0.009471690170490482,0.0029846348137233503,11
15621,2023-11-13 11:00:00,95.67,97.89,95.655,97.73,779361.0,0.021532350789171133,0.02320476638444652,0.00015678896205707711,11
15622,2023-11-13 12:00:00,97.74,98.02,97.35,97.57,609535.0,-0.0017393083691426409,0.0028647431962349206,0.003990178023327201,11
15623,2023-11-13 13:00:00,97.57,98.45,97.35,98.01,430791.0,0.004509582863585241,0.009019165727170337,0.002254791431792548,11
15624,2023-11-13 14:00:00,98.025,98.68,98.0061,98.37,363968.0,0.003519510328997693,0.006681968885488407,0.0001928079571538091,11
15625,2023-11-13 15:00:00,98.38,98.49,97.67,97.81,903390.0,-0.005793860540760248,0.0011181134376905817,0.007216914006911911,11
15626,2023-11-13 16:00:00,97.81,97.88,97.81,97.88,23474.0,0.0007156732440445065,0.0007156732440445065,0.0,11
15627,2023-11-13 17:00:00,97.8,97.8,97.489,97.61,565.0,-0.0019427402862985453,0.0,0.003179959100204426,11
15628,2023-11-13 18:00:00,97.85,97.85,97.62,97.6201,1550.0,-0.002349514563106803,0.0,0.002350536535513437,11
15629,2023-11-13 19:00:00,97.74,97.76,97.74,97.76,372.0,0.0002046245140168839,0.0002046245140168839,0.0,11
15630,2023-11-14 08:00:00,98.0,100.9,97.81,100.9,16279.0,0.029591836734693934,0.029591836734693934,0.0019387755102040585,11
15631,2023-11-14 09:00:00,100.65,102.21,100.2001,101.73,587201.0,0.010730253353204156,0.015499254843517019,0.004469945355191252,11
15632,2023-11-14 10:00:00,101.705,102.2209,101.39,101.55,553696.0,-0.0015240155351261113,0.005072513642397149,0.003097192861707858,11
15633,2023-11-14 11:00:00,101.55,103.13,101.49,102.33,371161.0,0.007680945347119657,0.015558838010832085,0.0005908419497784567,11
15634,2023-11-14 12:00:00,102.3299,102.54,101.9,102.36,211439.0,0.00029414667658235233,0.002053163347174299,0.0042011181482635015,11
15635,2023-11-14 13:00:00,102.355,102.37,101.41,101.41,223379.0,-0.00923257290801629,0.0001465487763177233,0.00923257290801629,11
15636,2023-11-14 14:00:00,101.41,102.62,101.41,102.6,320412.0,0.01173454294448277,0.011931762153633842,0.0,11
15637,2023-11-14 15:00:00,102.605,103.2423,102.5101,102.81,901737.0,0.0019979533161151824,0.006211198284683945,0.000924906193655375,11
15638,2023-11-14 16:00:00,102.81,102.87,102.81,102.87,39724.0,0.0005836008170411659,0.0005836008170411659,0.0,11
15639,2023-11-14 17:00:00,102.86,102.86,102.86,102.86,388.0,0.0,0.0,0.0,11
15640,2023-11-14 18:00:00,102.85,102.85,102.85,102.85,150.0,0.0,0.0,0.0,11
15641,2023-11-14 19:00:00,103.0,103.0,103.0,103.0,100.0,0.0,0.0,0.0,11
15642,2023-11-15 08:00:00,104.44,104.44,103.5,103.68,5572.0,-0.00727690540022971,0.0,0.009000382995021042,11
15643,2023-11-15 09:00:00,103.5,103.82,102.61,103.11,303469.0,-0.003768115942028991,0.0030917874396134606,0.008599033816425126,11
15644,2023-11-15 10:00:00,103.15,103.97,102.83,102.86,382513.0,-0.002811439650993759,0.007949587978671771,0.003102278235579325,11
15645,2023-11-15 11:00:00,102.86,103.11,102.04,102.3701,399289.0,-0.00476278436710097,0.0024304880419988334,0.007972000777756108,11
15646,2023-11-15 12:00:00,102.44,102.46,101.84,101.88,303577.0,-0.005466614603670463,0.00019523623584533407,0.005857087075361132,11
15647,2023-11-15 13:00:00,101.85,102.2,101.0,101.86,379095.0,9.818360333829274e-05,0.003436426116838572,0.008345606283750558,11
15648,2023-11-15 14:00:00,101.865,102.3311,101.525,102.19,386026.0,0.0031904972267216693,0.004575663868846135,0.003337750944877919,11
15649,2023-11-15 15:00:00,102.17,102.39,101.71,102.1,753400.0,-0.0006851326221004932,0.00215327395517274,0.004502300088088558,11
15650,2023-11-15 16:00:00,102.1,102.1,101.7,102.1,45454.0,0.0,0.0,0.003917727717923521,11
15651,2023-11-15 17:00:00,102.05,102.05,101.9,101.9,1223.0,-0.001469867711905845,0.0,0.001469867711905845,11
15652,2023-11-15 18:00:00,102.1,102.1,101.9,101.9,1103.0,-0.0019588638589616908,0.0,0.0019588638589616908,11
15653,2023-11-16 07:00:00,101.25,101.4,101.25,101.4,470.0,0.0014814814814815376,0.0014814814814815376,0.0,11
15654,2023-11-16 08:00:00,101.2,101.2,101.0001,101.0001,2503.0,-0.0019752964426877424,0.0,0.0019752964426877424,11
15655,2023-11-16 09:00:00,101.45,102.11,101.04,101.63,332136.0,0.0017742730409067778,0.0065056678166584185,0.004041399704287792,11
15656,2023-11-16 10:00:00,101.615,102.25,101.28,102.025,592980.0,0.004034837376371705,0.00624907739999021,0.003296757368498684,11
15657,2023-11-16 11:00:00,102.045,103.15,101.95,102.66,228978.0,0.006026752903130921,0.010828556029202841,0.0009309618305649356,11
15658,2023-11-16 12:00:00,102.69,103.6,102.61,103.27,329225.0,0.005648066997760233,0.008861622358554842,0.0007790437238289833,11
15659,2023-11-16 13:00:00,103.31,103.4899,102.76,103.3575,226009.0,0.0004597812409253647,0.001741360952473173,0.005323782789662154,11
15660,2023-11-16 14:00:00,103.35,103.57,103.045,103.505,204002.0,0.0014997581035316996,0.0021286889211417402,0.002951136913400993,11
15661,2023-11-16 15:00:00,103.49,103.8,103.34,103.7,762684.0,0.0020291815634361577,0.002995458498405665,0.001449415402454261,11
15662,2023-11-16 16:00:00,103.69,103.69,103.44,103.44,18200.0,-0.002411032886488572,0.0,0.002411032886488572,11
15663,2023-11-16 17:00:00,103.5,103.5,103.5,103.5,100.0,0.0,0.0,0.0,11
15664,2023-11-17 07:00:00,104.5,104.71,103.8,104.71,1686.0,0.002009569377990371,0.002009569377990371,0.006698564593301462,11
15665,2023-11-17 08:00:00,104.3,104.72,104.3,104.72,1719.0,0.004026845637583909,0.004026845637583909,0.0,11
15666,2023-11-17 09:00:00,104.4,104.95,103.69,104.75,268147.0,0.003352490421455884,0.0052681992337164476,0.00680076628352498,11
15667,2023-11-17 10:00:00,104.8,105.0,104.07,104.73,371854.0,-0.0006679389312976449,0.0019083969465649127,0.00696564885496187,11
15668,2023-11-17 11:00:00,104.73,105.13,104.415,105.09,251315.0,0.003437410484101971,0.003819344982335448,0.0030077341735892074,11
15669,2023-11-17 12:00:00,105.0709,105.31,104.45,104.62,219282.0,-0.004291388005622776,0.0022756062810921733,0.005909343119740973,11
15670,2023-11-17 13:00:00,104.7,105.2,104.285,105.175,244364.0,0.004536771728748752,0.004775549188156638,0.0039637058261700695,11
15671,2023-11-17 14:00:00,105.175,105.25,104.78,105.015,217495.0,-0.0015212740670311061,0.0007130972189208733,0.0037556453529830856,11
15672,2023-11-17 15:00:00,105.0,105.65,104.8,105.55,716618.0,0.005238095238095211,0.0061904761904762445,0.0019047619047619319,11
15673,2023-11-17 16:00:00,105.54,105.6,105.46,105.46,62462.0,-0.0007580064430548844,0.0005685048322909614,0.0007580064430548844,11
15674,2023-11-17 18:00:00,105.6,105.6,105.6,105.6,1000.0,0.0,0.0,0.0,11
15675,2023-11-17 19:00:00,105.6,105.6,105.6,105.6,3000.0,0.0,0.0,0.0,11
15676,2023-11-20 04:00:00,105.54,105.54,105.54,105.54,255.0,0.0,0.0,0.0,11
15677,2023-11-20 07:00:00,105.55,105.55,105.54,105.54,1503.0,-9.474182851720422e-05,0.0,9.474182851720422e-05,11
15678,2023-11-20 08:00:00,104.68,105.41,104.68,105.4,989.0,0.0068781047000382005,0.006973633931983089,0.0,11
15679,2023-11-20 09:00:00,105.29,105.97,104.86,105.11,174578.0,-0.0017095640611644678,0.006458353119954341,0.0040839585905594715,11
15680,2023-11-20 10:00:00,105.175,105.6436,104.68,105.395,165531.0,0.002091751842167805,0.004455431423817535,0.004706441644877493,11
15681,2023-11-20 11:00:00,105.43,105.87,105.185,105.81,110085.0,0.0036042872047803796,0.004173385184482573,0.002323816750450579,11
15682,2023-11-20 12:00:00,105.82,106.13,105.79,105.91,204210.0,0.0008505008505008827,0.0029295029295029512,0.00028350028350016,11
15683,2023-11-20 13:00:00,105.885,106.21,105.58,105.6599,157618.0,-0.0021258912971621273,0.0030693677102515806,0.002880483543467033,11
15684,2023-11-20 14:00:00,105.66,106.1804,105.66,106.18,139977.0,0.004921446148022054,0.004925231875828216,0.0,11
15685,2023-11-20 15:00:00,106.13,106.28,105.78,105.81,448353.0,-0.0030151700744369472,0.0014133609723924027,0.0032978422689154277,11
15686,2023-11-20 16:00:00,105.81,106.01,105.75,105.75,37065.0,-0.0005670541536716971,0.0018901805122389457,0.0005670541536716971,11
15687,2023-11-20 19:00:00,105.76,105.76,105.76,105.76,100.0,0.0,0.0,0.0,11
15688,2023-11-21 07:00:00,105.82,105.82,105.82,105.82,100.0,0.0,0.0,0.0,11
15689,2023-11-21 08:00:00,106.4411,106.4411,105.3,105.3,5939.0,-0.010720482971333522,0.0,0.010720482971333522,11
15690,2023-11-21 09:00:00,105.15,105.15,102.77,103.8201,378397.0,-0.012647646219686249,0.0,0.0226343319067999,11
15691,2023-11-21 10:00:00,103.89,104.74,103.67,104.6,264591.0,0.006834151506400941,0.0081817306766772,0.002117624410434102,11
15692,2023-11-21 11:00:00,104.64,104.81,104.28,104.33,187661.0,-0.0029625382262997157,0.0016246177370030743,0.0034403669724770588,11
15693,2023-11-21 12:00:00,104.3,105.02,104.17,104.94,173926.0,0.0061361457334611754,0.006903163950143805,0.0012464046021092566,11
15694,2023-11-21 13:00:00,104.97,104.98,104.5,104.66,130718.0,-0.00295322473087551,9.526531389925803e-05,0.004477469753262826,11
15695,2023-11-21 14:00:00,104.6,104.84,104.08,104.376,718001.0,-0.002141491395793399,0.0022944550669216934,0.0049713193116634425,11
15696,2023-11-21 15:00:00,104.42,104.85,104.36,104.83,519077.0,0.003926450871480526,0.004117985060333199,0.0005746025665581524,11
15697,2023-11-21 16:00:00,104.83,104.83,104.83,104.83,30585.0,0.0,0.0,0.0,11
15698,2023-11-22 07:00:00,105.28,106.0,105.28,106.0,1483.0,0.006838905775075977,0.006838905775075977,0.0,11
15699,2023-11-22 08:00:00,106.49,106.73,106.48,106.68,2722.0,0.0017842050896798942,0.0022537327448587576,9.390553103569261e-05,11
15700,2023-11-22 09:00:00,106.68,107.72,106.09,107.1,273458.0,0.003937007874015631,0.009748781402324633,0.005530558680165011,11
15701,2023-11-22 10:00:00,107.1,107.76,106.55,107.2,320340.0,0.0009337068160598369,0.006162464985994499,0.005135387488328639,11
15702,2023-11-22 11:00:00,107.1806,107.7,106.9205,107.24,259028.0,0.0005542047721322382,0.004846026239823294,0.002426745138579129,11
15703,2023-11-22 12:00:00,107.2575,107.3,106.205,106.79,182562.0,-0.0043586695569073205,0.0003962426869916228,0.00981283360137981,11
15704,2023-11-22 13:00:00,106.81,106.84,106.215,106.22,132146.0,-0.0055238273569890774,0.0002808725774740299,0.0055706394532347055,11
15705,2023-11-22 14:00:00,106.21,106.23,104.63,105.14,476819.0,-0.010074380943413928,0.0001883061858583018,0.014876188682798214,11
15706,2023-11-22 15:00:00,105.14,105.455,104.92,104.96,548979.0,-0.0017120030435610312,0.0029960053262316697,0.002092448164352281,11
15707,2023-11-22 16:00:00,104.96,105.1,104.96,104.96,51640.0,0.0,0.0013338414634146397,0.0,11
15708,2023-11-22 18:00:00,104.53,104.53,104.53,104.53,507.0,0.0,0.0,0.0,11
15709,2023-11-22 19:00:00,104.52,104.52,104.5,104.5,726.0,-0.00019135093761955629,0.0,0.00019135093761955629,11
15710,2023-11-24 07:00:00,104.45,104.85,104.45,104.85,480.0,0.0038295835327907275,0.0038295835327907275,0.0,11
15711,2023-11-24 08:00:00,104.86,104.86,104.86,104.86,402.0,0.0,0.0,0.0,11
15712,2023-11-24 09:00:00,104.4,105.02,103.6064,104.57,154804.0,0.0016283524904213361,0.00593869731800757,0.007601532567049924,11
15713,2023-11-24 10:00:00,104.565,104.82,103.92,104.33,171658.0,-0.0022474059197628215,0.002438674508678769,0.006168411992540487,11
15714,2023-11-24 11:00:00,104.39,104.57,104.09,104.11,239271.0,-0.0026822492575917342,0.0017243030941660371,0.0028738384902768192,11
15715,2023-11-24 12:00:00,104.15,104.67,103.96,104.61,283849.0,0.0044167066730676306,0.004992798847815612,0.0018242918867019868,11
15716,2023-11-24 13:00:00,104.45,104.45,104.35,104.45,9183.0,0.0,0.0,0.0009573958831977839,11
15717,2023-11-24 14:00:00,104.2,104.2,104.2,104.2,100.0,0.0,0.0,0.0,11
15718,2023-11-24 15:00:00,104.525,104.525,104.525,104.525,200.0,0.0,0.0,0.0,11
15719,2023-11-27 07:00:00,104.2,104.2,104.2,104.2,503.0,0.0,0.0,0.0,11
15720,2023-11-27 08:00:00,103.6757,104.16,103.51,104.15,1263.0,0.004574842513723075,0.004671297131343124,0.0015982530139656743,11
15721,2023-11-27 09:00:00,104.1101,105.98,103.81,105.81,254814.0,0.01632790670645787,0.01796079342926384,0.002882525326553336,11
15722,2023-11-27 10:00:00,105.835,106.92,105.7,106.9099,335050.0,0.010156375490149758,0.010251807058156641,0.0012755704634571825,11
15723,2023-11-27 11:00:00,106.895,106.98,106.395,106.475,290962.0,-0.003929089293231692,0.0007951728331541041,0.004677487253847233,11
15724,2023-11-27 12:00:00,106.48,106.86,106.34,106.51,164216.0,0.00028174305033810233,0.0035687453042824516,0.0013148009015777663,11
15725,2023-11-27 13:00:00,106.51,106.9494,106.37,106.925,187157.0,0.0038963477607735614,0.004125434231527481,0.0013144305698995452,11
15726,2023-11-27 14:00:00,106.95,107.13,106.535,106.97,242360.0,0.00018700327255723255,0.0016830294530153587,0.003880317905563406,11
15727,2023-11-27 15:00:00,106.97,107.085,106.4,106.43,601033.0,-0.005048144339534375,0.0010750677760119182,0.005328596802841854,11
15728,2023-11-27 16:00:00,106.43,106.55,105.99,106.55,44253.0,0.0011275016442731404,0.0011275016442731404,0.004134172695668626,11
15729,2023-11-27 18:00:00,106.55,106.55,106.43,106.43,900.0,-0.0011262318160487127,0.0,0.0011262318160487127,11
15730,2023-11-27 19:00:00,106.55,106.55,106.55,106.55,101.0,0.0,0.0,0.0,11
15731,2023-11-28 07:00:00,106.15,106.15,106.15,106.15,103.0,0.0,0.0,0.0,11
15732,2023-11-28 08:00:00,106.0,106.42,106.0,106.42,838.0,0.003962264150943412,0.003962264150943412,0.0,11
15733,2023-11-28 09:00:00,106.28,107.19,106.155,106.24,160101.0,-0.00037636432066246004,0.008562288295069595,0.0011761385020700038,11
15734,2023-11-28 10:00:00,106.24,107.15,106.11,107.065,256676.0,0.007765436746987979,0.008565512048192872,0.0012236445783132103,11
15735,2023-11-28 11:00:00,107.06,107.305,106.63,106.705,320163.0,-0.003315897627498636,0.0022884363908089347,0.004016439379787099,11
15736,2023-11-28 12:00:00,106.705,106.97,105.96,106.01,265047.0,-0.006513284288458771,0.002483482498477115,0.006981865891945125,11
15737,2023-11-28 13:00:00,105.99,106.5,105.635,106.2451,640727.0,0.0024068308330974504,0.0048117746957260605,0.0033493725823189905,11
15738,2023-11-28 14:00:00,106.26,106.32,105.77,106.12,584948.0,-0.0013175230566534967,0.0005646527385656697,0.004611330698287305,11
15739,2023-11-28 15:00:00,106.135,106.23,105.56,105.65,462526.0,-0.004569651858482116,0.0008950864465067966,0.005417628492014913,11
15740,2023-11-28 16:00:00,105.69,105.69,105.69,105.69,23119.0,0.0,0.0,0.0,11
15741,2023-11-28 19:00:00,106.1,106.1,106.1,106.1,400.0,0.0,0.0,0.0,11
15742,2023-11-29 08:00:00,106.5501,106.7,106.5501,106.7,1160.0,0.0014068499231816992,0.0014068499231816992,0.0,11
15743,2023-11-29 09:00:00,106.51,108.75,105.69,108.4,323912.0,0.017744812693643794,0.02103088911839259,0.007698807623697374,11
15744,2023-11-29 10:00:00,108.34,108.34,105.94,106.19,363016.0,-0.019844932619531158,0.0,0.022152482924127796,11
15745,2023-11-29 11:00:00,106.16,106.5681,105.365,106.05,370011.0,-0.001036171816126596,0.003844197437829734,0.007488696307460453,11
15746,2023-11-29 12:00:00,106.035,106.6526,105.79,106.4,150929.0,0.0034422596312539172,0.005824491913047674,0.002310557834677138,11
15747,2023-11-29 13:00:00,106.405,106.4625,106.15,106.26,135728.0,-0.0013627179173910627,0.0005403881396551342,0.002396503923687754,11
15748,2023-11-29 14:00:00,106.275,106.435,105.73,105.89,220265.0,-0.0036226770171724778,0.001505528111032666,0.005128205128205144,11
15749,2023-11-29 15:00:00,105.88,106.27,105.68,105.94,566073.0,0.0005666792595391223,0.003683415187004161,0.001888930865130229,11
15750,2023-11-29 16:00:00,105.91,105.91,105.52,105.54,22686.0,-0.0034935322443583263,0.0,0.003682371825134554,11
15751,2023-11-29 19:00:00,105.95,105.95,105.9,105.9,500.0,-0.0004719207173194635,0.0,0.0004719207173194635,11
15752,2023-11-30 04:00:00,105.5,105.5,105.5,105.5,210.0,0.0,0.0,0.0,11
15753,2023-11-30 05:00:00,105.8,105.8,105.8,105.8,190.0,0.0,0.0,0.0,11
15754,2023-11-30 06:00:00,106.0,106.0,106.0,106.0,142.0,0.0,0.0,0.0,11
15755,2023-11-30 07:00:00,105.96,106.25,105.96,106.25,760.0,0.0027368818422046646,0.0027368818422046646,0.0,11
15756,2023-11-30 08:00:00,106.0,106.78,105.5,106.78,2066.0,0.007358490566037747,0.007358490566037747,0.0047169811320754715,11
15757,2023-11-30 09:00:00,106.75,107.3,106.12,107.3,224202.0,0.005152224824355945,0.005152224824355945,0.005901639344262253,11
15758,2023-11-30 10:00:00,107.32,107.33,106.175,106.545,257575.0,-0.007221393961982776,9.317927692885871e-05,0.010669027208348827,11
15759,2023-11-30 11:00:00,106.57,107.08,106.28,106.89,215137.0,0.003002721216102162,0.004785586938162758,0.0027212161020924467,11
15760,2023-11-30 12:00:00,106.86,107.71,106.83,107.53,184806.0,0.0062698858319296434,0.007954332771850967,0.00028074115665357606,11
15761,2023-11-30 13:00:00,107.5,107.585,107.2,107.39,167203.0,-0.001023255813953483,0.0007906976744185464,0.0027906976744185782,11
15762,2023-11-30 14:00:00,107.385,107.93,107.37,107.93,254890.0,0.005075196722074793,0.005075196722074793,0.00013968431345160468,11
15763,2023-11-30 15:00:00,107.93,107.93,106.74,107.39,614353.0,-0.005003242842583213,0.0,0.011025664782729656,11
15764,2023-11-30 16:00:00,107.46,107.46,107.46,107.46,128202.0,0.0,0.0,0.0,11
15765,2023-11-30 17:00:00,107.49,107.49,106.99,107.0,783.0,-0.0045585635873104,0.0,0.0046515954972555585,11
15766,2023-11-30 19:00:00,107.01,107.05,106.95,107.05,2318.0,0.00037379684141661566,0.00037379684141661566,0.0005606952621250563,11
15767,2023-12-01 09:00:00,107.48,108.39,107.1,108.17,152626.0,0.006419799032378095,0.008466691477484151,0.003535541496092386,12
15768,2023-12-01 10:00:00,108.39,109.29,108.21,108.91,712404.0,0.004797490543408027,0.008303349017437085,0.0016606698034874695,12
15769,2023-12-01 11:00:00,108.88,109.6,108.65,109.495,250266.0,0.00564842027920655,0.006612784717119755,0.002112417340190942,12
15770,2023-12-01 12:00:00,109.5,109.96,109.47,109.85,231361.0,0.0031963470319634184,0.004200913242009076,0.0002739726027397364,12
15771,2023-12-01 13:00:00,109.86,110.17,109.66,109.7802,242488.0,-0.0007263790278536853,0.002821773165847463,0.001820498816675795,12
15772,2023-12-01 14:00:00,109.81,110.56,109.78,110.5,230826.0,0.006283580730352406,0.0068299790547308985,0.0002731991621892463,12
15773,2023-12-01 15:00:00,110.54,110.74,110.19,110.72,641830.0,0.0016283698208792528,0.001809299800976919,0.003166274651709865,12
15774,2023-12-01 16:00:00,110.73,110.85,110.5006,110.5105,33856.0,-0.0019822992865529726,0.0010837171498238086,0.0020717059514133323,12
15775,2023-12-01 18:00:00,110.7,110.7,110.7,110.7,901.0,0.0,0.0,0.0,12
15776,2023-12-01 19:00:00,110.7,111.0,110.7,111.0,1435.0,0.002710027100270977,0.002710027100270977,0.0,12
15777,2023-12-04 04:00:00,110.48,110.48,110.48,110.48,531.0,0.0,0.0,0.0,12
15778,2023-12-04 05:00:00,110.45,110.68,110.45,110.68,1615.0,0.002082390221819864,0.002082390221819864,0.0,12
15779,2023-12-04 06:00:00,110.72,110.72,110.71,110.71,451.0,-9.031791907519072e-05,0.0,9.031791907519072e-05,12
15780,2023-12-04 07:00:00,111.19,111.19,110.7,110.77,5253.0,-0.0037773181041460715,0.0,0.004406871121503686,12
15781,2023-12-04 08:00:00,110.7055,110.7055,110.41,110.43,996.0,-0.002488584578001941,0.0,0.002669244075497641,12
15782,2023-12-04 09:00:00,110.41,113.17,110.0,112.755,524806.0,0.02123901820487274,0.024997735712344944,0.0037134317543700444,12
15783,2023-12-04 10:00:00,112.755,113.52,112.38,113.12,526171.0,0.00323710700190687,0.006784621524544372,0.003325794864972729,12
15784,2023-12-04 11:00:00,113.1,114.06,112.89,113.92,438915.0,0.007250221043324557,0.008488063660477524,0.0018567639257293879,12
15785,2023-12-04 12:00:00,113.935,114.21,113.38,114.01,790229.0,0.0006582700662658783,0.0024136569096413875,0.0048711984903673745,12
15786,2023-12-04 13:00:00,114.01,114.19,113.45,113.82,325364.0,-0.001666520480659696,0.0015788088764142848,0.004911849837733552,12
15787,2023-12-04 14:00:00,113.84,114.35,113.6,114.15,307253.0,0.002723120168657785,0.004479971890372372,0.0021082220660577048,12
15788,2023-12-04 15:00:00,114.14,114.43,113.81,114.22,839568.0,0.0007008936393902076,0.0025407394427896116,0.002891186262484653,12
15789,2023-12-04 16:00:00,114.21,114.24,114.2,114.21,66448.0,0.0,0.00026267402153927976,8.755800717967696e-05,12
15790,2023-12-04 17:00:00,114.02,114.21,114.02,114.21,1265.0,0.0016663743202946653,0.0016663743202946653,0.0,12
15791,2023-12-05 07:00:00,113.51,113.51,113.51,113.51,240.0,0.0,0.0,0.0,12
15792,2023-12-05 08:00:00,113.9,114.0,113.5229,113.5229,2682.0,-0.0033107989464442374,0.000877963125548677,0.0033107989464442374,12
15793,2023-12-05 09:00:00,113.62,114.2,112.85,113.835,194746.0,0.0018922724872380671,0.005104735081851771,0.006776975884527462,12
15794,2023-12-05 10:00:00,113.97,114.34,112.66,113.48,317686.0,-0.004299377029042686,0.0032464683688690405,0.011494252873563239,12
15795,2023-12-05 11:00:00,113.48,114.25,113.34,113.735,205091.0,0.00224709199859002,0.006785336623193479,0.0012336975678533713,12
15796,2023-12-05 12:00:00,113.72,113.85,112.815,113.115,157696.0,-0.005320084417868484,0.00114315863524442,0.007958142806894136,12
15797,2023-12-05 13:00:00,113.115,113.93,112.89,113.875,200380.0,0.00671882597356677,0.007205056800601264,0.0019891261105953618,12
15798,2023-12-05 14:00:00,113.89,114.12,113.71,113.88,204631.0,-8.780402142422615e-05,0.0020194924927562034,0.001580472385635322,12
15799,2023-12-05 15:00:00,113.88,114.3,113.57,114.28,536193.0,0.0035124692658939733,0.003688092729188635,0.0027221636810678108,12
15800,2023-12-05 16:00:00,114.29,114.29,114.1,114.29,13351.0,0.0,0.0,0.0016624376585879074,12
15801,2023-12-05 17:00:00,114.0,114.0,114.0,114.0,100.0,0.0,0.0,0.0,12
15802,2023-12-05 18:00:00,114.29,114.29,114.29,114.29,325.0,0.0,0.0,0.0,12
15803,2023-12-05 19:00:00,114.33,114.34,114.33,114.34,3578.0,8.746610688362736e-05,8.746610688362736e-05,0.0,12
15804,2023-12-06 04:00:00,114.29,114.29,114.29,114.29,102.0,0.0,0.0,0.0,12
15805,2023-12-06 06:00:00,114.6,114.6,114.6,114.6,100.0,0.0,0.0,0.0,12
15806,2023-12-06 07:00:00,114.31,114.34,114.31,114.34,317.0,0.0002624442306010072,0.0002624442306010072,0.0,12
15807,2023-12-06 08:00:00,114.8364,115.15,114.44,115.15,8328.0,0.0027308414405189303,0.0027308414405189303,0.0034518671780027926,12
15808,2023-12-06 09:00:00,115.15,117.75,114.99,117.3601,402845.0,0.01919322622666085,0.022579244463742893,0.0013894919669996595,12
15809,2023-12-06 10:00:00,117.45,118.55,117.19,118.06,619875.0,0.005193699446573005,0.009365687526607018,0.002213707960834441,12
15810,2023-12-06 11:00:00,118.01,118.73,117.745,118.73,624817.0,0.0061011778662825086,0.0061011778662825086,0.0022455724091178762,12
15811,2023-12-06 12:00:00,118.73,119.05,118.0,118.28,394672.0,-0.003790112018866359,0.002695190768971559,0.006148403941716533,12
15812,2023-12-06 13:00:00,118.29,118.49,117.88,118.405,319393.0,0.0009721869980555827,0.0016907599966183838,0.0034660579930679753,12
15813,2023-12-06 14:00:00,118.4,118.6,117.75,117.8482,326760.0,-0.004660472972972974,0.001689189189189093,0.005489864864864913,12
15814,2023-12-06 15:00:00,117.82,118.2,117.3,118.17,903132.0,0.002970633169241288,0.0032252588694619733,0.004413512137158343,12
15815,2023-12-06 16:00:00,118.17,118.17,118.0,118.12,23338.0,-0.00042311923500039904,0.0,0.001438605399001453,12
15816,2023-12-06 18:00:00,118.06,118.06,118.06,118.06,100.0,0.0,0.0,0.0,12
15817,2023-12-06 19:00:00,118.01,118.01,118.0,118.0,238.0,-8.473858147618944e-05,0.0,8.473858147618944e-05,12
15818,2023-12-07 07:00:00,118.2,118.3,118.17,118.3,670.0,0.0008460236886632345,0.0008460236886632345,0.0002538071065989944,12
15819,2023-12-07 08:00:00,118.99,118.99,118.08,118.08,600.0,-0.007647701487519931,0.0,0.007647701487519931,12
15820,2023-12-07 09:00:00,118.17,119.59,117.965,119.48,267917.0,0.011085723957011104,0.012016586274012031,0.0017347888635017203,12
15821,2023-12-07 10:00:00,119.47,119.83,118.51,119.0298,365388.0,-0.003684607014313253,0.0030133087804469693,0.008035490081191879,12
15822,2023-12-07 11:00:00,119.04,119.45,118.54,119.39,210148.0,0.002940188172042963,0.0034442204301074982,0.004200268817204301,12
15823,2023-12-07 12:00:00,119.365,119.55,118.88,119.215,240878.0,-0.0012566497717085535,0.0015498680517739896,0.004063167595191215,12
15824,2023-12-07 13:00:00,119.195,119.43,119.1,119.23,180615.0,0.00029363647804027686,0.001971559209698508,0.0007970132975376389,12
15825,2023-12-07 14:00:00,119.27,119.6788,119.155,119.36,178831.0,0.0007545904250859681,0.003427517397501462,0.0009641988764986576,12
15826,2023-12-07 15:00:00,119.345,119.52,118.79,119.49,593995.0,0.001214965017386535,0.001466337089949283,0.0046503833424105965,12
15827,2023-12-07 16:00:00,119.49,119.49,119.2,119.3,51773.0,-0.0015900912210226608,0.0,0.0024269813373503394,12
15828,2023-12-07 17:00:00,119.31,119.31,119.31,119.31,100.0,0.0,0.0,0.0,12
15829,2023-12-07 19:00:00,119.3,119.3,119.3,119.3,100.0,0.0,0.0,0.0,12
15830,2023-12-08 04:00:00,119.0,119.2,119.0,119.2,200.0,0.001680672268907587,0.001680672268907587,0.0,12
15831,2023-12-08 08:00:00,119.3499,120.38,119.1501,120.0,10433.0,0.005447009172190298,0.008630924701235528,0.0016740692702717842,12
15832,2023-12-08 09:00:00,119.77,119.9399,118.8479,119.845,181623.0,0.0006262002170827657,0.0014185522250980912,0.007698922935626621,12
15833,2023-12-08 10:00:00,119.94,120.45,119.43,119.8201,524806.0,-0.0009996664999166352,0.0042521260630315584,0.00425212606303144,12
15834,2023-12-08 11:00:00,119.85,120.06,119.4,119.91,280450.0,0.0005006257822278037,0.0017521902377973131,0.003754693366708291,12
15835,2023-12-08 12:00:00,119.935,120.34,119.88,120.3,129236.0,0.003043315129028181,0.003376829115771052,0.000458581731771433,12
15836,2023-12-08 13:00:00,120.315,120.43,120.02,120.16,234515.0,-0.0012882849187549445,0.0009558242945601886,0.002451897103436826,12
15837,2023-12-08 14:00:00,120.17,120.56,120.051,120.3,518344.0,0.0010818007822251431,0.0032454023466755477,0.0009902637929599715,12
15838,2023-12-08 15:00:00,120.27,120.58,120.17,120.5,506583.0,0.0019123638480086805,0.0025775338820986306,0.0008314625426124081,12
15839,2023-12-08 16:00:00,120.47,120.6,119.4,120.4,28342.0,-0.0005810575246948882,0.0010791068315762883,0.008881879306051242,12
15840,2023-12-08 17:00:00,120.2,120.2,120.2,120.2,103.0,0.0,0.0,0.0,12
15841,2023-12-08 19:00:00,120.47,120.47,120.21,120.21,1904.0,-0.0021582136631526946,0.0,0.0021582136631526946,12
15842,2023-12-11 05:00:00,120.1,120.1,120.1,120.1,200.0,0.0,0.0,0.0,12
15843,2023-12-11 06:00:00,120.1,120.1,120.0,120.0,800.0,-0.0008326394671106938,0.0,0.0008326394671106938,12
15844,2023-12-11 08:00:00,120.12,120.25,119.8,119.8,1183.0,-0.0026640026640027256,0.0010822510822510443,0.0026640026640027256,12
15845,2023-12-11 09:00:00,120.0,120.63,119.35,119.565,257076.0,-0.003625000000000019,0.005249999999999962,0.005416666666666714,12
15846,2023-12-11 10:00:00,119.565,120.2,119.47,119.76,273595.0,0.0016309120562038003,0.005310918747125038,0.0007945468991761708,12
15847,2023-12-11 11:00:00,119.75,120.3309,119.4,120.28,163711.0,0.004425887265135709,0.004850939457202503,0.002922755741127301,12
15848,2023-12-11 12:00:00,120.25,120.775,120.13,120.21,188750.0,-0.0003326403326403846,0.004365904365904413,0.0009979209979210357,12
15849,2023-12-11 13:00:00,120.19,120.5,119.2203,119.4,241094.0,-0.006572926200182978,0.0025792495215908335,0.008068058906731035,12
15850,2023-12-11 14:00:00,119.42,120.3,119.42,120.18,185168.0,0.006364093116730908,0.007368949924635701,0.0,12
15851,2023-12-11 15:00:00,120.24,120.56,120.04,120.4,380578.0,0.0013306719893547139,0.00266134397870931,0.0016633399866931857,12
15852,2023-12-11 16:00:00,120.41,120.595,120.41,120.5,36091.0,0.0007474462253965901,0.0015364172410929514,0.0,12
15853,2023-12-11 17:00:00,120.12,120.29,120.12,120.2,600.0,0.0006660006660006518,0.0014152514152514293,0.0,12
15854,2023-12-11 18:00:00,120.11,120.11,120.11,120.11,174.0,0.0,0.0,0.0,12
15855,2023-12-11 19:00:00,120.6,120.6,120.6,120.6,151.0,0.0,0.0,0.0,12
15856,2023-12-12 04:00:00,119.0,119.0,119.0,119.0,358.0,0.0,0.0,0.0,12
15857,2023-12-12 05:00:00,119.52,119.52,119.52,119.52,100.0,0.0,0.0,0.0,12
15858,2023-12-12 06:00:00,120.0,120.0,120.0,120.0,100.0,0.0,0.0,0.0,12
15859,2023-12-12 07:00:00,120.19,120.2,119.86,119.86,947.0,-0.0027456527165321434,8.320159747071401e-05,0.0027456527165321434,12
15860,2023-12-12 08:00:00,120.2,121.0,120.2,120.72,3423.0,0.004326123128119767,0.006655574043261207,0.0,12
15861,2023-12-12 09:00:00,119.9,120.96,119.7632,120.14,269473.0,0.0020016680567138856,0.00884070058381975,0.001140950792327006,12
15862,2023-12-12 10:00:00,120.18,120.34,119.56,119.855,231851.0,-0.002704276917956422,0.0013313363288400448,0.005158928274255322,12
15863,2023-12-12 11:00:00,119.87,120.14,119.6227,119.9225,178293.0,0.00043797447234499774,0.002252440143488746,0.002063068324017768,12
15864,2023-12-12 12:00:00,119.88,120.015,119.57,119.73,148109.0,-0.0012512512512511801,0.0011261261261261688,0.002585919252585938,12
15865,2023-12-12 13:00:00,119.71,120.37,119.68,120.305,221027.0,0.004970345000417786,0.0055133238660096135,0.0002506056302730509,12
15866,2023-12-12 14:00:00,120.32,120.55,120.235,120.55,232657.0,0.0019115691489362033,0.0019115691489362033,0.0007064494680850545,12
15867,2023-12-12 15:00:00,120.55,120.79,120.06,120.31,574429.0,-0.0019908751555370793,0.001990875155537197,0.004064703442554914,12
15868,2023-12-12 16:00:00,120.3,120.3,120.25,120.3,18010.0,0.0,0.0,0.0004156275976724618,12
15869,2023-12-13 05:00:00,120.3,120.3,120.3,120.3,396.0,0.0,0.0,0.0,12
15870,2023-12-13 06:00:00,120.97,120.97,120.97,120.97,500.0,0.0,0.0,0.0,12
15871,2023-12-13 07:00:00,120.3,120.56,120.3,120.56,711.0,0.0021612635078969667,0.0021612635078969667,0.0,12
15872,2023-12-13 08:00:00,120.46,120.46,120.25,120.25,527.0,-0.0017433172837455898,0.0,0.0017433172837455898,12
15873,2023-12-13 09:00:00,120.3,120.5,119.2,119.26,382890.0,-0.008645054031587631,0.0016625103906899655,0.009143807148794633,12
15874,2023-12-13 10:00:00,119.24,120.01,118.94,119.66,421060.0,0.0035223079503522454,0.0064575645756458425,0.0025159342502515695,12
15875,2023-12-13 11:00:00,119.67,119.94,119.22,119.22,275939.0,-0.003760340937578364,0.002256204562546971,0.003760340937578364,12
15876,2023-12-13 12:00:00,119.21,119.21,118.66,118.88,285862.0,-0.0027682241422699295,0.0,0.004613706903783216,12
15877,2023-12-13 13:00:00,118.88,118.91,118.46,118.57,163542.0,-0.0026076716016150935,0.00025235531628533934,0.003532974427994631,12
15878,2023-12-13 14:00:00,118.6,120.33,118.59,120.02,503411.0,0.011973018549747064,0.01458684654300172,8.43170320403955e-05,12
15879,2023-12-13 15:00:00,120.005,120.795,119.8901,120.46,781027.0,0.0037915086871380217,0.006583059039206752,0.0009574601058288535,12
15880,2023-12-13 16:00:00,120.47,120.51,120.47,120.5,19013.0,0.0002490246534407001,0.00033203287125430607,0.0,12
15881,2023-12-13 17:00:00,119.62,119.62,119.62,119.62,100.0,0.0,0.0,0.0,12
15882,2023-12-13 18:00:00,120.02,120.02,120.02,120.02,590.0,0.0,0.0,0.0,12
15883,2023-12-13 19:00:00,120.87,120.96,120.87,120.96,304.0,0.0007446016381235145,0.0007446016381235145,0.0,12
15884,2023-12-14 04:00:00,121.0,121.2,120.55,120.55,1113.0,-0.0037190082644628334,0.0016528925619834947,0.0037190082644628334,12
15885,2023-12-14 07:00:00,121.47,121.94,121.47,121.89,2330.0,0.0034576438626821577,0.003869268132049056,0.0,12
15886,2023-12-14 08:00:00,121.65,122.04,121.01,122.04,4149.0,0.0032059186189889073,0.0032059186189889073,0.005260994656802306,12
15887,2023-12-14 09:00:00,122.0,122.185,120.895,121.04,313337.0,-0.007868852459016341,0.0015163934426229695,0.009057377049180361,12
15888,2023-12-14 10:00:00,121.01,121.56,120.54,121.49,364659.0,0.003966614329394181,0.004545078919097572,0.003883976530865208,12
15889,2023-12-14 11:00:00,121.505,122.53,121.38,122.46,259266.0,0.007859758857660165,0.008435866836755736,0.0010287642483848402,12
15890,2023-12-14 12:00:00,122.51,123.25,122.375,122.85,323549.0,0.002775283650314172,0.00604032323891923,0.0011019508611542332,12
15891,2023-12-14 13:00:00,122.83,123.0899,121.53,121.69,340308.0,-0.009281120247496544,0.002115932589758217,0.010583733615566207,12
15892,2023-12-14 14:00:00,121.665,122.15,121.21,122.09,377466.0,0.003493198536966236,0.003986355977479139,0.0037397772572228044,12
15893,2023-12-14 15:00:00,122.11,122.27,121.19,121.39,846817.0,-0.005896322987470304,0.0013102939972155973,0.007534190483989859,12
15894,2023-12-14 16:00:00,121.39,121.39,121.1,121.1,148811.0,-0.0023889941510833366,0.0,0.0023889941510833366,12
15895,2023-12-14 18:00:00,120.61,121.1,120.61,121.1,508.0,0.004062681369703962,0.004062681369703962,0.0,12
15896,2023-12-14 19:00:00,121.1,121.3,121.1,121.3,426.0,0.0016515276630883803,0.0016515276630883803,0.0,12
15897,2023-12-15 07:00:00,121.3,121.3,121.3,121.3,415.0,0.0,0.0,0.0,12
15898,2023-12-15 08:00:00,121.02,121.34,120.84,120.84,5155.0,-0.001487357461576538,0.0026441910428029037,0.001487357461576538,12
15899,2023-12-15 09:00:00,121.0,123.61,120.7,122.84,496782.0,0.015206611570247962,0.021570247933884294,0.002479338842975183,12
15900,2023-12-15 10:00:00,122.89,123.72,122.73,123.63,316089.0,0.0060216453739115865,0.006754007649117082,0.001301977378143027,12
15901,2023-12-15 11:00:00,123.65,123.71,122.56,123.04,189031.0,-0.004933279417711277,0.0004852405984633082,0.008815204205418547,12
15902,2023-12-15 12:00:00,123.06,123.46,122.89,123.04,181901.0,-0.00016252234682265579,0.003250446936453693,0.0013814399479928627,12
15903,2023-12-15 13:00:00,122.99,123.27,122.45,122.59,215221.0,-0.0032522969347100698,0.0022766078542971065,0.004390600861858623,12
15904,2023-12-15 14:00:00,122.56,123.18,122.3726,122.7206,217998.0,0.0013103785900783478,0.005058746736292466,0.0015290469973890067,12
15905,2023-12-15 15:00:00,122.71,123.27,122.49,122.59,686397.0,-0.0009779154103169289,0.004563605248146054,0.0017928449189145046,12
15906,2023-12-15 16:00:00,122.52,122.52,122.52,122.52,545764.0,0.0,0.0,0.0,12
15907,2023-12-15 17:00:00,122.1,122.1,122.1,122.1,300.0,0.0,0.0,0.0,12
15908,2023-12-15 19:00:00,122.5,122.5,122.5,122.5,300.0,0.0,0.0,0.0,12
15909,2023-12-18 09:00:00,122.39,122.68,121.355,122.555,249289.0,0.0013481493586077805,0.0023694746302803027,0.008456573249448457,12
15910,2023-12-18 10:00:00,122.555,122.74,121.79,121.85,258366.0,-0.005752519277059381,0.0015095263351147489,0.00624209538574518,12
15911,2023-12-18 11:00:00,121.865,122.258,121.41,121.47,210442.0,-0.003241291593156329,0.003224879990153044,0.003733639683256048,12
15912,2023-12-18 12:00:00,121.46,122.05,121.435,122.05,145358.0,0.004857566276963638,0.004857566276963638,0.00020582907953228615,12
15913,2023-12-18 13:00:00,122.05,122.16,121.67,121.94,162633.0,-0.0009012699713232236,0.0009012699713232236,0.003113478082752933,12
15914,2023-12-18 14:00:00,121.91,122.03,121.55,121.89,206421.0,-0.00016405545074231828,0.000984332704454143,0.002952998113362312,12
15915,2023-12-18 15:00:00,121.88,122.1,121.08,121.09,546814.0,-0.006481785362651723,0.0018050541516245395,0.006563833278634699,12
15916,2023-12-18 16:00:00,121.1,121.1,121.1,121.1,32059.0,0.0,0.0,0.0,12
15917,2023-12-18 17:00:00,120.9,121.1,120.9,121.1,363.0,0.0016542597187757537,0.0016542597187757537,0.0,12
15918,2023-12-18 19:00:00,121.1,121.1,121.0,121.0,452.0,-0.0008257638315441315,0.0,0.0008257638315441315,12
15919,2023-12-19 08:00:00,120.918,120.918,120.918,120.918,136.0,0.0,0.0,0.0,12
15920,2023-12-19 09:00:00,121.1,122.645,121.03,122.59,200958.0,0.012303881090008333,0.01275805119735757,0.0005780346820808685,12
15921,2023-12-19 10:00:00,122.62,123.65,122.16,123.54,286522.0,0.007502854346762369,0.008399934757788299,0.0037514271733812424,12
15922,2023-12-19 11:00:00,123.54,123.725,122.94,123.2799,565262.0,-0.0021053909664886547,0.0014974906912739846,0.004856726566294387,12
15923,2023-12-19 12:00:00,123.25,124.065,123.06,123.87,634446.0,0.0050304259634888805,0.006612576064908704,0.0015415821501014015,12
15924,2023-12-19 13:00:00,123.875,124.11,123.7,124.04,201298.0,0.001331987891019223,0.0018970736629666956,0.0014127144298687964,12
15925,2023-12-19 14:00:00,124.055,124.2,123.89,124.13,223988.0,0.0006045705533834881,0.0011688364032082222,0.001330055217443926,12
15926,2023-12-19 15:00:00,124.13,124.23,123.681,123.93,514994.0,-0.0016112140497864225,0.0008056070248933257,0.003617175541770709,12
15927,2023-12-19 16:00:00,123.88,124.03,123.6,123.6,53287.0,-0.002260251856635463,0.0012108492089118962,0.002260251856635463,12
15928,2023-12-19 17:00:00,123.7993,123.7993,123.79,123.79,600.0,-7.512158792494052e-05,0.0,7.512158792494052e-05,12
15929,2023-12-19 18:00:00,123.8,123.8,123.8,123.8,223.0,0.0,0.0,0.0,12
15930,2023-12-20 09:00:00,123.2,124.31,122.69,123.01,194930.0,-0.0015422077922077736,0.009009740259740254,0.004139610389610431,12
15931,2023-12-20 10:00:00,123.02,124.28,122.7,124.08,237948.0,0.00861648512437004,0.010242237034628558,0.002601203056413536,12
15932,2023-12-20 11:00:00,124.08,124.096,123.6338,123.71,148702.0,-0.0029819471308833376,0.00012894906511932096,0.003596067053513899,12
15933,2023-12-20 12:00:00,123.71,123.91,123.625,123.76,86981.0,0.00040417104518641477,0.0016166841807453145,0.0006870907768166983,12
15934,2023-12-20 13:00:00,123.74,123.74,122.9,123.135,155327.0,-0.0048892839825439615,0.0,0.006788427347664371,12
15935,2023-12-20 14:00:00,123.12,123.3322,121.5,121.6,181229.0,-0.012345679012345762,0.0017235217673813817,0.013157894736842141,12
15936,2023-12-20 15:00:00,121.58,122.0,120.76,120.92,630392.0,-0.005428524428359899,0.003454515545319968,0.0067445303503865205,12
15937,2023-12-20 16:00:00,120.81,120.81,120.29,120.4,16480.0,-0.0033937587948017264,0.0,0.004304279447065607,12
15938,2023-12-20 17:00:00,120.75,121.05,120.75,120.7501,832.0,8.281573499239723e-07,0.0024844720496894177,0.0,12
15939,2023-12-20 18:00:00,121.05,121.05,120.9105,120.9105,505.0,-0.0011524163568773084,0.0,0.0011524163568773084,12
15940,2023-12-21 07:00:00,122.0,122.0,121.75,121.75,693.0,-0.0020491803278688526,0.0,0.0020491803278688526,12
15941,2023-12-21 08:00:00,121.95,121.95,121.94,121.94,519.0,-8.200082000824203e-05,0.0,8.200082000824203e-05,12
15942,2023-12-21 09:00:00,122.01,126.21,119.31,125.475,580261.0,0.028399311531841564,0.03442340791738373,0.022129333661175334,12
15943,2023-12-21 10:00:00,125.56,125.6327,123.82,125.175,343535.0,-0.0030662631411277883,0.0005790060528830642,0.013857916533928075,12
15944,2023-12-21 11:00:00,125.17,125.96,125.09,125.77,346604.0,0.004793480866022165,0.006311416473595846,0.000639130782136281,12
15945,2023-12-21 12:00:00,125.74,126.1,125.13,125.33,283860.0,-0.0032606966756799478,0.002863050739621437,0.004851280419914104,12
15946,2023-12-21 13:00:00,125.33,126.0728,124.985,126.05,206208.0,0.005744833639192523,0.005926753371100316,0.0027527327854464123,12
15947,2023-12-21 14:00:00,126.04,126.305,125.67,125.81,229845.0,-0.0018248175182482066,0.0021025071405902933,0.0029355760076166656,12
15948,2023-12-21 15:00:00,125.85,127.2,125.49,127.12,717531.0,0.010091378625347718,0.01072705601907039,0.0028605482717520814,12
15949,2023-12-21 16:00:00,127.12,127.14,126.71,127.1,25617.0,-0.00015733165512909244,0.00015733165512898066,0.00322529893014483,12
15950,2023-12-21 17:00:00,127.1,127.14,127.1,127.14,1106.0,0.00031471282454764954,0.00031471282454764954,0.0,12
15951,2023-12-21 18:00:00,127.25,127.77,127.21,127.21,960.0,-0.00031434184675839885,0.004086444007858515,0.00031434184675839885,12
15952,2023-12-21 19:00:00,127.1,127.1,127.0999,127.1,1198.0,0.0,0.0,7.867820612833108e-07,12
15953,2023-12-22 07:00:00,127.12,127.12,127.12,127.12,256.0,0.0,0.0,0.0,12
15954,2023-12-22 08:00:00,127.1227,127.75,126.9,127.75,2527.0,0.004934602553281242,0.004934602553281242,0.001751850770947982,12
15955,2023-12-22 09:00:00,127.0,128.95,126.8078,128.78,238293.0,0.014015748031496071,0.015354330708661329,0.0015133858267716513,12
15956,2023-12-22 10:00:00,128.71,128.8,127.39,127.79,288475.0,-0.007147851759770039,0.000699246367803616,0.010255613394452702,12
15957,2023-12-22 11:00:00,127.76,128.1884,127.65,128.0,171158.0,0.0018785222291796719,0.003353162179085757,0.0008609893550406969,12
15958,2023-12-22 12:00:00,128.05,128.24,127.6,128.175,179776.0,0.0009761811792268644,0.0014837953924248162,0.003514252245216845,12
15959,2023-12-22 13:00:00,128.18,128.2,127.52,127.6,134849.0,-0.004524886877828152,0.00015603058199392892,0.005149009205804422,12
15960,2023-12-22 14:00:00,127.64,128.08,127.08,128.05,163636.0,0.0032121591977437385,0.0034471952366030394,0.004387339392040131,12
15961,2023-12-22 15:00:00,128.06,128.39,127.84,128.26,474322.0,0.001561767921286808,0.0025769170701232555,0.0017179447134155776,12
15962,2023-12-22 16:00:00,128.21,128.21,128.05,128.05,31792.0,-0.0012479525778020168,0.0,0.0012479525778020168,12
15963,2023-12-22 17:00:00,127.8,127.8,127.8,127.8,395.0,0.0,0.0,0.0,12
15964,2023-12-26 04:00:00,126.62,126.62,126.62,126.62,157.0,0.0,0.0,0.0,12
15965,2023-12-26 08:00:00,128.0,128.0,127.42,127.42,391.0,-0.004531249999999987,0.0,0.004531249999999987,12
15966,2023-12-26 09:00:00,128.21,128.21,126.81,127.64,140425.0,-0.0044458310584198375,0.0,0.010919585055767924,12
15967,2023-12-26 10:00:00,127.655,128.19,127.08,127.62,219227.0,-0.0002741764913242457,0.0041909835102424235,0.004504328071755927,12
15968,2023-12-26 11:00:00,127.65,128.33,127.44,128.26,167359.0,0.004778691735213359,0.005327066196631467,0.0016451233842538814,12
15969,2023-12-26 12:00:00,128.285,128.5,128.02,128.375,114169.0,0.0007015629262969436,0.0016759558794871062,0.002065713060763038,12
15970,2023-12-26 13:00:00,128.39,128.67,128.325,128.54,119484.0,0.0011683152893527976,0.002180855206791815,0.0005062699587195088,12
15971,2023-12-26 14:00:00,128.545,128.78,128.45,128.65,132844.0,0.0008168345715509603,0.0018281535648995578,0.0007390408028316844,12
15972,2023-12-26 15:00:00,128.66,129.03,128.4,128.98,867470.0,0.002487175501321259,0.0028757966734028026,0.0020208300948234953,12
15973,2023-12-26 16:00:00,128.98,128.99,128.97,128.98,27027.0,0.0,7.753140021723777e-05,7.753140021701742e-05,12
15974,2023-12-26 17:00:00,128.0,128.98,128.0,128.98,62587.0,0.00765624999999992,0.00765624999999992,0.0,12
15975,2023-12-27 09:00:00,128.98,129.31,128.1,128.51,116168.0,-0.0036439758102031236,0.0025585362071639983,0.006822763219103702,12
15976,2023-12-27 10:00:00,128.49,129.08,128.325,128.36,174241.0,-0.0010117518873063696,0.004591797027006019,0.0012841466261967504,12
15977,2023-12-27 11:00:00,128.42,129.14,128.37,128.99,175107.0,0.004438560971811413,0.005606603332814195,0.0003893474536675203,12
15978,2023-12-27 12:00:00,128.99,129.19,128.68,128.97,150850.0,-0.00015505077913024445,0.0015505077913015631,0.002403287076517577,12
15979,2023-12-27 13:00:00,129.0,129.26,128.85,128.87,145109.0,-0.0010077519379844608,0.0020155038759689216,0.0011627906976744626,12
15980,2023-12-27 14:00:00,128.86,129.23,128.53,129.23,138478.0,0.00287133322986168,0.00287133322986168,0.0025609188266336527,12
15981,2023-12-27 15:00:00,129.22,129.95,129.17,129.94,451736.0,0.005571892895836549,0.005649280297167542,0.0003869370066554045,12
15982,2023-12-27 16:00:00,129.92,129.95,129.66,129.92,77123.0,0.0,0.00023091133004926985,0.0020012315270935264,12
15983,2023-12-27 17:00:00,129.9421,129.9421,129.2598,129.2598,560.0,-0.005250800164073059,0.0,0.005250800164073059,12
15984,2023-12-27 18:00:00,129.5,129.5,129.5,129.5,100.0,0.0,0.0,0.0,12
15985,2023-12-27 19:00:00,129.95,129.95,129.95,129.95,200.0,0.0,0.0,0.0,12
15986,2023-12-28 04:00:00,129.5,129.77,129.5,129.77,420.0,0.0020849420849421638,0.0020849420849421638,0.0,12
15987,2023-12-28 07:00:00,129.79,129.79,129.79,129.79,300.0,0.0,0.0,0.0,12
15988,2023-12-28 08:00:00,129.5,129.5,129.5,129.5,300.0,0.0,0.0,0.0,12
15989,2023-12-28 09:00:00,129.19,130.8,129.0,129.7,183195.0,0.003947673968573349,0.01246226488118286,0.001470702066723413,12
15990,2023-12-28 10:00:00,129.7604,129.95,129.05,129.07,207901.0,-0.00532057546061827,0.001461154558709625,0.005474705688330128,12
15991,2023-12-28 11:00:00,129.085,129.41,128.82,129.13,108117.0,0.000348607506681547,0.002517720881589562,0.002052910872680906,12
15992,2023-12-28 12:00:00,129.13,129.23,128.905,129.14,91624.0,7.744133818625344e-05,0.0007744133818631947,0.0017424301091922428,12
15993,2023-12-28 13:00:00,129.155,129.435,128.81,129.17,107604.0,0.00011613952227932606,0.002167937749216067,0.00267120901242692,12
15994,2023-12-28 14:00:00,129.16,129.72,129.16,129.53,107981.0,0.0028646639826572047,0.004335707649427085,0.0,12
15995,2023-12-28 15:00:00,129.525,130.09,129.3,129.98,365026.0,0.003512835359968995,0.004362092260181414,0.0017371163867978714,12
15996,2023-12-28 16:00:00,129.97,129.97,129.97,129.97,15245.0,0.0,0.0,0.0,12
15997,2023-12-28 18:00:00,129.5232,129.65,129.5232,129.65,250.0,0.0009789751951774115,0.0009789751951774115,0.0,12
15998,2023-12-29 08:00:00,129.5,129.7,129.2808,129.52,1480.0,0.00015444015444023346,0.0015444015444014566,0.0016926640926640984,12
15999,2023-12-29 09:00:00,129.66,130.95,129.46,130.8618,108180.0,0.009268857010643155,0.00994909763998143,0.0015424957581365775,12
16000,2023-12-29 10:00:00,130.88,130.97,129.5,129.59,213202.0,-0.009856356968215099,0.0006876528117359674,0.010544009779951066,12
16001,2023-12-29 11:00:00,129.6,130.24,129.4308,130.13,152000.0,0.004089506172839515,0.004938271604938386,0.0013055555555554735,12
16002,2023-12-29 12:00:00,130.19,130.41,129.88,130.27,142555.0,0.0006144865197020701,0.00168983792918042,0.002381135263845167,12
16003,2023-12-29 13:00:00,130.275,130.34,129.96,130.005,136833.0,-0.0020725388601037053,0.0004989445403953001,0.002417962003454214,12
16004,2023-12-29 14:00:00,130.03,130.41,129.94,130.38,124240.0,0.002691686533876754,0.0029224025224947737,0.0006921479658540599,12
16005,2023-12-29 15:00:00,130.4,130.48,129.18,129.48,540961.0,-0.007055214723926502,0.0006134969325152154,0.009355828220858887,12
16006,2023-12-29 16:00:00,129.49,129.49,129.13,129.35,158940.0,-0.0010811645686926773,0.0,0.0027801374623524105,12
16007,2023-12-29 17:00:00,129.25,129.35,129.25,129.3,1571.0,0.00038684719535792163,0.0007736943907156234,0.0,12
16008,2023-12-29 18:00:00,129.2505,129.35,129.2505,129.35,500.0,0.0007698229407236811,0.0007698229407236811,0.0,12
