,date,open,high,low,close,volume
0,2019-02-19 09:00:00,30.74,30.86,30.57,30.78,133952.0
1,2019-02-19 10:00:00,30.8,30.81,30.67,30.81,317251.0
2,2019-02-19 11:00:00,30.8073,31.12,30.8073,31.01,417068.0
3,2019-02-19 12:00:00,31.0,31.04,30.67,30.75,295916.0
4,2019-02-19 13:00:00,30.745,30.86,30.67,30.8,172544.0
5,2019-02-19 14:00:00,30.8,30.85,30.55,30.58,305773.0
6,2019-02-19 15:00:00,30.58,30.8,30.54,30.74,669338.0
7,2019-02-19 16:00:00,30.74,30.74,30.74,30.74,26056.0
8,2019-02-20 09:00:00,30.46,31.0,30.46,30.66,187988.0
9,2019-02-20 10:00:00,30.65,30.81,30.44,30.65,384586.0
10,2019-02-20 11:00:00,30.645,31.03,30.64,30.97,352514.0
11,2019-02-20 12:00:00,30.97,30.995,30.78,30.94,260692.0
12,2019-02-20 13:00:00,30.94,31.31,30.91,31.3,599884.0
13,2019-02-20 14:00:00,31.3,31.37,31.22,31.26,494350.0
14,2019-02-20 15:00:00,31.26,31.38,31.18,31.27,770805.0
15,2019-02-20 16:00:00,31.26,31.26,31.26,31.26,417743.0
16,2019-02-20 17:00:00,31.31,31.31,31.31,31.31,285.0
17,2019-02-20 18:00:00,31.31,31.31,31.31,31.31,100.0
18,2019-02-21 08:00:00,31.26,31.26,31.26,31.26,160.0
19,2019-02-21 09:00:00,31.26,31.34,31.05,31.17,152152.0
20,2019-02-21 10:00:00,31.17,31.21,30.745,30.75,312082.0
21,2019-02-21 11:00:00,30.75,31.09,30.715,31.03,307632.0
22,2019-02-21 12:00:00,31.03,31.095,30.92,31.0375,144205.0
23,2019-02-21 13:00:00,31.05,31.2732,31.0,31.255,214922.0
24,2019-02-21 14:00:00,31.25,31.255,31.01,31.06,455649.0
25,2019-02-21 15:00:00,31.07,31.33,31.07,31.31,619591.0
26,2019-02-21 16:00:00,31.31,31.31,31.31,31.31,21675.0
27,2019-02-22 09:00:00,31.42,32.02,31.42,31.98,211596.0
28,2019-02-22 10:00:00,31.99,32.46,31.94,32.32,601395.0
29,2019-02-22 11:00:00,32.33,32.65,32.25,32.335,585178.0
30,2019-02-22 12:00:00,32.335,32.37,32.22,32.32,207248.0
31,2019-02-22 13:00:00,32.32,32.58,32.29,32.44,297098.0
32,2019-02-22 14:00:00,32.44,32.56,32.395,32.44,332030.0
33,2019-02-22 15:00:00,32.44,32.88,32.43,32.83,956266.0
34,2019-02-22 16:00:00,32.82,32.82,32.55,32.82,137587.0
35,2019-02-22 17:00:00,32.8,32.8,32.8,32.8,299.0
36,2019-02-22 18:00:00,32.71,32.71,32.71,32.71,1200.0
37,2019-02-25 06:00:00,32.82,32.82,32.82,32.82,300.0
38,2019-02-25 09:00:00,33.01,33.25,32.84,32.91,197185.0
39,2019-02-25 10:00:00,32.9,32.97,32.63,32.76,320240.0
40,2019-02-25 11:00:00,32.76,32.79,32.6,32.61,241083.0
41,2019-02-25 12:00:00,32.615,32.63,32.36,32.38,239609.0
42,2019-02-25 13:00:00,32.38,32.48,32.33,32.46,228821.0
43,2019-02-25 14:00:00,32.465,32.475,32.205,32.215,267390.0
44,2019-02-25 15:00:00,32.215,32.26,31.94,31.96,560638.0
45,2019-02-25 16:00:00,31.99,31.99,31.95,31.95,134794.0
46,2019-02-26 09:00:00,31.82,32.07,31.37,31.74,314940.0
47,2019-02-26 10:00:00,31.74,32.0,31.61,31.69,215604.0
48,2019-02-26 11:00:00,31.69,31.795,31.66,31.79,150656.0
49,2019-02-26 12:00:00,31.785,31.925,31.76,31.89,122071.0
50,2019-02-26 13:00:00,31.89,32.0699,31.88,32.03,207651.0
51,2019-02-26 14:00:00,32.03,32.1121,31.97,32.03,154189.0
52,2019-02-26 15:00:00,32.03,32.145,31.885,31.92,442755.0
53,2019-02-26 16:00:00,31.92,31.92,31.92,31.92,115260.0
54,2019-02-27 09:00:00,31.8,31.92,31.52,31.79,87656.0
55,2019-02-27 10:00:00,31.795,31.91,31.67,31.71,161743.0
56,2019-02-27 11:00:00,31.73,31.92,31.68,31.9,164298.0
57,2019-02-27 12:00:00,31.9,32.065,31.85,32.065,282176.0
58,2019-02-27 13:00:00,32.07,32.111,31.95,32.0,232512.0
59,2019-02-27 14:00:00,32.0,32.08,31.96,32.03,179897.0
60,2019-02-27 15:00:00,32.03,32.1999,31.89,31.96,499440.0
61,2019-02-27 16:00:00,31.96,31.96,31.96,31.96,96829.0
62,2019-02-28 09:00:00,31.94,32.12,31.87,32.01,62447.0
63,2019-02-28 10:00:00,31.99,32.14,31.93,32.0,204773.0
64,2019-02-28 11:00:00,32.01,32.345,32.01,32.3,114806.0
65,2019-02-28 12:00:00,32.3,32.49,32.25,32.47,109719.0
66,2019-02-28 13:00:00,32.47,32.505,32.35,32.4,115644.0
67,2019-02-28 14:00:00,32.395,32.5,32.37,32.4132,123366.0
68,2019-02-28 15:00:00,32.41,32.52,31.94,32.52,580618.0
69,2019-02-28 16:00:00,32.51,32.51,32.47,32.51,89272.0
70,2019-03-01 09:00:00,32.68,32.8669,32.51,32.71,132925.0
71,2019-03-01 10:00:00,32.7,32.84,32.43,32.84,331324.0
72,2019-03-01 11:00:00,32.83,32.84,32.4,32.43,218460.0
73,2019-03-01 12:00:00,32.43,32.535,32.32,32.33,197275.0
74,2019-03-01 13:00:00,32.325,32.495,32.23,32.235,126308.0
75,2019-03-01 14:00:00,32.245,32.35,32.24,32.265,193579.0
76,2019-03-01 15:00:00,32.265,32.31,32.17,32.23,439502.0
77,2019-03-01 16:00:00,32.23,32.23,32.23,32.23,9461.0
78,2019-03-04 09:00:00,32.54,33.15,32.54,33.08,362097.0
79,2019-03-04 10:00:00,33.07,33.65,32.96,33.315,653540.0
80,2019-03-04 11:00:00,33.32,33.73,33.32,33.4,731009.0
81,2019-03-04 12:00:00,33.4,33.48,32.9,32.985,556800.0
82,2019-03-04 13:00:00,32.98,33.16,32.9,33.135,423432.0
83,2019-03-04 14:00:00,33.135,33.31,33.07,33.285,316837.0
84,2019-03-04 15:00:00,33.29,33.47,33.21,33.47,1008639.0
85,2019-03-04 16:00:00,33.47,33.47,33.33,33.33,50553.0
86,2019-03-05 09:00:00,33.46,33.49,32.81,32.99,166509.0
87,2019-03-05 10:00:00,33.01,33.11,32.3,32.41,406787.0
88,2019-03-05 11:00:00,32.42,32.44,31.71,31.755,485411.0
89,2019-03-05 12:00:00,31.76,32.0299,31.34,31.42,591652.0
90,2019-03-05 13:00:00,31.425,31.49,31.08,31.08,498304.0
91,2019-03-05 14:00:00,31.08,31.31,31.08,31.11,392376.0
92,2019-03-05 15:00:00,31.11,31.31,31.03,31.13,1363006.0
93,2019-03-05 16:00:00,31.14,31.228,31.14,31.228,75835.0
94,2019-03-05 17:00:00,31.15,31.15,31.14,31.14,1300.0
95,2019-03-05 18:00:00,31.14,31.14,31.14,31.14,200.0
96,2019-03-06 08:00:00,31.13,31.13,31.13,31.13,333.0
97,2019-03-06 09:00:00,31.17,31.48,30.8,30.86,412883.0
98,2019-03-06 10:00:00,30.86,31.4,30.78,31.23,330203.0
99,2019-03-06 11:00:00,31.23,31.77,31.18,31.66,455952.0
100,2019-03-06 12:00:00,31.66,31.86,31.61,31.62,365665.0
101,2019-03-06 13:00:00,31.63,31.795,31.57,31.79,284962.0
102,2019-03-06 14:00:00,31.79,31.98,31.71,31.975,299383.0
103,2019-03-06 15:00:00,31.97,32.07,31.86,31.92,887665.0
104,2019-03-06 16:00:00,31.94,31.94,31.94,31.94,156970.0
105,2019-03-07 08:00:00,32.1,32.1,32.1,32.1,280.0
106,2019-03-07 09:00:00,31.91,31.91,31.535,31.875,230234.0
107,2019-03-07 10:00:00,31.875,32.51,31.72,32.41,692566.0
108,2019-03-07 11:00:00,32.42,32.56,32.24,32.37,461855.0
109,2019-03-07 12:00:00,32.38,32.46,32.275,32.42,230736.0
110,2019-03-07 13:00:00,32.41,32.415,32.08,32.1,237104.0
111,2019-03-07 14:00:00,32.1,32.14,31.92,31.95,275060.0
112,2019-03-07 15:00:00,31.955,32.205,31.88,32.16,721484.0
113,2019-03-07 16:00:00,32.17,32.17,32.13,32.17,32537.0
114,2019-03-08 08:00:00,32.17,32.17,32.17,32.17,4572.0
115,2019-03-08 09:00:00,31.76,31.91,31.56,31.83,179644.0
116,2019-03-08 10:00:00,31.82,31.9,31.58,31.75,183599.0
117,2019-03-08 11:00:00,31.745,31.76,31.63,31.65,181638.0
118,2019-03-08 12:00:00,31.645,31.86,31.59,31.765,227010.0
119,2019-03-08 13:00:00,31.76,31.765,31.63,31.67,141992.0
120,2019-03-08 14:00:00,31.67,31.74,31.64,31.7,158153.0
121,2019-03-08 15:00:00,31.71,31.81,31.67,31.75,398494.0
122,2019-03-08 16:00:00,31.75,31.75,31.75,31.75,66793.0
123,2019-03-11 09:00:00,31.81,32.17,31.78,32.0503,206398.0
124,2019-03-11 10:00:00,32.065,32.22,31.945,32.17,199531.0
125,2019-03-11 11:00:00,32.17,32.43,32.15,32.43,228455.0
126,2019-03-11 12:00:00,32.42,32.5,32.36,32.435,187279.0
127,2019-03-11 13:00:00,32.45,32.645,32.36,32.385,188349.0
128,2019-03-11 14:00:00,32.3848,32.395,32.12,32.18,308110.0
129,2019-03-11 15:00:00,32.17,32.26,32.15,32.23,424715.0
130,2019-03-11 16:00:00,32.24,32.24,32.24,32.24,196076.0
131,2019-03-12 09:00:00,32.36,32.405,32.03,32.25,129808.0
132,2019-03-12 10:00:00,32.27,32.34,31.88,31.95,212008.0
133,2019-03-12 11:00:00,31.94,32.18,31.8,32.15,248321.0
134,2019-03-12 12:00:00,32.16,32.32,32.14,32.225,163618.0
135,2019-03-12 13:00:00,32.22,32.23,32.1,32.19,163700.0
136,2019-03-12 14:00:00,32.19,32.285,32.11,32.155,223930.0
137,2019-03-12 15:00:00,32.15,32.21,32.09,32.15,513537.0
138,2019-03-12 16:00:00,32.16,32.16,32.16,32.16,47549.0
139,2019-03-13 09:00:00,32.28,32.55,32.17,32.43,347813.0
140,2019-03-13 10:00:00,32.435,32.505,32.081,32.11,451316.0
141,2019-03-13 11:00:00,32.11,32.2,32.04,32.07,234316.0
142,2019-03-13 12:00:00,32.08,32.2,32.03,32.135,221399.0
143,2019-03-13 13:00:00,32.14,32.3,32.12,32.28,117223.0
144,2019-03-13 14:00:00,32.275,32.385,32.16,32.22,257364.0
145,2019-03-13 15:00:00,32.22,32.415,32.1601,32.35,462133.0
146,2019-03-13 16:00:00,32.35,32.35,32.35,32.35,134362.0
147,2019-03-13 18:00:00,32.35,32.35,32.35,32.35,10241.0
148,2019-03-14 09:00:00,32.35,32.45,32.21,32.22,74716.0
149,2019-03-14 10:00:00,32.22,32.38,32.1,32.37,117212.0
150,2019-03-14 11:00:00,32.38,32.43,32.22,32.375,118809.0
151,2019-03-14 12:00:00,32.38,32.44,32.35,32.38,201579.0
152,2019-03-14 13:00:00,32.38,32.44,32.345,32.435,100846.0
153,2019-03-14 14:00:00,32.44,32.51,32.41,32.43,99733.0
154,2019-03-14 15:00:00,32.44,32.58,32.385,32.57,457244.0
155,2019-03-14 16:00:00,32.57,32.57,32.52,32.57,100817.0
156,2019-03-15 09:00:00,32.56,32.72,32.2,32.23,532210.0
157,2019-03-15 10:00:00,32.2,32.71,32.14,32.61,327447.0
158,2019-03-15 11:00:00,32.61,32.7,32.55,32.64,146021.0
159,2019-03-15 12:00:00,32.645,32.9,32.645,32.77,149542.0
160,2019-03-15 13:00:00,32.76,32.805,32.73,32.77,134047.0
161,2019-03-15 14:00:00,32.77,32.785,32.645,32.69,134921.0
162,2019-03-15 15:00:00,32.69,32.69,32.5,32.6,567656.0
163,2019-03-15 16:00:00,32.57,32.57,32.57,32.57,129469.0
164,2019-03-18 09:00:00,32.79,32.88,32.53,32.755,106809.0
165,2019-03-18 10:00:00,32.77,32.89,32.61,32.775,280131.0
166,2019-03-18 11:00:00,32.77,32.78,32.44,32.49,171596.0
167,2019-03-18 12:00:00,32.49,32.535,32.33,32.435,180561.0
168,2019-03-18 13:00:00,32.43,32.53,32.38,32.43,113992.0
169,2019-03-18 14:00:00,32.43,32.45,32.27,32.38,140560.0
170,2019-03-18 15:00:00,32.38,32.48,32.315,32.41,422550.0
171,2019-03-18 16:00:00,32.41,32.41,32.4,32.4,35247.0
172,2019-03-19 09:00:00,32.47,32.721,32.47,32.67,52286.0
173,2019-03-19 10:00:00,32.655,32.7,32.43,32.43,126151.0
174,2019-03-19 11:00:00,32.43,32.56,32.4,32.51,128753.0
175,2019-03-19 12:00:00,32.5,32.635,32.29,32.38,168284.0
176,2019-03-19 13:00:00,32.38,32.44,32.24,32.245,189650.0
177,2019-03-19 14:00:00,32.245,32.28,32.14,32.2,152391.0
178,2019-03-19 15:00:00,32.2,32.22,31.85,32.06,482081.0
179,2019-03-19 16:00:00,32.06,32.06,32.06,32.06,34659.0
180,2019-03-20 09:00:00,32.05,32.235,31.61,31.68,162436.0
181,2019-03-20 10:00:00,31.67,31.7,31.12,31.16,333553.0
182,2019-03-20 11:00:00,31.155,31.46,31.15,31.2,213869.0
183,2019-03-20 12:00:00,31.21,31.26,31.15,31.19,117570.0
184,2019-03-20 13:00:00,31.2,31.322,31.18,31.28,121824.0
185,2019-03-20 14:00:00,31.29,31.79,31.285,31.72,258584.0
186,2019-03-20 15:00:00,31.72,31.79,31.5,31.53,499998.0
187,2019-03-20 16:00:00,31.54,31.54,31.54,31.54,107510.0
188,2019-03-21 09:00:00,31.53,31.66,31.41,31.56,61821.0
189,2019-03-21 10:00:00,31.57,31.77,31.48,31.53,211346.0
190,2019-03-21 11:00:00,31.53,31.96,31.53,31.95,182469.0
191,2019-03-21 12:00:00,31.95,31.99,31.8,31.895,173722.0
192,2019-03-21 13:00:00,31.9,32.115,31.9,32.03,155934.0
193,2019-03-21 14:00:00,32.04,32.24,32.04,32.14,254194.0
194,2019-03-21 15:00:00,32.1434,32.25,32.06,32.23,403047.0
195,2019-03-21 16:00:00,32.23,32.23,32.23,32.23,93917.0
196,2019-03-21 17:00:00,32.23,32.23,32.23,32.23,4579.0
197,2019-03-22 09:00:00,32.13,32.21,31.51,31.51,146116.0
198,2019-03-22 10:00:00,31.535,31.735,31.27,31.66,240649.0
199,2019-03-22 11:00:00,31.66,31.69,31.07,31.07,215535.0
200,2019-03-22 12:00:00,31.07,31.2781,31.05,31.27,136962.0
201,2019-03-22 13:00:00,31.28,31.38,31.25,31.27,81338.0
202,2019-03-22 14:00:00,31.27,31.51,31.26,31.49,119069.0
203,2019-03-22 15:00:00,31.49,31.53,31.25,31.28,361230.0
204,2019-03-22 16:00:00,31.27,31.27,31.27,31.27,36277.0
205,2019-03-25 09:00:00,31.31,31.45,30.84,30.84,78454.0
206,2019-03-25 10:00:00,30.85,30.9,30.61,30.82,157024.0
207,2019-03-25 11:00:00,30.83,31.13,30.73,30.73,132875.0
208,2019-03-25 12:00:00,30.74,30.83,30.66,30.83,76513.0
209,2019-03-25 13:00:00,30.84,30.84,30.67,30.71,114730.0
210,2019-03-25 14:00:00,30.7,30.73,30.45,30.58,140619.0
211,2019-03-25 15:00:00,30.58,30.74,30.555,30.63,513473.0
212,2019-03-25 16:00:00,30.63,30.63,30.63,30.63,99623.0
213,2019-03-26 09:00:00,30.71,31.34,30.5768,31.33,91144.0
214,2019-03-26 10:00:00,31.32,31.61,31.2,31.58,187124.0
215,2019-03-26 11:00:00,31.58,31.61,31.27,31.46,143042.0
216,2019-03-26 12:00:00,31.46,31.51,31.13,31.19,114104.0
217,2019-03-26 13:00:00,31.19,31.285,31.06,31.08,105022.0
218,2019-03-26 14:00:00,31.085,31.37,31.07,31.37,120503.0
219,2019-03-26 15:00:00,31.38,31.56,31.32,31.55,464069.0
220,2019-03-26 16:00:00,31.54,31.54,31.54,31.54,29207.0
221,2019-03-27 09:00:00,31.59,31.85,31.4,31.5,89293.0
222,2019-03-27 10:00:00,31.48,31.77,31.21,31.355,232643.0
223,2019-03-27 11:00:00,31.35,31.44,31.005,31.12,282789.0
224,2019-03-27 12:00:00,31.12,31.24,30.95,31.19,160403.0
225,2019-03-27 13:00:00,31.19,31.49,31.16,31.48,220790.0
226,2019-03-27 14:00:00,31.485,31.67,31.43,31.432,392978.0
227,2019-03-27 15:00:00,31.44,31.55,31.29,31.33,366983.0
228,2019-03-27 16:00:00,31.33,31.33,31.33,31.33,122709.0
229,2019-03-28 09:00:00,31.41,31.55,31.33,31.47,61950.0
230,2019-03-28 10:00:00,31.48,31.64,31.445,31.56,156437.0
231,2019-03-28 11:00:00,31.555,31.555,31.14,31.205,253425.0
232,2019-03-28 12:00:00,31.19,31.2,30.99,31.165,139884.0
233,2019-03-28 13:00:00,31.17,31.36,31.17,31.355,78341.0
234,2019-03-28 14:00:00,31.35,31.38,31.225,31.29,102892.0
235,2019-03-28 15:00:00,31.281,31.33,31.17,31.24,279431.0
236,2019-03-28 16:00:00,31.23,31.23,31.23,31.23,21253.0
237,2019-03-28 18:00:00,31.23,31.23,31.23,31.23,12878.0
238,2019-03-29 09:00:00,31.37,31.57,31.25,31.42,71054.0
239,2019-03-29 10:00:00,31.46,31.46,31.05,31.2,485143.0
240,2019-03-29 11:00:00,31.19,31.29,31.14,31.26,132539.0
241,2019-03-29 12:00:00,31.26,31.37,31.21,31.26,158437.0
242,2019-03-29 13:00:00,31.26,31.39,31.25,31.295,143824.0
243,2019-03-29 14:00:00,31.29,31.61,31.235,31.61,209070.0
244,2019-03-29 15:00:00,31.6,31.75,31.57,31.69,506398.0
245,2019-03-29 16:00:00,31.69,31.69,31.69,31.69,21890.0
246,2019-03-29 18:00:00,31.69,31.69,31.69,31.69,10309.0
247,2019-04-01 09:00:00,32.0,33.15,32.0,32.92,316786.0
248,2019-04-01 10:00:00,32.92,33.19,32.745,32.775,407758.0
249,2019-04-01 11:00:00,32.78,33.03,32.7,32.9199,289357.0
250,2019-04-01 12:00:00,32.92,33.1,32.83,32.93,167251.0
251,2019-04-01 13:00:00,32.94,33.17,32.94,33.12,195948.0
252,2019-04-01 14:00:00,33.12,33.12,32.95,33.04,204155.0
253,2019-04-01 15:00:00,33.04,33.16,32.97,33.15,528149.0
254,2019-04-01 16:00:00,33.14,33.14,33.14,33.14,57236.0
255,2019-04-01 18:00:00,33.0,33.0,33.0,33.0,1000.0
256,2019-04-01 19:00:00,33.1,33.1,33.1,33.1,500.0
257,2019-04-02 08:00:00,32.0,32.0,32.0,32.0,1000.0
258,2019-04-02 09:00:00,33.14,33.2,32.735,33.02,122975.0
259,2019-04-02 10:00:00,33.02,33.075,32.83,32.86,171235.0
260,2019-04-02 11:00:00,32.85,33.01,32.7,32.935,136713.0
261,2019-04-02 12:00:00,32.925,33.12,32.83,33.12,199047.0
262,2019-04-02 13:00:00,33.12,33.3922,33.09,33.135,371071.0
263,2019-04-02 14:00:00,33.13,33.28,33.1,33.26,162124.0
264,2019-04-02 15:00:00,33.25,33.345,33.205,33.22,365919.0
265,2019-04-02 16:00:00,33.22,33.25,33.22,33.22,167324.0
266,2019-04-03 09:00:00,33.37,33.59,33.18,33.44,214942.0
267,2019-04-03 10:00:00,33.43,33.5827,33.3502,33.52,215752.0
268,2019-04-03 11:00:00,33.52,33.74,33.29,33.37,257667.0
269,2019-04-03 12:00:00,33.36,33.37,33.12,33.12,206939.0
270,2019-04-03 13:00:00,33.13,33.155,32.91,32.94,195432.0
271,2019-04-03 14:00:00,32.935,32.97,32.78,32.84,224511.0
272,2019-04-03 15:00:00,32.83,33.0,32.83,32.93,582022.0
273,2019-04-03 16:00:00,32.93,32.93,32.93,32.93,82817.0
274,2019-04-04 09:00:00,33.02,33.3,32.9,33.24,70156.0
275,2019-04-04 10:00:00,33.26,33.5,33.2,33.49,145039.0
276,2019-04-04 11:00:00,33.5,33.81,33.45,33.77,261199.0
277,2019-04-04 12:00:00,33.78,33.86,33.64,33.75,128279.0
278,2019-04-04 13:00:00,33.76,33.78,33.51,33.665,152470.0
279,2019-04-04 14:00:00,33.67,33.8,33.63,33.7367,107431.0
280,2019-04-04 15:00:00,33.73,33.83,33.68,33.82,335739.0
281,2019-04-04 16:00:00,33.81,33.81,33.81,33.81,34142.0
282,2019-04-05 08:00:00,33.84,33.84,33.84,33.84,100.0
283,2019-04-05 09:00:00,33.83,34.29,33.64,34.2,165153.0
284,2019-04-05 10:00:00,34.205,34.245,34.02,34.17,146950.0
285,2019-04-05 11:00:00,34.18,34.515,34.18,34.49,280797.0
286,2019-04-05 12:00:00,34.485,34.7201,34.485,34.555,283989.0
287,2019-04-05 13:00:00,34.55,34.62,34.49,34.61,204407.0
288,2019-04-05 14:00:00,34.62,34.78,34.58,34.73,223100.0
289,2019-04-05 15:00:00,34.73,34.83,34.55,34.7,583257.0
290,2019-04-05 16:00:00,34.7,34.7,34.7,34.7,26314.0
291,2019-04-05 17:00:00,34.7,34.7,34.7,34.7,200.0
292,2019-04-08 09:00:00,34.48,34.65,34.17,34.52,90799.0
293,2019-04-08 10:00:00,34.53,34.59,34.29,34.38,149312.0
294,2019-04-08 11:00:00,34.375,34.61,34.345,34.49,131001.0
295,2019-04-08 12:00:00,34.5,34.56,34.38,34.38,189791.0
296,2019-04-08 13:00:00,34.375,34.429,34.1,34.12,237521.0
297,2019-04-08 14:00:00,34.125,34.22,34.09,34.12,152292.0
298,2019-04-08 15:00:00,34.115,34.16,33.925,33.98,621192.0
299,2019-04-08 16:00:00,33.99,33.99,33.99,33.99,33844.0
300,2019-04-09 09:00:00,33.74,33.79,33.44,33.64,106703.0
301,2019-04-09 10:00:00,33.62,33.93,33.57,33.82,141258.0
302,2019-04-09 11:00:00,33.83,33.97,33.79,33.82,177295.0
303,2019-04-09 12:00:00,33.815,34.02,33.815,33.91,102517.0
304,2019-04-09 13:00:00,33.905,33.95,33.82,33.905,93539.0
305,2019-04-09 14:00:00,33.91,34.08,33.895,33.99,145734.0
306,2019-04-09 15:00:00,33.99,34.07,33.65,33.72,699665.0
307,2019-04-09 16:00:00,33.73,33.73,33.73,33.73,49940.0
308,2019-04-09 17:00:00,33.73,33.73,33.73,33.73,9673.0
309,2019-04-10 09:00:00,33.69,34.42,33.41,34.2,205428.0
310,2019-04-10 10:00:00,34.2,34.29,33.99,34.165,195404.0
311,2019-04-10 11:00:00,34.196,34.38,34.18,34.21,142809.0
312,2019-04-10 12:00:00,34.22,34.52,34.135,34.47,139890.0
313,2019-04-10 13:00:00,34.48,34.68,34.42,34.595,148080.0
314,2019-04-10 14:00:00,34.6,34.64,34.285,34.29,191730.0
315,2019-04-10 15:00:00,34.29,34.62,34.29,34.62,341710.0
316,2019-04-10 16:00:00,34.61,34.61,34.61,34.61,76530.0
317,2019-04-11 08:00:00,34.61,34.61,34.61,34.61,168.0
318,2019-04-11 09:00:00,34.74,34.74,34.48,34.48,84458.0
319,2019-04-11 10:00:00,34.47,34.87,34.36,34.7853,270627.0
320,2019-04-11 11:00:00,34.785,34.86,34.61,34.79,147044.0
321,2019-04-11 12:00:00,34.79,34.795,34.575,34.66,138827.0
322,2019-04-11 13:00:00,34.66,34.765,34.62,34.71,147892.0
323,2019-04-11 14:00:00,34.705,34.7225,34.62,34.66,104322.0
324,2019-04-11 15:00:00,34.65,34.755,34.645,34.74,362991.0
325,2019-04-11 16:00:00,34.72,34.72,34.72,34.72,18504.0
326,2019-04-12 09:00:00,34.95,35.51,34.81,34.88,341318.0
327,2019-04-12 10:00:00,34.88,34.91,34.45,34.55,239440.0
328,2019-04-12 11:00:00,34.54,34.715,34.505,34.66,195643.0
329,2019-04-12 12:00:00,34.665,34.81,34.59,34.71,153563.0
330,2019-04-12 13:00:00,34.7,34.7,34.09,34.135,504705.0
331,2019-04-12 14:00:00,34.14,34.37,34.13,34.31,223472.0
332,2019-04-12 15:00:00,34.32,34.42,34.24,34.29,644139.0
333,2019-04-12 16:00:00,34.3,34.3,34.3,34.3,44970.0
334,2019-04-15 09:00:00,34.31,34.63,34.03,34.08,86555.0
335,2019-04-15 10:00:00,34.08,34.38,33.96,34.14,204003.0
336,2019-04-15 11:00:00,34.15,34.35,34.15,34.19,113903.0
337,2019-04-15 12:00:00,34.2,34.32,34.2,34.28,151817.0
338,2019-04-15 13:00:00,34.29,34.55,34.2601,34.435,161446.0
339,2019-04-15 14:00:00,34.44,34.47,34.29,34.38,104726.0
340,2019-04-15 15:00:00,34.37,34.47,34.21,34.22,441324.0
341,2019-04-15 16:00:00,34.23,34.23,34.23,34.23,19035.0
342,2019-04-16 09:00:00,34.3,34.49,34.28,34.37,89978.0
343,2019-04-16 10:00:00,34.36,34.42,34.09,34.09,222348.0
344,2019-04-16 11:00:00,34.1,34.16,33.98,34.055,220588.0
345,2019-04-16 12:00:00,34.055,34.11,34.0,34.09,136727.0
346,2019-04-16 13:00:00,34.09,34.125,34.02,34.125,107200.0
347,2019-04-16 14:00:00,34.13,34.21,34.06,34.125,164084.0
348,2019-04-16 15:00:00,34.13,34.185,34.1,34.11,378161.0
349,2019-04-16 16:00:00,34.12,34.3,34.12,34.3,47127.0
350,2019-04-17 09:00:00,34.43,35.42,34.3,35.42,361057.0
351,2019-04-17 10:00:00,35.41,35.43,34.65,34.675,424300.0
352,2019-04-17 11:00:00,34.675,35.0475,34.64,34.855,461962.0
353,2019-04-17 12:00:00,34.85,34.94,34.81,34.855,164862.0
354,2019-04-17 13:00:00,34.855,34.88,34.72,34.795,250877.0
355,2019-04-17 14:00:00,34.795,34.8,34.43,34.48,255515.0
356,2019-04-17 15:00:00,34.49,34.74,34.4,34.69,948151.0
357,2019-04-17 16:00:00,34.69,35.2728,34.69,35.2728,141943.0
358,2019-04-18 09:00:00,34.77,34.77,34.3022,34.41,127998.0
359,2019-04-18 10:00:00,34.425,34.435,34.08,34.24,369820.0
360,2019-04-18 11:00:00,34.24,34.72,34.17,34.68,307353.0
361,2019-04-18 12:00:00,34.68,34.96,34.68,34.83,110996.0
362,2019-04-18 13:00:00,34.83,34.83,34.67,34.75,228289.0
363,2019-04-18 14:00:00,34.745,34.93,34.72,34.92,161249.0
364,2019-04-18 15:00:00,34.91,35.07,34.83,34.9,521506.0
365,2019-04-18 16:00:00,34.89,34.89,34.89,34.89,17307.0
366,2019-04-22 09:00:00,34.74,34.77,34.34,34.37,98694.0
367,2019-04-22 10:00:00,34.36,34.36,34.03,34.2,458476.0
368,2019-04-22 11:00:00,34.18,34.19,33.885,34.02,271989.0
369,2019-04-22 12:00:00,34.03,34.06,33.925,33.99,145092.0
370,2019-04-22 13:00:00,34.0,34.01,33.73,33.75,283289.0
371,2019-04-22 14:00:00,33.7481,33.79,33.57,33.66,285712.0
372,2019-04-22 15:00:00,33.66,33.77,33.595,33.74,723906.0
373,2019-04-22 16:00:00,33.75,33.7665,33.75,33.7665,102686.0
374,2019-04-23 09:00:00,33.79,34.115,33.755,33.9,58344.0
375,2019-04-23 10:00:00,33.89,34.05,33.56,33.73,229990.0
376,2019-04-23 11:00:00,33.73,33.86,33.48,33.66,283187.0
377,2019-04-23 12:00:00,33.65,33.82,33.64,33.77,185017.0
378,2019-04-23 13:00:00,33.76,33.88,33.68,33.715,167383.0
379,2019-04-23 14:00:00,33.71,33.815,33.67,33.68,195302.0
380,2019-04-23 15:00:00,33.67,33.7,33.48,33.65,445260.0
381,2019-04-23 16:00:00,33.66,33.66,33.66,33.66,57491.0
382,2019-04-24 09:00:00,33.61,33.9,33.36,33.85,202385.0
383,2019-04-24 10:00:00,33.82,34.46,33.66,34.35,381946.0
384,2019-04-24 11:00:00,34.35,34.35,33.82,33.84,192752.0
385,2019-04-24 12:00:00,33.84,33.93,33.735,33.77,109015.0
386,2019-04-24 13:00:00,33.76,33.94,33.65,33.85,118026.0
387,2019-04-24 14:00:00,33.85,34.175,33.83,34.04,252861.0
388,2019-04-24 15:00:00,34.03,34.22,33.89,34.15,557614.0
389,2019-04-24 16:00:00,34.15,34.15,34.15,34.15,99900.0
390,2019-04-24 17:00:00,34.15,34.15,34.15,34.15,487.0
391,2019-04-25 09:00:00,34.19,34.19,33.75,34.03,78421.0
392,2019-04-25 10:00:00,34.03,34.3109,33.74,34.25,167094.0
393,2019-04-25 11:00:00,34.24,34.39,34.08,34.32,181719.0
394,2019-04-25 12:00:00,34.32,34.37,34.15,34.24,120012.0
395,2019-04-25 13:00:00,34.24,34.25,34.07,34.1,101866.0
396,2019-04-25 14:00:00,34.09,34.15,33.96,34.01,111085.0
397,2019-04-25 15:00:00,34.015,34.02,33.82,33.87,253773.0
398,2019-04-25 16:00:00,33.86,33.86,33.86,33.86,18213.0
399,2019-04-26 09:00:00,33.88,34.33,33.85,34.32,131144.0
400,2019-04-26 10:00:00,34.34,34.93,34.32,34.63,331491.0
401,2019-04-26 11:00:00,34.63,34.92,34.58,34.73,176957.0
402,2019-04-26 12:00:00,34.73,34.84,34.71,34.79,79902.0
403,2019-04-26 13:00:00,34.79,34.82,34.74,34.79,94823.0
404,2019-04-26 14:00:00,34.78,34.925,34.75,34.8775,148304.0
405,2019-04-26 15:00:00,34.88,34.91,34.745,34.8,381702.0
406,2019-04-26 16:00:00,34.79,34.79,34.79,34.79,11182.0
407,2019-04-29 09:00:00,34.8,35.4,34.78,35.3,120937.0
408,2019-04-29 10:00:00,35.3,35.31,35.04,35.14,241723.0
409,2019-04-29 11:00:00,35.14,35.255,34.94,35.23,158597.0
410,2019-04-29 12:00:00,35.23,35.4,35.23,35.39,147651.0
411,2019-04-29 13:00:00,35.385,35.48,35.29,35.475,145039.0
412,2019-04-29 14:00:00,35.48,35.57,35.35,35.43,257986.0
413,2019-04-29 15:00:00,35.435,35.47,35.41,35.43,866313.0
414,2019-04-29 16:00:00,35.43,35.43,35.43,35.43,23220.0
415,2019-04-30 09:00:00,35.32,35.46,34.92,34.94,165133.0
416,2019-04-30 10:00:00,34.92,35.01,34.66,34.83,286480.0
417,2019-04-30 11:00:00,34.84,34.88,34.61,34.77,161643.0
418,2019-04-30 12:00:00,34.79,34.91,34.78,34.85,106898.0
419,2019-04-30 13:00:00,34.87,35.03,34.845,34.92,168073.0
420,2019-04-30 14:00:00,34.925,35.0,34.74,34.785,438712.0
421,2019-04-30 15:00:00,34.785,35.2,34.785,35.11,590623.0
422,2019-04-30 16:00:00,35.12,35.12,35.12,35.12,129885.0
423,2019-04-30 18:00:00,35.12,35.12,35.12,35.12,12484.0
424,2019-05-01 09:00:00,35.13,35.39,34.94,35.2972,108380.0
425,2019-05-01 10:00:00,35.28,35.335,34.975,35.15,201708.0
426,2019-05-01 11:00:00,35.135,35.48,35.105,35.34,215098.0
427,2019-05-01 12:00:00,35.345,35.365,35.06,35.17,186865.0
428,2019-05-01 13:00:00,35.19,35.23,35.06,35.195,155793.0
429,2019-05-01 14:00:00,35.2,35.41,35.06,35.1,394954.0
430,2019-05-01 15:00:00,35.09,35.115,34.64,34.67,606280.0
431,2019-05-01 16:00:00,34.67,34.67,34.67,34.67,31827.0
432,2019-05-02 09:00:00,34.78,34.79,34.01,34.11,340910.0
433,2019-05-02 10:00:00,34.115,34.13,33.28,33.38,843391.0
434,2019-05-02 11:00:00,33.375,33.68,33.29,33.43,474679.0
435,2019-05-02 12:00:00,33.43,33.43,33.1,33.42,246531.0
436,2019-05-02 13:00:00,33.42,33.5401,33.35,33.465,440118.0
437,2019-05-02 14:00:00,33.465,33.69,33.38,33.38,220064.0
438,2019-05-02 15:00:00,33.375,33.69,33.33,33.57,954792.0
439,2019-05-02 16:00:00,33.6,33.6,33.6,33.6,113739.0
440,2019-05-02 19:00:00,33.66,33.66,33.66,33.66,668.0
441,2019-05-03 07:00:00,33.6,33.6,33.6,33.6,932.0
442,2019-05-03 08:00:00,33.85,34.0,33.2,34.0,4378.0
443,2019-05-03 09:00:00,34.0,34.74,33.25,34.51,354332.0
444,2019-05-03 10:00:00,34.51,34.98,34.32,34.82,325264.0
445,2019-05-03 11:00:00,34.81,35.69,34.78,35.08,853732.0
446,2019-05-03 12:00:00,35.07,35.1,34.07,34.8,759189.0
447,2019-05-03 13:00:00,34.785,35.1,34.55,34.91,454390.0
448,2019-05-03 14:00:00,34.92,35.07,34.82,35.05,299834.0
449,2019-05-03 15:00:00,35.045,35.2199,34.935,35.09,944449.0
450,2019-05-03 16:00:00,35.08,35.15,35.08,35.15,30339.0
451,2019-05-06 07:00:00,34.59,34.6,34.59,34.6,200.0
452,2019-05-06 09:00:00,32.72,35.4,32.72,35.01,221033.0
453,2019-05-06 10:00:00,34.99,35.21,34.64,34.78,347057.0
454,2019-05-06 11:00:00,34.78,34.89,34.47,34.49,242395.0
455,2019-05-06 12:00:00,34.49,34.93,34.44,34.775,160690.0
456,2019-05-06 13:00:00,34.77,34.79,34.625,34.65,124824.0
457,2019-05-06 14:00:00,34.65,34.87,34.595,34.78,167722.0
458,2019-05-06 15:00:00,34.79,34.825,34.675,34.7,388744.0
459,2019-05-06 16:00:00,34.71,34.7143,34.71,34.7143,340349.0
460,2019-05-07 08:00:00,32.69,32.69,32.69,32.69,500.0
461,2019-05-07 09:00:00,34.25,34.54,34.03,34.24,148531.0
462,2019-05-07 10:00:00,34.23,34.46,33.9,34.24,365084.0
463,2019-05-07 11:00:00,34.24,34.52,34.18,34.4,203526.0
464,2019-05-07 12:00:00,34.4,34.59,34.18,34.18,318953.0
465,2019-05-07 13:00:00,34.18,34.26,33.96,34.15,207348.0
466,2019-05-07 14:00:00,34.16,34.38,34.09,34.36,189476.0
467,2019-05-07 15:00:00,34.3431,34.63,34.23,34.59,722090.0
468,2019-05-07 16:00:00,34.59,34.5928,34.59,34.5928,133115.0
469,2019-05-07 17:00:00,34.63,34.63,34.63,34.63,100.0
470,2019-05-08 09:00:00,34.62,35.14,34.54,35.04,171200.0
471,2019-05-08 10:00:00,35.04,35.8396,35.02,35.39,744220.0
472,2019-05-08 11:00:00,35.4,35.6,35.01,35.015,285279.0
473,2019-05-08 12:00:00,35.0199,35.12,34.91,35.12,278979.0
474,2019-05-08 13:00:00,35.15,35.32,34.92,34.945,201307.0
475,2019-05-08 14:00:00,34.95,35.05,34.82,35.01,229584.0
476,2019-05-08 15:00:00,35.02,35.13,34.9,34.93,662970.0
477,2019-05-08 16:00:00,34.93,34.93,34.9288,34.93,58234.0
478,2019-05-08 17:00:00,34.93,34.93,34.93,34.93,492.0
479,2019-05-09 09:00:00,34.64,34.88,34.36,34.46,132364.0
480,2019-05-09 10:00:00,34.45,34.45,34.085,34.2357,179215.0
481,2019-05-09 11:00:00,34.22,34.75,34.18,34.59,250821.0
482,2019-05-09 12:00:00,34.59,34.92,34.45,34.81,113290.0
483,2019-05-09 13:00:00,34.8,34.88,34.58,34.59,142386.0
484,2019-05-09 14:00:00,34.6,34.79,34.54,34.64,111596.0
485,2019-05-09 15:00:00,34.64,34.83,34.57,34.75,348964.0
486,2019-05-09 16:00:00,34.77,34.7735,34.75,34.75,31995.0
487,2019-05-10 09:00:00,34.62,34.96,34.62,34.87,46816.0
488,2019-05-10 10:00:00,34.84,34.84,34.4,34.51,158053.0
489,2019-05-10 11:00:00,34.52,34.89,34.42,34.76,259428.0
490,2019-05-10 12:00:00,34.78,35.38,34.78,35.23,476851.0
491,2019-05-10 13:00:00,35.24,35.38,35.19,35.35,214162.0
492,2019-05-10 14:00:00,35.35,35.51,35.31,35.39,262048.0
493,2019-05-10 15:00:00,35.389,35.58,35.37,35.49,565111.0
494,2019-05-10 16:00:00,35.46,35.46,35.42,35.46,55889.0
495,2019-05-13 09:00:00,35.46,35.46,34.53,34.55,225125.0
496,2019-05-13 10:00:00,34.55,34.81,34.41,34.45,282160.0
497,2019-05-13 11:00:00,34.458,34.48,33.975,34.08,399677.0
498,2019-05-13 12:00:00,34.12,34.13,33.77,33.77,183018.0
499,2019-05-13 13:00:00,33.765,34.27,33.68,34.23,290151.0
500,2019-05-13 14:00:00,34.24,34.29,34.05,34.1801,218786.0
501,2019-05-13 15:00:00,34.19,34.2999,33.945,34.03,374476.0
502,2019-05-13 16:00:00,34.04,34.04,34.04,34.04,18908.0
503,2019-05-14 09:00:00,34.18,34.44,34.03,34.28,65017.0
504,2019-05-14 10:00:00,34.305,34.39,34.21,34.29,218750.0
505,2019-05-14 11:00:00,34.31,34.61,34.255,34.56,232744.0
506,2019-05-14 12:00:00,34.57,34.7,34.49,34.58,86600.0
507,2019-05-14 13:00:00,34.61,34.835,34.61,34.72,147506.0
508,2019-05-14 14:00:00,34.72,34.74,34.5725,34.645,110336.0
509,2019-05-14 15:00:00,34.64,34.65,34.33,34.36,312006.0
510,2019-05-14 16:00:00,34.37,34.65,34.37,34.65,40316.0
511,2019-05-15 09:00:00,34.17,34.17,33.8477,34.1,52825.0
512,2019-05-15 10:00:00,34.09,34.46,33.9,34.36,151760.0
513,2019-05-15 11:00:00,34.35,34.71,34.28,34.64,195969.0
514,2019-05-15 12:00:00,34.65,34.69,34.45,34.5,91195.0
515,2019-05-15 13:00:00,34.5,34.66,34.37,34.66,142050.0
516,2019-05-15 14:00:00,34.65,34.83,34.64,34.76,96708.0
517,2019-05-15 15:00:00,34.765,34.935,34.74,34.88,449977.0
518,2019-05-15 16:00:00,34.89,34.89,34.85,34.85,227322.0
519,2019-05-16 09:00:00,34.8,35.15,34.63,35.115,70966.0
520,2019-05-16 10:00:00,35.11,35.41,34.95,35.41,213606.0
521,2019-05-16 11:00:00,35.39,35.59,35.25,35.35,207968.0
522,2019-05-16 12:00:00,35.35,35.38,35.25,35.26,105177.0
523,2019-05-16 13:00:00,35.26,35.35,35.1,35.19,110588.0
524,2019-05-16 14:00:00,35.18,35.3,35.15,35.26,101288.0
525,2019-05-16 15:00:00,35.26,35.26,35.03,35.07,305958.0
526,2019-05-16 16:00:00,35.07,35.07,35.07,35.07,302170.0
527,2019-05-17 09:00:00,34.7,35.13,34.67,34.97,90713.0
528,2019-05-17 10:00:00,34.95,35.24,34.87,35.16,87373.0
529,2019-05-17 11:00:00,35.17,35.45,35.14,35.38,194067.0
530,2019-05-17 12:00:00,35.375,35.51,35.23,35.38,182409.0
531,2019-05-17 13:00:00,35.38,35.63,35.3,35.545,203113.0
532,2019-05-17 14:00:00,35.54,35.63,35.47,35.55,107735.0
533,2019-05-17 15:00:00,35.55,35.645,35.305,35.33,406554.0
534,2019-05-17 16:00:00,35.33,35.33,35.33,35.33,17072.0
535,2019-05-20 09:00:00,35.4,35.4,32.52,32.74,992515.0
536,2019-05-20 10:00:00,32.74,32.75,31.01,31.18,2147901.0
537,2019-05-20 11:00:00,31.2,31.83,31.01,31.45,1277271.0
538,2019-05-20 12:00:00,31.46,32.0,31.35,31.83,581728.0
539,2019-05-20 13:00:00,31.81,32.78,31.7001,32.615,808710.0
540,2019-05-20 14:00:00,32.615,33.9,32.385,33.285,1204949.0
541,2019-05-20 15:00:00,33.29,33.5,32.9801,33.2398,1544611.0
542,2019-05-20 16:00:00,33.2,33.2,33.2,33.2,101.0
543,2019-05-20 19:00:00,33.45,33.46,33.45,33.46,800.0
544,2019-05-21 08:00:00,33.35,33.35,33.35,33.35,1500.0
545,2019-05-21 09:00:00,33.36,34.5,33.34,34.39,372235.0
546,2019-05-21 10:00:00,34.38,34.92,34.2,34.64,777901.0
547,2019-05-21 11:00:00,34.645,34.88,34.645,34.73,408812.0
548,2019-05-21 12:00:00,34.73,34.885,34.7,34.84,192150.0
549,2019-05-21 13:00:00,34.84,35.05,34.81,35.02,190868.0
550,2019-05-21 14:00:00,35.0273,35.1,35.0,35.075,327774.0
551,2019-05-21 15:00:00,35.08,35.08,34.96,35.0,1005299.0
552,2019-05-21 16:00:00,34.95,34.95,34.45,34.45,14150.0
553,2019-05-22 09:00:00,34.82,35.01,34.31,34.955,200381.0
554,2019-05-22 10:00:00,34.955,35.32,34.94,35.02,401706.0
555,2019-05-22 11:00:00,35.025,35.05,34.75,34.82,178898.0
556,2019-05-22 12:00:00,34.83,35.0,34.79,34.81,94550.0
557,2019-05-22 13:00:00,34.81,34.97,34.68,34.95,213081.0
558,2019-05-22 14:00:00,34.94,35.0,34.88,34.93,110018.0
559,2019-05-22 15:00:00,34.92,35.0,34.85,34.87,381986.0
560,2019-05-22 16:00:00,34.87,34.87,34.87,34.87,30935.0
561,2019-05-23 07:00:00,34.21,34.62,34.1,34.25,5300.0
562,2019-05-23 08:00:00,34.47,34.47,34.1,34.1,700.0
563,2019-05-23 09:00:00,34.16,34.54,34.11,34.345,320699.0
564,2019-05-23 10:00:00,34.33,34.77,34.29,34.75,279890.0
565,2019-05-23 11:00:00,34.75,35.13,34.66,34.9,257103.0
566,2019-05-23 12:00:00,34.9,34.955,34.45,34.47,169397.0
567,2019-05-23 13:00:00,34.45,34.53,34.28,34.41,194596.0
568,2019-05-23 14:00:00,34.42,34.44,34.13,34.195,225621.0
569,2019-05-23 15:00:00,34.19,34.395,34.1,34.26,446708.0
570,2019-05-23 16:00:00,34.26,34.26,34.26,34.26,41305.0
571,2019-05-24 09:00:00,34.58,34.85,34.44,34.59,93135.0
572,2019-05-24 10:00:00,34.62,34.82,34.54,34.61,140158.0
573,2019-05-24 11:00:00,34.61,34.74,34.465,34.495,104353.0
574,2019-05-24 12:00:00,34.495,34.57,34.41,34.48,114640.0
575,2019-05-24 13:00:00,34.49,34.54,34.47,34.48,51019.0
576,2019-05-24 14:00:00,34.49,34.49,34.33,34.35,88265.0
577,2019-05-24 15:00:00,34.36,34.4,34.185,34.2,354838.0
578,2019-05-24 16:00:00,34.22,34.22,34.22,34.22,101101.0
579,2019-05-28 09:00:00,34.6,35.175,34.5565,34.935,173586.0
580,2019-05-28 10:00:00,34.92,35.26,34.8,34.91,259004.0
581,2019-05-28 11:00:00,34.9,35.15,34.87,35.11,347137.0
582,2019-05-28 12:00:00,35.13,35.435,35.12,35.36,222859.0
583,2019-05-28 13:00:00,35.35,35.62,35.26,35.6,155192.0
584,2019-05-28 14:00:00,35.61,35.61,35.43,35.59,178387.0
585,2019-05-28 15:00:00,35.585,35.585,35.11,35.16,636225.0
586,2019-05-28 16:00:00,35.16,35.16,35.16,35.16,50182.0
587,2019-05-29 09:00:00,34.87,35.18,34.775,35.14,116558.0
588,2019-05-29 10:00:00,35.16,35.48,35.0,35.22,301452.0
589,2019-05-29 11:00:00,35.215,35.29,35.005,35.07,280550.0
590,2019-05-29 12:00:00,35.07,35.09,34.87,34.98,226812.0
591,2019-05-29 13:00:00,34.975,35.04,34.88,34.885,142613.0
592,2019-05-29 14:00:00,34.89,34.91,34.56,34.74,156287.0
593,2019-05-29 15:00:00,34.735,34.93,34.655,34.86,593055.0
594,2019-05-29 16:00:00,34.87,34.87,34.87,34.87,18802.0
595,2019-05-30 09:00:00,34.92,35.76,34.82,35.68,228979.0
596,2019-05-30 10:00:00,35.685,35.92,35.55,35.76,504149.0
597,2019-05-30 11:00:00,35.75,35.99,35.38,35.87,349977.0
598,2019-05-30 12:00:00,35.87,36.22,35.8,36.115,254616.0
599,2019-05-30 13:00:00,36.11,36.125,34.3595,34.91,977109.0
600,2019-05-30 14:00:00,34.885,34.96,34.03,34.53,708277.0
601,2019-05-30 15:00:00,34.52,34.84,34.34,34.76,717308.0
602,2019-05-30 16:00:00,34.76,34.76,34.76,34.76,82445.0
603,2019-05-30 19:00:00,34.77,34.77,34.77,34.77,2600.0
604,2019-05-31 07:00:00,34.58,34.7,34.56,34.7,5000.0
605,2019-05-31 08:00:00,34.7,34.75,34.7,34.75,1000.0
606,2019-05-31 09:00:00,34.75,35.71,34.75,35.12,422244.0
607,2019-05-31 10:00:00,35.155,35.74,34.94,35.735,577738.0
608,2019-05-31 11:00:00,35.73,36.0,35.54,35.615,681276.0
609,2019-05-31 12:00:00,35.6,35.6,35.16,35.44,246536.0
610,2019-05-31 13:00:00,35.43,35.72,35.4,35.71,231017.0
611,2019-05-31 14:00:00,35.71,36.015,35.63,35.94,671332.0
612,2019-05-31 15:00:00,35.94,36.17,35.87,36.11,1018942.0
613,2019-05-31 16:00:00,36.11,36.11,36.11,36.11,33880.0
614,2019-05-31 18:00:00,36.2,36.2,36.2,36.2,500.0
615,2019-06-03 09:00:00,36.11,36.77,35.95,36.73,314066.0
616,2019-06-03 10:00:00,36.73,36.78,36.13,36.54,700726.0
617,2019-06-03 11:00:00,36.525,36.525,35.91,35.95,266119.0
618,2019-06-03 12:00:00,35.945,35.975,35.34,35.7,236343.0
619,2019-06-03 13:00:00,35.7,36.0,35.59,35.84,212499.0
620,2019-06-03 14:00:00,35.84,36.08,35.7788,35.925,339901.0
621,2019-06-03 15:00:00,35.93,35.94,35.33,35.52,944179.0
622,2019-06-03 16:00:00,35.53,35.53,35.53,35.53,102583.0
623,2019-06-04 09:00:00,35.86,36.29,35.69,35.78,122536.0
624,2019-06-04 10:00:00,35.815,36.15,35.59,36.08,495365.0
625,2019-06-04 11:00:00,36.07,36.43,35.99,36.375,378567.0
626,2019-06-04 12:00:00,36.37,36.37,36.02,36.24,318957.0
627,2019-06-04 13:00:00,36.24,36.26,35.98,36.06,252092.0
628,2019-06-04 14:00:00,36.06,36.19,35.95,36.055,207847.0
629,2019-06-04 15:00:00,36.06,36.31,35.835,36.25,739036.0
630,2019-06-04 16:00:00,36.25,36.25,36.25,36.25,263339.0
631,2019-06-05 09:00:00,36.36,36.59,35.76,35.96,95966.0
632,2019-06-05 10:00:00,35.965,36.03,35.56,35.79,196583.0
633,2019-06-05 11:00:00,35.8,36.05,35.73,35.92,186871.0
634,2019-06-05 12:00:00,35.92,36.04,35.855,35.94,133393.0
635,2019-06-05 13:00:00,35.96,36.2,35.96,36.11,191392.0
636,2019-06-05 14:00:00,36.09,36.1,35.775,35.88,189558.0
637,2019-06-05 15:00:00,35.8813,35.95,35.735,35.92,584144.0
638,2019-06-05 16:00:00,35.92,35.92,35.92,35.92,342809.0
639,2019-06-06 09:00:00,36.3,36.47,36.1,36.17,104461.0
640,2019-06-06 10:00:00,36.16,36.205,35.82,36.01,141987.0
641,2019-06-06 11:00:00,35.99,36.35,35.98,36.05,213142.0
642,2019-06-06 12:00:00,36.05,36.35,36.04,36.24,155484.0
643,2019-06-06 13:00:00,36.24,36.36,36.13,36.17,140278.0
644,2019-06-06 14:00:00,36.17,36.1975,35.99,35.99,203253.0
645,2019-06-06 15:00:00,36.0,36.28,36.0,36.19,401246.0
646,2019-06-06 16:00:00,36.18,36.18,36.18,36.18,177288.0
647,2019-06-06 17:00:00,36.18,36.18,36.18,36.18,2994.0
648,2019-06-07 07:00:00,36.18,36.18,36.18,36.18,1183.0
649,2019-06-07 09:00:00,36.33,36.5,36.0,36.05,97525.0
650,2019-06-07 10:00:00,36.05,36.31,35.97,36.25,161618.0
651,2019-06-07 11:00:00,36.25,36.46,36.085,36.4,155680.0
652,2019-06-07 12:00:00,36.41,36.49,36.34,36.44,133986.0
653,2019-06-07 13:00:00,36.44,36.59,36.31,36.34,133120.0
654,2019-06-07 14:00:00,36.34,38.47,36.22,37.115,1416654.0
655,2019-06-07 15:00:00,37.1,37.47,36.98,37.13,1792653.0
656,2019-06-07 16:00:00,37.1,37.1,37.1,37.1,30356.0
657,2019-06-10 09:00:00,37.69,37.72,37.31,37.59,316301.0
658,2019-06-10 10:00:00,37.58,38.3,37.35,37.44,399186.0
659,2019-06-10 11:00:00,37.45,37.585,37.33,37.575,199382.0
660,2019-06-10 12:00:00,37.575,37.76,37.441,37.59,492786.0
661,2019-06-10 13:00:00,37.58,37.58,37.075,37.075,214166.0
662,2019-06-10 14:00:00,37.07,37.3333,36.93,37.31,286905.0
663,2019-06-10 15:00:00,37.305,37.42,37.2,37.35,662878.0
664,2019-06-10 16:00:00,37.35,37.35,37.35,37.35,101722.0
665,2019-06-11 04:00:00,37.35,37.35,37.35,37.35,213.0
666,2019-06-11 09:00:00,37.2,37.9,37.19,37.42,318375.0
667,2019-06-11 10:00:00,37.42,37.63,37.13,37.505,272898.0
668,2019-06-11 11:00:00,37.491,37.491,37.21,37.33,115852.0
669,2019-06-11 12:00:00,37.325,37.34,37.05,37.05,126885.0
670,2019-06-11 13:00:00,37.05,37.39,37.02,37.39,183186.0
671,2019-06-11 14:00:00,37.38,37.48,37.12,37.21,164016.0
672,2019-06-11 15:00:00,37.19,37.54,37.15,37.24,440734.0
673,2019-06-11 16:00:00,37.24,37.24,37.24,37.24,27925.0
674,2019-06-12 08:00:00,37.3,37.3,37.3,37.3,200.0
675,2019-06-12 09:00:00,37.16,37.77,37.05,37.28,122260.0
676,2019-06-12 10:00:00,37.28,37.73,37.13,37.355,212863.0
677,2019-06-12 11:00:00,37.35,37.43,37.15,37.155,107677.0
678,2019-06-12 12:00:00,37.16,37.52,37.16,37.5,99131.0
679,2019-06-12 13:00:00,37.52,37.98,37.39,37.55,389246.0
680,2019-06-12 14:00:00,37.55,37.6131,37.46,37.49,145182.0
681,2019-06-12 15:00:00,37.48,37.53,37.35,37.53,319100.0
682,2019-06-12 16:00:00,37.53,37.53,37.53,37.53,37793.0
683,2019-06-12 18:00:00,37.5,37.5,37.5,37.5,700.0
684,2019-06-13 09:00:00,37.74,37.99,37.4,37.59,79076.0
685,2019-06-13 10:00:00,37.59,37.65,37.3,37.49,184616.0
686,2019-06-13 11:00:00,37.485,37.61,37.38,37.43,149828.0
687,2019-06-13 12:00:00,37.44,37.76,37.44,37.72,104009.0
688,2019-06-13 13:00:00,37.72,37.89,37.705,37.81,105522.0
689,2019-06-13 14:00:00,37.82,38.1,37.69,37.7,337671.0
690,2019-06-13 15:00:00,37.7,37.9,37.51,37.89,506362.0
691,2019-06-13 16:00:00,37.89,37.89,37.88,37.88,165381.0
692,2019-06-13 17:00:00,37.89,37.89,37.89,37.89,1459.0
693,2019-06-13 19:00:00,38.0,38.0,38.0,38.0,100.0
694,2019-06-14 09:00:00,37.82,38.04,37.47,37.49,298115.0
695,2019-06-14 10:00:00,37.515,37.96,37.235,37.91,338172.0
696,2019-06-14 11:00:00,37.9,38.02,37.74,37.88,223938.0
697,2019-06-14 12:00:00,37.88,38.02,37.845,37.98,155320.0
698,2019-06-14 13:00:00,37.97,38.13,37.725,37.74,213363.0
699,2019-06-14 14:00:00,37.74,37.9,37.73,37.865,117427.0
700,2019-06-14 15:00:00,37.87,37.89,37.33,37.53,797072.0
701,2019-06-14 16:00:00,37.54,38.16,37.54,37.54,30586.0
702,2019-06-14 17:00:00,38.16,38.17,38.16,38.17,200.0
703,2019-06-14 19:00:00,37.53,38.0,37.53,38.0,300.0
704,2019-06-17 08:00:00,37.66,37.66,37.66,37.66,150.0
705,2019-06-17 09:00:00,37.81,37.86,36.83,37.23,371740.0
706,2019-06-17 10:00:00,37.24,38.717,37.17,38.58,683644.0
707,2019-06-17 11:00:00,38.57,38.98,38.14,38.305,727107.0
708,2019-06-17 12:00:00,38.3,39.0661,38.24,39.05,575555.0
709,2019-06-17 13:00:00,39.03,39.35,38.97,39.28,611677.0
710,2019-06-17 14:00:00,39.29,39.45,39.03,39.065,658065.0
711,2019-06-17 15:00:00,39.065,39.1051,38.93,39.0,947784.0
712,2019-06-17 16:00:00,38.99,38.99,38.99,38.99,137331.0
713,2019-06-18 09:00:00,39.6,41.39,39.26,39.675,782801.0
714,2019-06-18 10:00:00,39.675,39.94,39.19,39.79,705792.0
715,2019-06-18 11:00:00,39.8,39.96,39.365,39.54,465821.0
716,2019-06-18 12:00:00,39.54,39.645,39.28,39.51,448796.0
717,2019-06-18 13:00:00,39.51,40.305,38.16,39.04,1927619.0
718,2019-06-18 14:00:00,39.04,39.44,38.96,39.38,545296.0
719,2019-06-18 15:00:00,39.385,39.41,39.03,39.09,1066589.0
720,2019-06-18 16:00:00,39.1,39.1,39.0,39.1,63653.0
721,2019-06-19 09:00:00,39.16,39.35,38.82,39.13,427294.0
722,2019-06-19 10:00:00,39.1038,39.26,38.79,38.84,701558.0
723,2019-06-19 11:00:00,38.85,38.93,38.65,38.83,453469.0
724,2019-06-19 12:00:00,38.81,39.14,38.805,39.11,335272.0
725,2019-06-19 13:00:00,39.11,39.2,38.86,38.96,407916.0
726,2019-06-19 14:00:00,38.99,39.07,38.84,39.01,438087.0
727,2019-06-19 15:00:00,39.0,39.12,38.85,38.89,1827479.0
728,2019-06-19 16:00:00,38.89,39.2,38.89,39.2,44867.0
729,2019-06-19 17:00:00,39.22,39.93,38.91,38.91,24636.0
730,2019-06-19 18:00:00,39.2,39.99,39.2,39.99,1000.0
731,2019-06-20 09:00:00,39.72,40.25,39.11,39.11,579739.0
732,2019-06-20 10:00:00,39.16,39.78,39.16,39.37,784511.0
733,2019-06-20 11:00:00,39.38,39.71,39.32,39.55,553699.0
734,2019-06-20 12:00:00,39.55,39.55,39.04,39.24,442270.0
735,2019-06-20 13:00:00,39.235,39.495,39.2,39.21,272885.0
736,2019-06-20 14:00:00,39.21,39.21,39.0,39.085,284665.0
737,2019-06-20 15:00:00,39.07,39.43,38.955,39.08,952025.0
738,2019-06-20 16:00:00,39.09,39.09,39.09,39.09,57082.0
739,2019-06-20 18:00:00,39.1,39.1,39.1,39.1,600.0
740,2019-06-21 09:00:00,39.17,39.45,38.46,38.79,391466.0
741,2019-06-21 10:00:00,38.7475,39.2,38.73,39.05,316833.0
742,2019-06-21 11:00:00,39.05,39.295,38.97,39.19,288317.0
743,2019-06-21 12:00:00,39.18,39.24,38.98,39.1,179615.0
744,2019-06-21 13:00:00,39.09,39.18,38.955,39.05,219829.0
745,2019-06-21 14:00:00,39.07,39.19,38.965,39.07,233301.0
746,2019-06-21 15:00:00,39.07,39.1558,38.95,39.0,884281.0
747,2019-06-21 16:00:00,39.01,39.0499,39.01,39.0499,98841.0
748,2019-06-24 09:00:00,39.0,39.15,38.77,39.11,116345.0
749,2019-06-24 10:00:00,39.06,39.35,38.55,38.605,197468.0
750,2019-06-24 11:00:00,38.61,38.66,38.36,38.63,205775.0
751,2019-06-24 12:00:00,38.63,39.01,38.63,38.94,115313.0
752,2019-06-24 13:00:00,38.9472,39.07,38.85,38.905,114078.0
753,2019-06-24 14:00:00,38.91,38.96,38.69,38.69,250691.0
754,2019-06-24 15:00:00,38.6991,38.735,38.48,38.59,425269.0
755,2019-06-24 16:00:00,38.59,38.59,38.59,38.59,17644.0
756,2019-06-24 17:00:00,38.59,38.59,38.59,38.59,4595.0
757,2019-06-25 09:00:00,38.49,38.49,37.69,37.96,259054.0
758,2019-06-25 10:00:00,37.98,38.06,37.65,37.727,389011.0
759,2019-06-25 11:00:00,37.725,38.06,37.68,37.94,320435.0
760,2019-06-25 12:00:00,37.92,38.18,37.915,37.95,199027.0
761,2019-06-25 13:00:00,37.94,37.98,37.71,37.755,242188.0
762,2019-06-25 14:00:00,37.755,37.8,37.435,37.6105,229450.0
763,2019-06-25 15:00:00,37.62,37.9,37.57,37.78,955058.0
764,2019-06-25 16:00:00,37.78,37.78,37.78,37.78,44149.0
765,2019-06-26 09:00:00,37.92,38.245,37.84,37.89,55147.0
766,2019-06-26 10:00:00,37.89,38.15,37.68,37.92,137189.0
767,2019-06-26 11:00:00,37.905,37.92,37.57,37.69,93766.0
768,2019-06-26 12:00:00,37.7,37.7,37.475,37.515,131395.0
769,2019-06-26 13:00:00,37.52,37.56,37.45,37.53,125876.0
770,2019-06-26 14:00:00,37.55,37.59,37.43,37.5,226091.0
771,2019-06-26 15:00:00,37.5,37.61,37.46,37.5,441500.0
772,2019-06-26 16:00:00,37.51,37.51,37.5,37.51,24462.0
773,2019-06-27 09:00:00,37.51,37.97,37.46,37.515,65688.0
774,2019-06-27 10:00:00,37.515,37.7,37.47,37.61,111164.0
775,2019-06-27 11:00:00,37.62,37.755,37.44,37.69,145280.0
776,2019-06-27 12:00:00,37.7,38.15,37.69,38.05,260331.0
777,2019-06-27 13:00:00,38.055,38.39,38.055,38.14,260373.0
778,2019-06-27 14:00:00,38.14,38.2,38.08,38.12,132493.0
779,2019-06-27 15:00:00,38.12,38.26,38.09,38.17,412044.0
780,2019-06-27 16:00:00,38.17,38.17,38.17,38.17,15833.0
781,2019-06-28 09:00:00,38.21,38.29,37.98,38.1,76858.0
782,2019-06-28 10:00:00,38.1,38.2,37.97,38.085,316379.0
783,2019-06-28 11:00:00,38.085,38.25,38.065,38.13,261668.0
784,2019-06-28 12:00:00,38.14,38.26,38.14,38.195,199864.0
785,2019-06-28 13:00:00,38.195,38.23,38.12,38.175,296536.0
786,2019-06-28 14:00:00,38.175,38.47,38.15,38.225,245227.0
787,2019-06-28 15:00:00,38.225,38.45,38.21,38.41,378777.0
788,2019-06-28 16:00:00,38.41,38.41,38.41,38.41,57448.0
789,2019-07-01 09:00:00,39.5,39.5,38.64,38.69,121706.0
790,2019-07-01 10:00:00,38.69,38.78,38.35,38.51,233910.0
791,2019-07-01 11:00:00,38.52,38.73,38.455,38.58,125546.0
792,2019-07-01 12:00:00,38.59,38.76,38.57,38.62,93130.0
793,2019-07-01 13:00:00,38.61,38.635,38.23,38.42,194500.0
794,2019-07-01 14:00:00,38.415,38.45,38.285,38.39,110292.0
795,2019-07-01 15:00:00,38.38,38.98,38.38,38.86,609111.0
796,2019-07-01 16:00:00,38.86,38.86,38.86,38.86,16099.0
797,2019-07-02 09:00:00,38.87,41.18,38.53,39.89,1359216.0
798,2019-07-02 10:00:00,39.89,39.9,39.25,39.44,742280.0
799,2019-07-02 11:00:00,39.432,39.58,39.28,39.32,269832.0
800,2019-07-02 12:00:00,39.32,39.45,39.05,39.1,439143.0
801,2019-07-02 13:00:00,39.085,39.235,39.01,39.08,183541.0
802,2019-07-02 14:00:00,39.08,39.1298,38.9,38.96,237372.0
803,2019-07-02 15:00:00,38.955,39.21,38.945,39.17,538709.0
804,2019-07-02 16:00:00,39.17,39.17,39.15,39.17,28078.0
805,2019-07-02 17:00:00,39.14,39.14,39.14,39.14,500.0
806,2019-07-03 09:00:00,39.17,39.51,39.16,39.49,139872.0
807,2019-07-03 10:00:00,39.495,39.95,39.4375,39.735,325451.0
808,2019-07-03 11:00:00,39.695,39.87,39.59,39.74,230418.0
809,2019-07-03 12:00:00,39.73,40.67,39.51,39.58,982822.0
810,2019-07-03 13:00:00,39.6,39.6,39.6,39.6,10444.0
811,2019-07-05 09:00:00,39.41,40.0,39.41,39.865,155509.0
812,2019-07-05 10:00:00,39.88,40.14,39.55,39.65,152984.0
813,2019-07-05 11:00:00,39.65,39.87,39.61,39.755,95102.0
814,2019-07-05 12:00:00,39.77,39.86,39.71,39.8,88809.0
815,2019-07-05 13:00:00,39.81,39.93,39.72,39.9,69917.0
816,2019-07-05 14:00:00,39.91,40.11,39.91,40.1,91930.0
817,2019-07-05 15:00:00,40.095,40.1,39.84,39.985,312887.0
818,2019-07-05 16:00:00,39.97,39.98,39.97,39.97,63481.0
819,2019-07-08 08:00:00,39.97,40.0,39.97,40.0,500.0
820,2019-07-08 09:00:00,40.05,40.52,39.82,40.085,246613.0
821,2019-07-08 10:00:00,40.08,40.54,40.03,40.24,447980.0
822,2019-07-08 11:00:00,40.23,40.26,40.07,40.1,120757.0
823,2019-07-08 12:00:00,40.1008,40.2,40.06,40.2,102346.0
824,2019-07-08 13:00:00,40.21,40.23,40.09,40.14,71911.0
825,2019-07-08 14:00:00,40.13,40.13,39.93,40.01,138172.0
826,2019-07-08 15:00:00,40.01,40.06,39.81,39.85,371000.0
827,2019-07-08 16:00:00,39.84,39.84,39.84,39.84,211215.0
828,2019-07-09 07:00:00,39.75,39.75,39.75,39.75,159.0
829,2019-07-09 08:00:00,39.7493,39.75,39.7493,39.75,1100.0
830,2019-07-09 09:00:00,39.84,40.28,39.75,39.78,68199.0
831,2019-07-09 10:00:00,39.78,40.48,39.7175,40.42,279327.0
832,2019-07-09 11:00:00,40.415,40.76,40.4,40.54,316186.0
833,2019-07-09 12:00:00,40.54,40.73,40.49,40.7,410379.0
834,2019-07-09 13:00:00,40.71,40.815,40.65,40.7,189735.0
835,2019-07-09 14:00:00,40.69,40.84,40.68,40.7,137625.0
836,2019-07-09 15:00:00,40.7,40.83,40.65,40.73,514672.0
837,2019-07-09 16:00:00,40.73,40.73,40.73,40.73,28254.0
838,2019-07-09 17:00:00,40.73,40.73,40.73,40.73,9905.0
839,2019-07-10 07:00:00,40.95,40.95,40.95,40.95,900.0
840,2019-07-10 08:00:00,41.74,41.74,40.9999,40.9999,1175.0
841,2019-07-10 09:00:00,41.0,41.33,40.5,40.58,138586.0
842,2019-07-10 10:00:00,40.62,40.7842,40.22,40.44,247305.0
843,2019-07-10 11:00:00,40.43,40.51,40.1786,40.485,208321.0
844,2019-07-10 12:00:00,40.49,40.62,40.45,40.575,144722.0
845,2019-07-10 13:00:00,40.58,40.86,40.57,40.7,153772.0
846,2019-07-10 14:00:00,40.72,40.93,40.66,40.76,299551.0
847,2019-07-10 15:00:00,40.755,40.8,40.52,40.66,581410.0
848,2019-07-10 16:00:00,40.66,40.66,40.66,40.66,46727.0
849,2019-07-10 18:00:00,40.66,40.66,40.66,40.66,723.0
850,2019-07-11 09:00:00,40.73,41.2,40.51,40.66,68228.0
851,2019-07-11 10:00:00,40.68,40.95,40.54,40.89,140685.0
852,2019-07-11 11:00:00,40.91,41.47,40.0331,40.915,546731.0
853,2019-07-11 12:00:00,40.915,41.03,40.67,40.7422,168720.0
854,2019-07-11 13:00:00,40.75,40.77,40.54,40.635,132017.0
855,2019-07-11 14:00:00,40.635,40.89,40.63,40.83,103991.0
856,2019-07-11 15:00:00,40.84,40.93,40.71,40.81,474072.0
857,2019-07-11 16:00:00,40.82,40.82,40.75,40.75,51898.0
858,2019-07-12 09:00:00,41.0,41.23,40.83,40.83,57072.0
859,2019-07-12 10:00:00,40.9,41.05,40.74,41.05,77551.0
860,2019-07-12 11:00:00,41.03,41.36,41.0,41.17,125409.0
861,2019-07-12 12:00:00,41.17,41.4,41.14,41.37,77665.0
862,2019-07-12 13:00:00,41.38,41.51,41.38,41.475,77320.0
863,2019-07-12 14:00:00,41.47,41.76,41.38,41.665,166281.0
864,2019-07-12 15:00:00,41.66,41.97,41.65,41.88,782674.0
865,2019-07-12 16:00:00,41.87,41.87,41.87,41.87,32292.0
866,2019-07-15 09:00:00,41.86,42.04,41.58,41.6545,123507.0
867,2019-07-15 10:00:00,41.65,41.8999,41.445,41.725,229163.0
868,2019-07-15 11:00:00,41.73,41.9,41.64,41.66,284075.0
869,2019-07-15 12:00:00,41.65,41.71,41.57,41.59,125992.0
870,2019-07-15 13:00:00,41.59,41.75,41.59,41.635,121258.0
871,2019-07-15 14:00:00,41.63,41.78,41.57,41.775,180095.0
872,2019-07-15 15:00:00,41.775,41.82,41.7,41.8,429643.0
873,2019-07-15 16:00:00,41.8,41.8,41.8,41.8,100172.0
874,2019-07-16 09:00:00,41.84,42.1,41.71,42.03,49602.0
875,2019-07-16 10:00:00,42.02,42.08,41.81,41.83,166162.0
876,2019-07-16 11:00:00,41.81,41.86,41.54,41.54,196689.0
877,2019-07-16 12:00:00,41.55,41.61,41.4,41.5,109096.0
878,2019-07-16 13:00:00,41.5,41.54,41.275,41.285,160562.0
879,2019-07-16 14:00:00,41.29,41.3102,41.12,41.17,201934.0
880,2019-07-16 15:00:00,41.16,41.33,41.13,41.23,489669.0
881,2019-07-16 16:00:00,41.24,41.72,41.24,41.72,23608.0
882,2019-07-17 07:00:00,41.0,41.0,41.0,41.0,300.0
883,2019-07-17 08:00:00,40.0,40.0,40.0,40.0,100.0
884,2019-07-17 09:00:00,41.13,41.37,40.52,40.79,82639.0
885,2019-07-17 10:00:00,40.76,40.99,40.75,40.95,180326.0
886,2019-07-17 11:00:00,40.96,41.07,40.88,40.94,124582.0
887,2019-07-17 12:00:00,40.94,40.965,40.815,40.85,55370.0
888,2019-07-17 13:00:00,40.85,41.15,40.84,41.12,97378.0
889,2019-07-17 14:00:00,41.1,41.14,40.91,41.01,95411.0
890,2019-07-17 15:00:00,41.01,41.03,40.84,40.85,324274.0
891,2019-07-17 16:00:00,40.85,40.85,40.85,40.85,12754.0
892,2019-07-17 17:00:00,40.85,40.85,40.85,40.85,1856.0
893,2019-07-18 09:00:00,40.83,40.85,40.31,40.63,145798.0
894,2019-07-18 10:00:00,40.62,40.935,40.49,40.81,273377.0
895,2019-07-18 11:00:00,40.81,40.88,40.55,40.63,209720.0
896,2019-07-18 12:00:00,40.63,40.6999,40.585,40.62,120480.0
897,2019-07-18 13:00:00,40.62,40.7,40.55,40.58,112994.0
898,2019-07-18 14:00:00,40.585,40.87,40.585,40.85,215798.0
899,2019-07-18 15:00:00,40.84,40.925,40.75,40.83,378911.0
900,2019-07-18 16:00:00,40.83,40.83,40.8,40.8,79181.0
901,2019-07-18 17:00:00,40.83,40.83,40.83,40.83,100.0
902,2019-07-19 09:00:00,40.89,41.03,40.63,40.82,84935.0
903,2019-07-19 10:00:00,40.86,40.9,40.37,40.44,159937.0
904,2019-07-19 11:00:00,40.44,40.55,40.335,40.475,160257.0
905,2019-07-19 12:00:00,40.475,40.67,40.475,40.67,90824.0
906,2019-07-19 13:00:00,40.66,40.76,40.59,40.73,111802.0
907,2019-07-19 14:00:00,40.725,40.78,40.37,40.52,171473.0
908,2019-07-19 15:00:00,40.52,41.1,40.435,40.89,1334867.0
909,2019-07-19 16:00:00,40.89,40.9,40.89,40.89,34471.0
910,2019-07-22 09:00:00,40.98,41.5,40.73,41.27,168066.0
911,2019-07-22 10:00:00,41.29,41.77,41.18,41.68,378789.0
912,2019-07-22 11:00:00,41.68,42.0864,41.49,42.0864,534318.0
913,2019-07-22 12:00:00,42.09,42.11,41.46,41.55,401486.0
914,2019-07-22 13:00:00,41.525,41.68,41.37,41.605,189712.0
915,2019-07-22 14:00:00,41.605,41.67,41.41,41.46,193450.0
916,2019-07-22 15:00:00,41.47,41.9758,41.46,41.87,1044008.0
917,2019-07-22 16:00:00,41.85,41.85,41.85,41.85,14842.0
918,2019-07-22 18:00:00,42.16,42.17,42.16,42.17,700.0
919,2019-07-22 19:00:00,42.1699,42.1699,42.1699,42.1699,300.0
920,2019-07-23 09:00:00,42.02,42.36,41.53,41.6,142079.0
921,2019-07-23 10:00:00,41.58,41.99,41.49,41.77,225983.0
922,2019-07-23 11:00:00,41.765,42.08,41.68,42.06,184316.0
923,2019-07-23 12:00:00,42.06,42.8,42.06,42.5858,605670.0
924,2019-07-23 13:00:00,42.56,43.18,42.4,43.165,462853.0
925,2019-07-23 14:00:00,43.17,43.62,42.82,43.445,751752.0
926,2019-07-23 15:00:00,43.445,43.6,43.21,43.27,1462055.0
927,2019-07-23 16:00:00,43.26,43.26,43.26,43.26,300926.0
928,2019-07-24 09:00:00,44.0,44.85,42.25,42.425,1773271.0
929,2019-07-24 10:00:00,42.39,42.73,42.1,42.68,1453192.0
930,2019-07-24 11:00:00,42.68,42.805,42.34,42.61,562656.0
931,2019-07-24 12:00:00,42.62,42.85,42.62,42.765,285087.0
932,2019-07-24 13:00:00,42.765,42.765,42.12,42.125,314535.0
933,2019-07-24 14:00:00,42.125,42.18,41.48,41.76,1113113.0
934,2019-07-24 15:00:00,41.76,41.84,41.39,41.52,1528645.0
935,2019-07-24 16:00:00,41.56,42.12,41.56,41.56,35179.0
936,2019-07-25 07:00:00,41.7,41.7,41.7,41.7,125.0
937,2019-07-25 08:00:00,41.66,41.66,39.95,40.33,18834.0
938,2019-07-25 09:00:00,40.38,40.88,39.39,39.48,882255.0
939,2019-07-25 10:00:00,39.48,39.72,38.97,39.56,1185946.0
940,2019-07-25 11:00:00,39.5629,39.73,39.035,39.05,358073.0
941,2019-07-25 12:00:00,39.045,39.6,38.99,39.545,318473.0
942,2019-07-25 13:00:00,39.545,39.85,39.505,39.56,225556.0
943,2019-07-25 14:00:00,39.55,39.58,39.11,39.14,299064.0
944,2019-07-25 15:00:00,39.14,39.345,39.04,39.15,1309946.0
945,2019-07-25 16:00:00,39.17,39.17,39.17,39.17,42968.0
946,2019-07-25 17:00:00,39.2,39.2,39.2,39.2,250.0
947,2019-07-26 08:00:00,39.2,39.2,39.2,39.2,500.0
948,2019-07-26 09:00:00,39.31,39.47,39.16,39.37,183553.0
949,2019-07-26 10:00:00,39.38,39.55,38.97,39.46,295545.0
950,2019-07-26 11:00:00,39.46,40.54,39.05,39.665,1563434.0
951,2019-07-26 12:00:00,39.67,40.22,39.64,39.91,684667.0
952,2019-07-26 13:00:00,39.94,40.04,39.64,39.73,284400.0
953,2019-07-26 14:00:00,39.725,39.77,39.28,39.325,478256.0
954,2019-07-26 15:00:00,39.33,39.57,39.29,39.51,1111336.0
955,2019-07-26 16:00:00,39.51,39.55,39.39,39.55,47422.0
956,2019-07-26 17:00:00,39.31,39.51,39.3,39.51,618.0
957,2019-07-29 04:00:00,39.1,39.1,39.1,39.1,170.0
958,2019-07-29 05:00:00,38.9,38.9,38.9,38.9,470.0
959,2019-07-29 07:00:00,38.7,38.7,38.58,38.58,1308.0
960,2019-07-29 08:00:00,38.5,38.7999,38.2,38.38,7316.0
961,2019-07-29 09:00:00,38.31,38.915,37.62,37.81,567305.0
962,2019-07-29 10:00:00,37.82,38.05,37.415,37.925,857600.0
963,2019-07-29 11:00:00,37.92,38.34,37.79,38.23,688627.0
964,2019-07-29 12:00:00,38.24,38.24,37.73,37.77,470088.0
965,2019-07-29 13:00:00,37.78,37.85,37.66,37.67,617235.0
966,2019-07-29 14:00:00,37.66,38.06,37.61,38.04,425937.0
967,2019-07-29 15:00:00,38.05,38.33,37.82,38.275,1333305.0
968,2019-07-29 16:00:00,38.28,38.28,37.5,37.9,126551.0
969,2019-07-29 17:00:00,38.0,38.28,38.0,38.06,2646.0
970,2019-07-30 09:00:00,37.78,38.405,37.21,37.395,721521.0
971,2019-07-30 10:00:00,37.395,37.5,36.0,36.47,1452899.0
972,2019-07-30 11:00:00,36.47,36.49,35.58,35.8928,1428778.0
973,2019-07-30 12:00:00,35.91,35.95,35.34,35.52,653146.0
974,2019-07-30 13:00:00,35.52,35.59,35.08,35.275,766660.0
975,2019-07-30 14:00:00,35.26,35.78,35.17,35.39,853318.0
976,2019-07-30 15:00:00,35.39,35.44,34.88,34.94,2068263.0
977,2019-07-30 16:00:00,34.95,35.73,34.86,34.95,146146.0
978,2019-07-30 19:00:00,34.97,34.97,34.97,34.97,210.0
979,2019-07-31 08:00:00,34.9501,34.9501,34.95,34.95,228.0
980,2019-07-31 09:00:00,34.96,35.0,34.42,34.7,498499.0
981,2019-07-31 10:00:00,34.705,34.91,34.42,34.55,578821.0
982,2019-07-31 11:00:00,34.55,34.71,34.505,34.6,558679.0
983,2019-07-31 12:00:00,34.6,34.665,34.505,34.595,437720.0
984,2019-07-31 13:00:00,34.595,34.61,34.09,34.14,513848.0
985,2019-07-31 14:00:00,34.13,34.235,33.45,33.91,884764.0
986,2019-07-31 15:00:00,33.91,34.34,33.81,33.85,1664944.0
987,2019-07-31 16:00:00,33.86,34.48,33.86,34.48,44908.0
988,2019-07-31 17:00:00,33.94,33.94,33.86,33.86,3428.0
989,2019-08-01 09:00:00,34.0,34.27,33.77,33.92,446769.0
990,2019-08-01 10:00:00,33.9,34.37,33.88,34.095,580723.0
991,2019-08-01 11:00:00,34.1,34.19,33.48,33.6368,610260.0
992,2019-08-01 12:00:00,33.64,33.96,33.64,33.82,313120.0
993,2019-08-01 13:00:00,33.81,33.86,32.9795,33.04,985821.0
994,2019-08-01 14:00:00,33.04,33.18,32.7,32.8,724747.0
995,2019-08-01 15:00:00,32.79,33.1,32.615,32.95,977670.0
996,2019-08-01 16:00:00,32.95,32.95,32.95,32.95,41782.0
997,2019-08-01 18:00:00,33.0,33.0,32.9999,32.9999,1200.0
998,2019-08-01 19:00:00,32.9999,32.9999,32.9999,32.9999,1300.0
999,2019-08-02 09:00:00,32.69,32.8999,32.37,32.47,197467.0
1000,2019-08-02 10:00:00,32.44,32.56,31.97,32.17,368487.0
1001,2019-08-02 11:00:00,32.18,32.47,32.15,32.35,402646.0
1002,2019-08-02 12:00:00,32.36,32.375,32.1,32.12,347988.0
1003,2019-08-02 13:00:00,32.11,32.135,31.925,32.12,265708.0
1004,2019-08-02 14:00:00,32.11,32.215,32.07,32.16,281925.0
1005,2019-08-02 15:00:00,32.17,32.26,31.995,32.16,993906.0
1006,2019-08-02 16:00:00,32.18,32.18,32.18,32.18,63372.0
1007,2019-08-05 09:00:00,31.7,32.04,31.21,31.69,232936.0
1008,2019-08-05 10:00:00,31.67,31.765,31.48,31.725,377088.0
1009,2019-08-05 11:00:00,31.73,31.87,31.68,31.76,311288.0
1010,2019-08-05 12:00:00,31.755,31.83,31.51,31.58,334242.0
1011,2019-08-05 13:00:00,31.58,31.93,31.565,31.77,251078.0
1012,2019-08-05 14:00:00,31.765,31.905,31.57,31.65,400520.0
1013,2019-08-05 15:00:00,31.6384,31.83,31.51,31.71,919535.0
1014,2019-08-05 16:00:00,31.72,31.72,31.72,31.72,54033.0
1015,2019-08-06 09:00:00,31.98,32.14,31.75,31.92,290630.0
1016,2019-08-06 10:00:00,31.91,31.91,31.18,31.325,398780.0
1017,2019-08-06 11:00:00,31.32,31.32,30.8,31.21,547868.0
1018,2019-08-06 12:00:00,31.21,31.35,31.105,31.16,243634.0
1019,2019-08-06 13:00:00,31.16,31.495,31.15,31.48,183272.0
1020,2019-08-06 14:00:00,31.48,31.86,31.36,31.71,495008.0
1021,2019-08-06 15:00:00,31.72,31.86,31.54,31.74,830407.0
1022,2019-08-06 16:00:00,31.74,31.74,31.74,31.74,174498.0
1023,2019-08-07 09:00:00,31.21,31.27,30.58,30.77,326715.0
1024,2019-08-07 10:00:00,30.78,31.32,30.66,31.2,416829.0
1025,2019-08-07 11:00:00,31.19,31.19,30.91,31.0,471625.0
1026,2019-08-07 12:00:00,30.99,31.095,30.78,31.06,434255.0
1027,2019-08-07 13:00:00,31.055,31.145,30.97,30.99,336728.0
1028,2019-08-07 14:00:00,30.99,31.15,30.93,31.15,365092.0
1029,2019-08-07 15:00:00,31.16,31.57,30.96,31.52,1251945.0
1030,2019-08-07 16:00:00,31.51,31.51,31.51,31.51,94012.0
1031,2019-08-07 17:00:00,31.84,32.75,31.1,31.51,33256.0
1032,2019-08-07 18:00:00,32.0,32.0,32.0,32.0,900.0
1033,2019-08-07 19:00:00,32.14,32.14,32.0,32.0,1200.0
1034,2019-08-08 07:00:00,32.49,32.5,32.49,32.5,7613.0
1035,2019-08-08 08:00:00,32.5,32.5001,32.5,32.5,2300.0
1036,2019-08-08 09:00:00,32.85,32.9,32.09,32.5,592664.0
1037,2019-08-08 10:00:00,32.515,33.42,32.48,33.28,621395.0
1038,2019-08-08 11:00:00,33.28,33.29,32.8077,32.89,498223.0
1039,2019-08-08 12:00:00,32.9,32.95,32.81,32.83,224858.0
1040,2019-08-08 13:00:00,32.82,32.84,32.71,32.72,286182.0
1041,2019-08-08 14:00:00,32.72,32.785,32.64,32.72,179022.0
1042,2019-08-08 15:00:00,32.71,32.94,32.65,32.87,764537.0
1043,2019-08-08 16:00:00,32.86,32.86,32.86,32.86,60790.0
1044,2019-08-08 17:00:00,32.87,32.87,32.87,32.87,301.0
1045,2019-08-09 09:00:00,32.66,32.805,32.27,32.44,106293.0
1046,2019-08-09 10:00:00,32.46,32.63,32.21,32.45,236614.0
1047,2019-08-09 11:00:00,32.44,32.55,32.3,32.345,173355.0
1048,2019-08-09 12:00:00,32.36,32.43,32.015,32.27,206073.0
1049,2019-08-09 13:00:00,32.27,32.5458,32.21,32.21,192561.0
1050,2019-08-09 14:00:00,32.213,32.34,32.19,32.3,111196.0
1051,2019-08-09 15:00:00,32.3,32.55,32.3,32.39,478818.0
1052,2019-08-09 16:00:00,32.39,32.4,32.39,32.4,48203.0
1053,2019-08-12 08:00:00,30.46,31.73,30.46,31.69,1343.0
1054,2019-08-12 09:00:00,32.11,32.15,31.56,31.91,149222.0
1055,2019-08-12 10:00:00,31.92,32.25,31.91,32.1068,148726.0
1056,2019-08-12 11:00:00,32.1,32.22,31.96,32.17,171482.0
1057,2019-08-12 12:00:00,32.185,32.28,32.08,32.19,124531.0
1058,2019-08-12 13:00:00,32.18,32.215,32.08,32.195,108042.0
1059,2019-08-12 14:00:00,32.19,32.285,32.005,32.08,244300.0
1060,2019-08-12 15:00:00,32.07,32.15,31.98,32.13,349945.0
1061,2019-08-12 16:00:00,32.11,32.11,32.11,32.11,24004.0
1062,2019-08-12 18:00:00,32.0,32.0,32.0,32.0,500.0
1063,2019-08-13 09:00:00,32.16,32.59,32.0,32.53,150297.0
1064,2019-08-13 10:00:00,32.51,32.72,32.18,32.3,416129.0
1065,2019-08-13 11:00:00,32.295,32.46,32.11,32.44,172317.0
1066,2019-08-13 12:00:00,32.44,32.68,32.27,32.305,135759.0
1067,2019-08-13 13:00:00,32.31,32.435,32.2496,32.29,166264.0
1068,2019-08-13 14:00:00,32.3,32.6,32.29,32.53,338425.0
1069,2019-08-13 15:00:00,32.53,32.545,32.18,32.27,463321.0
1070,2019-08-13 16:00:00,32.26,32.26,32.26,32.26,53192.0
1071,2019-08-13 19:00:00,32.17,32.17,32.17,32.17,200.0
1072,2019-08-14 08:00:00,32.0,33.0,32.0,33.0,39740.0
1073,2019-08-14 09:00:00,32.03,32.03,31.24,31.57,191949.0
1074,2019-08-14 10:00:00,31.58,31.81,31.48,31.675,242939.0
1075,2019-08-14 11:00:00,31.69,31.86,31.5513,31.79,237408.0
1076,2019-08-14 12:00:00,31.78,31.83,31.59,31.62,262771.0
1077,2019-08-14 13:00:00,31.62,31.78,31.54,31.59,190455.0
1078,2019-08-14 14:00:00,31.59,31.665,31.52,31.615,172587.0
1079,2019-08-14 15:00:00,31.615,31.81,31.58,31.71,587255.0
1080,2019-08-14 16:00:00,31.71,31.71,30.49,31.56,95441.0
1081,2019-08-15 09:00:00,31.78,31.94,31.45,31.67,74654.0
1082,2019-08-15 10:00:00,31.7,31.78,31.48,31.72,191533.0
1083,2019-08-15 11:00:00,31.72,31.87,31.58,31.78,211921.0
1084,2019-08-15 12:00:00,31.78,32.09,31.76,31.85,198225.0
1085,2019-08-15 13:00:00,31.85,31.89,31.6,31.63,121144.0
1086,2019-08-15 14:00:00,31.62,31.88,31.62,31.86,153885.0
1087,2019-08-15 15:00:00,31.87,32.02,31.84,31.86,506970.0
1088,2019-08-15 16:00:00,31.87,31.87,31.87,31.87,50114.0
1089,2019-08-15 18:00:00,31.87,31.87,31.87,31.87,5338.0
1090,2019-08-16 09:00:00,32.13,32.28,31.94,32.09,128780.0
1091,2019-08-16 10:00:00,32.13,32.24,31.77,32.0032,123998.0
1092,2019-08-16 11:00:00,32.01,32.11,31.92,32.07,142221.0
1093,2019-08-16 12:00:00,32.03,32.13,32.02,32.11,92582.0
1094,2019-08-16 13:00:00,32.11,32.2267,32.06,32.06,86219.0
1095,2019-08-16 14:00:00,32.065,32.065,31.9,31.96,141003.0
1096,2019-08-16 15:00:00,31.95,32.0301,31.895,31.97,455643.0
1097,2019-08-16 16:00:00,31.96,31.96,31.87,31.96,77265.0
1098,2019-08-19 09:00:00,32.47,32.75,32.29,32.3,120459.0
1099,2019-08-19 10:00:00,32.33,32.4573,32.145,32.41,162856.0
1100,2019-08-19 11:00:00,32.41,32.58,32.395,32.555,117729.0
1101,2019-08-19 12:00:00,32.55,32.68,32.42,32.44,102989.0
1102,2019-08-19 13:00:00,32.45,32.83,32.42,32.83,470801.0
1103,2019-08-19 14:00:00,32.83,32.95,32.81,32.885,367269.0
1104,2019-08-19 15:00:00,32.88,32.895,32.59,32.6,455051.0
1105,2019-08-19 16:00:00,32.59,32.59,32.59,32.59,175606.0
1106,2019-08-19 19:00:00,32.6,32.6,32.6,32.6,200.0
1107,2019-08-20 09:00:00,32.51,32.77,31.98,32.08,78977.0
1108,2019-08-20 10:00:00,32.08,32.27,31.98,32.22,127321.0
1109,2019-08-20 11:00:00,32.23,32.35,32.1901,32.32,97081.0
1110,2019-08-20 12:00:00,32.325,32.445,32.27,32.44,70445.0
1111,2019-08-20 13:00:00,32.435,32.45,32.09,32.25,76465.0
1112,2019-08-20 14:00:00,32.25,32.28,32.1485,32.17,89874.0
1113,2019-08-20 15:00:00,32.17,32.32,32.05,32.14,579739.0
1114,2019-08-20 16:00:00,32.14,32.14,32.12,32.14,577506.0
1115,2019-08-21 09:00:00,32.42,32.8899,32.1,32.14,48443.0
1116,2019-08-21 10:00:00,32.15,32.325,32.115,32.27,180883.0
1117,2019-08-21 11:00:00,32.27,32.31,31.99,32.135,170914.0
1118,2019-08-21 12:00:00,32.14,32.145,31.96,32.02,122686.0
1119,2019-08-21 13:00:00,32.01,32.04,31.84,31.92,161680.0
1120,2019-08-21 14:00:00,31.92,32.005,31.86,31.89,126781.0
1121,2019-08-21 15:00:00,31.9,31.96,31.86,31.87,418612.0
1122,2019-08-21 16:00:00,31.87,31.87,31.87,31.87,33988.0
1123,2019-08-22 09:00:00,31.91,32.2,31.86,32.04,137182.0
1124,2019-08-22 10:00:00,32.03,32.18,31.7,31.71,197156.0
1125,2019-08-22 11:00:00,31.72,31.92,31.71,31.77,145580.0
1126,2019-08-22 12:00:00,31.76,31.92,31.76,31.85,89026.0
1127,2019-08-22 13:00:00,31.855,31.94,31.85,31.87,61561.0
1128,2019-08-22 14:00:00,31.875,31.92,31.77,31.8,117530.0
1129,2019-08-22 15:00:00,31.81,31.88,31.69,31.71,352590.0
1130,2019-08-22 16:00:00,31.72,31.8015,31.72,31.8015,311942.0
1131,2019-08-23 08:00:00,31.48,31.48,31.48,31.48,100.0
1132,2019-08-23 09:00:00,31.48,31.64,31.28,31.34,61827.0
1133,2019-08-23 10:00:00,31.32,31.68,31.26,31.5,202297.0
1134,2019-08-23 11:00:00,31.52,31.53,31.1,31.11,493218.0
1135,2019-08-23 12:00:00,31.12,31.21,30.92,31.045,204382.0
1136,2019-08-23 13:00:00,31.04,31.05,30.825,30.995,222411.0
1137,2019-08-23 14:00:00,31.0,31.17,30.97,31.105,159593.0
1138,2019-08-23 15:00:00,31.1,31.225,30.95,31.08,895473.0
1139,2019-08-23 16:00:00,31.04,31.04,31.04,31.04,163397.0
1140,2019-08-26 04:00:00,31.95,31.97,31.95,31.95,600.0
1141,2019-08-26 05:00:00,31.82,31.82,31.82,31.82,200.0
1142,2019-08-26 06:00:00,31.82,31.82,31.67,31.67,200.0
1143,2019-08-26 07:00:00,31.92,32.38,31.67,32.38,4656.0
1144,2019-08-26 08:00:00,31.8,31.8,31.8,31.8,1000.0
1145,2019-08-26 09:00:00,32.4,32.86,31.83,32.25,301677.0
1146,2019-08-26 10:00:00,32.25,32.4,32.09,32.29,267802.0
1147,2019-08-26 11:00:00,32.29,32.37,32.15,32.175,237811.0
1148,2019-08-26 12:00:00,32.18,32.255,32.1,32.195,151907.0
1149,2019-08-26 13:00:00,32.2,32.22,32.175,32.2,147615.0
1150,2019-08-26 14:00:00,32.2,32.21,32.0631,32.175,211380.0
1151,2019-08-26 15:00:00,32.18,32.28,32.1,32.275,732389.0
1152,2019-08-26 16:00:00,32.26,32.3,32.17,32.3,53108.0
1153,2019-08-26 18:00:00,32.62,32.75,32.42,32.42,1225.0
1154,2019-08-26 19:00:00,32.3,32.31,32.3,32.3,750.0
1155,2019-08-27 08:00:00,32.55,33.18,32.0201,33.1399,2081.0
1156,2019-08-27 09:00:00,32.9891,32.9896,32.2,32.7,133264.0
1157,2019-08-27 10:00:00,32.7,32.955,32.69,32.79,354885.0
1158,2019-08-27 11:00:00,32.79,32.8,32.48,32.52,211060.0
1159,2019-08-27 12:00:00,32.52,32.66,32.4799,32.6,190626.0
1160,2019-08-27 13:00:00,32.58,32.745,32.5,32.525,263124.0
1161,2019-08-27 14:00:00,32.52,32.57,32.335,32.5,237529.0
1162,2019-08-27 15:00:00,32.51,32.57,32.265,32.37,673996.0
1163,2019-08-27 16:00:00,32.37,32.4,32.37,32.37,162349.0
1164,2019-08-27 17:00:00,32.3999,32.3999,32.3999,32.3999,1500.0
1165,2019-08-27 18:00:00,32.4,32.4,32.4,32.4,100.0
1166,2019-08-28 09:00:00,32.48,32.93,32.36,32.93,157719.0
1167,2019-08-28 10:00:00,32.92,33.24,32.79,33.18,189448.0
1168,2019-08-28 11:00:00,33.17,33.34,33.02,33.33,293792.0
1169,2019-08-28 12:00:00,33.32,33.485,33.3,33.41,195117.0
1170,2019-08-28 13:00:00,33.415,33.445,33.27,33.445,214124.0
1171,2019-08-28 14:00:00,33.44,33.51,33.4,33.42,249602.0
1172,2019-08-28 15:00:00,33.42,33.455,33.32,33.44,731987.0
1173,2019-08-28 16:00:00,33.44,33.44,33.44,33.44,20257.0
1174,2019-08-28 18:00:00,33.44,33.44,33.44,33.44,2444.0
1175,2019-08-29 08:00:00,33.88,33.88,33.88,33.88,6700.0
1176,2019-08-29 09:00:00,33.75,34.39,33.74,34.2,267414.0
1177,2019-08-29 10:00:00,34.17,34.355,33.89,34.02,333734.0
1178,2019-08-29 11:00:00,34.01,34.21,33.93,34.15,210454.0
1179,2019-08-29 12:00:00,34.15,34.25,34.1,34.17,222108.0
1180,2019-08-29 13:00:00,34.165,34.2,33.85,33.85,194221.0
1181,2019-08-29 14:00:00,33.85,34.02,33.745,33.83,223681.0
1182,2019-08-29 15:00:00,33.84,33.85,33.66,33.73,518307.0
1183,2019-08-29 16:00:00,33.73,33.73,33.73,33.73,17010.0
1184,2019-08-29 19:00:00,33.5,33.5,33.5,33.5,1000.0
1185,2019-08-30 09:00:00,33.99,34.15,33.65,33.86,148274.0
1186,2019-08-30 10:00:00,33.83,33.97,33.62,33.68,157263.0
1187,2019-08-30 11:00:00,33.675,33.68,33.41,33.67,176079.0
1188,2019-08-30 12:00:00,33.665,33.745,33.53,33.68,88593.0
1189,2019-08-30 13:00:00,33.695,33.72,33.61,33.61,93173.0
1190,2019-08-30 14:00:00,33.62,33.68,33.57,33.585,92258.0
1191,2019-08-30 15:00:00,33.58,33.66,33.44,33.55,413877.0
1192,2019-08-30 16:00:00,33.56,33.56,33.49,33.56,79468.0
1193,2019-09-03 08:00:00,33.63,33.65,33.63,33.65,1200.0
1194,2019-09-03 09:00:00,33.65,33.65,33.05,33.26,78556.0
1195,2019-09-03 10:00:00,33.24,33.24,32.7656,33.02,203354.0
1196,2019-09-03 11:00:00,33.02,33.05,32.74,32.77,135764.0
1197,2019-09-03 12:00:00,32.77,32.78,32.53,32.62,192720.0
1198,2019-09-03 13:00:00,32.62,32.67,32.495,32.55,136131.0
1199,2019-09-03 14:00:00,32.55,32.93,32.55,32.91,172361.0
1200,2019-09-03 15:00:00,32.91,32.925,32.77,32.86,477842.0
1201,2019-09-03 16:00:00,32.85,32.85,32.8,32.85,42380.0
1202,2019-09-04 09:00:00,33.08,33.32,32.97,33.29,131441.0
1203,2019-09-04 10:00:00,33.25,33.38,33.095,33.32,106325.0
1204,2019-09-04 11:00:00,33.305,33.845,33.25,33.79,198747.0
1205,2019-09-04 12:00:00,33.8,34.04,33.78,33.84,200008.0
1206,2019-09-04 13:00:00,33.845,34.085,33.74,34.03,166602.0
1207,2019-09-04 14:00:00,34.025,34.245,34.025,34.1,189270.0
1208,2019-09-04 15:00:00,34.095,34.275,34.02,34.175,849329.0
1209,2019-09-04 16:00:00,34.17,34.17,34.08,34.08,34127.0
1210,2019-09-04 18:00:00,34.25,34.25,34.25,34.25,200.0
1211,2019-09-05 07:00:00,34.4,34.4,34.4,34.4,999.0
1212,2019-09-05 09:00:00,34.54,35.36,34.54,34.75,211783.0
1213,2019-09-05 10:00:00,34.77,34.995,34.47,34.48,358157.0
1214,2019-09-05 11:00:00,34.49,34.96,34.465,34.85,243197.0
1215,2019-09-05 12:00:00,34.84,34.975,34.805,34.86,154523.0
1216,2019-09-05 13:00:00,34.87,34.895,34.65,34.74,176238.0
1217,2019-09-05 14:00:00,34.75,34.79,34.655,34.77,201762.0
1218,2019-09-05 15:00:00,34.78,34.87,34.74,34.85,609480.0
1219,2019-09-05 16:00:00,34.85,34.85,34.85,34.85,41502.0
1220,2019-09-06 09:00:00,34.93,35.11,34.7101,35.02,65090.0
1221,2019-09-06 10:00:00,35.04,35.64,35.01,35.43,247149.0
1222,2019-09-06 11:00:00,35.44,35.57,35.39,35.56,239686.0
1223,2019-09-06 12:00:00,35.55,35.78,35.55,35.64,267022.0
1224,2019-09-06 13:00:00,35.62,35.75,35.58,35.7,173753.0
1225,2019-09-06 14:00:00,35.7,35.775,35.64,35.665,157733.0
1226,2019-09-06 15:00:00,35.67,35.89,35.64,35.73,757745.0
1227,2019-09-06 16:00:00,35.7,35.7,35.62,35.65,306589.0
1228,2019-09-06 17:00:00,35.7,35.7,35.7,35.7,500.0
1229,2019-09-09 09:00:00,35.83,36.3,35.83,35.94,252348.0
1230,2019-09-09 10:00:00,35.95,36.12,35.59,35.75,303470.0
1231,2019-09-09 11:00:00,35.755,35.99,35.75,35.89,197577.0
1232,2019-09-09 12:00:00,35.895,36.01,35.69,35.775,145309.0
1233,2019-09-09 13:00:00,35.77,35.955,35.75,35.84,129963.0
1234,2019-09-09 14:00:00,35.84,36.2,35.84,36.105,282888.0
1235,2019-09-09 15:00:00,36.105,36.35,36.065,36.3,577282.0
1236,2019-09-09 16:00:00,36.3,36.3,35.935,35.935,98728.0
1237,2019-09-10 09:00:00,36.3,36.77,36.25,36.47,272179.0
1238,2019-09-10 10:00:00,36.47,36.76,36.31,36.71,460801.0
1239,2019-09-10 11:00:00,36.7,36.86,36.64,36.845,446907.0
1240,2019-09-10 12:00:00,36.85,36.87,36.45,36.81,361147.0
1241,2019-09-10 13:00:00,36.81,37.0575,36.71,37.01,186223.0
1242,2019-09-10 14:00:00,37.02,37.11,36.89,37.015,264270.0
1243,2019-09-10 15:00:00,37.02,37.28,37.02,37.15,786977.0
1244,2019-09-10 16:00:00,37.15,37.15,37.15,37.15,35547.0
1245,2019-09-11 09:00:00,37.15,37.15,36.44,36.825,268807.0
1246,2019-09-11 10:00:00,36.84,36.95,36.51,36.71,480466.0
1247,2019-09-11 11:00:00,36.7,36.82,36.58,36.67,356917.0
1248,2019-09-11 12:00:00,36.68,36.79,36.41,36.655,362044.0
1249,2019-09-11 13:00:00,36.655,36.85,36.6,36.785,267767.0
1250,2019-09-11 14:00:00,36.78,36.8,36.65,36.66,267078.0
1251,2019-09-11 15:00:00,36.67,36.78,36.49,36.64,999776.0
1252,2019-09-11 16:00:00,36.63,36.63,36.5,36.63,357839.0
1253,2019-09-11 18:00:00,36.63,36.63,36.63,36.63,2138.0
1254,2019-09-12 09:00:00,36.59,36.84,36.27,36.4,123597.0
1255,2019-09-12 10:00:00,36.4,36.42,36.06,36.17,457885.0
1256,2019-09-12 11:00:00,36.16,36.35,36.14,36.305,290993.0
1257,2019-09-12 12:00:00,36.305,36.305,36.11,36.25,196578.0
1258,2019-09-12 13:00:00,36.25,36.305,36.11,36.11,169247.0
1259,2019-09-12 14:00:00,36.115,36.185,36.04,36.06,208201.0
1260,2019-09-12 15:00:00,36.07,36.101,35.82,35.91,725464.0
1261,2019-09-12 16:00:00,35.89,35.89,35.77,35.77,130536.0
1262,2019-09-13 09:00:00,35.94,36.525,35.94,36.33,118694.0
1263,2019-09-13 10:00:00,36.345,36.48,36.17,36.18,327075.0
1264,2019-09-13 11:00:00,36.17,36.205,35.77,35.775,237856.0
1265,2019-09-13 12:00:00,35.77,35.805,35.615,35.695,250689.0
1266,2019-09-13 13:00:00,35.69,35.71,35.55,35.635,148589.0
1267,2019-09-13 14:00:00,35.64,35.67,35.34,35.3634,259701.0
1268,2019-09-13 15:00:00,35.36,35.56,35.19,35.27,1125228.0
1269,2019-09-13 16:00:00,35.26,35.26,35.11,35.11,35095.0
1270,2019-09-16 09:00:00,34.96,35.37,34.9,34.97,133580.0
1271,2019-09-16 10:00:00,34.97,36.1331,34.97,36.0,1762050.0
1272,2019-09-16 11:00:00,36.01,36.0951,35.81,35.98,421132.0
1273,2019-09-16 12:00:00,35.96,36.14,35.9,36.06,964391.0
1274,2019-09-16 13:00:00,36.06,36.09,35.63,35.65,304355.0
1275,2019-09-16 14:00:00,35.64,36.11,35.64,36.1,312219.0
1276,2019-09-16 15:00:00,36.1,36.16,35.98,36.08,1007045.0
1277,2019-09-16 16:00:00,36.08,36.08,36.08,36.08,60022.0
1278,2019-09-16 18:00:00,36.3,36.38,36.3,36.3,1058.0
1279,2019-09-17 07:00:00,36.4,36.4,36.4,36.4,1800.0
1280,2019-09-17 08:00:00,36.75,36.75,36.08,36.08,1770.0
1281,2019-09-17 09:00:00,36.38,36.38,35.66,35.66,172534.0
1282,2019-09-17 10:00:00,35.68,36.18,35.58,36.11,396319.0
1283,2019-09-17 11:00:00,36.1,36.6999,35.94,36.53,442667.0
1284,2019-09-17 12:00:00,36.54,36.8,36.13,36.25,778154.0
1285,2019-09-17 13:00:00,36.24,36.3768,35.8,35.8,476689.0
1286,2019-09-17 14:00:00,35.79,35.83,34.755,34.99,1009284.0
1287,2019-09-17 15:00:00,34.99,35.505,34.99,35.31,1080569.0
1288,2019-09-17 16:00:00,35.3,35.33,35.3,35.3,80820.0
1289,2019-09-18 09:00:00,35.58,35.77,35.15,35.39,125803.0
1290,2019-09-18 10:00:00,35.38,35.48,35.04,35.09,239662.0
1291,2019-09-18 11:00:00,35.09,35.361,35.055,35.33,185833.0
1292,2019-09-18 12:00:00,35.325,35.57,35.32,35.46,138275.0
1293,2019-09-18 13:00:00,35.46,35.54,35.35,35.45,115595.0
1294,2019-09-18 14:00:00,35.44,35.67,35.24,35.34,167095.0
1295,2019-09-18 15:00:00,35.345,35.685,35.33,35.58,519355.0
1296,2019-09-18 16:00:00,35.57,35.57,35.3,35.57,177530.0
1297,2019-09-18 17:00:00,35.9,37.16,35.9,36.2,8451.0
1298,2019-09-18 18:00:00,36.02,36.02,36.0,36.0,2500.0
1299,2019-09-18 19:00:00,36.16,36.16,36.0,36.0,505.0
1300,2019-09-19 08:00:00,35.99,35.99,35.99,35.99,2500.0
1301,2019-09-19 09:00:00,35.68,36.22,35.55,36.02,202190.0
1302,2019-09-19 10:00:00,36.03,36.17,35.965,36.055,300471.0
1303,2019-09-19 11:00:00,36.05,36.06,35.695,35.75,369189.0
1304,2019-09-19 12:00:00,35.75,35.805,35.535,35.635,139655.0
1305,2019-09-19 13:00:00,35.63,35.67,35.52,35.57,227394.0
1306,2019-09-19 14:00:00,35.56,35.71,35.54,35.56,173206.0
1307,2019-09-19 15:00:00,35.56,35.62,35.43,35.44,768305.0
1308,2019-09-19 16:00:00,35.44,35.44,35.44,35.44,192591.0
1309,2019-09-19 18:00:00,35.41,35.41,35.41,35.41,200.0
1310,2019-09-20 08:00:00,35.4,35.4,35.4,35.4,200.0
1311,2019-09-20 09:00:00,35.4,35.68,34.85,34.86,350530.0
1312,2019-09-20 10:00:00,34.86,34.93,34.57,34.82,238411.0
1313,2019-09-20 11:00:00,34.81,35.1,34.66,34.9799,263413.0
1314,2019-09-20 12:00:00,34.965,35.04,34.74,34.8,192113.0
1315,2019-09-20 13:00:00,34.79,34.85,34.39,34.49,237782.0
1316,2019-09-20 14:00:00,34.48,34.54,34.38,34.385,210371.0
1317,2019-09-20 15:00:00,34.38,34.72,34.37,34.51,859433.0
1318,2019-09-20 16:00:00,34.54,34.5477,34.54,34.54,215835.0
1319,2019-09-23 07:00:00,36.22,36.22,36.22,36.22,200.0
1320,2019-09-23 08:00:00,34.54,34.54,34.54,34.54,608.0
1321,2019-09-23 09:00:00,34.54,34.71,34.345,34.6,107263.0
1322,2019-09-23 10:00:00,34.61,34.69,34.29,34.43,252145.0
1323,2019-09-23 11:00:00,34.44,34.64,34.42,34.45,160811.0
1324,2019-09-23 12:00:00,34.455,34.82,34.43,34.67,163565.0
1325,2019-09-23 13:00:00,34.7,34.83,34.66,34.78,118802.0
1326,2019-09-23 14:00:00,34.775,34.78,34.52,34.64,130969.0
1327,2019-09-23 15:00:00,34.635,34.64,34.445,34.46,383627.0
1328,2019-09-23 16:00:00,34.465,34.475,34.465,34.475,109576.0
1329,2019-09-23 17:00:00,34.465,34.465,34.465,34.465,125.0
1330,2019-09-24 08:00:00,34.46,34.46,34.46,34.46,475.0
1331,2019-09-24 09:00:00,34.62,34.73,34.53,34.55,54612.0
1332,2019-09-24 10:00:00,34.56,34.85,34.53,34.78,174700.0
1333,2019-09-24 11:00:00,34.77,34.77,34.375,34.42,140378.0
1334,2019-09-24 12:00:00,34.41,34.625,34.31,34.315,257874.0
1335,2019-09-24 13:00:00,34.31,34.52,34.31,34.5,237165.0
1336,2019-09-24 14:00:00,34.505,34.69,34.34,34.54,201906.0
1337,2019-09-24 15:00:00,34.54,34.69,34.44,34.67,503814.0
1338,2019-09-24 16:00:00,34.62,34.65,34.62,34.63,121862.0
1339,2019-09-25 09:00:00,34.5,34.87,34.43,34.59,96231.0
1340,2019-09-25 10:00:00,34.615,34.72,34.45,34.69,162895.0
1341,2019-09-25 11:00:00,34.7,34.775,34.575,34.63,119908.0
1342,2019-09-25 12:00:00,34.63,34.84,34.615,34.75,110392.0
1343,2019-09-25 13:00:00,34.76,34.93,34.705,34.89,102917.0
1344,2019-09-25 14:00:00,34.8937,35.09,34.885,35.08,155485.0
1345,2019-09-25 15:00:00,35.085,35.17,35.01,35.01,416686.0
1346,2019-09-25 16:00:00,35.015,35.015,35.015,35.015,123166.0
1347,2019-09-25 17:00:00,35.02,35.02,35.02,35.02,1800.0
1348,2019-09-26 08:00:00,34.51,34.51,34.51,34.51,200.0
1349,2019-09-26 09:00:00,35.0,35.01,34.27,34.46,75724.0
1350,2019-09-26 10:00:00,34.43,34.5122,34.11,34.16,204416.0
1351,2019-09-26 11:00:00,34.16,34.1634,33.9,34.05,136751.0
1352,2019-09-26 12:00:00,34.04,34.12,33.91,34.11,277699.0
1353,2019-09-26 13:00:00,34.1,34.515,34.1,34.39,239522.0
1354,2019-09-26 14:00:00,34.415,34.53,34.065,34.09,412650.0
1355,2019-09-26 15:00:00,34.09,34.14,33.96,34.01,415778.0
1356,2019-09-26 16:00:00,34.0,34.0,34.0,34.0,748142.0
1357,2019-09-27 08:00:00,34.16,34.16,34.1,34.1,1150.0
1358,2019-09-27 09:00:00,34.06,34.49,33.95,34.3,116003.0
1359,2019-09-27 10:00:00,34.3,34.69,34.27,34.63,215000.0
1360,2019-09-27 11:00:00,34.63,34.67,34.09,34.25,174824.0
1361,2019-09-27 12:00:00,34.25,34.41,34.08,34.08,236352.0
1362,2019-09-27 13:00:00,34.08,34.26,34.06,34.175,136576.0
1363,2019-09-27 14:00:00,34.175,34.175,33.755,33.81,214686.0
1364,2019-09-27 15:00:00,33.815,34.02,33.73,34.01,671777.0
1365,2019-09-27 16:00:00,34.005,34.005,34.005,34.005,28882.0
1366,2019-09-30 09:00:00,34.17,34.2,33.97,34.03,103776.0
1367,2019-09-30 10:00:00,34.04,34.08,33.81,34.08,118207.0
1368,2019-09-30 11:00:00,34.09,34.17,33.96,34.07,113708.0
1369,2019-09-30 12:00:00,34.07,34.175,33.99,34.11,226598.0
1370,2019-09-30 13:00:00,34.11,34.145,34.0,34.09,134685.0
1371,2019-09-30 14:00:00,34.095,34.35,34.085,34.3,194102.0
1372,2019-09-30 15:00:00,34.3,34.315,34.015,34.08,448171.0
1373,2019-09-30 16:00:00,34.07,34.07,34.07,34.07,89362.0
1374,2019-10-01 09:00:00,34.27,34.63,34.03,34.56,50315.0
1375,2019-10-01 10:00:00,34.55,34.57,34.0929,34.17,224178.0
1376,2019-10-01 11:00:00,34.17,34.17,33.75,33.8,144978.0
1377,2019-10-01 12:00:00,33.8,33.8,33.59,33.675,97981.0
1378,2019-10-01 13:00:00,33.684,33.865,33.6,33.745,138915.0
1379,2019-10-01 14:00:00,33.75,33.96,33.74,33.86,324666.0
1380,2019-10-01 15:00:00,33.86,33.87,33.68,33.695,325614.0
1381,2019-10-01 16:00:00,33.7,33.7,33.7,33.7,50108.0
1382,2019-10-02 09:00:00,33.4,33.45,33.03,33.1,181108.0
1383,2019-10-02 10:00:00,33.13,33.53,33.08,33.15,173113.0
1384,2019-10-02 11:00:00,33.145,33.32,32.93,33.09,187099.0
1385,2019-10-02 12:00:00,33.085,33.085,32.83,32.89,121351.0
1386,2019-10-02 13:00:00,32.88,33.03,32.855,32.92,110712.0
1387,2019-10-02 14:00:00,32.92,32.975,32.885,32.915,120854.0
1388,2019-10-02 15:00:00,32.92,32.96,32.82,32.92,400896.0
1389,2019-10-02 16:00:00,32.93,32.93,32.93,32.93,58742.0
1390,2019-10-03 09:00:00,32.78,33.28,32.75,32.9,93653.0
1391,2019-10-03 10:00:00,32.87,32.9,32.39,32.87,227594.0
1392,2019-10-03 11:00:00,32.86,33.01,32.55,32.7,243570.0
1393,2019-10-03 12:00:00,32.68,32.82,32.65,32.8,85018.0
1394,2019-10-03 13:00:00,32.8,33.01,32.68,32.97,129910.0
1395,2019-10-03 14:00:00,32.97,32.975,32.86,32.89,79478.0
1396,2019-10-03 15:00:00,32.89,32.98,32.77,32.98,287665.0
1397,2019-10-03 16:00:00,32.98,32.98,32.98,32.98,152804.0
1398,2019-10-04 09:00:00,33.33,33.39,32.6845,33.03,66773.0
1399,2019-10-04 10:00:00,33.045,33.205,32.8,32.81,163599.0
1400,2019-10-04 11:00:00,32.81,33.0269,32.78,32.97,133110.0
1401,2019-10-04 12:00:00,32.95,33.04,32.885,33.01,85048.0
1402,2019-10-04 13:00:00,32.99,33.07,32.925,32.93,78389.0
1403,2019-10-04 14:00:00,32.93,33.08,32.91,32.965,99102.0
1404,2019-10-04 15:00:00,32.96,33.11,32.945,33.09,293574.0
1405,2019-10-04 16:00:00,33.085,33.085,33.085,33.085,14107.0
1406,2019-10-07 09:00:00,32.91,33.21,32.83,33.1,56342.0
1407,2019-10-07 10:00:00,33.11,33.38,33.065,33.35,111527.0
1408,2019-10-07 11:00:00,33.34,33.44,33.175,33.2372,118122.0
1409,2019-10-07 12:00:00,33.245,33.37,33.245,33.365,88523.0
1410,2019-10-07 13:00:00,33.37,33.55,33.33,33.49,109819.0
1411,2019-10-07 14:00:00,33.5,33.52,33.2164,33.33,83415.0
1412,2019-10-07 15:00:00,33.32,33.33,33.14,33.15,327801.0
1413,2019-10-07 16:00:00,33.15,33.15,33.15,33.15,151002.0
1414,2019-10-08 09:00:00,32.79,32.855,32.39,32.405,90202.0
1415,2019-10-08 10:00:00,32.41,32.72,32.12,32.29,233758.0
1416,2019-10-08 11:00:00,32.305,32.325,32.06,32.24,121729.0
1417,2019-10-08 12:00:00,32.24,32.38,32.17,32.19,107997.0
1418,2019-10-08 13:00:00,32.2,32.42,32.105,32.24,187988.0
1419,2019-10-08 14:00:00,32.235,32.505,32.21,32.33,132310.0
1420,2019-10-08 15:00:00,32.35,32.41,32.075,32.08,379074.0
1421,2019-10-08 16:00:00,32.08,32.08,32.08,32.08,46518.0
1422,2019-10-08 19:00:00,32.0,32.0,32.0,32.0,100.0
1423,2019-10-09 09:00:00,33.0,33.0,32.0969,32.15,49901.0
1424,2019-10-09 10:00:00,32.15,32.45,32.14,32.36,111873.0
1425,2019-10-09 11:00:00,32.36,32.595,32.24,32.415,190068.0
1426,2019-10-09 12:00:00,32.425,32.67,32.42,32.67,152201.0
1427,2019-10-09 13:00:00,32.67,32.74,32.58,32.735,156071.0
1428,2019-10-09 14:00:00,32.735,32.77,32.67,32.715,116296.0
1429,2019-10-09 15:00:00,32.71,32.8,32.63,32.69,356508.0
1430,2019-10-09 16:00:00,32.67,32.685,32.67,32.685,39652.0
1431,2019-10-09 18:00:00,32.685,32.685,32.685,32.685,109.0
1432,2019-10-10 08:00:00,32.7,32.7,32.7,32.7,250.0
1433,2019-10-10 09:00:00,32.5,33.18,32.48,33.11,87487.0
1434,2019-10-10 10:00:00,33.13,33.18,32.82,33.17,127739.0
1435,2019-10-10 11:00:00,33.175,33.33,33.15,33.205,242479.0
1436,2019-10-10 12:00:00,33.205,33.225,33.055,33.13,273971.0
1437,2019-10-10 13:00:00,33.13,33.21,33.04,33.18,124503.0
1438,2019-10-10 14:00:00,33.18,33.2,33.0,33.18,106117.0
1439,2019-10-10 15:00:00,33.19,33.28,33.13,33.15,390481.0
1440,2019-10-10 16:00:00,33.15,33.15,33.15,33.15,31582.0
1441,2019-10-11 09:00:00,33.4,33.9,33.4,33.73,153294.0
1442,2019-10-11 10:00:00,33.74,34.24,33.72,34.15,230049.0
1443,2019-10-11 11:00:00,34.15,34.56,34.15,34.22,257307.0
1444,2019-10-11 12:00:00,34.23,34.37,34.08,34.37,119234.0
1445,2019-10-11 13:00:00,34.36,34.5,34.26,34.47,80026.0
1446,2019-10-11 14:00:00,34.47,34.55,34.37,34.44,155221.0
1447,2019-10-11 15:00:00,34.45,34.525,34.02,34.05,508683.0
1448,2019-10-11 16:00:00,34.06,34.06,34.06,34.06,183111.0
1449,2019-10-14 09:00:00,33.98,33.98,33.2678,33.4,66226.0
1450,2019-10-14 10:00:00,33.38,33.45,33.25,33.345,95060.0
1451,2019-10-14 11:00:00,33.35,33.71,33.35,33.66,89999.0
1452,2019-10-14 12:00:00,33.66,33.6951,33.5153,33.575,49445.0
1453,2019-10-14 13:00:00,33.57,33.665,33.49,33.655,55827.0
1454,2019-10-14 14:00:00,33.66,33.68,33.6,33.61,63288.0
1455,2019-10-14 15:00:00,33.6,33.72,33.5821,33.64,256446.0
1456,2019-10-14 16:00:00,33.64,33.64,33.64,33.64,23267.0
1457,2019-10-14 17:00:00,33.9,33.9,33.9,33.9,100.0
1458,2019-10-15 09:00:00,33.76,33.91,33.67,33.79,52274.0
1459,2019-10-15 10:00:00,33.78,34.34,33.78,34.27,102453.0
1460,2019-10-15 11:00:00,34.28,34.33,34.17,34.285,118841.0
1461,2019-10-15 12:00:00,34.295,34.4,34.22,34.36,106066.0
1462,2019-10-15 13:00:00,34.365,34.5,34.31,34.465,143227.0
1463,2019-10-15 14:00:00,34.46,34.47,34.335,34.34,68700.0
1464,2019-10-15 15:00:00,34.34,34.425,34.3,34.37,241407.0
1465,2019-10-15 16:00:00,34.38,34.38,34.25,34.3,39397.0
1466,2019-10-16 09:00:00,34.16,34.55,34.0,34.14,113964.0
1467,2019-10-16 10:00:00,34.13,34.47,34.08,34.41,159259.0
1468,2019-10-16 11:00:00,34.415,34.53,34.33,34.53,109421.0
1469,2019-10-16 12:00:00,34.54,34.62,34.51,34.525,90131.0
1470,2019-10-16 13:00:00,34.525,34.59,34.5,34.53,121516.0
1471,2019-10-16 14:00:00,34.54,34.545,34.4,34.48,242049.0
1472,2019-10-16 15:00:00,34.475,34.84,34.39,34.77,499700.0
1473,2019-10-16 16:00:00,34.75,34.75,34.75,34.75,47746.0
1474,2019-10-17 09:00:00,34.79,34.95,34.51,34.545,59230.0
1475,2019-10-17 10:00:00,34.54,34.865,34.53,34.6,111942.0
1476,2019-10-17 11:00:00,34.58,34.7992,34.53,34.55,97752.0
1477,2019-10-17 12:00:00,34.55,34.55,34.265,34.47,96969.0
1478,2019-10-17 13:00:00,34.455,34.7011,34.455,34.7,83845.0
1479,2019-10-17 14:00:00,34.69,34.82,34.65,34.81,73304.0
1480,2019-10-17 15:00:00,34.81,34.89,34.755,34.88,301665.0
1481,2019-10-17 16:00:00,34.87,34.88,34.375,34.88,48907.0
1482,2019-10-18 09:00:00,34.86,35.19,34.83,35.09,148210.0
1483,2019-10-18 10:00:00,35.12,35.165,34.92,35.02,113938.0
1484,2019-10-18 11:00:00,35.0277,35.14,34.935,34.945,103899.0
1485,2019-10-18 12:00:00,34.94,34.97,34.73,34.87,96658.0
1486,2019-10-18 13:00:00,34.87,34.94,34.81,34.895,118907.0
1487,2019-10-18 14:00:00,34.9,34.9,34.79,34.81,88269.0
1488,2019-10-18 15:00:00,34.82,34.925,34.77,34.78,244319.0
1489,2019-10-18 16:00:00,34.77,34.77,34.77,34.77,142512.0
1490,2019-10-21 09:00:00,35.1,35.17,34.9,35.1447,84530.0
1491,2019-10-21 10:00:00,35.15,35.2,34.77,34.79,153505.0
1492,2019-10-21 11:00:00,34.81,34.8383,34.6,34.75,123382.0
1493,2019-10-21 12:00:00,34.75,34.84,34.45,34.47,136393.0
1494,2019-10-21 13:00:00,34.48,34.555,34.404,34.43,72043.0
1495,2019-10-21 14:00:00,34.43,34.65,34.43,34.52,96263.0
1496,2019-10-21 15:00:00,34.52,34.64,34.475,34.62,256102.0
1497,2019-10-21 16:00:00,34.58,34.61,34.57,34.61,29168.0
1498,2019-10-22 09:00:00,34.71,34.82,34.55,34.79,52405.0
1499,2019-10-22 10:00:00,34.79,34.93,34.71,34.86,82951.0
1500,2019-10-22 11:00:00,34.865,35.16,34.865,35.11,89800.0
1501,2019-10-22 12:00:00,35.12,35.42,35.11,35.355,94582.0
1502,2019-10-22 13:00:00,35.36,35.36,35.165,35.2644,119147.0
1503,2019-10-22 14:00:00,35.27,35.34,35.0,35.04,125481.0
1504,2019-10-22 15:00:00,35.05,35.19,34.97,35.13,470172.0
1505,2019-10-22 16:00:00,35.12,35.12,35.11,35.12,14281.0
1506,2019-10-22 17:00:00,35.12,35.12,35.12,35.12,2964.0
1507,2019-10-23 09:00:00,35.12,35.59,34.54,34.87,161947.0
1508,2019-10-23 10:00:00,34.87,34.89,34.68,34.78,123151.0
1509,2019-10-23 11:00:00,34.82,34.965,34.77,34.93,73827.0
1510,2019-10-23 12:00:00,34.93,35.13,34.9,35.035,81725.0
1511,2019-10-23 13:00:00,35.03,35.125,34.89,34.93,74719.0
1512,2019-10-23 14:00:00,34.935,34.98,34.79,34.8,123236.0
1513,2019-10-23 15:00:00,34.8,34.95,34.7,34.94,290688.0
1514,2019-10-23 16:00:00,34.93,34.93,34.93,34.93,41395.0
1515,2019-10-24 09:00:00,34.94,35.0655,34.53,34.55,51945.0
1516,2019-10-24 10:00:00,34.53,34.54,34.04,34.1,111141.0
1517,2019-10-24 11:00:00,34.13,34.14,33.69,33.99,234356.0
1518,2019-10-24 12:00:00,33.995,34.08,33.7199,33.72,189337.0
1519,2019-10-24 13:00:00,33.73,33.825,33.685,33.74,192591.0
1520,2019-10-24 14:00:00,33.74,34.105,33.73,34.0,293994.0
1521,2019-10-24 15:00:00,34.0015,34.26,33.96,34.15,611265.0
1522,2019-10-24 16:00:00,34.15,34.15,34.15,34.15,31612.0
1523,2019-10-25 09:00:00,34.38,34.94,34.15,34.81,75955.0
1524,2019-10-25 10:00:00,34.85,35.09,34.7,35.04,211114.0
1525,2019-10-25 11:00:00,35.04,35.26,34.89,34.92,167603.0
1526,2019-10-25 12:00:00,34.93,35.04,34.83,34.95,110160.0
1527,2019-10-25 13:00:00,34.94,34.985,34.8,34.83,97136.0
1528,2019-10-25 14:00:00,34.82,34.83,34.7,34.73,88538.0
1529,2019-10-25 15:00:00,34.725,34.87,34.72,34.76,314539.0
1530,2019-10-25 16:00:00,34.76,34.82,34.7,34.76,165866.0
1531,2019-10-28 09:00:00,34.99,35.27,34.85,35.0,91320.0
1532,2019-10-28 10:00:00,34.99,35.03,34.82,34.95,161389.0
1533,2019-10-28 11:00:00,34.95,35.1235,34.805,34.84,129880.0
1534,2019-10-28 12:00:00,34.83,34.98,34.65,34.895,218624.0
1535,2019-10-28 13:00:00,34.895,34.94,34.795,34.85,99950.0
1536,2019-10-28 14:00:00,34.84,34.88,34.69,34.835,120258.0
1537,2019-10-28 15:00:00,34.84,34.98,34.815,34.93,376388.0
1538,2019-10-28 16:00:00,34.93,34.93,34.93,34.93,21029.0
1539,2019-10-29 09:00:00,34.79,34.85,34.56,34.61,55538.0
1540,2019-10-29 10:00:00,34.61,34.775,34.42,34.581,191954.0
1541,2019-10-29 11:00:00,34.58,34.61,34.34,34.52,133628.0
1542,2019-10-29 12:00:00,34.5,34.64,34.39,34.575,70793.0
1543,2019-10-29 13:00:00,34.57,34.67,34.545,34.6,64951.0
1544,2019-10-29 14:00:00,34.61,34.61,34.37,34.4,111925.0
1545,2019-10-29 15:00:00,34.4,34.44,34.3,34.33,285539.0
1546,2019-10-29 16:00:00,34.33,34.33,34.33,34.33,18636.0
1547,2019-10-29 17:00:00,34.33,34.33,34.33,34.33,34560.0
1548,2019-10-30 09:00:00,34.25,34.5,34.06,34.06,58371.0
1549,2019-10-30 10:00:00,34.075,34.3,33.965,34.21,118712.0
1550,2019-10-30 11:00:00,34.2,34.295,34.155,34.27,116074.0
1551,2019-10-30 12:00:00,34.26,34.32,34.09,34.095,73843.0
1552,2019-10-30 13:00:00,34.1,34.21,34.01,34.06,123746.0
1553,2019-10-30 14:00:00,34.04,34.26,33.97,34.26,123423.0
1554,2019-10-30 15:00:00,34.255,34.425,34.22,34.36,598684.0
1555,2019-10-30 16:00:00,34.37,34.37,34.37,34.37,54962.0
1556,2019-10-31 09:00:00,34.14,34.285,33.69,33.7,59037.0
1557,2019-10-31 10:00:00,33.69,33.81,33.435,33.81,197113.0
1558,2019-10-31 11:00:00,33.81,33.92,33.69,33.915,186844.0
1559,2019-10-31 12:00:00,33.91,33.95,33.79,33.95,119720.0
1560,2019-10-31 13:00:00,33.94,34.14,33.94,34.0,218198.0
1561,2019-10-31 14:00:00,33.995,34.27,33.97,34.245,357594.0
1562,2019-10-31 15:00:00,34.245,34.51,34.245,34.39,554432.0
1563,2019-10-31 16:00:00,34.38,34.44,34.38,34.38,40466.0
1564,2019-11-01 09:00:00,34.68,35.1233,34.23,34.55,87316.0
1565,2019-11-01 10:00:00,34.54,34.72,34.43,34.49,182316.0
1566,2019-11-01 11:00:00,34.51,34.7,34.43,34.68,154774.0
1567,2019-11-01 12:00:00,34.685,34.73,34.57,34.7,90890.0
1568,2019-11-01 13:00:00,34.685,34.9,34.67,34.87,86871.0
1569,2019-11-01 14:00:00,34.88,34.98,34.87,34.9,117598.0
1570,2019-11-01 15:00:00,34.89,34.94,34.75,34.86,418610.0
1571,2019-11-01 16:00:00,34.86,34.86,34.85,34.86,21088.0
1572,2019-11-04 09:00:00,34.91,34.92,34.74,34.79,74987.0
1573,2019-11-04 10:00:00,34.81,35.19,34.73,35.08,370006.0
1574,2019-11-04 11:00:00,35.09,35.09,34.84,34.85,164855.0
1575,2019-11-04 12:00:00,34.855,34.95,34.805,34.95,127140.0
1576,2019-11-04 13:00:00,34.93,34.97,34.87,34.965,91289.0
1577,2019-11-04 14:00:00,34.965,34.98,34.86,34.9,94202.0
1578,2019-11-04 15:00:00,34.905,34.99,34.875,34.99,294738.0
1579,2019-11-04 16:00:00,34.96,34.96,34.96,34.96,81139.0
1580,2019-11-05 09:00:00,35.11,35.33,34.87,35.2,106101.0
1581,2019-11-05 10:00:00,35.23,35.48,35.13,35.145,262729.0
1582,2019-11-05 11:00:00,35.15,35.195,34.89,34.89,153811.0
1583,2019-11-05 12:00:00,34.89,34.91,34.65,34.685,113792.0
1584,2019-11-05 13:00:00,34.68,34.74,34.53,34.535,152425.0
1585,2019-11-05 14:00:00,34.53,34.71,34.49,34.66,146911.0
1586,2019-11-05 15:00:00,34.66,34.71,34.6,34.64,347662.0
1587,2019-11-05 16:00:00,34.64,34.82,34.64,34.65,31630.0
1588,2019-11-05 17:00:00,34.65,34.65,34.65,34.65,500.0
1589,2019-11-05 18:00:00,34.64,34.64,34.64,34.64,352.0
1590,2019-11-06 08:00:00,34.69,34.69,34.69,34.69,2900.0
1591,2019-11-06 09:00:00,34.68,35.0,33.66,34.01,184145.0
1592,2019-11-06 10:00:00,34.02,34.05,33.735,33.765,340550.0
1593,2019-11-06 11:00:00,33.77,33.81,33.58,33.61,221786.0
1594,2019-11-06 12:00:00,33.61,33.665,33.2,33.435,317808.0
1595,2019-11-06 13:00:00,33.45,33.59,33.43,33.5,192844.0
1596,2019-11-06 14:00:00,33.5,33.58,33.46,33.57,223651.0
1597,2019-11-06 15:00:00,33.57,33.605,33.48,33.53,790518.0
1598,2019-11-06 16:00:00,33.52,33.52,33.52,33.52,40630.0
1599,2019-11-06 19:00:00,33.5,33.5,33.5,33.5,2000.0
1600,2019-11-07 07:00:00,33.65,33.99,33.55,33.99,2100.0
1601,2019-11-07 08:00:00,34.25,36.9,34.25,35.8001,24765.0
1602,2019-11-07 09:00:00,36.0,36.53,34.14,34.62,827501.0
1603,2019-11-07 10:00:00,34.61,34.85,33.8,34.25,995909.0
1604,2019-11-07 11:00:00,34.25,35.06,34.16,34.27,637927.0
1605,2019-11-07 12:00:00,34.26,34.65,33.67,34.06,806493.0
1606,2019-11-07 13:00:00,34.0699,34.405,33.92,34.37,218201.0
1607,2019-11-07 14:00:00,34.38,34.805,34.34,34.57,358949.0
1608,2019-11-07 15:00:00,34.575,34.76,34.4308,34.69,1348310.0
1609,2019-11-07 16:00:00,34.69,34.69,34.64,34.69,53486.0
1610,2019-11-07 17:00:00,34.69,34.69,34.69,34.69,100.0
1611,2019-11-08 07:00:00,34.7,34.7,34.7,34.7,200.0
1612,2019-11-08 08:00:00,34.69,34.69,34.69,34.69,3968.0
1613,2019-11-08 09:00:00,34.56,34.69,34.0,34.54,185720.0
1614,2019-11-08 10:00:00,34.515,35.49,34.34,35.24,373837.0
1615,2019-11-08 11:00:00,35.26,35.3,34.99,35.09,241334.0
1616,2019-11-08 12:00:00,35.08,35.19,35.03,35.07,117800.0
1617,2019-11-08 13:00:00,35.085,35.12,34.9784,34.985,103433.0
1618,2019-11-08 14:00:00,34.985,35.13,34.975,35.085,110554.0
1619,2019-11-08 15:00:00,35.09,35.34,35.07,35.31,842369.0
1620,2019-11-08 16:00:00,35.32,35.32,35.32,35.32,82578.0
1621,2019-11-11 09:00:00,35.06,35.71,34.9,35.7,191147.0
1622,2019-11-11 10:00:00,35.7,35.9,35.56,35.76,364440.0
1623,2019-11-11 11:00:00,35.77,35.88,35.64,35.88,317993.0
1624,2019-11-11 12:00:00,35.87,36.32,35.87,36.27,410479.0
1625,2019-11-11 13:00:00,36.28,36.32,35.99,36.0325,270319.0
1626,2019-11-11 14:00:00,36.04,36.0801,35.9,35.96,319011.0
1627,2019-11-11 15:00:00,35.965,36.05,35.95,35.97,507796.0
1628,2019-11-11 16:00:00,35.97,35.97,35.97,35.97,56069.0
1629,2019-11-11 17:00:00,35.97,35.97,35.97,35.97,183.0
1630,2019-11-12 09:00:00,36.05,36.37,35.83,36.32,449942.0
1631,2019-11-12 10:00:00,36.33,36.47,36.18,36.32,197951.0
1632,2019-11-12 11:00:00,36.31,36.54,36.31,36.35,235863.0
1633,2019-11-12 12:00:00,36.34,36.44,36.29,36.43,150256.0
1634,2019-11-12 13:00:00,36.42,36.5,36.29,36.44,160949.0
1635,2019-11-12 14:00:00,36.43,36.43,36.27,36.33,438302.0
1636,2019-11-12 15:00:00,36.32,36.35,35.915,36.02,759650.0
1637,2019-11-12 16:00:00,36.01,36.01,36.01,36.01,43306.0
1638,2019-11-13 09:00:00,35.71,35.71,35.13,35.54,242037.0
1639,2019-11-13 10:00:00,35.57,35.65,35.33,35.58,215834.0
1640,2019-11-13 11:00:00,35.585,35.86,35.57,35.845,122491.0
1641,2019-11-13 12:00:00,35.85,35.952,35.72,35.9,112496.0
1642,2019-11-13 13:00:00,35.89,35.91,35.52,35.54,170160.0
1643,2019-11-13 14:00:00,35.55,35.6,35.43,35.545,109058.0
1644,2019-11-13 15:00:00,35.54,35.69,35.52,35.66,412827.0
1645,2019-11-13 16:00:00,35.67,35.67,35.67,35.67,60167.0
1646,2019-11-14 08:00:00,35.78,35.78,35.78,35.78,300.0
1647,2019-11-14 09:00:00,35.63,36.0,35.3301,35.71,69226.0
1648,2019-11-14 10:00:00,35.71,36.04,35.7068,35.95,115699.0
1649,2019-11-14 11:00:00,35.94,35.94,35.55,35.6,86046.0
1650,2019-11-14 12:00:00,35.6,35.73,35.58,35.73,89413.0
1651,2019-11-14 13:00:00,35.72,35.78,35.56,35.61,110009.0
1652,2019-11-14 14:00:00,35.61,35.65,35.555,35.6275,84645.0
1653,2019-11-14 15:00:00,35.625,35.68,35.56,35.66,257820.0
1654,2019-11-14 16:00:00,35.66,35.66,35.66,35.66,39196.0
1655,2019-11-15 09:00:00,35.72,35.835,35.4875,35.55,88422.0
1656,2019-11-15 10:00:00,35.54,35.8,35.5,35.72,103983.0
1657,2019-11-15 11:00:00,35.73,35.745,35.47,35.655,282080.0
1658,2019-11-15 12:00:00,35.66,35.71,35.58,35.66,71472.0
1659,2019-11-15 13:00:00,35.66,35.73,35.61,35.68,167316.0
1660,2019-11-15 14:00:00,35.66,35.85,35.63,35.845,111799.0
1661,2019-11-15 15:00:00,35.85,35.95,35.77,35.95,326404.0
1662,2019-11-15 16:00:00,35.95,35.95,35.95,35.95,236703.0
1663,2019-11-18 09:00:00,35.94,35.96,35.66,35.71,84736.0
1664,2019-11-18 10:00:00,35.72,36.15,35.69,36.065,122905.0
1665,2019-11-18 11:00:00,36.07,36.225,35.96,36.165,142108.0
1666,2019-11-18 12:00:00,36.16,36.25,36.035,36.1,82286.0
1667,2019-11-18 13:00:00,36.0959,36.32,35.99,36.23,141528.0
1668,2019-11-18 14:00:00,36.235,36.47,36.135,36.455,309825.0
1669,2019-11-18 15:00:00,36.46,36.84,36.46,36.79,639051.0
1670,2019-11-18 16:00:00,36.79,36.82,36.79,36.82,249662.0
1671,2019-11-18 19:00:00,36.7,36.7,36.7,36.7,100.0
1672,2019-11-19 08:00:00,37.3,37.3,37.3,37.3,550.0
1673,2019-11-19 09:00:00,36.96,36.98,36.37,36.39,136897.0
1674,2019-11-19 10:00:00,36.38,36.39,35.585,35.69,174254.0
1675,2019-11-19 11:00:00,35.71,35.87,35.63,35.81,133717.0
1676,2019-11-19 12:00:00,35.82,35.84,35.67,35.715,89897.0
1677,2019-11-19 13:00:00,35.7,35.81,35.65,35.76,176811.0
1678,2019-11-19 14:00:00,35.765,35.95,35.765,35.815,97235.0
1679,2019-11-19 15:00:00,35.82,35.91,35.75,35.84,426560.0
1680,2019-11-19 16:00:00,35.83,35.83,35.31,35.83,50294.0
1681,2019-11-20 09:00:00,35.6,35.9,35.149,35.79,68913.0
1682,2019-11-20 10:00:00,35.8,35.86,35.445,35.73,245343.0
1683,2019-11-20 11:00:00,35.73,35.86,35.54,35.54,143543.0
1684,2019-11-20 12:00:00,35.535,35.62,35.26,35.35,208161.0
1685,2019-11-20 13:00:00,35.32,35.415,35.07,35.365,151826.0
1686,2019-11-20 14:00:00,35.39,35.485,35.29,35.45,89867.0
1687,2019-11-20 15:00:00,35.45,35.545,35.4,35.46,335600.0
1688,2019-11-20 16:00:00,35.48,35.48,35.285,35.285,130441.0
1689,2019-11-21 08:00:00,35.8,36.2,35.8,36.0,2691.0
1690,2019-11-21 09:00:00,35.86,36.73,35.74,36.66,1279059.0
1691,2019-11-21 10:00:00,36.7,36.81,35.66,36.03,555835.0
1692,2019-11-21 11:00:00,36.02,36.16,35.825,35.98,258501.0
1693,2019-11-21 12:00:00,35.975,36.19,35.76,35.785,135735.0
1694,2019-11-21 13:00:00,35.785,35.86,35.785,35.83,70840.0
1695,2019-11-21 14:00:00,35.825,36.145,35.73,36.0,633108.0
1696,2019-11-21 15:00:00,36.0,36.08,35.87,35.92,368772.0
1697,2019-11-21 16:00:00,35.91,36.0,35.91,36.0,34125.0
1698,2019-11-21 17:00:00,36.0,36.0,36.0,36.0,1993.0
1699,2019-11-21 19:00:00,36.0,36.0,36.0,36.0,100.0
1700,2019-11-22 08:00:00,35.91,35.91,35.91,35.91,1937.0
1701,2019-11-22 09:00:00,35.91,36.29,35.735,36.0,238528.0
1702,2019-11-22 10:00:00,36.01,36.07,35.67,35.84,300379.0
1703,2019-11-22 11:00:00,35.85,36.14,35.81,36.115,150458.0
1704,2019-11-22 12:00:00,36.12,36.4,36.05,36.34,676401.0
1705,2019-11-22 13:00:00,36.35,36.49,36.3,36.43,423368.0
1706,2019-11-22 14:00:00,36.42,36.58,36.22,36.36,299703.0
1707,2019-11-22 15:00:00,36.36,36.41,36.2,36.31,645588.0
1708,2019-11-22 16:00:00,36.3,36.3,36.3,36.3,32467.0
1709,2019-11-25 04:00:00,36.05,36.05,36.05,36.05,700.0
1710,2019-11-25 09:00:00,36.3,36.3883,35.87,35.93,256172.0
1711,2019-11-25 10:00:00,35.89,36.08,35.26,35.39,427696.0
1712,2019-11-25 11:00:00,35.37,35.41,35.15,35.215,219869.0
1713,2019-11-25 12:00:00,35.22,35.62,35.215,35.485,207134.0
1714,2019-11-25 13:00:00,35.49,35.625,35.41,35.5945,253681.0
1715,2019-11-25 14:00:00,35.595,35.6,35.45,35.555,129952.0
1716,2019-11-25 15:00:00,35.55,35.56,35.4,35.49,446802.0
1717,2019-11-25 16:00:00,35.48,35.48,35.44,35.48,123858.0
1718,2019-11-26 09:00:00,35.41,35.67,34.8,35.02,167046.0
1719,2019-11-26 10:00:00,35.02,35.03,34.7199,34.83,279073.0
1720,2019-11-26 11:00:00,34.845,34.9,34.81,34.845,139344.0
1721,2019-11-26 12:00:00,34.85,34.95,34.84,34.875,119692.0
1722,2019-11-26 13:00:00,34.87,34.88,34.7102,34.83,110204.0
1723,2019-11-26 14:00:00,34.83,34.85,34.73,34.73,106605.0
1724,2019-11-26 15:00:00,34.73,34.9,34.64,34.87,535289.0
1725,2019-11-26 16:00:00,34.86,34.862788,34.86,34.86,453665.0
1726,2019-11-27 09:00:00,34.96,35.08,34.35,34.8,84343.0
1727,2019-11-27 10:00:00,34.81,34.94,34.52,34.64,401511.0
1728,2019-11-27 11:00:00,34.645,34.865,34.59,34.8,212486.0
1729,2019-11-27 12:00:00,34.805,34.805,34.4869,34.495,166309.0
1730,2019-11-27 13:00:00,34.49,34.705,34.49,34.61,186405.0
1731,2019-11-27 14:00:00,34.615,34.68,34.52,34.586,143124.0
1732,2019-11-27 15:00:00,34.595,34.775,34.585,34.75,422168.0
1733,2019-11-27 16:00:00,34.74,34.74,34.7,34.7,137429.0
1734,2019-11-29 09:00:00,34.65,34.65,34.03,34.065,234831.0
1735,2019-11-29 10:00:00,34.06,34.11,33.87,34.1,393353.0
1736,2019-11-29 11:00:00,34.095,34.2,34.055,34.12,362810.0
1737,2019-11-29 12:00:00,34.12,34.19,34.03,34.16,569331.0
1738,2019-11-29 13:00:00,34.17,34.17,34.17,34.17,153092.0
1739,2019-12-02 08:00:00,34.17,34.17,34.17,34.17,11958.0
1740,2019-12-02 09:00:00,34.19,34.78,33.72,33.815,158367.0
1741,2019-12-02 10:00:00,33.81,33.81,33.55,33.63,470005.0
1742,2019-12-02 11:00:00,33.64,33.84,33.62,33.81,344629.0
1743,2019-12-02 12:00:00,33.805,33.96,33.755,33.755,324596.0
1744,2019-12-02 13:00:00,33.755,34.19,33.63,33.635,163966.0
1745,2019-12-02 14:00:00,33.63,33.75,33.62,33.68,276126.0
1746,2019-12-02 15:00:00,33.68,33.73,33.57,33.66,749266.0
1747,2019-12-02 16:00:00,33.66,33.66,33.66,33.66,69796.0
1748,2019-12-03 09:00:00,33.25,33.37,33.16,33.32,156520.0
1749,2019-12-03 10:00:00,33.32,33.41,33.225,33.3,294863.0
1750,2019-12-03 11:00:00,33.295,33.4,33.2,33.245,266975.0
1751,2019-12-03 12:00:00,33.25,33.34,33.11,33.29,357196.0
1752,2019-12-03 13:00:00,33.3,33.34,33.12,33.3,220911.0
1753,2019-12-03 14:00:00,33.3,33.49,33.295,33.43,255062.0
1754,2019-12-03 15:00:00,33.435,33.54,33.34,33.38,749586.0
1755,2019-12-03 16:00:00,33.38,33.38,33.38,33.38,25855.0
1756,2019-12-04 08:00:00,34.23,34.23,34.23,34.23,100.0
1757,2019-12-04 09:00:00,33.79,33.79,33.43,33.58,156884.0
1758,2019-12-04 10:00:00,33.5667,33.6,33.43,33.54,309057.0
1759,2019-12-04 11:00:00,33.535,33.575,33.47,33.485,205604.0
1760,2019-12-04 12:00:00,33.49,33.65,33.475,33.56,310345.0
1761,2019-12-04 13:00:00,33.56,33.65,33.56,33.63,253150.0
1762,2019-12-04 14:00:00,33.635,33.67,33.505,33.505,180974.0
1763,2019-12-04 15:00:00,33.51,33.56,33.46,33.48,363791.0
1764,2019-12-04 16:00:00,33.47,33.47,33.38,33.38,319126.0
1765,2019-12-05 07:00:00,33.62,33.62,33.62,33.62,100.0
1766,2019-12-05 08:00:00,33.5,33.5,33.5,33.5,100.0
1767,2019-12-05 09:00:00,33.6,33.65,33.47,33.47,222177.0
1768,2019-12-05 10:00:00,33.45,33.6,33.39,33.58,297825.0
1769,2019-12-05 11:00:00,33.59,33.65,33.56,33.585,192933.0
1770,2019-12-05 12:00:00,33.59,33.61,33.52,33.54,130205.0
1771,2019-12-05 13:00:00,33.545,33.57,33.485,33.54,201179.0
1772,2019-12-05 14:00:00,33.54,33.615,33.54,33.59,313873.0
1773,2019-12-05 15:00:00,33.59,33.63,33.56,33.6,662281.0
1774,2019-12-05 16:00:00,33.6,33.6,33.6,33.6,30189.0
1775,2019-12-06 09:00:00,33.65,33.73,33.61,33.66,329700.0
1776,2019-12-06 10:00:00,33.67,33.68,33.57,33.62,296745.0
1777,2019-12-06 11:00:00,33.62,33.635,33.6,33.625,243197.0
1778,2019-12-06 12:00:00,33.625,33.63,33.59,33.62,250665.0
1779,2019-12-06 13:00:00,33.62,33.625,33.59,33.615,171547.0
1780,2019-12-06 14:00:00,33.615,33.64,33.56,33.6,416418.0
1781,2019-12-06 15:00:00,33.605,33.61,33.565,33.58,798421.0
1782,2019-12-06 16:00:00,33.59,33.615,33.59,33.59,73063.0
1783,2019-12-09 09:00:00,33.59,33.97,33.4551,33.61,191028.0
1784,2019-12-09 10:00:00,33.61,33.63,33.54,33.58,380862.0
1785,2019-12-09 11:00:00,33.58,33.66,33.565,33.59,499279.0
1786,2019-12-09 12:00:00,33.6,33.6,33.55,33.565,148031.0
1787,2019-12-09 13:00:00,33.56,33.59,33.54,33.56,341796.0
1788,2019-12-09 14:00:00,33.56,33.58,33.52,33.53,210714.0
1789,2019-12-09 15:00:00,33.535,33.55,33.52,33.52,515115.0
1790,2019-12-09 16:00:00,33.51,33.51,33.51,33.51,100296.0
1791,2019-12-10 09:00:00,33.52,33.56,33.11,33.51,168272.0
1792,2019-12-10 10:00:00,33.5,33.78,33.49,33.7,189313.0
1793,2019-12-10 11:00:00,33.705,33.77,33.615,33.62,147639.0
1794,2019-12-10 12:00:00,33.625,33.63,33.49,33.525,164936.0
1795,2019-12-10 13:00:00,33.5224,33.61,33.39,33.475,175044.0
1796,2019-12-10 14:00:00,33.48,33.565,33.48,33.535,127229.0
1797,2019-12-10 15:00:00,33.535,33.59,33.48,33.55,516350.0
1798,2019-12-10 16:00:00,33.53,33.53,33.53,33.53,7079.0
1799,2019-12-11 08:00:00,33.7,33.7,33.7,33.7,100.0
1800,2019-12-11 09:00:00,33.63,34.08,33.56,34.08,212575.0
1801,2019-12-11 10:00:00,34.09,34.2175,33.99,34.06,343040.0
1802,2019-12-11 11:00:00,34.07,34.16,33.92,33.945,548609.0
1803,2019-12-11 12:00:00,33.945,33.96,33.84,33.9136,181088.0
1804,2019-12-11 13:00:00,33.91,33.94,33.815,33.91,164487.0
1805,2019-12-11 14:00:00,33.9,34.01,33.9,33.945,179324.0
1806,2019-12-11 15:00:00,33.95,33.975,33.84,33.89,751505.0
1807,2019-12-11 16:00:00,33.89,33.89,33.89,33.89,33605.0
1808,2019-12-11 17:00:00,33.89,33.89,33.89,33.89,15369.0
1809,2019-12-12 08:00:00,33.8,33.8,33.8,33.8,3000.0
1810,2019-12-12 09:00:00,33.92,34.26,33.85,34.089,130742.0
1811,2019-12-12 10:00:00,34.09,34.47,34.08,34.16,333946.0
1812,2019-12-12 11:00:00,34.165,34.19,34.01,34.075,242433.0
1813,2019-12-12 12:00:00,34.075,34.22,34.07,34.17,140871.0
1814,2019-12-12 13:00:00,34.17,34.21,34.05,34.15,245257.0
1815,2019-12-12 14:00:00,34.16,34.29,34.11,34.27,180020.0
1816,2019-12-12 15:00:00,34.26,34.3,34.21,34.22,848265.0
1817,2019-12-12 16:00:00,34.23,34.23,34.02,34.02,81497.0
1818,2019-12-13 09:00:00,34.22,34.24,33.97,34.21,82137.0
1819,2019-12-13 10:00:00,34.22,34.36,34.09,34.09,261748.0
1820,2019-12-13 11:00:00,34.08,34.14,33.955,34.135,127409.0
1821,2019-12-13 12:00:00,34.14,34.27,34.14,34.265,93336.0
1822,2019-12-13 13:00:00,34.27,34.29,34.2,34.23,112848.0
1823,2019-12-13 14:00:00,34.24,34.25,34.13,34.18,93664.0
1824,2019-12-13 15:00:00,34.18,34.2,34.09,34.13,324081.0
1825,2019-12-13 16:00:00,34.125,34.125,34.125,34.125,131973.0
1826,2019-12-16 09:00:00,34.48,34.71,34.48,34.62,157458.0
1827,2019-12-16 10:00:00,34.605,34.605,34.49,34.545,212293.0
1828,2019-12-16 11:00:00,34.545,34.615,34.5,34.535,188103.0
1829,2019-12-16 12:00:00,34.535,34.565,34.465,34.485,99897.0
1830,2019-12-16 13:00:00,34.485,34.59,34.48,34.53,125193.0
1831,2019-12-16 14:00:00,34.53,34.545,34.44,34.48,96522.0
1832,2019-12-16 15:00:00,34.48,34.535,34.39,34.46,345072.0
1833,2019-12-16 16:00:00,34.47,34.47,34.47,34.47,23090.0
1834,2019-12-17 09:00:00,34.5,34.59,34.305,34.31,73632.0
1835,2019-12-17 10:00:00,34.31,34.5,34.27,34.45,171663.0
1836,2019-12-17 11:00:00,34.45,34.53,34.4115,34.52,129864.0
1837,2019-12-17 12:00:00,34.52,34.55,34.43,34.4923,116736.0
1838,2019-12-17 13:00:00,34.49,34.5,34.44,34.485,114522.0
1839,2019-12-17 14:00:00,34.485,34.615,34.48,34.56,151262.0
1840,2019-12-17 15:00:00,34.56,34.56,34.46,34.46,459408.0
1841,2019-12-17 16:00:00,34.47,34.47,34.47,34.47,97553.0
1842,2019-12-17 17:00:00,34.55,34.56,34.55,34.55,1700.0
1843,2019-12-18 07:00:00,34.65,34.65,34.65,34.65,200.0
1844,2019-12-18 08:00:00,34.68,34.68,34.68,34.68,500.0
1845,2019-12-18 09:00:00,34.7,36.25,34.7,36.08,805264.0
1846,2019-12-18 10:00:00,36.05,36.31,35.76,35.975,558437.0
1847,2019-12-18 11:00:00,35.9727,36.035,35.7513,35.985,428475.0
1848,2019-12-18 12:00:00,35.99,36.28,35.85,35.86,563639.0
1849,2019-12-18 13:00:00,35.85,35.9252,35.745,35.77,274717.0
1850,2019-12-18 14:00:00,35.765,35.89,35.725,35.815,257358.0
1851,2019-12-18 15:00:00,35.815,35.83,35.575,35.61,625003.0
1852,2019-12-18 16:00:00,35.61,35.8,35.61,35.8,224312.0
1853,2019-12-18 19:00:00,35.61,35.61,35.61,35.61,100.0
1854,2019-12-19 09:00:00,35.09,35.79,34.965,35.06,197311.0
1855,2019-12-19 10:00:00,35.04,35.26,34.8386,35.16,259520.0
1856,2019-12-19 11:00:00,35.16,35.525,35.16,35.39,270171.0
1857,2019-12-19 12:00:00,35.38,35.59,35.34,35.485,180162.0
1858,2019-12-19 13:00:00,35.4969,35.705,35.475,35.7,143033.0
1859,2019-12-19 14:00:00,35.695,35.83,35.61,35.79,447532.0
1860,2019-12-19 15:00:00,35.785,35.835,35.735,35.8,580862.0
1861,2019-12-19 16:00:00,35.8,35.8,35.03,35.03,420334.0
1862,2019-12-19 17:00:00,35.8,35.8,35.8,35.8,5087.0
1863,2019-12-20 09:00:00,36.29,36.3,35.68,35.75,582143.0
1864,2019-12-20 10:00:00,35.73,35.85,35.6,35.775,324974.0
1865,2019-12-20 11:00:00,35.775,36.155,35.74,36.1,268515.0
1866,2019-12-20 12:00:00,36.1,36.25,36.09,36.13,215154.0
1867,2019-12-20 13:00:00,36.135,36.295,36.095,36.26,126826.0
1868,2019-12-20 14:00:00,36.27,36.34,36.15,36.175,172426.0
1869,2019-12-20 15:00:00,36.18,36.19,35.95,36.04,604749.0
1870,2019-12-20 16:00:00,36.06,36.0617,35.99,36.06,276929.0
1871,2019-12-23 09:00:00,36.05,36.4,35.71,35.96,87339.0
1872,2019-12-23 10:00:00,35.96,35.98,35.8,35.86,108427.0
1873,2019-12-23 11:00:00,35.87,36.07,35.87,36.035,100662.0
1874,2019-12-23 12:00:00,36.035,36.05,35.9,35.9,73450.0
1875,2019-12-23 13:00:00,35.9,35.955,35.76,35.76,76165.0
1876,2019-12-23 14:00:00,35.76,35.785,35.695,35.735,109772.0
1877,2019-12-23 15:00:00,35.73,35.785,35.68,35.75,344718.0
1878,2019-12-23 16:00:00,35.75,35.75,35.75,35.75,79179.0
1879,2019-12-23 17:00:00,35.75,35.75,35.75,35.75,10000.0
1880,2019-12-24 08:00:00,35.73,35.73,35.73,35.73,532.0
1881,2019-12-24 09:00:00,35.87,35.96,35.7016,35.74,38372.0
1882,2019-12-24 10:00:00,35.745,35.95,35.7,35.89,94265.0
1883,2019-12-24 11:00:00,35.9,35.92,35.87,35.89,77682.0
1884,2019-12-24 12:00:00,35.9,35.925,35.74,35.82,144513.0
1885,2019-12-24 13:00:00,35.82,35.82,35.82,35.82,54196.0
1886,2019-12-26 09:00:00,35.89,36.17,35.89,36.0,62889.0
1887,2019-12-26 10:00:00,36.01,36.27,35.995,36.17,148431.0
1888,2019-12-26 11:00:00,36.18,36.25,36.02,36.085,110489.0
1889,2019-12-26 12:00:00,36.08,36.14,36.055,36.08,65775.0
1890,2019-12-26 13:00:00,36.09,36.13,36.05,36.1138,71496.0
1891,2019-12-26 14:00:00,36.12,36.155,35.99,36.05,147553.0
1892,2019-12-26 15:00:00,36.045,36.14,36.0,36.14,270835.0
1893,2019-12-26 16:00:00,36.13,36.13,36.13,36.13,67805.0
1894,2019-12-27 09:00:00,36.33,36.5,36.03,36.05,117024.0
1895,2019-12-27 10:00:00,36.06,36.185,36.04,36.16,105008.0
1896,2019-12-27 11:00:00,36.17,36.21,36.12,36.12,124957.0
1897,2019-12-27 12:00:00,36.115,36.14,36.03,36.09,88745.0
1898,2019-12-27 13:00:00,36.09,36.1,35.95,35.985,78414.0
1899,2019-12-27 14:00:00,35.99,36.07,35.97,35.99,118695.0
1900,2019-12-27 15:00:00,35.995,36.01,35.9,35.96,256292.0
1901,2019-12-27 16:00:00,35.95,35.95,35.86,35.95,172852.0
1902,2019-12-30 09:00:00,36.07,36.07,35.69,35.865,85271.0
1903,2019-12-30 10:00:00,35.87,35.945,35.665,35.77,118571.0
1904,2019-12-30 11:00:00,35.77,35.8199,35.75,35.775,88084.0
1905,2019-12-30 12:00:00,35.775,35.82,35.72,35.75,61157.0
1906,2019-12-30 13:00:00,35.745,35.78,35.65,35.665,62031.0
1907,2019-12-30 14:00:00,35.67,35.67,35.32,35.34,154170.0
1908,2019-12-30 15:00:00,35.35,35.41,35.295,35.385,376760.0
1909,2019-12-30 16:00:00,35.385,35.385,35.385,35.385,69740.0
1910,2019-12-31 07:00:00,35.4,35.4,35.4,35.4,148.0
1911,2019-12-31 09:00:00,35.29,35.3,35.03,35.215,69163.0
1912,2019-12-31 10:00:00,35.23,35.405,35.13,35.13,128244.0
1913,2019-12-31 11:00:00,35.125,35.36,35.12,35.29,119196.0
1914,2019-12-31 12:00:00,35.29,35.42,35.24,35.4,195002.0
1915,2019-12-31 13:00:00,35.395,35.425,35.35,35.395,138680.0
1916,2019-12-31 14:00:00,35.395,35.47,35.33,35.395,202824.0
1917,2019-12-31 15:00:00,35.39,35.59,35.37,35.46,572074.0
1918,2019-12-31 16:00:00,35.47,35.47,35.47,35.47,168361.0
1919,2019-12-31 17:00:00,35.7,35.7,35.7,35.7,500.0
1920,2019-12-31 19:00:00,35.28,35.28,35.28,35.28,500.0
1921,2020-01-02 09:00:00,36.18,36.49,35.745,35.8,125395.0
1922,2020-01-02 10:00:00,35.81,35.87,35.42,35.53,243494.0
1923,2020-01-02 11:00:00,35.53,35.5944,35.295,35.4072,129622.0
1924,2020-01-02 12:00:00,35.4,35.445,35.33,35.375,98328.0
1925,2020-01-02 13:00:00,35.37,35.4,35.3,35.305,93905.0
1926,2020-01-02 14:00:00,35.305,35.555,35.3,35.555,136108.0
1927,2020-01-02 15:00:00,35.55,35.775,35.55,35.735,570676.0
1928,2020-01-02 16:00:00,35.735,35.735,35.735,35.735,43175.0
1929,2020-01-02 18:00:00,35.28,35.28,35.28,35.28,500.0
1930,2020-01-03 09:00:00,35.4,35.605,35.28,35.43,52912.0
1931,2020-01-03 10:00:00,35.41,35.58,35.32,35.51,55612.0
1932,2020-01-03 11:00:00,35.52,35.6,35.45,35.55,215632.0
1933,2020-01-03 12:00:00,35.55,35.69,35.54,35.69,78417.0
1934,2020-01-03 13:00:00,35.69,35.8,35.66,35.77,151373.0
1935,2020-01-03 14:00:00,35.76,35.88,35.75,35.85,144825.0
1936,2020-01-03 15:00:00,35.845,35.95,35.74,35.86,379461.0
1937,2020-01-03 16:00:00,35.88,35.88,35.88,35.88,14902.0
1938,2020-01-06 09:00:00,35.57,35.78,35.4604,35.67,121100.0
1939,2020-01-06 10:00:00,35.675,35.7,35.505,35.68,111128.0
1940,2020-01-06 11:00:00,35.68,35.695,35.43,35.54,113334.0
1941,2020-01-06 12:00:00,35.55,35.63,35.51,35.6,89260.0
1942,2020-01-06 13:00:00,35.6,35.65,35.57,35.605,71219.0
1943,2020-01-06 14:00:00,35.59,35.76,35.58,35.71,103413.0
1944,2020-01-06 15:00:00,35.72,35.725,35.54,35.64,651325.0
1945,2020-01-06 16:00:00,35.64,35.64,35.64,35.64,133058.0
1946,2020-01-07 09:00:00,35.36,35.65,35.36,35.59,54493.0
1947,2020-01-07 10:00:00,35.595,35.885,35.55,35.85,156237.0
1948,2020-01-07 11:00:00,35.86,36.08,35.85,36.0325,202045.0
1949,2020-01-07 12:00:00,36.035,36.035,35.87,35.885,176998.0
1950,2020-01-07 13:00:00,35.885,35.89,35.62,35.695,196466.0
1951,2020-01-07 14:00:00,35.69,35.795,35.66,35.68,139263.0
1952,2020-01-07 15:00:00,35.681,35.715,35.51,35.54,630896.0
1953,2020-01-07 16:00:00,35.54,35.54,35.54,35.54,232806.0
1954,2020-01-07 18:00:00,34.89,34.89,34.89,34.89,1350.0
1955,2020-01-08 06:00:00,35.55,35.55,35.55,35.55,100.0
1956,2020-01-08 08:00:00,35.54,35.55,35.5,35.5,5087.0
1957,2020-01-08 09:00:00,35.44,35.63,35.41,35.42,57098.0
1958,2020-01-08 10:00:00,35.44,35.56,34.97,35.045,219898.0
1959,2020-01-08 11:00:00,35.045,35.325,34.99,35.325,213766.0
1960,2020-01-08 12:00:00,35.32,35.37,35.2468,35.3,146707.0
1961,2020-01-08 13:00:00,35.31,35.51,35.31,35.44,122574.0
1962,2020-01-08 14:00:00,35.45,35.49,35.39,35.48,105282.0
1963,2020-01-08 15:00:00,35.48,35.58,35.47,35.48,641565.0
1964,2020-01-08 16:00:00,35.49,35.5,35.49,35.5,34439.0
1965,2020-01-08 18:00:00,35.49,35.49,35.49,35.49,16094.0
1966,2020-01-09 09:00:00,35.68,35.7,35.48,35.54,120885.0
1967,2020-01-09 10:00:00,35.57,35.57,35.27,35.49,186399.0
1968,2020-01-09 11:00:00,35.49,35.55,35.41,35.44,103866.0
1969,2020-01-09 12:00:00,35.44,35.46,35.36,35.44,91325.0
1970,2020-01-09 13:00:00,35.44,35.61,35.4,35.58,169153.0
1971,2020-01-09 14:00:00,35.575,35.595,35.46,35.48,127632.0
1972,2020-01-09 15:00:00,35.475,35.6,35.46,35.58,326021.0
1973,2020-01-09 16:00:00,35.58,35.58,35.58,35.58,62294.0
1974,2020-01-10 09:00:00,35.68,35.68,35.28,35.355,69270.0
1975,2020-01-10 10:00:00,35.36,35.64,35.36,35.63,148293.0
1976,2020-01-10 11:00:00,35.62,35.745,35.525,35.61,228787.0
1977,2020-01-10 12:00:00,35.605,35.61,35.43,35.445,99411.0
1978,2020-01-10 13:00:00,35.445,35.525,35.36,35.36,80129.0
1979,2020-01-10 14:00:00,35.355,35.375,35.22,35.32,129239.0
1980,2020-01-10 15:00:00,35.31,35.39,35.205,35.37,422303.0
1981,2020-01-10 16:00:00,35.36,35.36,35.36,35.36,138839.0
1982,2020-01-13 09:00:00,35.37,35.5,35.26,35.43,54022.0
1983,2020-01-13 10:00:00,35.43,35.71,35.315,35.71,55742.0
1984,2020-01-13 11:00:00,35.71,35.85,35.653,35.81,85269.0
1985,2020-01-13 12:00:00,35.83,35.895,35.815,35.825,56217.0
1986,2020-01-13 13:00:00,35.82,35.95,35.81,35.925,72422.0
1987,2020-01-13 14:00:00,35.92,36.0,35.9,35.96,101289.0
1988,2020-01-13 15:00:00,35.96,36.118,35.945,36.06,448643.0
1989,2020-01-13 16:00:00,36.06,36.06,36.06,36.06,175879.0
1990,2020-01-14 09:00:00,35.89,36.59,35.815,36.575,193481.0
1991,2020-01-14 10:00:00,36.575,36.73,36.38,36.53,294028.0
1992,2020-01-14 11:00:00,36.53,36.755,36.4,36.72,160226.0
1993,2020-01-14 12:00:00,36.715,36.85,36.66,36.745,130119.0
1994,2020-01-14 13:00:00,36.745,36.77,36.49,36.49,137391.0
1995,2020-01-14 14:00:00,36.48,36.615,36.355,36.545,148022.0
1996,2020-01-14 15:00:00,36.55,36.66,36.5,36.59,515421.0
1997,2020-01-14 16:00:00,36.59,36.59,36.5879,36.59,419591.0
1998,2020-01-14 17:00:00,36.59,36.59,36.59,36.59,21703.0
1999,2020-01-15 09:00:00,36.66,36.72,36.35,36.65,91007.0
2000,2020-01-15 10:00:00,36.66,36.7,36.43,36.585,172181.0
2001,2020-01-15 11:00:00,36.59,36.605,36.475,36.5,316974.0
2002,2020-01-15 12:00:00,36.5,36.5,36.37,36.4,81159.0
2003,2020-01-15 13:00:00,36.4,36.455,36.33,36.43,100829.0
2004,2020-01-15 14:00:00,36.44,36.71,36.44,36.63,102865.0
2005,2020-01-15 15:00:00,36.635,36.67,36.52,36.66,444846.0
2006,2020-01-15 16:00:00,36.66,36.66,36.61,36.64,41297.0
2007,2020-01-15 18:00:00,36.66,36.66,36.66,36.66,590.0
2008,2020-01-16 09:00:00,36.64,37.0355,36.27,36.31,145765.0
2009,2020-01-16 10:00:00,36.3379,36.5,36.21,36.44,133890.0
2010,2020-01-16 11:00:00,36.45,36.53,36.355,36.46,149155.0
2011,2020-01-16 12:00:00,36.46,36.63,36.46,36.595,73948.0
2012,2020-01-16 13:00:00,36.6,36.715,36.585,36.64,80542.0
2013,2020-01-16 14:00:00,36.65,36.75,36.61,36.72,124448.0
2014,2020-01-16 15:00:00,36.725,36.84,36.69,36.82,408336.0
2015,2020-01-16 16:00:00,36.82,36.82,36.82,36.82,28637.0
2016,2020-01-16 18:00:00,36.82,36.82,36.82,36.82,400.0
2017,2020-01-16 19:00:00,36.92,36.92,36.92,36.92,100.0
2018,2020-01-17 09:00:00,36.64,36.9,36.52,36.56,207208.0
2019,2020-01-17 10:00:00,36.55,36.55,36.22,36.485,697404.0
2020,2020-01-17 11:00:00,36.485,36.74,36.48,36.725,167337.0
2021,2020-01-17 12:00:00,36.72,36.817,36.71,36.76,101337.0
2022,2020-01-17 13:00:00,36.76,36.815,36.73,36.76,310670.0
2023,2020-01-17 14:00:00,36.76,36.79,36.7,36.745,733009.0
2024,2020-01-17 15:00:00,36.75,36.835,36.68,36.79,784003.0
2025,2020-01-17 16:00:00,36.79,36.88,36.64,36.64,116238.0
2026,2020-01-21 09:00:00,36.75,36.75,36.33,36.37,125950.0
2027,2020-01-21 10:00:00,36.365,36.77,36.34,36.75,427347.0
2028,2020-01-21 11:00:00,36.75,36.84,36.61,36.775,256366.0
2029,2020-01-21 12:00:00,36.78,36.79,36.68,36.78,135594.0
2030,2020-01-21 13:00:00,36.78,36.8,36.64,36.66,249724.0
2031,2020-01-21 14:00:00,36.66,36.91,36.65,36.9,266059.0
2032,2020-01-21 15:00:00,36.905,36.94,36.69,36.77,741856.0
2033,2020-01-21 16:00:00,36.75,36.75,36.75,36.75,38661.0
2034,2020-01-21 19:00:00,36.55,36.55,36.55,36.55,500.0
2035,2020-01-22 09:00:00,36.85,36.87,36.33,36.71,186299.0
2036,2020-01-22 10:00:00,36.73,36.77,36.535,36.56,189111.0
2037,2020-01-22 11:00:00,36.555,36.71,36.495,36.63,171165.0
2038,2020-01-22 12:00:00,36.635,36.64,36.52,36.605,164114.0
2039,2020-01-22 13:00:00,36.605,36.79,36.58,36.6,324983.0
2040,2020-01-22 14:00:00,36.605,36.68,36.595,36.655,89611.0
2041,2020-01-22 15:00:00,36.655,36.77,36.57,36.76,762495.0
2042,2020-01-22 16:00:00,36.75,36.75,36.75,36.75,82455.0
2043,2020-01-22 18:00:00,36.75,36.75,36.75,36.75,200.0
2044,2020-01-23 08:00:00,36.43,36.43,36.43,36.43,500.0
2045,2020-01-23 09:00:00,36.6,36.62,36.26,36.54,82481.0
2046,2020-01-23 10:00:00,36.53,36.738,36.53,36.71,109098.0
2047,2020-01-23 11:00:00,36.74,36.78,36.465,36.515,254322.0
2048,2020-01-23 12:00:00,36.51,36.65,36.49,36.59,119030.0
2049,2020-01-23 13:00:00,36.59,36.75,36.585,36.73,156290.0
2050,2020-01-23 14:00:00,36.74,36.8312,36.71,36.815,286570.0
2051,2020-01-23 15:00:00,36.815,36.94,36.795,36.9,650430.0
2052,2020-01-23 16:00:00,36.89,36.89,36.89,36.89,28146.0
2053,2020-01-24 07:00:00,37.43,37.43,37.43,37.43,152.0
2054,2020-01-24 08:00:00,37.33,37.33,37.17,37.17,400.0
2055,2020-01-24 09:00:00,37.05,37.05,36.525,36.62,132656.0
2056,2020-01-24 10:00:00,36.64,36.76,36.595,36.695,262111.0
2057,2020-01-24 11:00:00,36.695,36.75,36.52,36.52,233467.0
2058,2020-01-24 12:00:00,36.51,36.55,36.255,36.53,306574.0
2059,2020-01-24 13:00:00,36.53,36.55,36.24,36.38,589765.0
2060,2020-01-24 14:00:00,36.36,36.7,36.33,36.61,618166.0
2061,2020-01-24 15:00:00,36.61,36.76,36.52,36.76,1411974.0
2062,2020-01-24 16:00:00,36.74,36.74,36.74,36.74,22473.0
2063,2020-01-27 08:00:00,35.45,36.0,35.0,35.95,700.0
2064,2020-01-27 09:00:00,36.23,36.84,36.21,36.62,401802.0
2065,2020-01-27 10:00:00,36.61,36.78,36.56,36.67,753173.0
2066,2020-01-27 11:00:00,36.67,36.71,36.54,36.645,381008.0
2067,2020-01-27 12:00:00,36.64,36.835,36.64,36.74,270619.0
2068,2020-01-27 13:00:00,36.73,36.78,36.66,36.695,173313.0
2069,2020-01-27 14:00:00,36.695,36.765,36.63,36.76,267332.0
2070,2020-01-27 15:00:00,36.76,36.81,36.66,36.76,1078511.0
2071,2020-01-27 16:00:00,36.71,36.75,36.71,36.71,15325.0
2072,2020-01-27 17:00:00,36.75,36.75,36.75,36.75,40862.0
2073,2020-01-28 09:00:00,37.0,37.3517,36.74,36.81,148575.0
2074,2020-01-28 10:00:00,36.83,36.86,36.69,36.745,179780.0
2075,2020-01-28 11:00:00,36.75,36.85,36.63,36.835,349810.0
2076,2020-01-28 12:00:00,36.835,36.98,36.81,36.86,108446.0
2077,2020-01-28 13:00:00,36.865,36.8737,36.805,36.835,100228.0
2078,2020-01-28 14:00:00,36.83,36.85,36.73,36.745,238308.0
2079,2020-01-28 15:00:00,36.745,36.85,36.72,36.76,846983.0
2080,2020-01-28 16:00:00,36.75,36.75,36.74,36.75,65032.0
2081,2020-01-28 17:00:00,36.75,36.75,36.75,36.75,47461.0
2082,2020-01-29 09:00:00,36.9,37.15,36.35,36.95,210089.0
2083,2020-01-29 10:00:00,36.93,36.93,36.72,36.82,276748.0
2084,2020-01-29 11:00:00,36.815,36.82,36.56,36.655,366349.0
2085,2020-01-29 12:00:00,36.66,36.71,36.595,36.7,273886.0
2086,2020-01-29 13:00:00,36.7,36.75,36.63,36.73,217530.0
2087,2020-01-29 14:00:00,36.74,36.77,36.69,36.745,217026.0
2088,2020-01-29 15:00:00,36.75,36.8,36.715,36.76,652625.0
2089,2020-01-29 16:00:00,36.75,36.75,36.75,36.75,12430.0
2090,2020-01-30 08:00:00,36.34,36.34,36.34,36.34,213.0
2091,2020-01-30 09:00:00,36.64,36.85,36.35,36.75,116372.0
2092,2020-01-30 10:00:00,36.76,36.84,36.44,36.6,678312.0
2093,2020-01-30 11:00:00,36.6,36.96,36.59,36.89,186414.0
2094,2020-01-30 12:00:00,36.89,36.89,36.74,36.865,87161.0
2095,2020-01-30 13:00:00,36.875,36.98,36.82,36.925,105101.0
2096,2020-01-30 14:00:00,36.925,37.02,36.83,36.97,159286.0
2097,2020-01-30 15:00:00,36.98,37.16,36.97,37.1,366827.0
2098,2020-01-30 16:00:00,37.1,37.11,37.1,37.11,124342.0
2099,2020-01-31 09:00:00,37.03,37.08,36.74,36.88,74985.0
2100,2020-01-31 10:00:00,36.86,36.9,36.69,36.7105,210381.0
2101,2020-01-31 11:00:00,36.71,36.855,36.63,36.83,217714.0
2102,2020-01-31 12:00:00,36.83,36.845,36.62,36.74,190846.0
2103,2020-01-31 13:00:00,36.745,36.8,36.685,36.735,160004.0
2104,2020-01-31 14:00:00,36.735,36.775,36.61,36.75,237265.0
2105,2020-01-31 15:00:00,36.75,36.815,36.67,36.76,684002.0
2106,2020-01-31 16:00:00,36.76,36.76,36.76,36.76,546762.0
2107,2020-02-03 09:00:00,37.12,37.29,36.83,37.19,79059.0
2108,2020-02-03 10:00:00,37.2,37.42,36.92,36.92,192927.0
2109,2020-02-03 11:00:00,36.92,37.03,36.8104,36.87,139518.0
2110,2020-02-03 12:00:00,36.88,37.03,36.84,37.01,94514.0
2111,2020-02-03 13:00:00,37.02,37.035,36.75,36.8,167981.0
2112,2020-02-03 14:00:00,36.81,36.81,36.67,36.72,315180.0
2113,2020-02-03 15:00:00,36.7075,36.78,36.7,36.75,647259.0
2114,2020-02-03 16:00:00,36.75,36.75,36.75,36.75,30766.0
2115,2020-02-04 08:00:00,37.33,37.33,37.33,37.33,615.0
2116,2020-02-04 09:00:00,37.03,37.16,36.87,36.88,143947.0
2117,2020-02-04 10:00:00,36.89,36.93,36.74,36.78,129481.0
2118,2020-02-04 11:00:00,36.785,36.8265,36.66,36.8,288340.0
2119,2020-02-04 12:00:00,36.795,36.85,36.77,36.8,148992.0
2120,2020-02-04 13:00:00,36.7996,36.825,36.67,36.79,133766.0
2121,2020-02-04 14:00:00,36.79,36.98,36.76,36.91,344440.0
2122,2020-02-04 15:00:00,36.9,36.95,36.74,36.78,679372.0
2123,2020-02-04 16:00:00,36.78,36.78,36.78,36.78,40820.0
2124,2020-02-04 17:00:00,36.78,36.78,36.78,36.78,100.0
2125,2020-02-04 19:00:00,36.78,36.78,36.78,36.78,399.0
2126,2020-02-05 09:00:00,37.12,37.6,37.05,37.6,190544.0
2127,2020-02-05 10:00:00,37.61,37.92,37.6025,37.865,540160.0
2128,2020-02-05 11:00:00,37.865,38.25,37.825,38.16,420130.0
2129,2020-02-05 12:00:00,38.1625,38.25,37.98,38.055,189822.0
2130,2020-02-05 13:00:00,38.055,38.085,37.955,37.99,136595.0
2131,2020-02-05 14:00:00,37.99,38.18,37.98,38.015,334996.0
2132,2020-02-05 15:00:00,38.01,38.09,37.9,37.93,757012.0
2133,2020-02-05 16:00:00,37.94,37.94,37.94,37.94,184204.0
2134,2020-02-06 09:00:00,38.13,38.47,38.05,38.14,111381.0
2135,2020-02-06 10:00:00,38.14,38.24,37.74,37.87,217309.0
2136,2020-02-06 11:00:00,37.85,37.85,37.595,37.66,161699.0
2137,2020-02-06 12:00:00,37.655,37.73,37.29,37.39,238698.0
2138,2020-02-06 13:00:00,37.39,37.43,37.145,37.155,243144.0
2139,2020-02-06 14:00:00,37.15,37.21,37.07,37.1,164737.0
2140,2020-02-06 15:00:00,37.1,37.11,36.81,36.9,692340.0
2141,2020-02-06 16:00:00,36.9,36.9,36.83,36.83,18206.0
2142,2020-02-07 09:00:00,36.78,36.86,36.52,36.58,347342.0
2143,2020-02-07 10:00:00,36.575,36.77,36.565,36.66,396899.0
2144,2020-02-07 11:00:00,36.66,36.9399,36.65,36.77,432766.0
2145,2020-02-07 12:00:00,36.765,36.79,36.64,36.655,196127.0
2146,2020-02-07 13:00:00,36.66,36.81,36.655,36.715,413503.0
2147,2020-02-07 14:00:00,36.72,36.78,36.64,36.77,154327.0
2148,2020-02-07 15:00:00,36.765,36.86,36.71,36.78,391584.0
2149,2020-02-07 16:00:00,36.78,36.78,36.78,36.78,88735.0
2150,2020-02-10 09:00:00,36.75,36.9,36.52,36.61,89189.0
2151,2020-02-10 10:00:00,36.62,36.84,36.36,36.585,568325.0
2152,2020-02-10 11:00:00,36.585,36.725,36.53,36.65,305127.0
2153,2020-02-10 12:00:00,36.65,36.8284,36.64,36.75,401720.0
2154,2020-02-10 13:00:00,36.75,36.78,36.6802,36.75,147375.0
2155,2020-02-10 14:00:00,36.755,36.81,36.705,36.81,164584.0
2156,2020-02-10 15:00:00,36.81,36.86,36.735,36.84,438130.0
2157,2020-02-10 16:00:00,36.85,36.85,36.85,36.85,201321.0
2158,2020-02-10 18:00:00,37.0,38.25,37.0,37.6,21308.0
2159,2020-02-10 19:00:00,37.55,38.0,36.99,37.6,117183.0
2160,2020-02-11 06:00:00,38.0,38.0,38.0,38.0,800.0
2161,2020-02-11 07:00:00,39.45,39.49,38.5,38.85,5506.0
2162,2020-02-11 08:00:00,39.0,40.5,38.0,40.0,144004.0
2163,2020-02-11 09:00:00,39.75,41.5,38.5,38.81,4115520.0
2164,2020-02-11 10:00:00,38.79,38.99,38.1741,38.715,2857661.0
2165,2020-02-11 11:00:00,38.715,39.16,38.66,39.08,1633773.0
2166,2020-02-11 12:00:00,39.09,39.38,38.96,39.175,1466832.0
2167,2020-02-11 13:00:00,39.1773,39.55,39.14,39.4,1297873.0
2168,2020-02-11 14:00:00,39.4,39.55,39.32,39.43,1122768.0
2169,2020-02-11 15:00:00,39.43,39.68,39.3227,39.48,1797160.0
2170,2020-02-11 16:00:00,39.48,39.51,38.985,39.46,171370.0
2171,2020-02-11 19:00:00,39.99,39.99,39.65,39.65,3897.0
2172,2020-02-12 06:00:00,40.2,40.2,40.2,40.2,100.0
2173,2020-02-12 07:00:00,40.33,40.48,40.0,40.0,5350.0
2174,2020-02-12 08:00:00,40.35,40.38,39.99,40.3215,2015.0
2175,2020-02-12 09:00:00,40.1836,42.01,39.6,41.405,1330728.0
2176,2020-02-12 10:00:00,41.41,41.42,40.93,40.975,1260642.0
2177,2020-02-12 11:00:00,40.9749,41.51,40.89,41.38,914504.0
2178,2020-02-12 12:00:00,41.385,41.965,41.36,41.785,706910.0
2179,2020-02-12 13:00:00,41.785,41.84,41.51,41.74,461545.0
2180,2020-02-12 14:00:00,41.73,41.765,40.86,40.87,2002874.0
2181,2020-02-12 15:00:00,40.88,40.98,39.99,40.11,2087078.0
2182,2020-02-12 16:00:00,40.11,40.11,39.99,39.99,40920.0
2183,2020-02-12 17:00:00,40.11,40.5,40.11,40.5,1315.0
2184,2020-02-12 18:00:00,40.5,40.5,40.21,40.21,1704.0
2185,2020-02-12 19:00:00,40.45,40.45,40.15,40.15,3085.0
2186,2020-02-13 08:00:00,38.55,38.55,38.55,38.55,200.0
2187,2020-02-13 09:00:00,40.11,40.32,39.83,40.07,379904.0
2188,2020-02-13 10:00:00,40.085,40.55,40.0,40.175,706839.0
2189,2020-02-13 11:00:00,40.17,40.27,40.11,40.12,366995.0
2190,2020-02-13 12:00:00,40.125,40.205,39.98,40.02,445412.0
2191,2020-02-13 13:00:00,40.02,40.2542,40.01,40.13,207258.0
2192,2020-02-13 14:00:00,40.12,40.21,40.005,40.07,531181.0
2193,2020-02-13 15:00:00,40.075,40.23,40.07,40.18,1499225.0
2194,2020-02-13 16:00:00,40.18,40.18,40.18,40.18,378633.0
2195,2020-02-13 17:00:00,40.131,40.131,40.131,40.131,300.0
2196,2020-02-14 09:00:00,40.18,40.24,39.82,40.155,187059.0
2197,2020-02-14 10:00:00,40.16,40.26,39.9973,39.9973,446956.0
2198,2020-02-14 11:00:00,39.97,40.08,39.83,39.94,281179.0
2199,2020-02-14 12:00:00,39.95,40.015,39.83,39.92,384667.0
2200,2020-02-14 13:00:00,39.92,40.0,39.69,39.97,350426.0
2201,2020-02-14 14:00:00,39.96,40.125,39.74,39.855,403808.0
2202,2020-02-14 15:00:00,39.85,40.0,39.78,39.96,892142.0
2203,2020-02-14 16:00:00,39.97,39.97,39.97,39.97,106131.0
2204,2020-02-14 18:00:00,40.74,40.74,40.15,40.15,500.0
2205,2020-02-18 09:00:00,39.99,40.37,39.82,40.15,242797.0
2206,2020-02-18 10:00:00,40.14,40.24,39.9276,40.21,421521.0
2207,2020-02-18 11:00:00,40.23,40.44,40.15,40.42,284022.0
2208,2020-02-18 12:00:00,40.425,40.79,40.405,40.76,498180.0
2209,2020-02-18 13:00:00,40.76,41.16,40.75,41.135,703418.0
2210,2020-02-18 14:00:00,41.135,41.31,41.0,41.185,545223.0
2211,2020-02-18 15:00:00,41.17,41.56,41.17,41.25,1788744.0
2212,2020-02-18 16:00:00,41.29,41.48,41.29,41.4,487785.0
2213,2020-02-18 17:00:00,41.2902,41.2902,41.2902,41.2902,300.0
2214,2020-02-18 18:00:00,40.45,40.55,40.45,40.55,1412.0
2215,2020-02-18 19:00:00,41.2,41.2,41.2,41.2,100.0
2216,2020-02-19 06:00:00,41.35,41.35,41.35,41.35,300.0
2217,2020-02-19 07:00:00,41.79,42.4,41.79,42.06,2012.0
2218,2020-02-19 08:00:00,41.79,42.7699,41.79,42.0,6954.0
2219,2020-02-19 09:00:00,42.0,42.62,40.89,41.59,534583.0
2220,2020-02-19 10:00:00,41.6,41.89,41.07,41.25,772832.0
2221,2020-02-19 11:00:00,41.25,41.71,40.94,41.71,499948.0
2222,2020-02-19 12:00:00,41.71,41.81,41.37,41.5,379153.0
2223,2020-02-19 13:00:00,41.51,41.74,41.42,41.615,202527.0
2224,2020-02-19 14:00:00,41.615,41.65,41.065,41.415,441206.0
2225,2020-02-19 15:00:00,41.415,41.54,41.17,41.26,1315358.0
2226,2020-02-19 16:00:00,41.25,41.25,41.2,41.2,167484.0
2227,2020-02-19 17:00:00,41.25,41.25,41.25,41.25,100.0
2228,2020-02-19 18:00:00,41.04,41.06,41.04,41.06,400.0
2229,2020-02-20 09:00:00,41.4,41.85,40.89,41.5,289620.0
2230,2020-02-20 10:00:00,41.46,41.51,41.25,41.4,282199.0
2231,2020-02-20 11:00:00,41.4,41.42,40.835,41.12,323629.0
2232,2020-02-20 12:00:00,41.1,41.18,41.0,41.15,231294.0
2233,2020-02-20 13:00:00,41.15,41.255,40.915,40.935,263981.0
2234,2020-02-20 14:00:00,40.94,41.01,40.855,40.88,284768.0
2235,2020-02-20 15:00:00,40.875,41.05,40.83,41.0,1023405.0
2236,2020-02-20 16:00:00,41.0,41.0,41.0,41.0,60314.0
2237,2020-02-20 19:00:00,40.65,40.65,40.65,40.65,285.0
2238,2020-02-21 08:00:00,41.0,41.0,41.0,41.0,250.0
2239,2020-02-21 09:00:00,40.82,40.88,40.45,40.83,217640.0
2240,2020-02-21 10:00:00,40.82,40.82,40.43,40.59,416110.0
2241,2020-02-21 11:00:00,40.595,40.665,40.48,40.58,202889.0
2242,2020-02-21 12:00:00,40.58,40.76,40.57,40.635,207320.0
2243,2020-02-21 13:00:00,40.64,40.645,40.47,40.52,206773.0
2244,2020-02-21 14:00:00,40.52,40.72,40.51,40.67,255395.0
2245,2020-02-21 15:00:00,40.665,40.81,40.57,40.74,665317.0
2246,2020-02-21 16:00:00,40.73,40.73,40.73,40.73,16263.0
2247,2020-02-24 07:00:00,40.0,40.01,39.41,39.41,2200.0
2248,2020-02-24 08:00:00,39.25,39.52,39.03,39.03,1350.0
2249,2020-02-24 09:00:00,39.83,39.98,39.32,39.915,388454.0
2250,2020-02-24 10:00:00,39.9,39.94,39.35,39.51,425216.0
2251,2020-02-24 11:00:00,39.515,39.6,39.01,39.02,430047.0
2252,2020-02-24 12:00:00,39.02,39.0515,38.805,38.87,372120.0
2253,2020-02-24 13:00:00,38.86,38.865,38.5208,38.58,474250.0
2254,2020-02-24 14:00:00,38.585,38.65,38.405,38.625,435509.0
2255,2020-02-24 15:00:00,38.625,38.75,38.32,38.34,921899.0
2256,2020-02-24 16:00:00,38.36,38.36,38.36,38.36,26866.0
2257,2020-02-25 09:00:00,38.56,38.975,38.42,38.56,247651.0
2258,2020-02-25 10:00:00,38.56,38.7,38.1,38.235,374357.0
2259,2020-02-25 11:00:00,38.235,38.275,37.87,38.09,449824.0
2260,2020-02-25 12:00:00,38.105,38.13,37.65,37.655,255508.0
2261,2020-02-25 13:00:00,37.65,37.8,37.47,37.47,270514.0
2262,2020-02-25 14:00:00,37.46,37.57,37.12,37.525,515132.0
2263,2020-02-25 15:00:00,37.53,37.785,37.44,37.64,918014.0
2264,2020-02-25 16:00:00,37.62,37.62,37.62,37.62,187289.0
2265,2020-02-25 17:00:00,38.63,38.63,37.39,37.39,228.0
2266,2020-02-26 08:00:00,37.57,37.69,37.57,37.69,18433.0
2267,2020-02-26 09:00:00,37.87,38.48,37.87,38.06,275026.0
2268,2020-02-26 10:00:00,38.04,38.26,37.88,37.8839,320907.0
2269,2020-02-26 11:00:00,37.9,37.92,37.21,37.21,166969.0
2270,2020-02-26 12:00:00,37.22,37.265,36.94,37.06,242663.0
2271,2020-02-26 13:00:00,37.06,37.135,36.48,36.52,252767.0
2272,2020-02-26 14:00:00,36.515,36.74,36.48,36.53,201297.0
2273,2020-02-26 15:00:00,36.52,36.7701,36.275,36.34,682511.0
2274,2020-02-26 16:00:00,36.32,36.4,36.32,36.33,38563.0
2275,2020-02-26 17:00:00,36.3199,36.3199,36.3199,36.3199,750.0
2276,2020-02-27 07:00:00,36.0,36.0,36.0,36.0,500.0
2277,2020-02-27 08:00:00,36.0,36.0,35.6,35.6,413.0
2278,2020-02-27 09:00:00,35.59,36.32,34.4,34.86,462919.0
2279,2020-02-27 10:00:00,34.86,34.92,34.05,34.59,1214615.0
2280,2020-02-27 11:00:00,34.5877,34.88,34.58,34.77,642163.0
2281,2020-02-27 12:00:00,34.77,34.9,34.645,34.7,790120.0
2282,2020-02-27 13:00:00,34.7,34.8,34.3,34.585,749775.0
2283,2020-02-27 14:00:00,34.585,34.62,34.08,34.09,546917.0
2284,2020-02-27 15:00:00,34.08,34.195,33.48,33.48,1447990.0
2285,2020-02-27 16:00:00,33.48,33.5,33.4799,33.48,56199.0
2286,2020-02-27 17:00:00,33.48,33.48,33.48,33.48,100.0
2287,2020-02-28 07:00:00,33.07,33.07,33.07,33.07,100.0
2288,2020-02-28 08:00:00,32.85,32.86,32.85,32.86,1050.0
2289,2020-02-28 09:00:00,32.85,32.9,32.09,32.205,485122.0
2290,2020-02-28 10:00:00,32.2,32.75,31.685,32.69,840599.0
2291,2020-02-28 11:00:00,32.67,33.71,32.48,33.3,757478.0
2292,2020-02-28 12:00:00,33.3,33.3,32.785,32.92,485882.0
2293,2020-02-28 13:00:00,32.92,33.39,32.735,33.02,590032.0
2294,2020-02-28 14:00:00,33.0,33.62,32.74,33.46,793509.0
2295,2020-02-28 15:00:00,33.45,33.55,32.74,33.55,1558206.0
2296,2020-02-28 16:00:00,33.52,33.52,33.5175,33.52,86267.0
2297,2020-03-02 07:00:00,33.6,33.6,33.6,33.6,253.0
2298,2020-03-02 09:00:00,33.42,33.52,32.79,32.92,256783.0
2299,2020-03-02 10:00:00,32.93,33.36,32.42,33.1,518793.0
2300,2020-03-02 11:00:00,33.1,33.4299,33.04,33.42,333118.0
2301,2020-03-02 12:00:00,33.43,33.46,33.115,33.29,237296.0
2302,2020-03-02 13:00:00,33.305,33.55,33.15,33.53,333278.0
2303,2020-03-02 14:00:00,33.52,33.6,33.055,33.15,238164.0
2304,2020-03-02 15:00:00,33.16,34.33,33.16,34.33,952510.0
2305,2020-03-02 16:00:00,34.33,34.35,34.33,34.35,55317.0
2306,2020-03-02 17:00:00,34.33,34.33,34.33,34.33,468.0
2307,2020-03-02 18:00:00,34.35,34.35,34.35,34.35,250.0
2308,2020-03-03 08:00:00,34.15,34.28,34.15,34.28,1867.0
2309,2020-03-03 09:00:00,34.28,34.32,33.7981,34.285,235783.0
2310,2020-03-03 10:00:00,34.28,35.41,34.27,34.55,598788.0
2311,2020-03-03 11:00:00,34.54,34.54,33.54,33.99,476168.0
2312,2020-03-03 12:00:00,33.98,34.07,33.5,33.56,342339.0
2313,2020-03-03 13:00:00,33.53,33.535,33.12,33.23,292602.0
2314,2020-03-03 14:00:00,33.23,33.31,32.7,33.045,423766.0
2315,2020-03-03 15:00:00,33.06,33.3,32.75,32.83,789782.0
2316,2020-03-03 16:00:00,32.82,32.82,32.82,32.82,50938.0
2317,2020-03-04 09:00:00,32.98,33.57,32.89,32.97,172746.0
2318,2020-03-04 10:00:00,32.98,33.46,32.65,32.69,367725.0
2319,2020-03-04 11:00:00,32.68,32.93,32.56,32.63,216715.0
2320,2020-03-04 12:00:00,32.62,33.375,32.62,33.34,693568.0
2321,2020-03-04 13:00:00,33.345,33.57,33.26,33.49,258968.0
2322,2020-03-04 14:00:00,33.5,33.65,33.415,33.53,318159.0
2323,2020-03-04 15:00:00,33.52,33.92,33.43,33.86,1229888.0
2324,2020-03-04 16:00:00,33.87,33.87,33.87,33.87,64278.0
2325,2020-03-05 09:00:00,32.87,33.15,32.35,32.52,195263.0
2326,2020-03-05 10:00:00,32.525,32.78,32.25,32.53,261278.0
2327,2020-03-05 11:00:00,32.54,32.9,32.5,32.605,256825.0
2328,2020-03-05 12:00:00,32.605,32.64,31.99,32.07,308848.0
2329,2020-03-05 13:00:00,32.05,32.2,31.945,32.19,252458.0
2330,2020-03-05 14:00:00,32.18,32.23,31.595,31.64,391944.0
2331,2020-03-05 15:00:00,31.64,31.65,31.17,31.43,1889974.0
2332,2020-03-05 16:00:00,31.43,31.64,31.41,31.64,30015.0
2333,2020-03-05 19:00:00,31.5,31.5,31.5,31.5,300.0
2334,2020-03-06 07:00:00,31.12,31.36,31.02,31.36,643.0
2335,2020-03-06 08:00:00,31.44,32.046,30.0,30.3701,3250.0
2336,2020-03-06 09:00:00,30.8,30.86,30.035,30.245,783440.0
2337,2020-03-06 10:00:00,30.275,31.0,30.18,30.86,738086.0
2338,2020-03-06 11:00:00,30.88,30.92,29.74,29.755,637407.0
2339,2020-03-06 12:00:00,29.75,29.78,29.26,29.465,582827.0
2340,2020-03-06 13:00:00,29.46,29.75,28.89,28.91,643431.0
2341,2020-03-06 14:00:00,28.91,29.08,28.51,28.76,1011981.0
2342,2020-03-06 15:00:00,28.755,29.33,28.6,29.21,1388943.0
2343,2020-03-06 16:00:00,29.21,29.31,29.21,29.21,90312.0
2344,2020-03-06 17:00:00,28.82,28.82,28.58,28.58,2000.0
2345,2020-03-09 07:00:00,28.0,28.0,28.0,28.0,1000.0
2346,2020-03-09 09:00:00,26.98,27.16,25.8,26.56,326581.0
2347,2020-03-09 10:00:00,26.56,27.01,25.9,26.38,722271.0
2348,2020-03-09 11:00:00,26.37,26.84,26.23,26.8,677679.0
2349,2020-03-09 12:00:00,26.79,26.84,26.215,26.26,588367.0
2350,2020-03-09 13:00:00,26.26,26.36,25.56,25.595,559023.0
2351,2020-03-09 14:00:00,25.595,25.71,25.215,25.46,792345.0
2352,2020-03-09 15:00:00,25.47,25.56,24.88,24.92,2084312.0
2353,2020-03-09 16:00:00,24.93,24.93,24.81,24.85,28877.0
2354,2020-03-09 17:00:00,25.0,25.0,24.8001,24.8001,1452.0
2355,2020-03-09 18:00:00,24.92,24.93,24.92,24.93,200.0
2356,2020-03-10 07:00:00,25.06,25.99,25.0,25.99,5475.0
2357,2020-03-10 08:00:00,25.97,25.97,25.97,25.97,140.0
2358,2020-03-10 09:00:00,25.99,26.47,25.15,25.64,219778.0
2359,2020-03-10 10:00:00,25.64,25.94,25.28,25.315,354121.0
2360,2020-03-10 11:00:00,25.315,25.45,24.39,24.555,382196.0
2361,2020-03-10 12:00:00,24.57,25.06,24.56,24.975,363362.0
2362,2020-03-10 13:00:00,24.975,25.21,24.85,24.85,247096.0
2363,2020-03-10 14:00:00,24.83,25.77,24.73,25.64,283276.0
2364,2020-03-10 15:00:00,25.64,26.35,25.64,26.33,1267697.0
2365,2020-03-10 16:00:00,26.34,26.34,26.02,26.34,4765.0
2366,2020-03-11 09:00:00,25.33,25.69,24.855,24.89,257684.0
2367,2020-03-11 10:00:00,24.86,25.02,24.4,24.58,666306.0
2368,2020-03-11 11:00:00,24.585,24.75,24.208,24.465,654955.0
2369,2020-03-11 12:00:00,24.48,24.72,24.08,24.23,410278.0
2370,2020-03-11 13:00:00,24.22,24.22,23.82,23.875,315857.0
2371,2020-03-11 14:00:00,23.87,23.92,23.51,23.52,506346.0
2372,2020-03-11 15:00:00,23.53,23.8001,23.425,23.57,1320932.0
2373,2020-03-11 16:00:00,23.58,23.58,23.58,23.58,1280.0
2374,2020-03-11 18:00:00,23.58,23.58,23.58,23.58,180.0
2375,2020-03-12 07:00:00,21.41,21.98,21.41,21.89,950.0
2376,2020-03-12 08:00:00,21.44,21.44,21.42,21.44,1990.0
2377,2020-03-12 09:00:00,21.67,21.67,20.63,21.15,371691.0
2378,2020-03-12 10:00:00,21.15,21.305,20.78,20.89,802233.0
2379,2020-03-12 11:00:00,20.88,20.9,19.6001,20.095,757416.0
2380,2020-03-12 12:00:00,20.095,20.87,19.93,20.72,762241.0
2381,2020-03-12 13:00:00,20.73,21.49,20.515,20.89,771055.0
2382,2020-03-12 14:00:00,20.89,20.9726,20.25,20.5,464448.0
2383,2020-03-12 15:00:00,20.505,20.54,19.84,19.85,1561128.0
2384,2020-03-12 16:00:00,19.85,19.85,19.85,19.85,3993.0
2385,2020-03-12 17:00:00,19.0,19.26,19.0,19.25,1004.0
2386,2020-03-13 07:00:00,21.0,21.5,21.0,21.5,449.0
2387,2020-03-13 08:00:00,21.49,21.49,21.2502,21.3702,1767.0
2388,2020-03-13 09:00:00,21.35,21.59,19.68,19.76,434641.0
2389,2020-03-13 10:00:00,19.76,20.56,19.61,20.27,670876.0
2390,2020-03-13 11:00:00,20.26,20.45,19.6,19.87,989591.0
2391,2020-03-13 12:00:00,19.885,20.63,19.81,20.47,767761.0
2392,2020-03-13 13:00:00,20.475,21.05,20.45,20.95,518935.0
2393,2020-03-13 14:00:00,20.955,21.02,20.51,20.65,623625.0
2394,2020-03-13 15:00:00,20.655,21.61,20.53,21.58,1351578.0
2395,2020-03-13 16:00:00,21.59,21.59,21.2,21.49,13141.0
2396,2020-03-13 17:00:00,21.0,21.4999,21.0,21.4999,900.0
2397,2020-03-13 18:00:00,21.45,21.45,21.45,21.45,200.0
2398,2020-03-13 19:00:00,21.99,21.99,21.99,21.99,225.0
2399,2020-03-16 08:00:00,19.6701,19.85,19.66,19.66,3300.0
2400,2020-03-16 09:00:00,19.75,19.75,18.81,19.05,223941.0
2401,2020-03-16 10:00:00,19.05,20.2,18.51,20.09,616834.0
2402,2020-03-16 11:00:00,20.08,21.4,20.01,20.505,746149.0
2403,2020-03-16 12:00:00,20.5,20.63,19.89,19.93,353097.0
2404,2020-03-16 13:00:00,19.925,20.39,19.64,19.64,724652.0
2405,2020-03-16 14:00:00,19.62,19.8,19.055,19.62,502472.0
2406,2020-03-16 15:00:00,19.62,19.8,18.7,18.8,1506995.0
2407,2020-03-16 16:00:00,18.79,18.79,18.79,18.79,920.0
2408,2020-03-16 17:00:00,18.82,18.82,18.82,18.82,4246.0
2409,2020-03-17 07:00:00,19.83,19.83,19.0,19.0,1800.0
2410,2020-03-17 08:00:00,19.5,19.5,19.5,19.5,200.0
2411,2020-03-17 09:00:00,19.25,19.42,18.0915,18.115,345894.0
2412,2020-03-17 10:00:00,18.14,19.33,17.97,19.3,483487.0
2413,2020-03-17 11:00:00,19.23,22.31,19.22,22.25,817359.0
2414,2020-03-17 12:00:00,22.26,23.7,21.295,21.66,1186855.0
2415,2020-03-17 13:00:00,21.67,21.88,20.685,21.1,486877.0
2416,2020-03-17 14:00:00,21.13,22.2,20.95,22.16,669342.0
2417,2020-03-17 15:00:00,22.155,22.1584,20.62,20.88,1760995.0
2418,2020-03-17 18:00:00,20.88,20.88,20.88,20.88,2902.0
2419,2020-03-18 07:00:00,20.0,20.0,20.0,20.0,303.0
2420,2020-03-18 09:00:00,19.26,19.48,18.42,19.115,289042.0
2421,2020-03-18 10:00:00,19.09,19.22,18.63,18.83,479477.0
2422,2020-03-18 11:00:00,18.795,18.97,18.49,18.535,482891.0
2423,2020-03-18 12:00:00,18.52,18.52,18.04,18.39,371937.0
2424,2020-03-18 13:00:00,18.39,18.59,17.97,18.0,364244.0
2425,2020-03-18 14:00:00,17.995,18.59,17.09,18.455,628182.0
2426,2020-03-18 15:00:00,18.45,18.76,17.79,18.74,1046874.0
2427,2020-03-18 16:00:00,18.74,18.74,18.74,18.74,1666.0
2428,2020-03-18 17:00:00,18.73,18.73,18.73,18.73,700.0
2429,2020-03-19 08:00:00,18.06,18.06,18.06,18.06,200.0
2430,2020-03-19 09:00:00,18.74,18.74,17.5,18.53,294094.0
2431,2020-03-19 10:00:00,18.51,20.041,18.45,19.93,340533.0
2432,2020-03-19 11:00:00,19.85,22.73,19.49,22.67,377821.0
2433,2020-03-19 12:00:00,22.66,23.31,20.26,20.26,1017358.0
2434,2020-03-19 13:00:00,20.26,20.73,20.02,20.58,455000.0
2435,2020-03-19 14:00:00,20.59,21.89,20.1,21.89,710689.0
2436,2020-03-19 15:00:00,21.88,22.38,21.375,21.87,2288834.0
2437,2020-03-19 16:00:00,21.87,21.87,21.85,21.87,1001.0
2438,2020-03-19 17:00:00,21.87,21.87,21.87,21.87,190.0
2439,2020-03-20 07:00:00,22.25,22.25,22.25,22.25,150.0
2440,2020-03-20 08:00:00,22.75,23.49,21.87,22.5,5075.0
2441,2020-03-20 09:00:00,22.5,22.5,19.675,20.03,1408537.0
2442,2020-03-20 10:00:00,20.025,20.98,19.93,20.85,880621.0
2443,2020-03-20 11:00:00,20.87,20.95,19.71,19.89,516476.0
2444,2020-03-20 12:00:00,19.86,19.86,18.94,19.64,582043.0
2445,2020-03-20 13:00:00,19.65,20.2,19.04,19.344,582237.0
2446,2020-03-20 14:00:00,19.38,19.68,19.08,19.1644,447740.0
2447,2020-03-20 15:00:00,19.16,20.22,19.03,19.88,1738834.0
2448,2020-03-20 16:00:00,19.88,19.88,19.8,19.81,1140.0
2449,2020-03-23 08:00:00,19.5001,19.81,19.5,19.81,2576.0
2450,2020-03-23 09:00:00,20.37,20.53,19.0,19.59,328981.0
2451,2020-03-23 10:00:00,19.6,20.27,18.45,18.67,674991.0
2452,2020-03-23 11:00:00,18.66,18.82,17.88,18.23,523507.0
2453,2020-03-23 12:00:00,18.245,18.44,17.56,18.21,665688.0
2454,2020-03-23 13:00:00,18.23,18.49,17.915,18.06,575991.0
2455,2020-03-23 14:00:00,18.03,18.45,17.76,18.05,453081.0
2456,2020-03-23 15:00:00,18.07,18.49,17.15,18.15,1310303.0
2457,2020-03-23 16:00:00,18.15,18.15,18.15,18.15,3510.0
2458,2020-03-23 18:00:00,18.6,18.8,18.6,18.8,1630.0
2459,2020-03-24 08:00:00,19.11,19.12,19.11,19.12,523.0
2460,2020-03-24 09:00:00,19.4,20.8,19.39,20.09,587683.0
2461,2020-03-24 10:00:00,20.09,20.3,19.88,19.9,460088.0
2462,2020-03-24 11:00:00,19.92,20.31,19.83,20.24,301484.0
2463,2020-03-24 12:00:00,20.23,21.21,20.16,20.78,408583.0
2464,2020-03-24 13:00:00,20.79,20.96,20.415,20.485,378169.0
2465,2020-03-24 14:00:00,20.48,20.72,20.07,20.72,305767.0
2466,2020-03-24 15:00:00,20.72,20.85,20.39,20.73,972640.0
2467,2020-03-24 16:00:00,20.74,20.74,20.7002,20.7002,4099.0
2468,2020-03-24 18:00:00,20.75,21.0,20.75,21.0,492.0
2469,2020-03-24 19:00:00,21.15,21.15,21.15,21.15,5236.0
2470,2020-03-25 07:00:00,20.84,20.84,20.84,20.84,100.0
2471,2020-03-25 08:00:00,20.8,20.8,20.8,20.8,200.0
2472,2020-03-25 09:00:00,21.58,21.6,19.58,19.93,259354.0
2473,2020-03-25 10:00:00,19.87,20.18,19.49,19.88,1134523.0
2474,2020-03-25 11:00:00,19.9,20.485,19.73,20.14,366566.0
2475,2020-03-25 12:00:00,20.18,21.71,20.17,21.455,319724.0
2476,2020-03-25 13:00:00,21.47,22.28,21.42,21.55,415670.0
2477,2020-03-25 14:00:00,21.58,21.78,21.11,21.68,477426.0
2478,2020-03-25 15:00:00,21.65,21.88,20.24,20.61,1524675.0
2479,2020-03-25 16:00:00,20.64,20.68,20.64,20.64,10944.0
2480,2020-03-26 09:00:00,20.82,21.46,20.51,21.31,326213.0
2481,2020-03-26 10:00:00,21.39,22.203,21.18,21.6374,458966.0
2482,2020-03-26 11:00:00,21.65,22.07,21.22,22.03,370021.0
2483,2020-03-26 12:00:00,22.04,22.27,21.59,21.64,371052.0
2484,2020-03-26 13:00:00,21.63,22.0,21.14,21.7,429992.0
2485,2020-03-26 14:00:00,21.7,22.12,21.51,22.09,249036.0
2486,2020-03-26 15:00:00,22.1,22.5,21.75,22.32,1039687.0
2487,2020-03-26 16:00:00,22.32,22.65,22.32,22.32,1037056.0
2488,2020-03-26 17:00:00,22.4,22.4,22.4,22.4,250.0
2489,2020-03-26 19:00:00,22.4,22.4,22.4,22.4,900.0
2490,2020-03-27 07:00:00,22.09,22.09,21.7,21.7,600.0
2491,2020-03-27 08:00:00,21.7,21.7,21.7,21.7,150.0
2492,2020-03-27 09:00:00,21.33,21.5742,20.54,20.9,194838.0
2493,2020-03-27 10:00:00,20.89,21.53,20.61,21.36,326222.0
2494,2020-03-27 11:00:00,21.35,21.55,21.18,21.42,283051.0
2495,2020-03-27 12:00:00,21.41,21.45,21.08,21.39,227882.0
2496,2020-03-27 13:00:00,21.37,21.5,21.09,21.22,202936.0
2497,2020-03-27 14:00:00,21.25,21.44,21.15,21.42,272963.0
2498,2020-03-27 15:00:00,21.4,21.75,20.965,20.98,888292.0
2499,2020-03-27 16:00:00,20.98,21.0,20.98,20.98,50009.0
2500,2020-03-27 18:00:00,20.66,20.66,20.66,20.66,250.0
2501,2020-03-27 19:00:00,20.91,20.91,20.91,20.91,1225.0
2502,2020-03-30 07:00:00,21.2,21.2,21.2,21.2,400.0
2503,2020-03-30 08:00:00,21.13,21.13,20.51,20.98,4906.0
2504,2020-03-30 09:00:00,21.21,21.21,19.77,19.93,317394.0
2505,2020-03-30 10:00:00,19.92,20.47,19.86,20.27,349388.0
2506,2020-03-30 11:00:00,20.26,20.82,20.26,20.65,208749.0
2507,2020-03-30 12:00:00,20.65,20.83,20.5203,20.675,201428.0
2508,2020-03-30 13:00:00,20.675,20.675,20.35,20.45,250453.0
2509,2020-03-30 14:00:00,20.44,20.48,20.21,20.44,253878.0
2510,2020-03-30 15:00:00,20.455,20.93,20.325,20.69,886143.0
2511,2020-03-30 16:00:00,20.73,20.73,20.73,20.73,78391.0
2512,2020-03-31 09:00:00,21.0,21.0,20.02,20.11,361040.0
2513,2020-03-31 10:00:00,20.135,20.66,20.11,20.64,491345.0
2514,2020-03-31 11:00:00,20.61,20.86,20.38,20.47,361214.0
2515,2020-03-31 12:00:00,20.475,20.53,19.92,20.04,374820.0
2516,2020-03-31 13:00:00,20.03,20.18,19.8283,20.1,270259.0
2517,2020-03-31 14:00:00,20.11,20.13,19.885,20.12,282995.0
2518,2020-03-31 15:00:00,20.12,20.22,19.795,19.99,1296610.0
2519,2020-03-31 16:00:00,19.99,20.0,19.99,20.0,97662.0
2520,2020-03-31 18:00:00,19.93,19.93,19.92,19.92,3399.0
2521,2020-03-31 19:00:00,19.79,19.79,19.79,19.79,100.0
2522,2020-04-01 09:00:00,19.01,19.2,18.07,18.3,580458.0
2523,2020-04-01 10:00:00,18.31,19.1,18.28,18.91,416517.0
2524,2020-04-01 11:00:00,18.94,19.23,18.84,18.85,339431.0
2525,2020-04-01 12:00:00,18.865,18.88,18.35,18.5,351502.0
2526,2020-04-01 13:00:00,18.47,18.82,18.44,18.77,344837.0
2527,2020-04-01 14:00:00,18.77,19.02,18.55,18.575,384161.0
2528,2020-04-01 15:00:00,18.58,18.82,18.435,18.71,927865.0
2529,2020-04-01 16:00:00,18.7,18.7,18.7,18.7,25618.0
2530,2020-04-01 18:00:00,18.5,18.5,18.5,18.5,470.0
2531,2020-04-02 08:00:00,18.7,18.7,18.7,18.7,250.0
2532,2020-04-02 09:00:00,18.7,19.01,18.43,18.65,160280.0
2533,2020-04-02 10:00:00,18.63,19.5875,18.5,19.25,326060.0
2534,2020-04-02 11:00:00,19.2501,19.28,18.75,19.09,369200.0
2535,2020-04-02 12:00:00,19.09,19.35,18.86,18.875,285851.0
2536,2020-04-02 13:00:00,18.85,18.98,18.27,18.28,255952.0
2537,2020-04-02 14:00:00,18.26,18.4,18.18,18.38,320884.0
2538,2020-04-02 15:00:00,18.37,19.05,18.25,18.94,1168457.0
2539,2020-04-02 16:00:00,18.96,19.005,18.96,19.005,68607.0
2540,2020-04-03 08:00:00,19.0499,19.0499,19.0499,19.0499,350.0
2541,2020-04-03 09:00:00,18.97,19.47,18.81,19.24,411727.0
2542,2020-04-03 10:00:00,19.22,19.4,18.53,18.91,531747.0
2543,2020-04-03 11:00:00,18.91,19.0,18.34,18.46,239883.0
2544,2020-04-03 12:00:00,18.48,18.68,18.4,18.58,188223.0
2545,2020-04-03 13:00:00,18.6,18.9,18.52,18.855,340377.0
2546,2020-04-03 14:00:00,18.84,18.95,18.66,18.91,219196.0
2547,2020-04-03 15:00:00,18.905,19.07,18.66,18.93,783180.0
2548,2020-04-03 16:00:00,18.98,18.98,18.9569,18.9569,19801.0
2549,2020-04-03 19:00:00,18.96,18.96,18.96,18.96,100.0
2550,2020-04-06 07:00:00,19.09,19.09,19.09,19.09,100.0
2551,2020-04-06 09:00:00,20.23,20.85,19.96,20.62,501943.0
2552,2020-04-06 10:00:00,20.66,21.15,20.18,20.43,737979.0
2553,2020-04-06 11:00:00,20.45,20.81,20.16,20.7,261470.0
2554,2020-04-06 12:00:00,20.69,20.95,20.57,20.74,222756.0
2555,2020-04-06 13:00:00,20.74,21.15,20.625,21.02,350168.0
2556,2020-04-06 14:00:00,21.03,21.24,20.995,21.06,311773.0
2557,2020-04-06 15:00:00,21.06,21.31,20.89,21.1,926248.0
2558,2020-04-06 16:00:00,21.11,21.11,21.11,21.11,19171.0
2559,2020-04-06 17:00:00,21.0,21.0,21.0,21.0,110.0
2560,2020-04-06 18:00:00,20.75,20.75,20.75,20.75,2000.0
2561,2020-04-06 19:00:00,21.1799,21.1799,21.1799,21.1799,300.0
2562,2020-04-07 07:00:00,21.2,21.71,21.2,21.71,410.0
2563,2020-04-07 08:00:00,21.81,22.01,21.81,22.0,1168.0
2564,2020-04-07 09:00:00,22.1,22.91,21.69,22.57,285761.0
2565,2020-04-07 10:00:00,22.57,22.78,21.37,21.58,571645.0
2566,2020-04-07 11:00:00,21.57,21.99,21.43,21.75,431846.0
2567,2020-04-07 12:00:00,21.77,22.29,21.44,21.52,369991.0
2568,2020-04-07 13:00:00,21.52,21.65,21.04,21.1,482938.0
2569,2020-04-07 14:00:00,21.095,21.12,20.6901,20.71,520232.0
2570,2020-04-07 15:00:00,20.73,21.07,20.55,20.78,942488.0
2571,2020-04-07 16:00:00,20.77,20.79,20.77,20.77,309088.0
2572,2020-04-07 17:00:00,20.85,20.85,20.77,20.77,335.0
2573,2020-04-08 09:00:00,21.09,21.39,20.895,20.895,137435.0
2574,2020-04-08 10:00:00,20.95,21.72,20.83,21.72,265282.0
2575,2020-04-08 11:00:00,21.68,22.41,21.61,21.95,389177.0
2576,2020-04-08 12:00:00,21.94,22.27,21.73,21.79,225966.0
2577,2020-04-08 13:00:00,21.8,21.93,21.465,21.5457,197648.0
2578,2020-04-08 14:00:00,21.56,21.86,21.56,21.81,256787.0
2579,2020-04-08 15:00:00,21.81,21.91,21.57,21.78,619564.0
2580,2020-04-08 16:00:00,21.78,21.78,21.78,21.78,14072.0
2581,2020-04-08 18:00:00,21.8,21.8,21.8,21.8,250.0
2582,2020-04-09 09:00:00,22.31,23.595,22.19,23.32,259287.0
2583,2020-04-09 10:00:00,23.3225,23.505,22.59,22.92,507206.0
2584,2020-04-09 11:00:00,22.93,22.9641,22.58,22.86,267922.0
2585,2020-04-09 12:00:00,22.88,23.28,22.82,23.24,333954.0
2586,2020-04-09 13:00:00,23.25,23.36,22.88,22.985,311924.0
2587,2020-04-09 14:00:00,23.01,23.18,22.58,22.7775,443796.0
2588,2020-04-09 15:00:00,22.8,23.19,22.72,23.07,882853.0
2589,2020-04-09 16:00:00,23.07,23.07,23.07,23.07,38797.0
2590,2020-04-13 08:00:00,23.12,23.5,23.12,23.5,10450.0
2591,2020-04-13 09:00:00,23.24,23.26,22.07,22.135,183727.0
2592,2020-04-13 10:00:00,22.16,22.37,21.49,21.78,505241.0
2593,2020-04-13 11:00:00,21.76,22.1898,21.63,22.1,346707.0
2594,2020-04-13 12:00:00,22.1,22.27,21.75,21.765,253890.0
2595,2020-04-13 13:00:00,21.765,21.96,21.625,21.91,150724.0
2596,2020-04-13 14:00:00,21.905,21.99,21.77,21.91,219324.0
2597,2020-04-13 15:00:00,21.9,22.07,21.74,22.0,551095.0
2598,2020-04-13 16:00:00,22.0,22.0,21.99,21.99,18640.0
2599,2020-04-13 17:00:00,22.0,22.0,22.0,22.0,400.0
2600,2020-04-13 19:00:00,22.27,22.28,22.27,22.28,500.0
2601,2020-04-14 04:00:00,22.09,22.09,22.09,22.09,3212.0
2602,2020-04-14 06:00:00,22.09,22.09,22.09,22.09,200.0
2603,2020-04-14 08:00:00,22.11,22.11,22.11,22.11,226.0
2604,2020-04-14 09:00:00,22.13,23.8999,22.1,22.38,204372.0
2605,2020-04-14 10:00:00,22.38,22.51,21.74,21.78,360722.0
2606,2020-04-14 11:00:00,21.8,22.01,21.69,21.78,271341.0
2607,2020-04-14 12:00:00,21.79,21.97,21.78,21.87,321080.0
2608,2020-04-14 13:00:00,21.87,22.01,21.77,22.0001,248275.0
2609,2020-04-14 14:00:00,22.01,22.2,21.97,22.13,182911.0
2610,2020-04-14 15:00:00,22.12,22.54,22.05,22.3,786308.0
2611,2020-04-14 16:00:00,22.31,22.55,22.15,22.55,26805.0
2612,2020-04-15 09:00:00,21.66,21.66,20.73,21.43,323830.0
2613,2020-04-15 10:00:00,21.44,21.5,20.71,20.94,416471.0
2614,2020-04-15 11:00:00,20.94,21.1,20.535,20.8,301568.0
2615,2020-04-15 12:00:00,20.8,21.07,20.8,20.96,99974.0
2616,2020-04-15 13:00:00,20.92,21.22,20.87,21.125,165164.0
2617,2020-04-15 14:00:00,21.14,21.36,21.05,21.21,164805.0
2618,2020-04-15 15:00:00,21.21,21.23,21.005,21.11,351628.0
2619,2020-04-15 16:00:00,21.09,21.14,21.09,21.14,265459.0
2620,2020-04-16 08:00:00,21.14,21.14,21.14,21.14,156.0
2621,2020-04-16 09:00:00,21.03,21.07,20.41,20.59,195450.0
2622,2020-04-16 10:00:00,20.59,20.95,20.44,20.86,495911.0
2623,2020-04-16 11:00:00,20.865,21.11,20.79,21.09,264627.0
2624,2020-04-16 12:00:00,21.09,21.14,20.91,21.03,302778.0
2625,2020-04-16 13:00:00,21.025,21.1,20.94,21.03,182770.0
2626,2020-04-16 14:00:00,21.02,21.21,20.96,21.135,481565.0
2627,2020-04-16 15:00:00,21.14,21.35,21.005,21.33,644376.0
2628,2020-04-16 16:00:00,21.335,21.35,21.27,21.335,185331.0
2629,2020-04-16 19:00:00,22.05,22.05,22.05,22.05,300.0
2630,2020-04-17 07:00:00,22.0,22.0,22.0,22.0,100.0
2631,2020-04-17 08:00:00,22.01,22.25,22.01,22.2499,1856.0
2632,2020-04-17 09:00:00,22.0,22.45,21.77,22.287,347431.0
2633,2020-04-17 10:00:00,22.3,22.51,21.65,21.69,581224.0
2634,2020-04-17 11:00:00,21.67,21.985,21.63,21.85,455201.0
2635,2020-04-17 12:00:00,21.865,22.06,21.81,21.925,725538.0
2636,2020-04-17 13:00:00,21.92,22.15,21.88,22.005,779843.0
2637,2020-04-17 14:00:00,22.0,22.01,21.855,21.99,498757.0
2638,2020-04-17 15:00:00,22.0,22.66,21.94,22.52,1323390.0
2639,2020-04-17 16:00:00,22.52,22.52,21.55,22.5,51073.0
2640,2020-04-17 17:00:00,22.5,22.5,22.5,22.5,450.0
2641,2020-04-17 18:00:00,22.47,22.5,22.47,22.5,1000.0
2642,2020-04-20 04:00:00,22.5,22.5,22.5,22.5,100.0
2643,2020-04-20 07:00:00,22.1,22.1,22.1,22.1,400.0
2644,2020-04-20 09:00:00,21.87,22.15,21.58,22.01,169494.0
2645,2020-04-20 10:00:00,21.96,22.4,21.96,22.23,247776.0
2646,2020-04-20 11:00:00,22.23,22.61,22.15,22.565,146699.0
2647,2020-04-20 12:00:00,22.58,22.65,22.47,22.51,207984.0
2648,2020-04-20 13:00:00,22.52,22.54,22.25,22.395,221220.0
2649,2020-04-20 14:00:00,22.39,22.46,22.01,22.05,202848.0
2650,2020-04-20 15:00:00,22.05,22.315,22.0,22.2,489193.0
2651,2020-04-20 16:00:00,22.21,22.21,22.21,22.21,15867.0
2652,2020-04-21 07:00:00,21.96,21.98,21.84,21.84,1000.0
2653,2020-04-21 08:00:00,22.17,22.25,22.17,22.25,1800.0
2654,2020-04-21 09:00:00,21.56,22.0,21.41,21.85,296863.0
2655,2020-04-21 10:00:00,21.9,21.9,21.66,21.74,226426.0
2656,2020-04-21 11:00:00,21.72,21.76,21.47,21.67,179726.0
2657,2020-04-21 12:00:00,21.66,21.77,21.54,21.7,166030.0
2658,2020-04-21 13:00:00,21.68,21.93,21.67,21.75,142198.0
2659,2020-04-21 14:00:00,21.74,21.97,21.67,21.74,221241.0
2660,2020-04-21 15:00:00,21.75,21.8,21.54,21.54,674636.0
2661,2020-04-21 16:00:00,21.57,21.57,21.57,21.57,403741.0
2662,2020-04-22 09:00:00,22.14,22.14,21.61,21.65,158760.0
2663,2020-04-22 10:00:00,21.69,22.05,21.61,21.89,206856.0
2664,2020-04-22 11:00:00,21.9,22.095,21.83,22.09,185393.0
2665,2020-04-22 12:00:00,22.07,22.27,22.01,22.27,191258.0
2666,2020-04-22 13:00:00,22.27,22.36,22.1925,22.345,205456.0
2667,2020-04-22 14:00:00,22.35,22.4,22.22,22.36,416052.0
2668,2020-04-22 15:00:00,22.365,22.535,22.3,22.38,848331.0
2669,2020-04-22 16:00:00,22.38,22.38,22.38,22.38,689973.0
2670,2020-04-23 08:00:00,22.0,22.38,22.0,22.38,920.0
2671,2020-04-23 09:00:00,22.52,22.97,22.4,22.51,134330.0
2672,2020-04-23 10:00:00,22.53,22.86,22.34,22.71,222835.0
2673,2020-04-23 11:00:00,22.7,22.83,22.53,22.75,150789.0
2674,2020-04-23 12:00:00,22.74,23.06,22.59,22.97,484864.0
2675,2020-04-23 13:00:00,22.97,23.05,22.66,22.755,186105.0
2676,2020-04-23 14:00:00,22.76,23.04,22.6,23.0,221396.0
2677,2020-04-23 15:00:00,23.01,23.01,22.77,22.87,954068.0
2678,2020-04-23 16:00:00,22.88,22.88,22.72,22.72,38213.0
2679,2020-04-24 09:00:00,22.98,23.19,22.78,23.0,146059.0
2680,2020-04-24 10:00:00,22.99,23.1,22.76,23.0,255288.0
2681,2020-04-24 11:00:00,23.0,23.04,22.8,22.985,185759.0
2682,2020-04-24 12:00:00,23.0,23.185,22.82,23.05,279062.0
2683,2020-04-24 13:00:00,23.05,23.32,22.97,23.32,156042.0
2684,2020-04-24 14:00:00,23.32,23.4,23.18,23.4,197052.0
2685,2020-04-24 15:00:00,23.39,23.615,23.31,23.4,626459.0
2686,2020-04-24 16:00:00,23.4,23.4,23.4,23.4,358571.0
2687,2020-04-24 19:00:00,23.66,23.66,23.66,23.66,204.0
2688,2020-04-27 09:00:00,23.7,24.08,23.62,24.02,211121.0
2689,2020-04-27 10:00:00,24.04,24.16,23.91,24.11,306449.0
2690,2020-04-27 11:00:00,24.11,24.49,24.08,24.46,333440.0
2691,2020-04-27 12:00:00,24.46,24.48,24.16,24.34,223283.0
2692,2020-04-27 13:00:00,24.345,24.345,24.09,24.17,133695.0
2693,2020-04-27 14:00:00,24.18,24.32,24.15,24.26,149171.0
2694,2020-04-27 15:00:00,24.26,24.51,24.25,24.37,496139.0
2695,2020-04-27 16:00:00,24.37,24.37,24.37,24.37,23198.0
2696,2020-04-27 18:00:00,24.37,24.37,24.37,24.37,103.0
2697,2020-04-28 07:00:00,24.66,24.69,24.66,24.69,700.0
2698,2020-04-28 08:00:00,24.33,24.6,24.33,24.6,1600.0
2699,2020-04-28 09:00:00,25.1,25.53,24.98,25.09,237204.0
2700,2020-04-28 10:00:00,25.13,25.15,24.38,24.41,498013.0
2701,2020-04-28 11:00:00,24.41,24.85,24.37,24.85,273176.0
2702,2020-04-28 12:00:00,24.86,25.0,24.64,24.81,236980.0
2703,2020-04-28 13:00:00,24.805,25.0,24.805,24.895,168648.0
2704,2020-04-28 14:00:00,24.9,24.99,24.76,24.81,283566.0
2705,2020-04-28 15:00:00,24.8072,24.83,24.49,24.52,657806.0
2706,2020-04-28 16:00:00,24.525,24.525,24.525,24.525,30971.0
2707,2020-04-29 08:00:00,24.85,24.85,24.85,24.85,300.0
2708,2020-04-29 09:00:00,26.1,26.1,25.18,25.29,221075.0
2709,2020-04-29 10:00:00,25.285,25.51,25.08,25.44,193412.0
2710,2020-04-29 11:00:00,25.44,25.495,25.34,25.37,229436.0
2711,2020-04-29 12:00:00,25.38,25.42,25.19,25.33,183688.0
2712,2020-04-29 13:00:00,25.34,25.5,25.1862,25.24,152796.0
2713,2020-04-29 14:00:00,25.23,25.45,25.13,25.43,164178.0
2714,2020-04-29 15:00:00,25.42,25.66,25.405,25.55,504820.0
2715,2020-04-29 16:00:00,25.55,25.75,25.24,25.75,27660.0
2716,2020-04-29 18:00:00,25.55,25.55,25.55,25.55,300.0
2717,2020-04-30 09:00:00,25.3,25.3,24.48,24.91,208714.0
2718,2020-04-30 10:00:00,24.91,25.05,24.76,24.82,217755.0
2719,2020-04-30 11:00:00,24.83,24.92,24.6,24.63,131498.0
2720,2020-04-30 12:00:00,24.61,24.61,24.43,24.55,210345.0
2721,2020-04-30 13:00:00,24.54,24.92,24.43,24.73,590536.0
2722,2020-04-30 14:00:00,24.71,24.915,24.63,24.9,337943.0
2723,2020-04-30 15:00:00,24.9,25.09,24.845,25.02,867105.0
2724,2020-04-30 16:00:00,25.015,25.02,25.015,25.02,190899.0
2725,2020-04-30 17:00:00,24.57,24.57,24.57,24.57,200.0
2726,2020-04-30 18:00:00,25.0199,25.0199,24.55,24.9,2579.0
2727,2020-04-30 19:00:00,24.6,25.02,24.6,25.02,525.0
2728,2020-05-01 08:00:00,25.0,25.0,24.15,24.15,508.0
2729,2020-05-01 09:00:00,24.4,24.51,23.83,24.24,618075.0
2730,2020-05-01 10:00:00,24.36,24.61,23.95,24.14,590117.0
2731,2020-05-01 11:00:00,24.13,24.3,23.79,23.84,358799.0
2732,2020-05-01 12:00:00,23.84,24.29,23.76,23.965,306942.0
2733,2020-05-01 13:00:00,23.96,24.045,23.79,23.825,181119.0
2734,2020-05-01 14:00:00,23.835,24.13,23.8,23.93,284150.0
2735,2020-05-01 15:00:00,23.94,24.08,23.85,24.04,733888.0
2736,2020-05-01 16:00:00,23.99,23.99,23.79,23.79,20082.0
2737,2020-05-01 17:00:00,23.89,23.99,23.8,23.99,3587.0
2738,2020-05-04 07:00:00,23.0,23.0,23.0,23.0,2000.0
2739,2020-05-04 08:00:00,23.45,23.5,23.45,23.5,1000.0
2740,2020-05-04 09:00:00,23.96,23.96,22.59,23.2454,141353.0
2741,2020-05-04 10:00:00,23.25,23.6,23.07,23.15,217641.0
2742,2020-05-04 11:00:00,23.14,23.32,22.96,23.23,229555.0
2743,2020-05-04 12:00:00,23.225,23.46,23.17,23.23,106205.0
2744,2020-05-04 13:00:00,23.215,23.295,22.97,23.26,163705.0
2745,2020-05-04 14:00:00,23.26,23.46,23.23,23.44,181606.0
2746,2020-05-04 15:00:00,23.41,23.65,23.39,23.65,518475.0
2747,2020-05-04 16:00:00,23.6,23.75,23.6,23.75,147736.0
2748,2020-05-04 17:00:00,23.75,23.76,23.55,23.75,1893.0
2749,2020-05-04 18:00:00,23.76,23.76,23.7,23.7,900.0
2750,2020-05-05 09:00:00,23.76,24.38,23.73,24.37,159541.0
2751,2020-05-05 10:00:00,24.405,24.5,23.64,23.82,248636.0
2752,2020-05-05 11:00:00,23.825,24.515,23.825,24.46,242551.0
2753,2020-05-05 12:00:00,24.45,24.52,24.26,24.3,226734.0
2754,2020-05-05 13:00:00,24.3,24.49,24.29,24.41,168982.0
2755,2020-05-05 14:00:00,24.405,24.47,24.3,24.335,194455.0
2756,2020-05-05 15:00:00,24.32,24.49,24.185,24.32,928320.0
2757,2020-05-05 16:00:00,24.31,24.31,24.25,24.25,43373.0
2758,2020-05-06 08:00:00,24.01,24.01,23.8,23.8,10000.0
2759,2020-05-06 09:00:00,24.1,24.49,23.82,23.83,131356.0
2760,2020-05-06 10:00:00,23.82,23.875,23.39,23.72,209828.0
2761,2020-05-06 11:00:00,23.71,23.75,23.505,23.635,193918.0
2762,2020-05-06 12:00:00,23.63,23.73,23.54,23.64,160956.0
2763,2020-05-06 13:00:00,23.64,23.64,23.485,23.6,139119.0
2764,2020-05-06 14:00:00,23.59,23.66,23.33,23.57,381648.0
2765,2020-05-06 15:00:00,23.58,23.6,22.825,22.91,1277947.0
2766,2020-05-06 16:00:00,22.9,23.05,22.9,23.05,85757.0
2767,2020-05-06 17:00:00,23.0002,23.05,23.0002,23.05,1429.0
2768,2020-05-06 18:00:00,23.89,23.89,23.39,23.39,404.0
2769,2020-05-06 19:00:00,23.84,23.84,22.9,22.9,2170.0
2770,2020-05-07 06:00:00,22.9,22.9,22.75,22.75,600.0
2771,2020-05-07 08:00:00,22.5026,23.1145,22.5,22.5,950.0
2772,2020-05-07 09:00:00,22.0,23.89,22.0,23.49,252384.0
2773,2020-05-07 10:00:00,23.49,24.36,23.37,24.05,513828.0
2774,2020-05-07 11:00:00,24.04,24.14,23.72,23.87,275107.0
2775,2020-05-07 12:00:00,23.87,23.93,23.355,23.56,272744.0
2776,2020-05-07 13:00:00,23.56,23.765,23.55,23.71,248990.0
2777,2020-05-07 14:00:00,23.71,23.71,23.37,23.425,223797.0
2778,2020-05-07 15:00:00,23.425,23.505,23.29,23.35,669764.0
2779,2020-05-07 16:00:00,23.35,23.35,23.35,23.35,44560.0
2780,2020-05-07 18:00:00,23.35,23.35,23.35,23.35,110.0
2781,2020-05-08 08:00:00,24.2099,24.2099,24.2099,24.2099,200.0
2782,2020-05-08 09:00:00,23.81,24.3,23.69,24.26,257230.0
2783,2020-05-08 10:00:00,24.28,25.33,24.22,25.195,758435.0
2784,2020-05-08 11:00:00,25.2,25.591,25.12,25.58,273801.0
2785,2020-05-08 12:00:00,25.59,25.745,25.5,25.68,224915.0
2786,2020-05-08 13:00:00,25.69,25.86,25.63,25.73,475179.0
2787,2020-05-08 14:00:00,25.73,25.78,25.6,25.725,347414.0
2788,2020-05-08 15:00:00,25.73,25.845,25.675,25.72,955965.0
2789,2020-05-08 16:00:00,25.73,25.73,25.73,25.73,20445.0
2790,2020-05-08 18:00:00,25.72,25.72,25.72,25.72,450.0
2791,2020-05-08 19:00:00,25.78,25.88,25.78,25.88,1116.0
2792,2020-05-11 07:00:00,25.72,25.73,25.53,25.53,607.0
2793,2020-05-11 08:00:00,25.77,25.77,25.5,25.5,1728.0
2794,2020-05-11 09:00:00,25.2,25.28,24.8,24.93,281754.0
2795,2020-05-11 10:00:00,24.92,25.1594,24.75,25.06,264625.0
2796,2020-05-11 11:00:00,25.04,25.23,24.97,25.205,169634.0
2797,2020-05-11 12:00:00,25.205,25.52,25.135,25.52,159160.0
2798,2020-05-11 13:00:00,25.5,25.66,25.49,25.6,305410.0
2799,2020-05-11 14:00:00,25.6,25.96,25.54,25.87,392333.0
2800,2020-05-11 15:00:00,25.88,26.05,25.79,25.93,1427284.0
2801,2020-05-11 16:00:00,25.93,25.93,25.78,25.78,170531.0
2802,2020-05-11 17:00:00,25.95,26.1,25.93,26.1,2821.0
2803,2020-05-11 18:00:00,26.1,26.1,26.1,26.1,100.0
2804,2020-05-11 19:00:00,26.1,26.1,26.1,26.1,127.0
2805,2020-05-12 09:00:00,26.18,26.42,25.39,25.5,278954.0
2806,2020-05-12 10:00:00,25.5,25.55,25.13,25.54,226117.0
2807,2020-05-12 11:00:00,25.54,25.88,25.5,25.85,200603.0
2808,2020-05-12 12:00:00,25.85,26.07,25.73,25.8901,275371.0
2809,2020-05-12 13:00:00,25.89,25.93,25.64,25.73,238490.0
2810,2020-05-12 14:00:00,25.72,25.835,25.5,25.81,345090.0
2811,2020-05-12 15:00:00,25.81,25.835,25.13,25.16,641702.0
2812,2020-05-12 16:00:00,25.16,25.16,25.16,25.16,29901.0
2813,2020-05-13 09:00:00,24.88,25.0462,24.24,24.49,256527.0
2814,2020-05-13 10:00:00,24.49,24.71,24.02,24.02,616932.0
2815,2020-05-13 11:00:00,24.02,24.06,23.395,23.45,496963.0
2816,2020-05-13 12:00:00,23.44,23.82,23.215,23.785,433774.0
2817,2020-05-13 13:00:00,23.79,23.95,23.61,23.73,877941.0
2818,2020-05-13 14:00:00,23.73,23.8779,23.58,23.58,233147.0
2819,2020-05-13 15:00:00,23.57,23.77,23.47,23.73,540079.0
2820,2020-05-13 16:00:00,23.72,23.72,23.72,23.72,130145.0
2821,2020-05-14 08:00:00,23.4,23.4,23.39,23.39,2224.0
2822,2020-05-14 09:00:00,22.5271,23.48,22.5271,22.67,264907.0
2823,2020-05-14 10:00:00,22.66,23.9064,22.535,23.79,331077.0
2824,2020-05-14 11:00:00,23.795,24.18,23.33,23.535,299133.0
2825,2020-05-14 12:00:00,23.505,24.15,23.47,24.15,246519.0
2826,2020-05-14 13:00:00,24.15,24.54,24.0,24.16,504494.0
2827,2020-05-14 14:00:00,24.14,24.36,24.045,24.1,401251.0
2828,2020-05-14 15:00:00,24.095,24.68,24.07,24.61,735427.0
2829,2020-05-14 16:00:00,24.62,24.62,24.6,24.6,22627.0
2830,2020-05-14 17:00:00,24.67,24.67,24.67,24.67,1175.0
2831,2020-05-15 09:00:00,24.21,25.04,24.15,24.76,423715.0
2832,2020-05-15 10:00:00,24.75,24.9,24.4902,24.52,370929.0
2833,2020-05-15 11:00:00,24.5,24.65,24.44,24.57,399444.0
2834,2020-05-15 12:00:00,24.57,24.6364,24.5,24.54,144704.0
2835,2020-05-15 13:00:00,24.54,24.73,24.5,24.625,142311.0
2836,2020-05-15 14:00:00,24.63,24.71,24.5,24.51,202531.0
2837,2020-05-15 15:00:00,24.52,24.74,24.5,24.7,450314.0
2838,2020-05-15 16:00:00,24.71,24.71,24.71,24.71,63835.0
2839,2020-05-18 09:00:00,26.29,26.53,25.7,26.51,219075.0
2840,2020-05-18 10:00:00,26.52,26.57,26.17,26.54,318016.0
2841,2020-05-18 11:00:00,26.54,27.07,26.54,27.01,430523.0
2842,2020-05-18 12:00:00,27.01,27.11,26.85,26.86,245542.0
2843,2020-05-18 13:00:00,26.87,26.99,26.84,26.875,164115.0
2844,2020-05-18 14:00:00,26.88,26.89,26.515,26.63,292692.0
2845,2020-05-18 15:00:00,26.64,27.04,26.635,26.74,983786.0
2846,2020-05-18 16:00:00,26.74,26.74,26.74,26.74,40159.0
2847,2020-05-18 19:00:00,27.0,27.15,27.0,27.15,500.0
2848,2020-05-19 09:00:00,26.82,26.91,26.5,26.85,148777.0
2849,2020-05-19 10:00:00,26.84,27.13,26.67,27.13,482409.0
2850,2020-05-19 11:00:00,27.12,27.47,27.04,27.35,288399.0
2851,2020-05-19 12:00:00,27.36,27.46,27.245,27.44,301644.0
2852,2020-05-19 13:00:00,27.43,27.52,27.365,27.46,254577.0
2853,2020-05-19 14:00:00,27.46,27.47,26.9243,26.96,290551.0
2854,2020-05-19 15:00:00,26.925,27.3,26.75,26.77,843195.0
2855,2020-05-19 16:00:00,26.76,26.76,26.76,26.76,21240.0
2856,2020-05-19 17:00:00,26.76,26.76,26.76,26.76,250.0
2857,2020-05-20 08:00:00,27.5499,27.5499,27.5499,27.5499,120.0
2858,2020-05-20 09:00:00,27.55,27.81,27.11,27.685,203255.0
2859,2020-05-20 10:00:00,27.67,28.08,27.6,27.91,396938.0
2860,2020-05-20 11:00:00,27.92,28.04,27.755,27.89,480358.0
2861,2020-05-20 12:00:00,27.89,28.33,27.67,28.32,471178.0
2862,2020-05-20 13:00:00,28.32,28.7,28.22,28.665,543387.0
2863,2020-05-20 14:00:00,28.67,29.34,28.55,28.9,1089013.0
2864,2020-05-20 15:00:00,28.905,28.905,28.26,28.36,1199447.0
2865,2020-05-20 16:00:00,28.34,28.34,28.34,28.34,27550.0
2866,2020-05-20 17:00:00,28.34,28.34,28.34,28.34,100.0
2867,2020-05-20 19:00:00,28.4,28.4,28.4,28.4,100.0
2868,2020-05-21 07:00:00,28.5,28.5,28.5,28.5,352.0
2869,2020-05-21 08:00:00,28.2001,28.2001,28.2001,28.2001,100.0
2870,2020-05-21 09:00:00,28.34,28.66,28.02,28.51,137510.0
2871,2020-05-21 10:00:00,28.4801,28.95,28.4801,28.72,224441.0
2872,2020-05-21 11:00:00,28.71,28.71,28.3519,28.6,171049.0
2873,2020-05-21 12:00:00,28.61,28.72,28.42,28.54,118009.0
2874,2020-05-21 13:00:00,28.55,28.6227,28.46,28.52,109797.0
2875,2020-05-21 14:00:00,28.52,28.655,28.4612,28.6,168188.0
2876,2020-05-21 15:00:00,28.6,28.795,28.51,28.56,567590.0
2877,2020-05-21 16:00:00,28.555,28.555,28.55,28.55,142215.0
2878,2020-05-22 08:00:00,28.38,28.38,28.38,28.38,100.0
2879,2020-05-22 09:00:00,28.64,29.35,28.47,28.98,216952.0
2880,2020-05-22 10:00:00,28.96,29.06,28.69,28.88,258024.0
2881,2020-05-22 11:00:00,28.89,29.315,28.89,29.3,337405.0
2882,2020-05-22 12:00:00,29.3,29.415,29.02,29.41,223182.0
2883,2020-05-22 13:00:00,29.41,29.78,29.385,29.759,402575.0
2884,2020-05-22 14:00:00,29.76,29.89,29.5,29.65,291060.0
2885,2020-05-22 15:00:00,29.64,29.72,29.4401,29.58,734576.0
2886,2020-05-22 16:00:00,29.56,29.56,29.56,29.56,44019.0
2887,2020-05-26 07:00:00,30.0,30.0,30.0,30.0,190.0
2888,2020-05-26 08:00:00,31.69,31.69,31.69,31.69,113.0
2889,2020-05-26 09:00:00,30.99,31.28,30.54,30.76,357809.0
2890,2020-05-26 10:00:00,30.76,30.84,30.42,30.45,271667.0
2891,2020-05-26 11:00:00,30.46,30.7,30.42,30.57,306608.0
2892,2020-05-26 12:00:00,30.57,30.87,30.48,30.825,307647.0
2893,2020-05-26 13:00:00,30.825,31.02,30.825,31.0,312360.0
2894,2020-05-26 14:00:00,31.0,31.135,30.89,31.08,375194.0
2895,2020-05-26 15:00:00,31.09,31.245,30.795,30.86,986584.0
2896,2020-05-26 16:00:00,30.88,30.88,30.88,30.88,40637.0
2897,2020-05-27 07:00:00,30.88,30.88,30.88,30.88,163.0
2898,2020-05-27 08:00:00,30.84,30.85,30.84,30.85,3200.0
2899,2020-05-27 09:00:00,31.51,32.185,31.3,31.36,395992.0
2900,2020-05-27 10:00:00,31.39,31.39,30.68,30.77,299087.0
2901,2020-05-27 11:00:00,30.75,30.87,30.51,30.71,433372.0
2902,2020-05-27 12:00:00,30.69,30.8499,30.61,30.77,214341.0
2903,2020-05-27 13:00:00,30.75,30.965,30.66,30.795,230934.0
2904,2020-05-27 14:00:00,30.8,31.0,30.8,30.98,261035.0
2905,2020-05-27 15:00:00,30.98,31.09,30.745,31.07,753035.0
2906,2020-05-27 16:00:00,31.075,31.08,31.075,31.08,31055.0
2907,2020-05-28 08:00:00,31.0,31.0,31.0,31.0,500.0
2908,2020-05-28 09:00:00,30.99,31.21,30.5,30.76,223411.0
2909,2020-05-28 10:00:00,30.74,30.94,30.525,30.88,189149.0
2910,2020-05-28 11:00:00,30.85,31.05,30.78,31.02,231759.0
2911,2020-05-28 12:00:00,31.03,31.24,30.97,31.24,144072.0
2912,2020-05-28 13:00:00,31.25,31.32,31.18,31.31,120511.0
2913,2020-05-28 14:00:00,31.301,31.5,31.301,31.49,437027.0
2914,2020-05-28 15:00:00,31.485,31.525,31.14,31.18,1490119.0
2915,2020-05-28 16:00:00,31.185,31.23,31.185,31.23,40797.0
2916,2020-05-29 09:00:00,31.04,31.25,30.55,30.85,223807.0
2917,2020-05-29 10:00:00,30.85,31.35,30.765,31.28,341211.0
2918,2020-05-29 11:00:00,31.29,31.415,31.11,31.36,539486.0
2919,2020-05-29 12:00:00,31.36,31.41,31.11,31.37,377764.0
2920,2020-05-29 13:00:00,31.37,31.42,30.81,30.81,282434.0
2921,2020-05-29 14:00:00,30.77,31.32,30.7,31.32,353009.0
2922,2020-05-29 15:00:00,31.32,31.78,31.205,31.6,1359324.0
2923,2020-05-29 16:00:00,31.65,31.6502,31.65,31.65,161389.0
2924,2020-05-29 17:00:00,31.65,31.65,31.65,31.65,1000.0
2925,2020-06-01 08:00:00,31.88,31.88,31.88,31.88,107.0
2926,2020-06-01 09:00:00,31.8,31.99,31.51,31.8,134434.0
2927,2020-06-01 10:00:00,31.77,32.23,31.76,32.13,232388.0
2928,2020-06-01 11:00:00,32.13,32.19,31.9,32.03,181808.0
2929,2020-06-01 12:00:00,32.035,32.15,31.95,32.015,135551.0
2930,2020-06-01 13:00:00,32.02,32.4,31.98,32.38,279263.0
2931,2020-06-01 14:00:00,32.38,32.5375,32.25,32.51,275986.0
2932,2020-06-01 15:00:00,32.51,32.71,32.455,32.64,1010250.0
2933,2020-06-01 16:00:00,32.63,32.63,32.63,32.63,11721.0
2934,2020-06-01 18:00:00,32.4,32.4,32.4,32.4,245.0
2935,2020-06-02 07:00:00,32.8,32.8,32.8,32.8,300.0
2936,2020-06-02 08:00:00,32.57,33.1,32.57,32.71,699.0
2937,2020-06-02 09:00:00,32.95,32.97,32.27,32.67,222318.0
2938,2020-06-02 10:00:00,32.66,32.93,32.48,32.71,403564.0
2939,2020-06-02 11:00:00,32.72,32.78,32.48,32.64,275638.0
2940,2020-06-02 12:00:00,32.63,32.71,32.415,32.49,194904.0
2941,2020-06-02 13:00:00,32.485,32.54,32.17,32.3,236077.0
2942,2020-06-02 14:00:00,32.29,32.42,32.215,32.355,198981.0
2943,2020-06-02 15:00:00,32.36,32.53,32.1,32.45,672479.0
2944,2020-06-02 16:00:00,32.45,32.45,32.45,32.45,165928.0
2945,2020-06-03 09:00:00,32.9,33.53,32.49,33.43,159101.0
2946,2020-06-03 10:00:00,33.43,33.85,33.4,33.77,222140.0
2947,2020-06-03 11:00:00,33.76,34.15,33.71,34.14,357256.0
2948,2020-06-03 12:00:00,34.14,34.31,33.92,33.955,222880.0
2949,2020-06-03 13:00:00,33.95,34.0,33.73,33.76,190936.0
2950,2020-06-03 14:00:00,33.76,34.0,33.75,33.98,714009.0
2951,2020-06-03 15:00:00,33.98,34.21,33.83,33.93,1052862.0
2952,2020-06-03 16:00:00,33.93,33.93,33.93,33.93,34637.0
2953,2020-06-03 17:00:00,33.75,33.75,33.75,33.75,400.0
2954,2020-06-04 08:00:00,33.99,33.99,33.88,33.99,1900.0
2955,2020-06-04 09:00:00,33.71,34.22,33.53,34.1,164355.0
2956,2020-06-04 10:00:00,34.1,34.795,34.01,34.65,237895.0
2957,2020-06-04 11:00:00,34.65,34.67,34.37,34.63,392270.0
2958,2020-06-04 12:00:00,34.64,34.76,34.25,34.4,262500.0
2959,2020-06-04 13:00:00,34.405,34.67,34.36,34.61,245939.0
2960,2020-06-04 14:00:00,34.6,34.64,34.38,34.415,342302.0
2961,2020-06-04 15:00:00,34.41,34.74,34.23,34.73,1058635.0
2962,2020-06-04 16:00:00,34.74,34.74,34.74,34.74,266415.0
2963,2020-06-05 08:00:00,38.47,38.47,35.65,35.65,480.0
2964,2020-06-05 09:00:00,36.02,36.83,36.02,36.53,425046.0
2965,2020-06-05 10:00:00,36.54,36.79,35.99,36.18,595366.0
2966,2020-06-05 11:00:00,36.17,36.76,36.03,36.11,669959.0
2967,2020-06-05 12:00:00,36.12,36.36,36.04,36.31,539811.0
2968,2020-06-05 13:00:00,36.3,36.56,36.18,36.21,426354.0
2969,2020-06-05 14:00:00,36.21,36.3,36.05,36.13,592994.0
2970,2020-06-05 15:00:00,36.13,36.14,35.625,35.83,1521819.0
2971,2020-06-05 16:00:00,35.82,35.82,34.5,34.5,47170.0
2972,2020-06-08 09:00:00,35.94,36.79,35.85,36.4,280869.0
2973,2020-06-08 10:00:00,36.43,36.77,36.26,36.72,489732.0
2974,2020-06-08 11:00:00,36.72,36.9,36.68,36.785,267283.0
2975,2020-06-08 12:00:00,36.78,37.0,36.62,36.69,260136.0
2976,2020-06-08 13:00:00,36.69,36.98,36.685,36.79,355272.0
2977,2020-06-08 14:00:00,36.78,36.96,36.72,36.84,306047.0
2978,2020-06-08 15:00:00,36.82,37.44,36.74,37.31,1190145.0
2979,2020-06-08 16:00:00,37.32,37.32,37.32,37.32,36003.0
2980,2020-06-09 08:00:00,36.81,36.81,36.7,36.7,1102.0
2981,2020-06-09 09:00:00,36.52,36.56,35.99,36.24,247075.0
2982,2020-06-09 10:00:00,36.235,36.45,35.84,36.31,306696.0
2983,2020-06-09 11:00:00,36.31,36.355,35.3816,35.41,596324.0
2984,2020-06-09 12:00:00,35.41,35.69,35.19,35.69,547398.0
2985,2020-06-09 13:00:00,35.69,35.82,35.485,35.585,431355.0
2986,2020-06-09 14:00:00,35.58,35.715,35.31,35.665,360629.0
2987,2020-06-09 15:00:00,35.665,35.8,35.23,35.29,1517151.0
2988,2020-06-09 16:00:00,35.28,35.28,35.28,35.28,26081.0
2989,2020-06-09 18:00:00,35.28,35.28,35.28,35.28,400.0
2990,2020-06-10 08:00:00,35.22,35.35,35.21,35.22,6900.0
2991,2020-06-10 09:00:00,35.11,35.13,34.22,34.43,249017.0
2992,2020-06-10 10:00:00,34.4,34.47,33.87,34.04,276520.0
2993,2020-06-10 11:00:00,34.04,34.2,33.71,33.84,423813.0
2994,2020-06-10 12:00:00,33.84,33.945,33.3,33.4,390475.0
2995,2020-06-10 13:00:00,33.4,33.4,32.88,32.995,575482.0
2996,2020-06-10 14:00:00,33.0,33.78,32.88,33.2,560241.0
2997,2020-06-10 15:00:00,33.18,33.8,33.08,33.33,847124.0
2998,2020-06-10 16:00:00,33.33,33.33,31.97,31.97,32814.0
2999,2020-06-11 04:00:00,33.33,33.33,33.33,33.33,100.0
3000,2020-06-11 08:00:00,31.7,31.7,31.7,31.7,136.0
3001,2020-06-11 09:00:00,31.7,31.95,31.0,31.76,347471.0
3002,2020-06-11 10:00:00,31.77,32.155,31.44,32.05,396630.0
3003,2020-06-11 11:00:00,32.07,32.2,31.64,31.9,254856.0
3004,2020-06-11 12:00:00,31.89,31.89,31.41,31.48,318149.0
3005,2020-06-11 13:00:00,31.51,31.61,31.315,31.52,283030.0
3006,2020-06-11 14:00:00,31.51,31.52,31.01,31.2,715393.0
3007,2020-06-11 15:00:00,31.19,31.605,31.14,31.45,996215.0
3008,2020-06-11 19:00:00,31.2,31.2,31.2,31.2,2065.0
3009,2020-06-12 09:00:00,32.77,32.99,32.17,32.23,241475.0
3010,2020-06-12 10:00:00,32.26,32.6,31.45,31.49,232384.0
3011,2020-06-12 11:00:00,31.49,32.39,31.155,32.375,654447.0
3012,2020-06-12 12:00:00,32.35,32.47,32.01,32.22,274871.0
3013,2020-06-12 13:00:00,32.22,32.22,31.59,31.65,544420.0
3014,2020-06-12 14:00:00,31.65,32.1835,31.625,32.02,229643.0
3015,2020-06-12 15:00:00,32.02,32.92,31.98,32.7,1509696.0
3016,2020-06-12 16:00:00,32.7,32.7,32.62,32.62,53055.0
3017,2020-06-12 17:00:00,32.69,32.69,32.69,32.69,163.0
3018,2020-06-15 09:00:00,31.49,31.91,31.0346,31.66,198497.0
3019,2020-06-15 10:00:00,31.65,33.34,31.63,32.96,990772.0
3020,2020-06-15 11:00:00,32.98,33.43,32.96,33.2,530394.0
3021,2020-06-15 12:00:00,33.2,34.17,33.1556,34.125,397242.0
3022,2020-06-15 13:00:00,34.1384,34.36,33.62,33.62,327772.0
3023,2020-06-15 14:00:00,33.65,34.55,33.65,34.14,419115.0
3024,2020-06-15 15:00:00,34.15,34.37,33.76,34.05,865894.0
3025,2020-06-15 16:00:00,34.06,34.82,34.04,34.52,129133.0
3026,2020-06-15 17:00:00,34.11,34.11,34.06,34.06,701.0
3027,2020-06-15 18:00:00,34.18,35.09,34.18,34.64,1400.0
3028,2020-06-15 19:00:00,34.64,34.64,34.64,34.64,100.0
3029,2020-06-16 04:00:00,34.58,34.58,34.58,34.58,200.0
3030,2020-06-16 08:00:00,35.11,35.11,34.78,35.11,1650.0
3031,2020-06-16 09:00:00,35.7,35.94,34.77,35.35,383914.0
3032,2020-06-16 10:00:00,35.4,35.575,34.27,34.27,454975.0
3033,2020-06-16 11:00:00,34.3,35.095,33.93,34.84,378760.0
3034,2020-06-16 12:00:00,34.85,35.19,34.62,35.03,208453.0
3035,2020-06-16 13:00:00,35.04,35.13,34.85,34.97,199681.0
3036,2020-06-16 14:00:00,34.96,35.29,34.92,35.06,456109.0
3037,2020-06-16 15:00:00,35.06,35.44,34.91,35.22,1647867.0
3038,2020-06-16 16:00:00,35.23,35.24,35.23,35.24,28331.0
3039,2020-06-16 18:00:00,35.3,35.3,35.3,35.3,100.0
3040,2020-06-17 09:00:00,35.47,35.47,35.16,35.36,268849.0
3041,2020-06-17 10:00:00,35.36,35.78,35.24,35.64,308711.0
3042,2020-06-17 11:00:00,35.66,35.91,35.59,35.7,586184.0
3043,2020-06-17 12:00:00,35.68,35.87,35.62,35.79,237340.0
3044,2020-06-17 13:00:00,35.79,36.05,35.77,35.85,522925.0
3045,2020-06-17 14:00:00,35.85,35.87,35.55,35.55,359613.0
3046,2020-06-17 15:00:00,35.55,35.55,35.16,35.3,655462.0
3047,2020-06-17 16:00:00,35.29,35.76,35.26,35.5,147288.0
3048,2020-06-17 17:00:00,35.5,35.5,35.5,35.5,100.0
3049,2020-06-18 08:00:00,35.35,35.35,35.35,35.35,100.0
3050,2020-06-18 09:00:00,35.5,37.4299,35.07,37.15,1435535.0
3051,2020-06-18 10:00:00,37.11,37.89,37.08,37.48,963392.0
3052,2020-06-18 11:00:00,37.49,37.83,37.18,37.21,529244.0
3053,2020-06-18 12:00:00,37.21,37.33,37.03,37.2301,495112.0
3054,2020-06-18 13:00:00,37.2389,37.44,37.1,37.185,202112.0
3055,2020-06-18 14:00:00,37.185,37.255,36.92,36.92,267590.0
3056,2020-06-18 15:00:00,36.92,37.01,36.805,36.89,792349.0
3057,2020-06-18 16:00:00,36.89,36.98,36.83,36.83,75163.0
3058,2020-06-18 18:00:00,36.83,36.89,36.76,36.89,2455.0
3059,2020-06-19 08:00:00,36.94,37.3,36.94,37.3,2050.0
3060,2020-06-19 09:00:00,37.4926,37.63,36.71,36.96,664672.0
3061,2020-06-19 10:00:00,36.98,37.565,36.98,37.16,569668.0
3062,2020-06-19 11:00:00,37.15,37.26,36.61,36.625,266175.0
3063,2020-06-19 12:00:00,36.62,36.66,35.86,36.4,486573.0
3064,2020-06-19 13:00:00,36.405,36.45,35.9,35.91,339013.0
3065,2020-06-19 14:00:00,35.91,36.025,35.61,35.765,531455.0
3066,2020-06-19 15:00:00,35.765,35.935,35.42,35.43,1205699.0
3067,2020-06-19 16:00:00,35.4485,35.4485,35.4485,35.4485,1377.0
3068,2020-06-22 08:00:00,35.634,35.634,35.634,35.634,100.0
3069,2020-06-22 09:00:00,35.49,35.87,35.0,35.59,178739.0
3070,2020-06-22 10:00:00,35.6,35.8,35.18,35.22,188169.0
3071,2020-06-22 11:00:00,35.19,35.54,35.14,35.45,259502.0
3072,2020-06-22 12:00:00,35.46,35.59,35.34,35.49,111712.0
3073,2020-06-22 13:00:00,35.49,35.5,35.225,35.25,128625.0
3074,2020-06-22 14:00:00,35.24,35.37,35.09,35.34,184330.0
3075,2020-06-22 15:00:00,35.34,35.38,35.11,35.265,532029.0
3076,2020-06-22 16:00:00,35.26,35.26,35.25,35.25,163808.0
3077,2020-06-23 07:00:00,35.55,35.61,35.55,35.59,1000.0
3078,2020-06-23 08:00:00,35.24,35.61,32.9864,35.61,1665.0
3079,2020-06-23 09:00:00,35.82,36.03,35.17,35.25,162822.0
3080,2020-06-23 10:00:00,35.26,35.53,35.105,35.24,202876.0
3081,2020-06-23 11:00:00,35.235,35.48,35.12,35.18,356049.0
3082,2020-06-23 12:00:00,35.175,35.41,35.175,35.32,275559.0
3083,2020-06-23 13:00:00,35.32,35.46,35.29,35.39,148175.0
3084,2020-06-23 14:00:00,35.38,35.38,35.22,35.29,190292.0
3085,2020-06-23 15:00:00,35.27,35.33,35.11,35.17,543531.0
3086,2020-06-23 16:00:00,35.16,35.16,35.16,35.16,34285.0
3087,2020-06-23 19:00:00,35.16,35.16,35.16,35.16,160.0
3088,2020-06-24 09:00:00,34.69,35.31,34.5138,34.87,271677.0
3089,2020-06-24 10:00:00,34.89,35.06,34.53,34.595,235966.0
3090,2020-06-24 11:00:00,34.58,34.62,34.05,34.485,308366.0
3091,2020-06-24 12:00:00,34.48,34.75,34.335,34.75,316676.0
3092,2020-06-24 13:00:00,34.73,34.77,34.12,34.24,260086.0
3093,2020-06-24 14:00:00,34.25,34.4775,34.1,34.36,309694.0
3094,2020-06-24 15:00:00,34.36,34.66,34.325,34.41,1157721.0
3095,2020-06-24 16:00:00,34.41,34.41,34.41,34.41,10610.0
3096,2020-06-25 08:00:00,34.2,34.2,34.2,34.2,1599.0
3097,2020-06-25 09:00:00,34.07,34.28,33.52,33.775,217139.0
3098,2020-06-25 10:00:00,33.79,34.3,33.63,33.7,394885.0
3099,2020-06-25 11:00:00,33.68,33.91,33.44,33.7,279346.0
3100,2020-06-25 12:00:00,33.71,33.92,33.7,33.815,173557.0
3101,2020-06-25 13:00:00,33.82,33.89,33.68,33.75,190154.0
3102,2020-06-25 14:00:00,33.75,33.85,33.54,33.54,273492.0
3103,2020-06-25 15:00:00,33.53,34.01,33.52,33.87,965852.0
3104,2020-06-25 16:00:00,33.87,33.87,33.87,33.87,16946.0
3105,2020-06-25 17:00:00,33.8,33.8,33.8,33.8,100.0
3106,2020-06-26 09:00:00,33.63,33.84,33.18,33.18,145456.0
3107,2020-06-26 10:00:00,33.14,33.17,32.53,32.6,423557.0
3108,2020-06-26 11:00:00,32.6,32.76,32.52,32.625,258165.0
3109,2020-06-26 12:00:00,32.63,32.85,32.53,32.73,709866.0
3110,2020-06-26 13:00:00,32.73,32.91,32.56,32.585,753820.0
3111,2020-06-26 14:00:00,32.585,32.705,32.5,32.6,449736.0
3112,2020-06-26 15:00:00,32.61,32.67,32.42,32.55,1573424.0
3113,2020-06-26 16:00:00,32.55,32.58,32.55,32.55,91521.0
3114,2020-06-29 07:00:00,32.63,32.65,32.63,32.64,2600.0
3115,2020-06-29 08:00:00,32.49,32.49,32.49,32.49,2600.0
3116,2020-06-29 09:00:00,32.9,33.08,32.24,32.38,192440.0
3117,2020-06-29 10:00:00,32.4,33.04,32.39,32.9,309672.0
3118,2020-06-29 11:00:00,32.91,33.01,32.72,32.86,166213.0
3119,2020-06-29 12:00:00,32.87,33.3,32.83,33.195,147150.0
3120,2020-06-29 13:00:00,33.2,33.35,33.1478,33.2,216411.0
3121,2020-06-29 14:00:00,33.2,33.35,33.07,33.07,234178.0
3122,2020-06-29 15:00:00,33.07,33.1,32.76,33.04,1146198.0
3123,2020-06-29 16:00:00,33.05,33.05,33.05,33.05,24525.0
3124,2020-06-29 17:00:00,32.97,33.05,32.97,33.05,2514.0
3125,2020-06-30 09:00:00,33.05,33.34,32.65,33.02,115344.0
3126,2020-06-30 10:00:00,33.03,33.35,32.98,33.31,153535.0
3127,2020-06-30 11:00:00,33.32,33.455,33.015,33.17,169520.0
3128,2020-06-30 12:00:00,33.18,33.76,33.14,33.64,515682.0
3129,2020-06-30 13:00:00,33.63,34.06,33.59,33.98,265023.0
3130,2020-06-30 14:00:00,33.98,34.19,33.885,34.09,240933.0
3131,2020-06-30 15:00:00,34.09,34.66,34.0,34.51,1121899.0
3132,2020-06-30 16:00:00,34.51,34.51,34.49,34.49,71323.0
3133,2020-06-30 19:00:00,35.0,35.0,34.98,34.98,300.0
3134,2020-07-01 08:00:00,33.36,33.36,33.36,33.36,1000.0
3135,2020-07-01 09:00:00,34.59,35.33,34.38,35.06,493950.0
3136,2020-07-01 10:00:00,35.07,35.38,34.8,34.85,439830.0
3137,2020-07-01 11:00:00,34.86,34.87,34.56,34.855,166995.0
3138,2020-07-01 12:00:00,34.86,34.9,34.647,34.7,161067.0
3139,2020-07-01 13:00:00,34.69,34.835,34.63,34.675,148782.0
3140,2020-07-01 14:00:00,34.69,34.8,34.62,34.64,173997.0
3141,2020-07-01 15:00:00,34.635,34.81,34.61,34.63,584901.0
3142,2020-07-01 16:00:00,34.625,34.625,34.52,34.625,51565.0
3143,2020-07-02 07:00:00,34.79,34.88,34.79,34.88,1545.0
3144,2020-07-02 08:00:00,34.56,36.0,34.56,34.82,3618.0
3145,2020-07-02 09:00:00,35.24,35.44,34.34,34.42,261915.0
3146,2020-07-02 10:00:00,34.43,34.63,33.68,33.7099,400828.0
3147,2020-07-02 11:00:00,33.69,33.95,33.58,33.64,274308.0
3148,2020-07-02 12:00:00,33.65,33.67,33.44,33.565,222590.0
3149,2020-07-02 13:00:00,33.57,33.64,33.385,33.62,227060.0
3150,2020-07-02 14:00:00,33.615,33.66,33.345,33.345,232316.0
3151,2020-07-02 15:00:00,33.35,33.38,32.895,33.08,1228134.0
3152,2020-07-02 16:00:00,33.06,33.25,33.06,33.15,74586.0
3153,2020-07-02 17:00:00,33.15,33.15,33.15,33.15,100.0
3154,2020-07-02 19:00:00,33.24,33.24,33.24,33.24,150.0
3155,2020-07-06 08:00:00,33.5,33.52,33.5,33.5002,2050.0
3156,2020-07-06 09:00:00,34.0,34.2,33.675,33.99,209525.0
3157,2020-07-06 10:00:00,34.0,34.2,33.1,33.35,619944.0
3158,2020-07-06 11:00:00,33.35,33.385,32.99,32.99,230376.0
3159,2020-07-06 12:00:00,32.98,33.24,32.98,33.13,137991.0
3160,2020-07-06 13:00:00,33.14,33.42,33.04,33.399,153290.0
3161,2020-07-06 14:00:00,33.41,33.41,33.13,33.27,182515.0
3162,2020-07-06 15:00:00,33.27,33.55,33.27,33.5,470434.0
3163,2020-07-06 16:00:00,33.5,33.5,33.5,33.5,18133.0
3164,2020-07-07 07:00:00,33.51,33.51,33.35,33.35,1700.0
3165,2020-07-07 08:00:00,33.56,33.56,33.44,33.44,3615.0
3166,2020-07-07 09:00:00,33.5,33.5,33.04,33.13,211418.0
3167,2020-07-07 10:00:00,33.16,33.41,32.98,33.26,216803.0
3168,2020-07-07 11:00:00,33.26,33.26,33.055,33.07,145473.0
3169,2020-07-07 12:00:00,33.075,33.14,32.98,33.025,182646.0
3170,2020-07-07 13:00:00,33.03,33.26,33.025,33.21,157337.0
3171,2020-07-07 14:00:00,33.2,33.25,32.87,32.89,174742.0
3172,2020-07-07 15:00:00,32.89,32.92,32.6,32.69,590581.0
3173,2020-07-07 16:00:00,32.68,32.68,32.68,32.68,33285.0
3174,2020-07-07 19:00:00,32.68,32.68,32.68,32.68,1970.0
3175,2020-07-08 09:00:00,32.68,32.82,32.4,32.79,197174.0
3176,2020-07-08 10:00:00,32.8,32.93,32.2,32.27,242369.0
3177,2020-07-08 11:00:00,32.27,32.27,31.88,32.03,337735.0
3178,2020-07-08 12:00:00,32.05,32.065,31.735,31.78,386465.0
3179,2020-07-08 13:00:00,31.78,31.84,31.48,31.765,391098.0
3180,2020-07-08 14:00:00,31.765,32.03,31.685,31.83,383134.0
3181,2020-07-08 15:00:00,31.83,32.195,31.83,31.97,876556.0
3182,2020-07-08 16:00:00,31.97,31.97,31.97,31.97,42943.0
3183,2020-07-09 09:00:00,32.09,32.15,31.22,31.26,137708.0
3184,2020-07-09 10:00:00,31.26,31.34,30.69,30.73,317831.0
3185,2020-07-09 11:00:00,30.72,30.76,30.42,30.575,443530.0
3186,2020-07-09 12:00:00,30.58,30.82,30.57,30.79,280763.0
3187,2020-07-09 13:00:00,30.78,30.83,30.68,30.7,172061.0
3188,2020-07-09 14:00:00,30.69,30.72,30.52,30.695,271693.0
3189,2020-07-09 15:00:00,30.69,30.9,30.68,30.82,787452.0
3190,2020-07-09 16:00:00,30.83,30.83,30.83,30.83,29063.0
3191,2020-07-10 09:00:00,30.67,31.425,30.67,31.3,164391.0
3192,2020-07-10 10:00:00,31.305,31.41,31.01,31.28,139543.0
3193,2020-07-10 11:00:00,31.25,31.41,31.17,31.38,134857.0
3194,2020-07-10 12:00:00,31.3899,31.63,31.37,31.59,128585.0
3195,2020-07-10 13:00:00,31.585,31.69,31.55,31.62,140531.0
3196,2020-07-10 14:00:00,31.62,31.72,31.53,31.56,271897.0
3197,2020-07-10 15:00:00,31.56,31.91,31.485,31.87,464706.0
3198,2020-07-10 16:00:00,31.87,31.87,31.87,31.87,18223.0
3199,2020-07-13 04:00:00,32.0,32.0,32.0,32.0,130.0
3200,2020-07-13 07:00:00,32.07,32.07,32.07,32.07,175.0
3201,2020-07-13 08:00:00,31.84,31.84,31.84,31.84,2500.0
3202,2020-07-13 09:00:00,32.15,32.34,31.36,31.36,205121.0
3203,2020-07-13 10:00:00,31.38,31.9897,31.3,31.95,354628.0
3204,2020-07-13 11:00:00,31.95,32.13,31.82,32.095,159167.0
3205,2020-07-13 12:00:00,32.1,32.315,32.04,32.3061,102416.0
3206,2020-07-13 13:00:00,32.32,32.4,32.24,32.315,149079.0
3207,2020-07-13 14:00:00,32.3101,32.43,32.215,32.4,331588.0
3208,2020-07-13 15:00:00,32.415,32.415,31.95,32.05,1053697.0
3209,2020-07-13 16:00:00,32.05,32.21,32.05,32.21,36491.0
3210,2020-07-13 17:00:00,32.11,32.14,32.11,32.14,600.0
3211,2020-07-14 09:00:00,31.75,32.26,31.415,32.25,118407.0
3212,2020-07-14 10:00:00,32.26,32.66,31.93,32.6,136768.0
3213,2020-07-14 11:00:00,32.59,32.79,32.53,32.57,177078.0
3214,2020-07-14 12:00:00,32.58,32.7,32.475,32.51,129527.0
3215,2020-07-14 13:00:00,32.53,32.83,32.48,32.73,222631.0
3216,2020-07-14 14:00:00,32.71,32.83,32.45,32.51,568777.0
3217,2020-07-14 15:00:00,32.515,32.57,32.42,32.5,768755.0
3218,2020-07-14 16:00:00,32.49,32.49,32.49,32.49,105993.0
3219,2020-07-14 17:00:00,32.4,32.41,32.4,32.41,1892.0
3220,2020-07-15 07:00:00,32.99,32.99,32.99,32.99,666.0
3221,2020-07-15 08:00:00,33.0,33.0,33.0,33.0,132.0
3222,2020-07-15 09:00:00,32.4,33.12,32.4,32.73,204496.0
3223,2020-07-15 10:00:00,32.71,33.24,32.6,33.155,291879.0
3224,2020-07-15 11:00:00,33.19,33.29,33.005,33.17,249985.0
3225,2020-07-15 12:00:00,33.17,33.55,33.1,33.54,238780.0
3226,2020-07-15 13:00:00,33.54,33.79,33.53,33.685,190708.0
3227,2020-07-15 14:00:00,33.68,33.93,33.65,33.745,187557.0
3228,2020-07-15 15:00:00,33.74,33.95,33.71,33.79,812790.0
3229,2020-07-15 16:00:00,33.78,33.78,33.26,33.71,375169.0
3230,2020-07-16 09:00:00,33.36,33.775,32.93,33.26,116671.0
3231,2020-07-16 10:00:00,33.27,33.57,33.2,33.49,141189.0
3232,2020-07-16 11:00:00,33.49,33.75,33.43,33.5,122114.0
3233,2020-07-16 12:00:00,33.5,33.615,33.41,33.42,75645.0
3234,2020-07-16 13:00:00,33.43,33.535,33.385,33.43,204287.0
3235,2020-07-16 14:00:00,33.42,33.52,33.1,33.105,131196.0
3236,2020-07-16 15:00:00,33.095,33.46,33.095,33.25,579296.0
3237,2020-07-16 16:00:00,33.23,33.23,33.23,33.23,18651.0
3238,2020-07-17 09:00:00,33.12,33.3,32.84,33.005,203799.0
3239,2020-07-17 10:00:00,32.99,33.04,32.62,32.76,319571.0
3240,2020-07-17 11:00:00,32.76,32.8,32.535,32.67,369100.0
3241,2020-07-17 12:00:00,32.67,32.91,32.65,32.89,123564.0
3242,2020-07-17 13:00:00,32.885,32.96,32.675,32.715,168503.0
3243,2020-07-17 14:00:00,32.715,32.785,32.69,32.73,230091.0
3244,2020-07-17 15:00:00,32.73,32.88,32.635,32.73,678261.0
3245,2020-07-17 16:00:00,32.74,32.74,32.74,32.74,22261.0
3246,2020-07-20 09:00:00,32.48,32.81,32.39,32.43,174822.0
3247,2020-07-20 10:00:00,32.44,32.61,32.22,32.51,227985.0
3248,2020-07-20 11:00:00,32.505,32.56,32.39,32.39,151755.0
3249,2020-07-20 12:00:00,32.38,32.465,32.335,32.38,121635.0
3250,2020-07-20 13:00:00,32.385,32.61,32.375,32.58,109146.0
3251,2020-07-20 14:00:00,32.595,32.63,32.52,32.585,118874.0
3252,2020-07-20 15:00:00,32.58,32.6,32.44,32.5,511791.0
3253,2020-07-20 16:00:00,32.5,33.0,32.5,33.0,84173.0
3254,2020-07-20 19:00:00,32.98,32.98,32.98,32.98,100.0
3255,2020-07-21 07:00:00,33.0,33.0,33.0,33.0,2099.0
3256,2020-07-21 09:00:00,32.82,33.67,32.76,33.495,169056.0
3257,2020-07-21 10:00:00,33.495,33.52,33.17,33.43,248142.0
3258,2020-07-21 11:00:00,33.44,33.86,33.355,33.83,239048.0
3259,2020-07-21 12:00:00,33.835,33.99,33.66,33.98,149274.0
3260,2020-07-21 13:00:00,33.99,34.04,33.77,33.915,254356.0
3261,2020-07-21 14:00:00,33.91,33.94,33.85,33.88,166595.0
3262,2020-07-21 15:00:00,33.875,33.875,33.45,33.555,590211.0
3263,2020-07-21 16:00:00,33.55,33.55,33.55,33.55,18271.0
3264,2020-07-22 09:00:00,33.5567,33.5567,33.12,33.13,99536.0
3265,2020-07-22 10:00:00,33.16,33.415,33.07,33.33,168510.0
3266,2020-07-22 11:00:00,33.32,33.37,33.08,33.125,196087.0
3267,2020-07-22 12:00:00,33.125,33.225,33.08,33.11,414309.0
3268,2020-07-22 13:00:00,33.1181,33.25,32.99,33.105,249411.0
3269,2020-07-22 14:00:00,33.1,33.455,33.1,33.43,149085.0
3270,2020-07-22 15:00:00,33.44,33.82,33.43,33.55,855602.0
3271,2020-07-22 16:00:00,33.55,33.55,33.55,33.55,16998.0
3272,2020-07-22 17:00:00,33.55,33.55,33.55,33.55,6683.0
3273,2020-07-23 09:00:00,33.68,33.96,33.47,33.64,87143.0
3274,2020-07-23 10:00:00,33.59,33.9,33.52,33.9,199192.0
3275,2020-07-23 11:00:00,33.9,34.04,33.77,33.985,433828.0
3276,2020-07-23 12:00:00,33.98,34.07,33.84,33.84,329935.0
3277,2020-07-23 13:00:00,33.84,33.9,33.33,33.4,501954.0
3278,2020-07-23 14:00:00,33.4,33.46,33.02,33.25,305102.0
3279,2020-07-23 15:00:00,33.26,33.56,33.24,33.41,718059.0
3280,2020-07-23 16:00:00,33.4,33.55,33.4,33.55,54652.0
3281,2020-07-24 09:00:00,32.51,33.61,32.51,33.53,70888.0
3282,2020-07-24 10:00:00,33.56,33.57,33.4,33.55,120386.0
3283,2020-07-24 11:00:00,33.54,33.555,33.22,33.24,167987.0
3284,2020-07-24 12:00:00,33.25,33.315,33.095,33.26,168458.0
3285,2020-07-24 13:00:00,33.25,33.36,33.15,33.355,108562.0
3286,2020-07-24 14:00:00,33.36,33.47,33.3,33.37,100717.0
3287,2020-07-24 15:00:00,33.37,33.475,33.28,33.35,342882.0
3288,2020-07-24 16:00:00,33.36,33.36,32.73,32.96,20919.0
3289,2020-07-24 18:00:00,33.36,33.36,33.36,33.36,4330.0
3290,2020-07-27 08:00:00,33.9099,33.9099,33.9099,33.9099,1200.0
3291,2020-07-27 09:00:00,33.91,33.95,32.63,33.0,107525.0
3292,2020-07-27 10:00:00,32.99,33.19,32.83,33.03,172380.0
3293,2020-07-27 11:00:00,33.0,33.11,32.87,33.05,151588.0
3294,2020-07-27 12:00:00,33.06,33.29,33.05,33.23,91315.0
3295,2020-07-27 13:00:00,33.245,33.28,33.1,33.11,73942.0
3296,2020-07-27 14:00:00,33.11,33.18,33.06,33.105,111770.0
3297,2020-07-27 15:00:00,33.1,33.435,33.1,33.4,540779.0
3298,2020-07-27 16:00:00,33.38,33.38,33.37,33.37,21278.0
3299,2020-07-27 17:00:00,33.38,33.38,33.3,33.3,36303.0
3300,2020-07-27 18:00:00,33.36,33.36,33.36,33.36,100.0
3301,2020-07-27 19:00:00,33.38,33.38,33.38,33.38,200.0
3302,2020-07-28 09:00:00,33.06,33.5,32.92,33.33,95958.0
3303,2020-07-28 10:00:00,33.36,33.56,33.095,33.19,97170.0
3304,2020-07-28 11:00:00,33.22,33.63,33.17,33.55,102281.0
3305,2020-07-28 12:00:00,33.54,33.56,33.29,33.46,105001.0
3306,2020-07-28 13:00:00,33.465,33.58,33.355,33.545,120485.0
3307,2020-07-28 14:00:00,33.545,33.595,33.44,33.445,138382.0
3308,2020-07-28 15:00:00,33.45,33.45,33.09,33.16,499686.0
3309,2020-07-28 16:00:00,33.13,33.3365,33.13,33.3365,34671.0
3310,2020-07-29 08:00:00,33.1373,33.1373,33.1373,33.1373,1043.0
3311,2020-07-29 09:00:00,33.13,33.62,33.08,33.32,155531.0
3312,2020-07-29 10:00:00,33.36,33.47,32.89,33.04,256836.0
3313,2020-07-29 11:00:00,33.04,33.13,32.87,33.13,126818.0
3314,2020-07-29 12:00:00,33.13,33.35,33.11,33.2,306877.0
3315,2020-07-29 13:00:00,33.2,33.36,33.13,33.32,141107.0
3316,2020-07-29 14:00:00,33.34,33.5,33.25,33.35,245632.0
3317,2020-07-29 15:00:00,33.36,33.585,33.28,33.44,610849.0
3318,2020-07-29 16:00:00,33.42,33.42,33.42,33.42,39731.0
3319,2020-07-30 09:00:00,32.68,33.4,32.68,32.69,92278.0
3320,2020-07-30 10:00:00,32.67,33.18,32.56,33.08,147823.0
3321,2020-07-30 11:00:00,33.075,33.31,33.04,33.14,125031.0
3322,2020-07-30 12:00:00,33.15,33.37,33.12,33.19,107208.0
3323,2020-07-30 13:00:00,33.18,33.39,32.95,33.03,169247.0
3324,2020-07-30 14:00:00,33.04,33.1,32.915,32.98,95807.0
3325,2020-07-30 15:00:00,32.98,33.07,32.81,32.87,529637.0
3326,2020-07-30 16:00:00,32.84,32.84,32.84,32.84,17823.0
3327,2020-07-30 17:00:00,32.5,32.5,32.5,32.5,507.0
3328,2020-07-31 08:00:00,32.78,32.87,32.78,32.78,2501.0
3329,2020-07-31 09:00:00,33.24,33.34,32.945,33.13,367066.0
3330,2020-07-31 10:00:00,33.125,33.18,32.315,32.44,213071.0
3331,2020-07-31 11:00:00,32.46,32.51,32.06,32.06,390208.0
3332,2020-07-31 12:00:00,32.06,32.06,31.67,31.725,340026.0
3333,2020-07-31 13:00:00,31.72,32.21,31.685,32.1,310861.0
3334,2020-07-31 14:00:00,32.11,32.245,31.985,32.2,478235.0
3335,2020-07-31 15:00:00,32.19,32.22,31.995,32.11,1600234.0
3336,2020-07-31 16:00:00,32.11,33.32,32.11,32.99,56444.0
3337,2020-07-31 18:00:00,30.51,30.51,30.51,30.51,100.0
3338,2020-07-31 19:00:00,32.79,32.79,32.79,32.79,1100.0
3339,2020-08-03 08:00:00,32.11,32.11,32.11,32.11,100.0
3340,2020-08-03 09:00:00,32.31,32.44,32.055,32.39,387390.0
3341,2020-08-03 10:00:00,32.38,32.84,32.215,32.53,291708.0
3342,2020-08-03 11:00:00,32.52,33.11,32.48,33.11,254262.0
3343,2020-08-03 12:00:00,33.12,33.75,33.07,33.66,419644.0
3344,2020-08-03 13:00:00,33.66,33.96,33.58,33.935,320316.0
3345,2020-08-03 14:00:00,33.94,34.03,33.67,33.74,408947.0
3346,2020-08-03 15:00:00,33.74,34.08,33.69,33.97,1238271.0
3347,2020-08-03 16:00:00,33.96,33.96,33.6762,33.6762,106599.0
3348,2020-08-04 08:00:00,33.95,34.0,33.95,34.0,1200.0
3349,2020-08-04 09:00:00,33.76,33.82,33.35,33.59,138810.0
3350,2020-08-04 10:00:00,33.62,33.9,33.49,33.88,214774.0
3351,2020-08-04 11:00:00,33.875,34.17,33.83,33.985,215419.0
3352,2020-08-04 12:00:00,33.99,34.01,33.77,33.9,121036.0
3353,2020-08-04 13:00:00,33.9,34.05,33.825,34.04,121410.0
3354,2020-08-04 14:00:00,34.035,34.09,33.71,33.8,378794.0
3355,2020-08-04 15:00:00,33.81,33.88,33.64,33.73,463945.0
3356,2020-08-04 16:00:00,33.74,33.74,33.35,33.5,34749.0
3357,2020-08-04 17:00:00,33.36,33.36,33.36,33.36,425.0
3358,2020-08-05 08:00:00,33.7,33.7,33.7,33.7,125.0
3359,2020-08-05 09:00:00,33.7509,34.3,33.7501,33.84,101521.0
3360,2020-08-05 10:00:00,33.85,34.02,33.75,33.96,260593.0
3361,2020-08-05 11:00:00,33.96,34.08,33.78,33.805,267806.0
3362,2020-08-05 12:00:00,33.8,33.9117,33.76,33.77,249053.0
3363,2020-08-05 13:00:00,33.78,33.795,33.48,33.77,308837.0
3364,2020-08-05 14:00:00,33.775,33.92,33.76,33.795,198323.0
3365,2020-08-05 15:00:00,33.795,34.14,33.795,34.075,1409111.0
3366,2020-08-05 16:00:00,34.07,34.4,34.06,34.12,79524.0
3367,2020-08-05 17:00:00,34.12,34.12,34.06,34.06,230421.0
3368,2020-08-05 19:00:00,34.08,34.08,34.08,34.08,1100.0
3369,2020-08-06 09:00:00,34.2,34.29,33.86,33.92,249567.0
3370,2020-08-06 10:00:00,33.915,34.67,33.915,34.66,318293.0
3371,2020-08-06 11:00:00,34.6753,34.685,34.1489,34.19,274091.0
3372,2020-08-06 12:00:00,34.2,34.23,33.95,34.1,177263.0
3373,2020-08-06 13:00:00,34.1,34.1,33.93,34.055,131301.0
3374,2020-08-06 14:00:00,34.06,34.3,34.025,34.255,283464.0
3375,2020-08-06 15:00:00,34.25,34.35,34.175,34.32,985421.0
3376,2020-08-06 16:00:00,34.3,34.75,34.3,34.75,350138.0
3377,2020-08-06 17:00:00,34.87,35.0,34.7,35.0,1975.0
3378,2020-08-06 18:00:00,34.85,35.55,34.85,35.0,3642.0
3379,2020-08-06 19:00:00,35.1,35.52,34.96,35.48,7819.0
3380,2020-08-07 06:00:00,34.85,36.0,34.85,35.19,894.0
3381,2020-08-07 07:00:00,36.0,36.2,35.5,35.5,2060.0
3382,2020-08-07 08:00:00,35.6,36.0,35.3,35.35,9556.0
3383,2020-08-07 09:00:00,35.1,37.0,34.66,36.89,979939.0
3384,2020-08-07 10:00:00,36.88,36.89,35.71,35.775,684542.0
3385,2020-08-07 11:00:00,35.79,36.0,35.34,35.61,658549.0
3386,2020-08-07 12:00:00,35.61,35.85,35.06,35.1,571402.0
3387,2020-08-07 13:00:00,35.11,35.11,34.21,34.255,766044.0
3388,2020-08-07 14:00:00,34.26,34.35,33.73,33.79,1012306.0
3389,2020-08-07 15:00:00,33.78,34.24,33.58,34.165,2066575.0
3390,2020-08-07 16:00:00,34.17,35.75,34.17,34.17,67333.0
3391,2020-08-07 17:00:00,34.2,34.2,34.2,34.2,200.0
3392,2020-08-07 18:00:00,34.2,34.2,34.2,34.2,200.0
3393,2020-08-07 19:00:00,34.2,34.2,34.2,34.2,1500.0
3394,2020-08-10 09:00:00,34.02,35.03,34.02,34.8,224703.0
3395,2020-08-10 10:00:00,34.78,35.11,34.455,34.77,400964.0
3396,2020-08-10 11:00:00,34.75,35.41,34.705,35.21,318255.0
3397,2020-08-10 12:00:00,35.22,35.34,34.99,35.23,393203.0
3398,2020-08-10 13:00:00,35.225,35.255,34.94,35.14,494917.0
3399,2020-08-10 14:00:00,35.15,35.47,34.85,34.995,1572020.0
3400,2020-08-10 15:00:00,34.99,35.39,34.95,35.37,1144803.0
3401,2020-08-10 16:00:00,35.37,35.42,35.37,35.42,66284.0
3402,2020-08-11 07:00:00,35.5,35.5,35.5,35.5,140.0
3403,2020-08-11 09:00:00,35.74,36.37,35.51,35.63,335817.0
3404,2020-08-11 10:00:00,35.595,35.88,35.56,35.795,625428.0
3405,2020-08-11 11:00:00,35.8,36.09,35.64,35.93,854220.0
3406,2020-08-11 12:00:00,35.93,35.93,35.66,35.83,317548.0
3407,2020-08-11 13:00:00,35.8,35.96,35.735,35.84,257477.0
3408,2020-08-11 14:00:00,35.845,35.845,35.39,35.5,357548.0
3409,2020-08-11 15:00:00,35.5,35.51,35.07,35.26,1315064.0
3410,2020-08-11 16:00:00,35.23,35.37,35.23,35.37,412597.0
3411,2020-08-12 07:00:00,35.23,35.23,35.23,35.23,200.0
3412,2020-08-12 08:00:00,35.6999,35.6999,35.6999,35.6999,100.0
3413,2020-08-12 09:00:00,35.56,35.99,35.26,35.49,129247.0
3414,2020-08-12 10:00:00,35.43,35.61,34.925,34.99,149259.0
3415,2020-08-12 11:00:00,34.98,35.2,34.78,34.99,214742.0
3416,2020-08-12 12:00:00,34.99,35.035,34.72,34.7275,420674.0
3417,2020-08-12 13:00:00,34.73,34.745,34.515,34.72,279412.0
3418,2020-08-12 14:00:00,34.725,34.78,34.61,34.695,270370.0
3419,2020-08-12 15:00:00,34.695,34.73,34.4,34.43,956024.0
3420,2020-08-12 16:00:00,34.43,34.43,34.43,34.43,49649.0
3421,2020-08-13 09:00:00,34.54,35.17,34.2301,35.13,212976.0
3422,2020-08-13 10:00:00,35.13,35.16,34.705,34.82,369830.0
3423,2020-08-13 11:00:00,34.83,34.965,34.73,34.92,354038.0
3424,2020-08-13 12:00:00,34.925,34.98,34.75,34.845,154263.0
3425,2020-08-13 13:00:00,34.84,34.985,34.7,34.96,310063.0
3426,2020-08-13 14:00:00,34.96,35.12,34.84,34.87,312491.0
3427,2020-08-13 15:00:00,34.86,35.16,34.84,35.08,962100.0
3428,2020-08-13 16:00:00,35.08,35.08,35.0,35.0,34125.0
3429,2020-08-13 19:00:00,35.1,35.1,35.1,35.1,999.0
3430,2020-08-14 07:00:00,35.6,35.6,35.6,35.6,100.0
3431,2020-08-14 08:00:00,35.21,35.21,35.21,35.21,100.0
3432,2020-08-14 09:00:00,35.03,35.1,34.56,34.67,126173.0
3433,2020-08-14 10:00:00,34.67,34.75,34.36,34.49,203448.0
3434,2020-08-14 11:00:00,34.49,34.82,34.445,34.785,155607.0
3435,2020-08-14 12:00:00,34.785,34.82,34.625,34.73,156219.0
3436,2020-08-14 13:00:00,34.72,34.9,34.68,34.865,105389.0
3437,2020-08-14 14:00:00,34.865,34.92,34.72,34.73,159246.0
3438,2020-08-14 15:00:00,34.725,34.735,34.555,34.67,444461.0
3439,2020-08-14 16:00:00,34.67,34.67,34.67,34.67,124982.0
3440,2020-08-14 17:00:00,34.7,34.7,34.7,34.7,200.0
3441,2020-08-17 09:00:00,34.77,34.8,33.96,33.99,263821.0
3442,2020-08-17 10:00:00,33.965,34.12,33.9,33.97,202915.0
3443,2020-08-17 11:00:00,33.97,34.415,33.95,34.41,169519.0
3444,2020-08-17 12:00:00,34.405,34.545,34.33,34.465,235446.0
3445,2020-08-17 13:00:00,34.46,34.6,34.41,34.54,203871.0
3446,2020-08-17 14:00:00,34.53,34.69,34.49,34.655,135780.0
3447,2020-08-17 15:00:00,34.66,35.04,34.64,35.0,770758.0
3448,2020-08-17 16:00:00,35.0,35.09,35.0,35.09,50726.0
3449,2020-08-18 09:00:00,35.02,35.16,34.7,34.7,85216.0
3450,2020-08-18 10:00:00,34.76,34.82,34.55,34.66,198684.0
3451,2020-08-18 11:00:00,34.65,34.68,34.54,34.6,128581.0
3452,2020-08-18 12:00:00,34.61,34.71,34.45,34.595,123924.0
3453,2020-08-18 13:00:00,34.595,34.745,34.46,34.555,198306.0
3454,2020-08-18 14:00:00,34.555,34.565,34.41,34.42,180118.0
3455,2020-08-18 15:00:00,34.44,34.46,34.29,34.36,485661.0
3456,2020-08-18 16:00:00,34.36,34.36,34.36,34.36,19239.0
3457,2020-08-19 09:00:00,34.27,34.48,33.96,34.41,131215.0
3458,2020-08-19 10:00:00,34.395,34.46,34.2,34.4,222290.0
3459,2020-08-19 11:00:00,34.4,34.4601,34.335,34.36,86764.0
3460,2020-08-19 12:00:00,34.35,34.405,34.24,34.405,90197.0
3461,2020-08-19 13:00:00,34.41,34.47,34.295,34.33,111036.0
3462,2020-08-19 14:00:00,34.33,34.38,34.22,34.33,138740.0
3463,2020-08-19 15:00:00,34.33,34.39,33.98,34.06,424323.0
3464,2020-08-19 16:00:00,34.05,34.12,33.9,34.12,35665.0
3465,2020-08-20 07:00:00,34.13,34.13,34.13,34.13,100.0
3466,2020-08-20 09:00:00,33.95,33.97,33.275,33.95,287639.0
3467,2020-08-20 10:00:00,33.96,34.26,33.655,33.68,506685.0
3468,2020-08-20 11:00:00,33.68,34.08,33.66,33.96,304412.0
3469,2020-08-20 12:00:00,33.965,33.965,33.72,33.9,196363.0
3470,2020-08-20 13:00:00,33.9001,34.065,33.87,33.955,328575.0
3471,2020-08-20 14:00:00,33.96,34.07,33.945,34.01,141946.0
3472,2020-08-20 15:00:00,34.015,34.045,33.86,33.8808,840892.0
3473,2020-08-20 16:00:00,33.89,33.92,33.89,33.89,108484.0
3474,2020-08-20 18:00:00,33.89,33.89,33.89,33.89,500.0
3475,2020-08-21 09:00:00,33.7,33.8,33.32,33.695,420616.0
3476,2020-08-21 10:00:00,33.69,33.82,33.465,33.56,452693.0
3477,2020-08-21 11:00:00,33.56,33.62,33.38,33.39,199639.0
3478,2020-08-21 12:00:00,33.39,33.51,33.29,33.3,150539.0
3479,2020-08-21 13:00:00,33.29,33.48,33.24,33.48,137534.0
3480,2020-08-21 14:00:00,33.48,33.62,33.4,33.44,576610.0
3481,2020-08-21 15:00:00,33.44,33.595,33.41,33.54,1117947.0
3482,2020-08-21 16:00:00,33.53,33.53,33.34,33.34,10762.0
3483,2020-08-24 08:00:00,33.53,33.53,33.53,33.53,126.0
3484,2020-08-24 09:00:00,33.74,33.885,33.46,33.88,198129.0
3485,2020-08-24 10:00:00,33.87,34.39,33.84,34.39,1009058.0
3486,2020-08-24 11:00:00,34.39,34.475,34.14,34.23,401647.0
3487,2020-08-24 12:00:00,34.24,34.33,34.11,34.14,152886.0
3488,2020-08-24 13:00:00,34.14,34.26,34.0801,34.25,250981.0
3489,2020-08-24 14:00:00,34.25,34.35,34.17,34.325,181853.0
3490,2020-08-24 15:00:00,34.32,34.58,34.22,34.57,643578.0
3491,2020-08-24 16:00:00,34.58,34.58,34.58,34.58,42277.0
3492,2020-08-25 07:00:00,34.67,34.67,34.64,34.64,1574.0
3493,2020-08-25 08:00:00,34.52,34.64,34.52,34.64,74426.0
3494,2020-08-25 09:00:00,34.81,35.09,34.43,34.55,155926.0
3495,2020-08-25 10:00:00,34.54,34.68,34.02,34.05,214547.0
3496,2020-08-25 11:00:00,34.04,34.1,33.8,33.84,86676.0
3497,2020-08-25 12:00:00,33.845,33.98,33.795,33.8775,107267.0
3498,2020-08-25 13:00:00,33.88,34.09,33.84,34.09,93330.0
3499,2020-08-25 14:00:00,34.08,34.16,34.03,34.075,107576.0
3500,2020-08-25 15:00:00,34.07,34.25,34.06,34.2,292299.0
3501,2020-08-25 16:00:00,34.2,34.2,34.2,34.2,20073.0
3502,2020-08-26 09:00:00,34.06,34.21,33.86,34.2,60704.0
3503,2020-08-26 10:00:00,34.17,34.38,34.08,34.19,138697.0
3504,2020-08-26 11:00:00,34.18,34.25,34.08,34.195,82637.0
3505,2020-08-26 12:00:00,34.195,34.397,34.195,34.36,111365.0
3506,2020-08-26 13:00:00,34.365,34.475,34.325,34.41,128648.0
3507,2020-08-26 14:00:00,34.405,34.53,34.39,34.49,221629.0
3508,2020-08-26 15:00:00,34.48,34.72,34.48,34.57,460337.0
3509,2020-08-26 16:00:00,34.56,34.56,34.56,34.56,54283.0
3510,2020-08-27 09:00:00,34.61,35.04,34.49,34.86,181782.0
3511,2020-08-27 10:00:00,34.86,34.9,34.56,34.7868,126255.0
3512,2020-08-27 11:00:00,34.82,34.87,34.58,34.74,107444.0
3513,2020-08-27 12:00:00,34.73,34.76,34.66,34.74,131675.0
3514,2020-08-27 13:00:00,34.73,34.98,34.69,34.9,165363.0
3515,2020-08-27 14:00:00,34.89,34.97,34.8,34.84,156740.0
3516,2020-08-27 15:00:00,34.835,34.9,34.675,34.7,421276.0
3517,2020-08-27 16:00:00,34.71,34.71,34.71,34.71,8158.0
3518,2020-08-28 09:00:00,34.79,34.89,34.45,34.65,52124.0
3519,2020-08-28 10:00:00,34.64,34.695,34.425,34.515,84714.0
3520,2020-08-28 11:00:00,34.5,34.595,34.44,34.58,108208.0
3521,2020-08-28 12:00:00,34.565,34.72,34.55,34.64,69254.0
3522,2020-08-28 13:00:00,34.65,34.81,34.62,34.69,164470.0
3523,2020-08-28 14:00:00,34.69,34.85,34.685,34.82,194906.0
3524,2020-08-28 15:00:00,34.82,34.875,34.75,34.81,450318.0
3525,2020-08-28 16:00:00,34.82,37.5,34.82,36.56,98790.0
3526,2020-08-28 17:00:00,36.54,36.97,36.54,36.96,2305.0
3527,2020-08-28 18:00:00,36.94,37.3,36.75,36.75,4377.0
3528,2020-08-28 19:00:00,36.65,37.0,36.65,37.0,1326.0
3529,2020-08-31 04:00:00,35.57,35.57,35.57,35.57,230.0
3530,2020-08-31 07:00:00,36.57,37.03,36.5,36.99,1391.0
3531,2020-08-31 08:00:00,36.7499,37.57,36.5,36.55,5018.0
3532,2020-08-31 09:00:00,36.5,36.62,35.96,36.37,868524.0
3533,2020-08-31 10:00:00,36.3909,36.94,36.26,36.65,681313.0
3534,2020-08-31 11:00:00,36.665,36.74,36.29,36.53,252522.0
3535,2020-08-31 12:00:00,36.53,36.58,36.135,36.22,253996.0
3536,2020-08-31 13:00:00,36.215,36.215,35.865,35.87,295451.0
3537,2020-08-31 14:00:00,35.87,35.885,35.7,35.77,363756.0
3538,2020-08-31 15:00:00,35.775,35.795,35.48,35.5,1041745.0
3539,2020-08-31 16:00:00,35.52,35.52,35.52,35.52,79168.0
3540,2020-09-01 07:00:00,35.58,35.58,35.58,35.58,100.0
3541,2020-09-01 08:00:00,35.12,35.12,34.34,34.34,285.0
3542,2020-09-01 09:00:00,35.01,35.3,34.28,34.415,425811.0
3543,2020-09-01 10:00:00,34.42,34.67,34.29,34.43,251561.0
3544,2020-09-01 11:00:00,34.43,34.45,34.19,34.32,217959.0
3545,2020-09-01 12:00:00,34.33,34.5,34.29,34.455,121962.0
3546,2020-09-01 13:00:00,34.455,34.615,34.28,34.295,117046.0
3547,2020-09-01 14:00:00,34.295,34.325,34.05,34.15,270585.0
3548,2020-09-01 15:00:00,34.15,34.59,34.09,34.58,788938.0
3549,2020-09-01 16:00:00,34.57,34.57,34.57,34.57,25602.0
3550,2020-09-02 07:00:00,34.71,34.71,34.64,34.64,2400.0
3551,2020-09-02 08:00:00,34.51,34.63,34.0,34.0,3800.0
3552,2020-09-02 09:00:00,34.51,35.09,34.45,35.09,114777.0
3553,2020-09-02 10:00:00,35.11,35.43,34.89,35.32,254010.0
3554,2020-09-02 11:00:00,35.31,35.385,35.17,35.18,177771.0
3555,2020-09-02 12:00:00,35.185,35.22,35.0,35.035,339796.0
3556,2020-09-02 13:00:00,35.04,35.33,34.85,35.28,1183144.0
3557,2020-09-02 14:00:00,35.285,35.42,35.24,35.385,144551.0
3558,2020-09-02 15:00:00,35.39,35.695,35.37,35.5,489737.0
3559,2020-09-02 16:00:00,35.5,35.99,35.5,35.7,74731.0
3560,2020-09-02 17:00:00,35.99,35.99,35.99,35.99,110.0
3561,2020-09-02 18:00:00,36.0,36.0,36.0,36.0,100.0
3562,2020-09-03 09:00:00,35.67,36.15,35.42,35.5,136376.0
3563,2020-09-03 10:00:00,35.5,35.5,34.86,34.86,163472.0
3564,2020-09-03 11:00:00,34.86,34.91,34.14,34.39,257688.0
3565,2020-09-03 12:00:00,34.39,34.565,34.04,34.06,157829.0
3566,2020-09-03 13:00:00,34.06,34.3,33.98,34.24,218011.0
3567,2020-09-03 14:00:00,34.22,34.23,33.92,33.98,179858.0
3568,2020-09-03 15:00:00,33.98,34.1,33.7,34.04,684543.0
3569,2020-09-03 16:00:00,34.04,34.04,34.04,34.04,42988.0
3570,2020-09-04 08:00:00,34.0,34.0,34.0,34.0,100.0
3571,2020-09-04 09:00:00,34.47,34.555,33.71,33.83,115336.0
3572,2020-09-04 10:00:00,33.8,34.01,32.91,33.23,200521.0
3573,2020-09-04 11:00:00,33.22,33.38,33.05,33.32,283155.0
3574,2020-09-04 12:00:00,33.33,33.88,33.24,33.87,205571.0
3575,2020-09-04 13:00:00,33.86,33.865,33.46,33.565,160926.0
3576,2020-09-04 14:00:00,33.56,33.995,33.495,33.93,111484.0
3577,2020-09-04 15:00:00,33.93,34.03,33.76,33.78,384295.0
3578,2020-09-04 16:00:00,33.78,33.78,33.65,33.65,209934.0
3579,2020-09-04 19:00:00,33.76,33.76,33.76,33.76,100.0
3580,2020-09-08 09:00:00,33.39,33.39,32.79,33.02,243183.0
3581,2020-09-08 10:00:00,33.03,33.1,32.61,32.75,377643.0
3582,2020-09-08 11:00:00,32.74,32.92,32.64,32.85,1203258.0
3583,2020-09-08 12:00:00,32.85,33.46,32.83,33.43,304793.0
3584,2020-09-08 13:00:00,33.425,33.52,33.24,33.425,203956.0
3585,2020-09-08 14:00:00,33.43,33.53,33.12,33.285,408830.0
3586,2020-09-08 15:00:00,33.28,33.33,33.0,33.04,637352.0
3587,2020-09-08 16:00:00,33.03,33.1304,32.68,33.03,96490.0
3588,2020-09-09 07:00:00,32.98,32.98,32.98,32.98,1000.0
3589,2020-09-09 08:00:00,33.05,33.05,33.05,33.05,200.0
3590,2020-09-09 09:00:00,33.46,33.64,33.01,33.13,124922.0
3591,2020-09-09 10:00:00,33.14,33.2386,33.01,33.19,155001.0
3592,2020-09-09 11:00:00,33.22,33.39,33.18,33.25,142622.0
3593,2020-09-09 12:00:00,33.245,33.4,33.24,33.3,141530.0
3594,2020-09-09 13:00:00,33.31,33.535,33.29,33.43,100917.0
3595,2020-09-09 14:00:00,33.43,33.45,33.26,33.295,131253.0
3596,2020-09-09 15:00:00,33.3,33.36,33.14,33.17,472490.0
3597,2020-09-09 16:00:00,33.17,33.17,33.17,33.17,44585.0
3598,2020-09-10 09:00:00,33.32,33.5863,33.07,33.1117,209017.0
3599,2020-09-10 10:00:00,33.08,33.22,32.62,32.63,362148.0
3600,2020-09-10 11:00:00,32.64,33.26,32.58,33.05,311222.0
3601,2020-09-10 12:00:00,33.04,33.125,32.8,32.94,216718.0
3602,2020-09-10 13:00:00,32.94,33.05,32.78,32.79,164314.0
3603,2020-09-10 14:00:00,32.79,32.9,32.41,32.585,344737.0
3604,2020-09-10 15:00:00,32.59,32.6,32.05,32.09,832556.0
3605,2020-09-10 16:00:00,32.09,32.09,32.09,32.09,32886.0
3606,2020-09-11 07:00:00,32.15,32.15,32.15,32.15,105.0
3607,2020-09-11 09:00:00,32.19,32.31,31.97,32.15,88169.0
3608,2020-09-11 10:00:00,32.14,32.34,32.06,32.09,155661.0
3609,2020-09-11 11:00:00,32.1,32.245,32.03,32.12,146145.0
3610,2020-09-11 12:00:00,32.12,32.23,31.91,31.91,142820.0
3611,2020-09-11 13:00:00,31.91,31.94,31.71,31.73,153742.0
3612,2020-09-11 14:00:00,31.74,31.97,31.71,31.94,188668.0
3613,2020-09-11 15:00:00,31.94,32.23,31.84,32.11,649184.0
3614,2020-09-11 16:00:00,32.105,32.105,32.105,32.105,27166.0
3615,2020-09-14 09:00:00,32.27,32.9,32.14,32.76,135814.0
3616,2020-09-14 10:00:00,32.77,32.91,32.7,32.7,237289.0
3617,2020-09-14 11:00:00,32.7,33.0542,32.52,33.0,267753.0
3618,2020-09-14 12:00:00,33.0,33.01,32.76,32.82,139160.0
3619,2020-09-14 13:00:00,32.83,32.86,32.66,32.73,138647.0
3620,2020-09-14 14:00:00,32.73,32.83,32.62,32.73,184976.0
3621,2020-09-14 15:00:00,32.71,32.82,32.54,32.66,455583.0
3622,2020-09-14 16:00:00,32.66,32.73,32.66,32.73,31365.0
3623,2020-09-15 09:00:00,32.66,32.7,32.24,32.49,131799.0
3624,2020-09-15 10:00:00,32.47,33.21,32.36,33.11,158087.0
3625,2020-09-15 11:00:00,33.105,33.13,32.83,32.86,158436.0
3626,2020-09-15 12:00:00,32.86,33.09,32.79,33.07,106615.0
3627,2020-09-15 13:00:00,33.085,33.17,33.06,33.1,116770.0
3628,2020-09-15 14:00:00,33.105,33.14,33.0,33.04,144769.0
3629,2020-09-15 15:00:00,33.04,33.055,32.65,32.73,502122.0
3630,2020-09-15 16:00:00,32.74,32.74,32.6,32.6,30193.0
3631,2020-09-15 19:00:00,32.8,32.8,32.8,32.8,151.0
3632,2020-09-16 09:00:00,33.01,33.21,32.865,33.21,120703.0
3633,2020-09-16 10:00:00,33.2,33.46,33.2,33.335,157036.0
3634,2020-09-16 11:00:00,33.35,33.74,33.35,33.66,234603.0
3635,2020-09-16 12:00:00,33.66,33.765,33.615,33.7154,144906.0
3636,2020-09-16 13:00:00,33.71,33.81,33.21,33.39,244039.0
3637,2020-09-16 14:00:00,33.38,33.81,33.37,33.62,253075.0
3638,2020-09-16 15:00:00,33.62,33.66,33.17,33.24,474885.0
3639,2020-09-16 16:00:00,33.24,33.31,33.24,33.31,84236.0
3640,2020-09-17 09:00:00,32.49,32.72,32.31,32.46,166328.0
3641,2020-09-17 10:00:00,32.49,32.79,32.44,32.65,334361.0
3642,2020-09-17 11:00:00,32.66,32.75,32.07,32.18,302956.0
3643,2020-09-17 12:00:00,32.17,32.17,31.735,31.82,263170.0
3644,2020-09-17 13:00:00,31.82,31.91,31.63,31.805,245329.0
3645,2020-09-17 14:00:00,31.81,31.885,31.605,31.77,268215.0
3646,2020-09-17 15:00:00,31.77,32.07,31.6428,32.04,766449.0
3647,2020-09-17 16:00:00,32.04,33.24,32.0,32.31,32521.0
3648,2020-09-17 17:00:00,31.4,31.4,31.4,31.4,100.0
3649,2020-09-17 19:00:00,31.72,31.74,31.71,31.72,1140.0
3650,2020-09-18 09:00:00,32.01,32.15,31.56,31.7,364128.0
3651,2020-09-18 10:00:00,31.695,31.94,31.55,31.62,197994.0
3652,2020-09-18 11:00:00,31.64,31.7,31.2518,31.32,207478.0
3653,2020-09-18 12:00:00,31.31,31.46,31.12,31.145,301120.0
3654,2020-09-18 13:00:00,31.145,31.16,30.795,30.9,450684.0
3655,2020-09-18 14:00:00,30.9,31.08,30.8,31.08,506513.0
3656,2020-09-18 15:00:00,31.08,31.2,31.035,31.06,1656878.0
3657,2020-09-18 16:00:00,31.06,31.2,31.06,31.0617,230913.0
3658,2020-09-21 04:00:00,30.51,30.51,30.51,30.51,500.0
3659,2020-09-21 07:00:00,30.04,30.04,30.04,30.04,250.0
3660,2020-09-21 09:00:00,30.69,30.69,29.8575,30.16,312127.0
3661,2020-09-21 10:00:00,30.14,30.31,29.71,30.0,444797.0
3662,2020-09-21 11:00:00,30.0,30.04,29.35,29.7,491839.0
3663,2020-09-21 12:00:00,29.695,30.06,29.69,29.87,276492.0
3664,2020-09-21 13:00:00,29.875,29.9,29.6229,29.6229,356867.0
3665,2020-09-21 14:00:00,29.62,29.76,29.52,29.71,288415.0
3666,2020-09-21 15:00:00,29.7,30.03,29.68,30.01,904655.0
3667,2020-09-21 16:00:00,30.0,30.0,30.0,30.0,80881.0
3668,2020-09-21 17:00:00,30.17,30.17,30.17,30.17,870.0
3669,2020-09-22 09:00:00,30.0,30.47,30.0,30.23,144747.0
3670,2020-09-22 10:00:00,30.22,30.39,30.02,30.02,211248.0
3671,2020-09-22 11:00:00,30.01,30.01,29.81,29.94,182769.0
3672,2020-09-22 12:00:00,29.94,30.06,29.93,29.935,151036.0
3673,2020-09-22 13:00:00,29.94,30.0,29.84,29.99,196910.0
3674,2020-09-22 14:00:00,29.99,30.22,29.99,30.15,207494.0
3675,2020-09-22 15:00:00,30.155,30.2,30.04,30.12,671651.0
3676,2020-09-22 16:00:00,30.125,30.125,30.125,30.125,258138.0
3677,2020-09-22 17:00:00,30.125,30.125,30.125,30.125,179.0
3678,2020-09-23 09:00:00,30.15,30.43,30.01,30.1,124144.0
3679,2020-09-23 10:00:00,30.07,30.12,29.63,29.68,263860.0
3680,2020-09-23 11:00:00,29.68,29.695,29.21,29.27,330101.0
3681,2020-09-23 12:00:00,29.27,29.41,29.22,29.25,315050.0
3682,2020-09-23 13:00:00,29.26,29.32,29.01,29.11,399360.0
3683,2020-09-23 14:00:00,29.1,29.1,28.6,28.67,472127.0
3684,2020-09-23 15:00:00,28.68,28.78,28.565,28.6,1259109.0
3685,2020-09-23 16:00:00,28.595,28.7,28.595,28.7,39560.0
3686,2020-09-23 19:00:00,28.59,28.59,28.59,28.59,122.0
3687,2020-09-24 07:00:00,28.65,28.65,28.65,28.65,100.0
3688,2020-09-24 08:00:00,28.65,28.65,28.51,28.51,500.0
3689,2020-09-24 09:00:00,28.69,28.8099,28.0,28.24,174618.0
3690,2020-09-24 10:00:00,28.25,28.675,28.25,28.5,235449.0
3691,2020-09-24 11:00:00,28.5,28.74,28.36,28.735,166935.0
3692,2020-09-24 12:00:00,28.745,28.83,28.58,28.71,144832.0
3693,2020-09-24 13:00:00,28.7,28.92,28.695,28.76,240445.0
3694,2020-09-24 14:00:00,28.765,28.79,28.48,28.52,228594.0
3695,2020-09-24 15:00:00,28.525,28.67,28.43,28.58,564877.0
3696,2020-09-24 16:00:00,28.58,28.58,28.58,28.58,33664.0
3697,2020-09-25 09:00:00,28.3,28.41,28.01,28.2,168753.0
3698,2020-09-25 10:00:00,28.21,28.61,27.99,28.54,287678.0
3699,2020-09-25 11:00:00,28.51,28.55,28.175,28.175,188016.0
3700,2020-09-25 12:00:00,28.18,28.4,28.18,28.4,130488.0
3701,2020-09-25 13:00:00,28.395,28.605,28.36,28.605,211856.0
3702,2020-09-25 14:00:00,28.6,28.75,28.53,28.59,224918.0
3703,2020-09-25 15:00:00,28.6,28.75,28.48,28.56,586916.0
3704,2020-09-25 16:00:00,28.55,28.55,28.55,28.55,210563.0
3705,2020-09-28 08:00:00,29.26,29.26,29.26,29.26,200.0
3706,2020-09-28 09:00:00,29.16,29.35,29.0,29.23,150508.0
3707,2020-09-28 10:00:00,29.26,29.5,29.115,29.43,242098.0
3708,2020-09-28 11:00:00,29.44,29.75,29.38,29.54,503306.0
3709,2020-09-28 12:00:00,29.55,29.88,29.55,29.85,250777.0
3710,2020-09-28 13:00:00,29.855,30.03,29.74,29.748,189259.0
3711,2020-09-28 14:00:00,29.745,29.88,29.73,29.86,220875.0
3712,2020-09-28 15:00:00,29.86,29.92,29.733,29.88,580536.0
3713,2020-09-28 16:00:00,29.875,29.875,29.87,29.87,38070.0
3714,2020-09-29 09:00:00,29.75,30.0765,29.6192,29.77,72308.0
3715,2020-09-29 10:00:00,29.8,30.04,29.6,29.69,154442.0
3716,2020-09-29 11:00:00,29.7,29.715,29.435,29.47,163863.0
3717,2020-09-29 12:00:00,29.48,29.52,29.35,29.455,107465.0
3718,2020-09-29 13:00:00,29.46,29.63,29.355,29.58,85809.0
3719,2020-09-29 14:00:00,29.59,29.71,29.54,29.695,151173.0
3720,2020-09-29 15:00:00,29.7,29.775,29.605,29.66,573490.0
3721,2020-09-29 16:00:00,29.65,29.65,29.65,29.65,18198.0
3722,2020-09-30 09:00:00,29.84,30.07,29.69,29.835,96038.0
3723,2020-09-30 10:00:00,29.835,30.09,29.7,29.71,139036.0
3724,2020-09-30 11:00:00,29.7,29.735,29.44,29.47,195130.0
3725,2020-09-30 12:00:00,29.48,29.535,29.42,29.49,143960.0
3726,2020-09-30 13:00:00,29.4799,29.49,29.34,29.41,148999.0
3727,2020-09-30 14:00:00,29.405,29.49,28.825,29.0,351978.0
3728,2020-09-30 15:00:00,28.99,29.15,28.66,29.0,962688.0
3729,2020-09-30 16:00:00,29.0,29.03,29.0,29.03,49233.0
3730,2020-10-01 09:00:00,29.22,29.6,28.99,29.05,153707.0
3731,2020-10-01 10:00:00,29.04,29.09,28.7,28.77,172838.0
3732,2020-10-01 11:00:00,28.78,28.86,28.49,28.56,243220.0
3733,2020-10-01 12:00:00,28.56,28.805,28.51,28.715,154918.0
3734,2020-10-01 13:00:00,28.715,28.875,28.715,28.72,140087.0
3735,2020-10-01 14:00:00,28.73,28.865,28.56,28.66,291350.0
3736,2020-10-01 15:00:00,28.655,28.825,28.55,28.79,580555.0
3737,2020-10-01 16:00:00,28.78,28.78,28.78,28.78,29740.0
3738,2020-10-01 18:00:00,28.75,28.88,28.75,28.88,1400.0
3739,2020-10-01 19:00:00,29.0,29.0,28.89,28.89,1010.0
3740,2020-10-02 08:00:00,28.8899,28.89,27.55,28.05,2005.0
3741,2020-10-02 09:00:00,28.19,28.62,28.07,28.6,142852.0
3742,2020-10-02 10:00:00,28.63,28.76,28.36,28.44,239741.0
3743,2020-10-02 11:00:00,28.43,28.8,28.355,28.515,160648.0
3744,2020-10-02 12:00:00,28.5,28.85,28.46,28.57,630025.0
3745,2020-10-02 13:00:00,28.6,28.7,28.33,28.38,289577.0
3746,2020-10-02 14:00:00,28.39,28.57,28.375,28.52,121865.0
3747,2020-10-02 15:00:00,28.55,28.68,28.43,28.55,482716.0
3748,2020-10-02 16:00:00,28.545,28.545,28.5,28.5,43960.0
3749,2020-10-05 09:00:00,28.87,29.08,28.39,28.4,147415.0
3750,2020-10-05 10:00:00,28.43,28.54,28.31,28.41,205558.0
3751,2020-10-05 11:00:00,28.42,28.73,28.42,28.53,131532.0
3752,2020-10-05 12:00:00,28.54,28.565,28.43,28.44,104961.0
3753,2020-10-05 13:00:00,28.45,28.77,28.41,28.59,395405.0
3754,2020-10-05 14:00:00,28.6,28.72,28.5521,28.72,147498.0
3755,2020-10-05 15:00:00,28.72,28.72,28.34,28.41,905486.0
3756,2020-10-05 16:00:00,28.41,28.47,28.41,28.45,352141.0
3757,2020-10-06 07:00:00,28.41,28.41,28.41,28.41,150.0
3758,2020-10-06 09:00:00,28.62,28.7801,28.39,28.51,159895.0
3759,2020-10-06 10:00:00,28.51,28.815,28.46,28.68,167224.0
3760,2020-10-06 11:00:00,28.68,28.68,28.325,28.36,164694.0
3761,2020-10-06 12:00:00,28.37,28.45,28.36,28.405,151431.0
3762,2020-10-06 13:00:00,28.42,28.46,28.34,28.4,187477.0
3763,2020-10-06 14:00:00,28.4,28.47,27.71,27.74,351636.0
3764,2020-10-06 15:00:00,27.74,27.9,27.37,27.41,996859.0
3765,2020-10-06 16:00:00,27.43,27.43,27.43,27.43,110705.0
3766,2020-10-06 17:00:00,27.5,27.5,27.06,27.06,2341.0
3767,2020-10-07 08:00:00,27.71,27.71,27.7,27.7,3670.0
3768,2020-10-07 09:00:00,27.63,28.03,27.55,27.62,221701.0
3769,2020-10-07 10:00:00,27.62,27.63,27.14,27.36,396381.0
3770,2020-10-07 11:00:00,27.365,27.72,27.36,27.5,271069.0
3771,2020-10-07 12:00:00,27.49,27.54,27.34,27.38,168802.0
3772,2020-10-07 13:00:00,27.3792,27.46,27.26,27.395,219590.0
3773,2020-10-07 14:00:00,27.395,27.55,27.39,27.44,293831.0
3774,2020-10-07 15:00:00,27.45,27.57,27.43,27.47,867105.0
3775,2020-10-07 16:00:00,27.5,27.5,27.45,27.45,90770.0
3776,2020-10-07 17:00:00,27.5,27.5,27.5,27.5,300.0
3777,2020-10-08 09:00:00,27.79,27.81,27.53,27.5966,110045.0
3778,2020-10-08 10:00:00,27.62,27.63,27.42,27.42,184517.0
3779,2020-10-08 11:00:00,27.43,27.45,27.26,27.3,150652.0
3780,2020-10-08 12:00:00,27.305,27.545,27.29,27.43,216575.0
3781,2020-10-08 13:00:00,27.44,27.47,27.3527,27.36,114134.0
3782,2020-10-08 14:00:00,27.37,27.59,27.36,27.48,299988.0
3783,2020-10-08 15:00:00,27.47,27.59,27.4,27.58,402094.0
3784,2020-10-08 16:00:00,27.58,27.58,27.58,27.58,28591.0
3785,2020-10-08 19:00:00,27.67,27.67,27.6,27.6,2838.0
3786,2020-10-09 05:00:00,27.7,27.7,27.7,27.7,200.0
3787,2020-10-09 07:00:00,27.67,27.67,27.67,27.67,637.0
3788,2020-10-09 09:00:00,27.75,28.125,27.61,27.62,106906.0
3789,2020-10-09 10:00:00,27.64,27.64,27.32,27.445,315407.0
3790,2020-10-09 11:00:00,27.445,27.675,27.4,27.61,214306.0
3791,2020-10-09 12:00:00,27.605,27.72,27.42,27.445,168906.0
3792,2020-10-09 13:00:00,27.445,27.52,27.31,27.37,156188.0
3793,2020-10-09 14:00:00,27.365,27.46,27.335,27.455,184737.0
3794,2020-10-09 15:00:00,27.46,27.52,27.28,27.33,449687.0
3795,2020-10-09 16:00:00,27.33,27.33,27.33,27.33,28672.0
3796,2020-10-12 07:00:00,27.4,27.4,27.4,27.4,1600.0
3797,2020-10-12 08:00:00,27.41,27.41,27.41,27.41,501.0
3798,2020-10-12 09:00:00,27.59,27.67,27.25,27.4119,218068.0
3799,2020-10-12 10:00:00,27.42,27.56,27.28,27.43,124342.0
3800,2020-10-12 11:00:00,27.44,27.9,27.44,27.8501,194133.0
3801,2020-10-12 12:00:00,27.8664,28.12,27.83,28.07,232175.0
3802,2020-10-12 13:00:00,28.06,28.29,28.02,28.12,207886.0
3803,2020-10-12 14:00:00,28.13,28.31,28.05,28.2772,214491.0
3804,2020-10-12 15:00:00,28.285,28.43,28.17,28.39,1153861.0
3805,2020-10-12 16:00:00,28.39,28.97,28.39,28.6,84295.0
3806,2020-10-13 06:00:00,28.4,28.4,28.4,28.4,100.0
3807,2020-10-13 09:00:00,28.39,28.39,27.83,27.96,183252.0
3808,2020-10-13 10:00:00,27.97,28.25,27.87,28.2,240598.0
3809,2020-10-13 11:00:00,28.2,28.25,28.1,28.165,147986.0
3810,2020-10-13 12:00:00,28.18,28.35,28.09,28.33,147160.0
3811,2020-10-13 13:00:00,28.33,28.6,28.3236,28.525,310233.0
3812,2020-10-13 14:00:00,28.52,28.62,28.29,28.36,328493.0
3813,2020-10-13 15:00:00,28.37,28.54,28.32,28.49,862889.0
3814,2020-10-13 16:00:00,28.49,28.49,28.49,28.49,19405.0
3815,2020-10-14 08:00:00,28.49,28.49,28.49,28.49,15300.0
3816,2020-10-14 09:00:00,28.58,29.01,28.5743,28.96,213185.0
3817,2020-10-14 10:00:00,28.95,28.97,28.62,28.65,311524.0
3818,2020-10-14 11:00:00,28.65,28.68,28.45,28.54,302153.0
3819,2020-10-14 12:00:00,28.53,28.57,28.17,28.31,189255.0
3820,2020-10-14 13:00:00,28.32,28.41,28.11,28.14,270798.0
3821,2020-10-14 14:00:00,28.15,28.2,27.91,28.01,248476.0
3822,2020-10-14 15:00:00,28.02,28.15,28.0,28.06,525906.0
3823,2020-10-14 16:00:00,28.06,28.06,28.06,28.06,97631.0
3824,2020-10-15 06:00:00,27.01,27.01,27.01,27.01,116.0
3825,2020-10-15 08:00:00,27.5,27.5,27.5,27.5,141.0
3826,2020-10-15 09:00:00,27.5437,27.75,26.59,27.25,789207.0
3827,2020-10-15 10:00:00,27.235,27.5,27.03,27.18,418025.0
3828,2020-10-15 11:00:00,27.19,27.23,27.05,27.1,223086.0
3829,2020-10-15 12:00:00,27.11,27.13,26.93,27.09,131292.0
3830,2020-10-15 13:00:00,27.09,27.33,27.02,27.325,143309.0
3831,2020-10-15 14:00:00,27.329,27.73,27.3,27.7,313026.0
3832,2020-10-15 15:00:00,27.705,27.88,27.59,27.65,818522.0
3833,2020-10-15 16:00:00,27.64,27.64,27.64,27.64,58568.0
3834,2020-10-15 17:00:00,27.63,27.64,27.63,27.64,540.0
3835,2020-10-16 09:00:00,27.71,27.79,27.25,27.59,157039.0
3836,2020-10-16 10:00:00,27.565,28.03,27.52,27.965,218181.0
3837,2020-10-16 11:00:00,27.955,28.04,27.92,28.0,265117.0
3838,2020-10-16 12:00:00,28.0,28.025,27.87,27.881,177537.0
3839,2020-10-16 13:00:00,27.88,27.97,27.765,27.84,143428.0
3840,2020-10-16 14:00:00,27.84,27.875,27.75,27.785,136464.0
3841,2020-10-16 15:00:00,27.79,27.79,27.62,27.67,393390.0
3842,2020-10-16 16:00:00,27.66,27.66,27.66,27.66,29591.0
3843,2020-10-19 07:00:00,27.6,27.6,27.6,27.6,100.0
3844,2020-10-19 09:00:00,27.69,27.8,27.56,27.56,65644.0
3845,2020-10-19 10:00:00,27.52,27.52,27.22,27.36,193004.0
3846,2020-10-19 11:00:00,27.37,27.42,27.0,27.15,180708.0
3847,2020-10-19 12:00:00,27.15,27.26,27.1,27.235,154164.0
3848,2020-10-19 13:00:00,27.235,27.2599,26.975,27.05,144747.0
3849,2020-10-19 14:00:00,27.05,27.11,26.67,26.685,159864.0
3850,2020-10-19 15:00:00,26.69,26.84,26.46,26.56,685912.0
3851,2020-10-19 16:00:00,26.56,26.58,26.54,26.57,38251.0
3852,2020-10-19 17:00:00,26.57,26.57,26.57,26.57,1400.0
3853,2020-10-20 07:00:00,26.92,26.92,26.92,26.92,120.0
3854,2020-10-20 09:00:00,26.84,27.13,26.66,27.13,111030.0
3855,2020-10-20 10:00:00,27.12,27.26,26.97,27.05,240259.0
3856,2020-10-20 11:00:00,27.05,27.2268,26.99,27.2268,165696.0
3857,2020-10-20 12:00:00,27.22,27.37,27.11,27.32,201919.0
3858,2020-10-20 13:00:00,27.32,27.355,27.165,27.18,155674.0
3859,2020-10-20 14:00:00,27.18,27.27,27.06,27.08,171695.0
3860,2020-10-20 15:00:00,27.07,27.225,26.975,27.07,679375.0
3861,2020-10-20 16:00:00,27.06,27.06,27.06,27.06,35618.0
3862,2020-10-21 09:00:00,26.87,26.99,26.59,26.81,139719.0
3863,2020-10-21 10:00:00,26.81,26.93,26.56,26.6,222921.0
3864,2020-10-21 11:00:00,26.6,26.63,26.305,26.525,222182.0
3865,2020-10-21 12:00:00,26.525,26.68,26.375,26.43,242707.0
3866,2020-10-21 13:00:00,26.43,26.845,26.43,26.79,285685.0
3867,2020-10-21 14:00:00,26.8,27.08,26.79,27.08,257538.0
3868,2020-10-21 15:00:00,27.085,27.13,26.82,26.83,753278.0
3869,2020-10-21 16:00:00,26.83,27.11,26.83,27.11,40676.0
3870,2020-10-21 18:00:00,27.31,27.5,27.31,27.32,800.0
3871,2020-10-22 09:00:00,26.97,27.22,26.73,26.745,110560.0
3872,2020-10-22 10:00:00,26.72,26.77,26.27,26.51,200121.0
3873,2020-10-22 11:00:00,26.49,26.78,26.43,26.55,173131.0
3874,2020-10-22 12:00:00,26.56,26.87,26.555,26.845,117916.0
3875,2020-10-22 13:00:00,26.845,26.895,26.72,26.82,199310.0
3876,2020-10-22 14:00:00,26.82,26.91,26.76,26.795,139828.0
3877,2020-10-22 15:00:00,26.8,27.005,26.76,26.95,331598.0
3878,2020-10-22 16:00:00,26.95,26.95,26.95,26.95,167085.0
3879,2020-10-23 07:00:00,26.9,26.9,26.9,26.9,100.0
3880,2020-10-23 09:00:00,27.09,27.1899,26.87,26.91,81615.0
3881,2020-10-23 10:00:00,26.89,26.9,26.51,26.71,190281.0
3882,2020-10-23 11:00:00,26.73,27.005,26.68,27.005,141477.0
3883,2020-10-23 12:00:00,27.0,27.145,26.89,27.03,193207.0
3884,2020-10-23 13:00:00,27.03,27.18,27.01,27.16,206291.0
3885,2020-10-23 14:00:00,27.16,27.255,27.1,27.2,162595.0
3886,2020-10-23 15:00:00,27.205,27.33,27.2,27.24,419956.0
3887,2020-10-23 16:00:00,27.24,27.98,27.24,27.24,366852.0
3888,2020-10-26 08:00:00,27.1,27.1,27.1,27.1,400.0
3889,2020-10-26 09:00:00,26.85,26.95,26.51,26.64,100955.0
3890,2020-10-26 10:00:00,26.62,26.79,26.38,26.445,238230.0
3891,2020-10-26 11:00:00,26.43,26.5,26.23,26.325,220618.0
3892,2020-10-26 12:00:00,26.32,26.375,26.24,26.28,183896.0
3893,2020-10-26 13:00:00,26.28,26.31,26.05,26.245,202815.0
3894,2020-10-26 14:00:00,26.24,26.39,26.16,26.35,182420.0
3895,2020-10-26 15:00:00,26.35,26.37,26.11,26.26,520400.0
3896,2020-10-26 16:00:00,26.25,26.25,26.25,26.25,49964.0
3897,2020-10-27 09:00:00,26.05,26.46,26.05,26.45,142209.0
3898,2020-10-27 10:00:00,26.45,26.59,26.325,26.345,264862.0
3899,2020-10-27 11:00:00,26.36,26.36,25.95,26.25,276427.0
3900,2020-10-27 12:00:00,26.26,26.29,25.92,26.07,288310.0
3901,2020-10-27 13:00:00,26.065,26.15,25.995,26.005,316531.0
3902,2020-10-27 14:00:00,26.005,26.085,25.86,25.92,427677.0
3903,2020-10-27 15:00:00,25.91,26.02,25.87,26.0,715045.0
3904,2020-10-27 16:00:00,26.0,26.0,26.0,26.0,89881.0
3905,2020-10-28 07:00:00,25.8,25.8,25.8,25.8,900.0
3906,2020-10-28 08:00:00,25.6,25.6,25.6,25.6,392.0
3907,2020-10-28 09:00:00,25.41,26.0,25.33,25.825,263475.0
3908,2020-10-28 10:00:00,25.8,25.92,25.43,25.5243,294366.0
3909,2020-10-28 11:00:00,25.54,25.74,25.33,25.7,221515.0
3910,2020-10-28 12:00:00,25.7,25.81,25.45,25.58,207045.0
3911,2020-10-28 13:00:00,25.56,25.56,25.31,25.345,244697.0
3912,2020-10-28 14:00:00,25.31,25.47,25.19,25.37,237909.0
3913,2020-10-28 15:00:00,25.37,25.37,24.761,24.82,722876.0
3914,2020-10-28 16:00:00,24.81,24.81,24.79,24.79,29698.0
3915,2020-10-29 04:00:00,24.61,24.61,24.61,24.61,120.0
3916,2020-10-29 08:00:00,24.78,24.78,24.78,24.78,100.0
3917,2020-10-29 09:00:00,25.0,25.06,24.51,24.89,191424.0
3918,2020-10-29 10:00:00,24.865,25.39,24.8,25.35,352894.0
3919,2020-10-29 11:00:00,25.35,25.51,25.31,25.42,370098.0
3920,2020-10-29 12:00:00,25.435,25.46,25.26,25.305,222425.0
3921,2020-10-29 13:00:00,25.3,25.52,25.215,25.52,185227.0
3922,2020-10-29 14:00:00,25.515,25.655,25.48,25.55,292149.0
3923,2020-10-29 15:00:00,25.55,25.57,25.38,25.405,793992.0
3924,2020-10-29 16:00:00,25.4,25.4,25.4,25.4,48647.0
3925,2020-10-29 17:00:00,25.0,25.0,25.0,25.0,2000.0
3926,2020-10-30 09:00:00,25.28,25.643,25.28,25.6,73895.0
3927,2020-10-30 10:00:00,25.6,25.67,25.11,25.14,171682.0
3928,2020-10-30 11:00:00,25.15,25.47,25.14,25.35,212674.0
3929,2020-10-30 12:00:00,25.34,25.475,25.22,25.26,146750.0
3930,2020-10-30 13:00:00,25.26,25.35,25.15,25.32,128119.0
3931,2020-10-30 14:00:00,25.32,25.47,25.14,25.26,161826.0
3932,2020-10-30 15:00:00,25.25,25.51,25.11,25.51,590076.0
3933,2020-10-30 16:00:00,25.49,25.49,25.3897,25.3897,100961.0
3934,2020-10-30 18:00:00,25.39,25.39,25.39,25.39,4000.0
3935,2020-11-02 08:00:00,26.26,26.26,26.26,26.26,101.0
3936,2020-11-02 09:00:00,26.0,26.13,25.53,25.875,144159.0
3937,2020-11-02 10:00:00,25.9,26.24,25.87,25.98,230288.0
3938,2020-11-02 11:00:00,25.98,26.06,25.82,25.845,166654.0
3939,2020-11-02 12:00:00,25.85,25.89,25.685,25.72,240423.0
3940,2020-11-02 13:00:00,25.72,25.735,25.245,25.355,230503.0
3941,2020-11-02 14:00:00,25.34,25.79,25.325,25.71,193029.0
3942,2020-11-02 15:00:00,25.73,25.83,25.64,25.83,507059.0
3943,2020-11-02 16:00:00,25.82,25.82,25.82,25.82,37351.0
3944,2020-11-03 09:00:00,26.26,26.48,26.04,26.26,257726.0
3945,2020-11-03 10:00:00,26.265,26.64,26.14,26.4,270894.0
3946,2020-11-03 11:00:00,26.4,26.52,26.32,26.48,138016.0
3947,2020-11-03 12:00:00,26.48,26.5,26.17,26.22,123816.0
3948,2020-11-03 13:00:00,26.21,26.34,26.11,26.12,93682.0
3949,2020-11-03 14:00:00,26.12,26.31,26.08,26.3,115352.0
3950,2020-11-03 15:00:00,26.3,26.51,26.17,26.3,456783.0
3951,2020-11-03 16:00:00,26.29,26.29,26.29,26.29,15992.0
3952,2020-11-04 04:00:00,26.0,26.09,26.0,26.09,400.0
3953,2020-11-04 09:00:00,26.54,26.79,25.88,26.79,164496.0
3954,2020-11-04 10:00:00,26.78,27.12,26.71,27.01,274736.0
3955,2020-11-04 11:00:00,27.02,27.11,26.95,27.07,206989.0
3956,2020-11-04 12:00:00,27.06,27.06,26.79,26.81,101159.0
3957,2020-11-04 13:00:00,26.81,26.88,26.67,26.68,184228.0
3958,2020-11-04 14:00:00,26.675,26.81,26.58,26.69,249499.0
3959,2020-11-04 15:00:00,26.7,26.72,26.475,26.51,445109.0
3960,2020-11-04 16:00:00,26.51,26.51,26.51,26.51,24012.0
3961,2020-11-04 18:00:00,26.51,26.51,26.51,26.51,500.0
3962,2020-11-04 19:00:00,26.99,26.99,26.99,26.99,200.0
3963,2020-11-05 08:00:00,26.65,26.65,26.65,26.65,500.0
3964,2020-11-05 09:00:00,26.88,27.22,26.71,27.0157,132807.0
3965,2020-11-05 10:00:00,27.0,27.42,27.0,27.2,274399.0
3966,2020-11-05 11:00:00,27.19,27.45,27.1,27.36,290170.0
3967,2020-11-05 12:00:00,27.36,27.36,27.18,27.32,152309.0
3968,2020-11-05 13:00:00,27.32,27.445,27.31,27.42,137260.0
3969,2020-11-05 14:00:00,27.42,27.58,27.37,27.485,307052.0
3970,2020-11-05 15:00:00,27.48,27.49,27.185,27.391,1038209.0
3971,2020-11-05 16:00:00,27.39,27.84,27.39,27.84,151348.0
3972,2020-11-05 17:00:00,28.19,28.19,27.77,27.77,1276.0
3973,2020-11-05 19:00:00,27.71,27.9,27.7,27.81,500.0
3974,2020-11-06 07:00:00,28.7,29.34,28.51,28.51,7314.0
3975,2020-11-06 08:00:00,28.88,29.1,28.4,28.56,6933.0
3976,2020-11-06 09:00:00,28.61,29.4875,27.44,27.775,838442.0
3977,2020-11-06 10:00:00,27.8,28.67,27.68,27.75,1055986.0
3978,2020-11-06 11:00:00,27.75,28.075,27.64,27.71,835022.0
3979,2020-11-06 12:00:00,27.695,28.0,27.6,27.7034,574387.0
3980,2020-11-06 13:00:00,27.71,28.11,27.695,28.0,535667.0
3981,2020-11-06 14:00:00,27.99,28.32,27.96,28.27,494869.0
3982,2020-11-06 15:00:00,28.28,28.3,27.68,27.71,950888.0
3983,2020-11-06 16:00:00,27.71,28.0,27.71,27.9999,25697.0
3984,2020-11-09 07:00:00,28.0,29.0,27.0,29.0,6660.0
3985,2020-11-09 08:00:00,27.0,28.9501,27.0,28.95,3544.0
3986,2020-11-09 09:00:00,28.85,29.99,28.59,28.75,650457.0
3987,2020-11-09 10:00:00,28.77,29.02,27.89,28.06,590786.0
3988,2020-11-09 11:00:00,28.05,28.49,27.84,28.43,307915.0
3989,2020-11-09 12:00:00,28.47,29.0,28.33,28.8299,283840.0
3990,2020-11-09 13:00:00,28.83,28.83,28.36,28.55,404033.0
3991,2020-11-09 14:00:00,28.57,28.87,28.24,28.26,411129.0
3992,2020-11-09 15:00:00,28.275,28.42,28.0,28.04,912172.0
3993,2020-11-09 16:00:00,28.045,28.35,28.0,28.01,59208.0
3994,2020-11-09 19:00:00,27.9,27.9,27.9,27.9,100.0
3995,2020-11-10 08:00:00,27.731,27.731,27.731,27.731,413.0
3996,2020-11-10 09:00:00,27.9,28.15,27.83,27.92,130149.0
3997,2020-11-10 10:00:00,27.92,28.5,27.92,28.135,347929.0
3998,2020-11-10 11:00:00,28.14,28.5099,28.1,28.39,276817.0
3999,2020-11-10 12:00:00,28.39,28.54,28.385,28.47,361678.0
4000,2020-11-10 13:00:00,28.47,28.505,28.23,28.48,196899.0
4001,2020-11-10 14:00:00,28.48,28.7599,28.35,28.69,418517.0
4002,2020-11-10 15:00:00,28.68,28.945,28.65,28.875,981268.0
4003,2020-11-10 16:00:00,28.88,28.88,28.88,28.88,37870.0
4004,2020-11-11 07:00:00,29.829,29.83,29.82,29.82,700.0
4005,2020-11-11 08:00:00,29.7,29.8,29.5,29.79,1010.0
4006,2020-11-11 09:00:00,29.65,29.65,29.1,29.23,332726.0
4007,2020-11-11 10:00:00,29.235,29.36,29.03,29.05,278445.0
4008,2020-11-11 11:00:00,29.05,29.3,28.96,29.24,267106.0
4009,2020-11-11 12:00:00,29.23,29.8,29.11,29.8,516224.0
4010,2020-11-11 13:00:00,29.77,30.361,29.68,30.2,572337.0
4011,2020-11-11 14:00:00,30.21,30.56,30.17,30.22,715548.0
4012,2020-11-11 15:00:00,30.225,30.365,30.08,30.35,1595085.0
4013,2020-11-11 16:00:00,30.35,30.4898,30.35,30.4898,316541.0
4014,2020-11-12 08:00:00,30.09,30.4499,29.1,30.4499,587.0
4015,2020-11-12 09:00:00,30.4499,31.06,30.11,30.7,446481.0
4016,2020-11-12 10:00:00,30.695,31.04,30.69,30.98,447435.0
4017,2020-11-12 11:00:00,30.98,31.03,30.79,30.87,298608.0
4018,2020-11-12 12:00:00,30.87,30.87,30.19,30.26,261053.0
4019,2020-11-12 13:00:00,30.25,30.45,30.057,30.45,291236.0
4020,2020-11-12 14:00:00,30.44,30.46,30.01,30.01,255483.0
4021,2020-11-12 15:00:00,30.01,30.15,29.96,30.13,786254.0
4022,2020-11-12 16:00:00,30.13,30.75,30.0,30.6824,31020.0
4023,2020-11-12 17:00:00,30.32,30.32,30.32,30.32,200.0
4024,2020-11-12 18:00:00,30.6,30.71,30.6,30.71,325.0
4025,2020-11-13 08:00:00,30.69,30.69,30.69,30.69,250.0
4026,2020-11-13 09:00:00,30.47,31.53,30.35,31.515,542083.0
4027,2020-11-13 10:00:00,31.53,31.8,31.21,31.345,630229.0
4028,2020-11-13 11:00:00,31.36,31.975,31.357,31.9,295587.0
4029,2020-11-13 12:00:00,31.9216,32.08,31.74,31.74,284270.0
4030,2020-11-13 13:00:00,31.76,31.76,31.46,31.685,361267.0
4031,2020-11-13 14:00:00,31.69,31.775,31.5,31.7,229431.0
4032,2020-11-13 15:00:00,31.7,31.865,31.51,31.54,1158047.0
4033,2020-11-13 16:00:00,31.54,31.91,31.54,31.91,56805.0
4034,2020-11-13 19:00:00,31.99,32.21,31.99,32.21,2442.0
4035,2020-11-16 07:00:00,32.21,32.21,31.6,31.6,400.0
4036,2020-11-16 08:00:00,32.22,32.88,31.52,32.2,1290.0
4037,2020-11-16 09:00:00,32.12,32.45,31.8,32.4,334867.0
4038,2020-11-16 10:00:00,32.4,33.33,32.39,33.32,625015.0
4039,2020-11-16 11:00:00,33.33,33.46,32.96,33.0,339567.0
4040,2020-11-16 12:00:00,32.99,33.33,32.91,32.98,352649.0
4041,2020-11-16 13:00:00,32.975,32.975,32.58,32.75,217673.0
4042,2020-11-16 14:00:00,32.74,33.015,32.685,32.98,241889.0
4043,2020-11-16 15:00:00,32.97,32.97,32.685,32.94,898022.0
4044,2020-11-16 16:00:00,32.94,32.94,32.94,32.94,51693.0
4045,2020-11-17 09:00:00,32.6,33.1999,32.52,33.035,269176.0
4046,2020-11-17 10:00:00,33.05,33.48,33.015,33.42,239032.0
4047,2020-11-17 11:00:00,33.41,34.04,33.36,33.905,435861.0
4048,2020-11-17 12:00:00,33.91,34.28,33.84,34.12,417782.0
4049,2020-11-17 13:00:00,34.12,34.3,33.955,34.135,309907.0
4050,2020-11-17 14:00:00,34.13,34.135,33.81,33.825,395278.0
4051,2020-11-17 15:00:00,33.82,34.13,33.79,34.05,1010287.0
4052,2020-11-17 16:00:00,34.05,34.25,33.97,33.97,58899.0
4053,2020-11-18 08:00:00,34.2,34.2,34.2,34.2,100.0
4054,2020-11-18 09:00:00,34.25,34.25,33.62,34.0,235498.0
4055,2020-11-18 10:00:00,34.04,34.2,33.87,33.99,298769.0
4056,2020-11-18 11:00:00,33.99,34.3,33.99,34.26,272477.0
4057,2020-11-18 12:00:00,34.27,34.445,31.03,33.51,5190957.0
4058,2020-11-18 13:00:00,33.49,33.88,33.15,33.87,1001178.0
4059,2020-11-18 14:00:00,33.87,33.93,33.4,33.65,547116.0
4060,2020-11-18 15:00:00,33.66,33.82,33.5,33.5,1198202.0
4061,2020-11-18 16:00:00,33.5,33.5,33.47,33.47,90290.0
4062,2020-11-18 17:00:00,33.59,33.59,33.59,33.59,900.0
4063,2020-11-18 19:00:00,33.5,33.6,33.5,33.59,731.0
4064,2020-11-19 08:00:00,33.45,33.46,33.45,33.45,554.0
4065,2020-11-19 09:00:00,33.35,34.04,33.0001,33.7,229829.0
4066,2020-11-19 10:00:00,33.71,33.86,33.51,33.6,297722.0
4067,2020-11-19 11:00:00,33.6,33.79,33.46,33.7,191280.0
4068,2020-11-19 12:00:00,33.7,34.07,33.68,33.935,330054.0
4069,2020-11-19 13:00:00,33.94,34.08,33.92,33.925,241067.0
4070,2020-11-19 14:00:00,33.92,34.33,33.87,34.08,360373.0
4071,2020-11-19 15:00:00,34.075,34.145,33.87,33.96,596096.0
4072,2020-11-19 16:00:00,33.96,34.06,33.96,34.06,52186.0
4073,2020-11-19 17:00:00,34.04,34.04,34.04,34.04,1700.0
4074,2020-11-19 18:00:00,33.92,33.92,33.92,33.92,100.0
4075,2020-11-20 08:00:00,33.2515,33.2515,33.2515,33.2515,600.0
4076,2020-11-20 09:00:00,33.85,34.34,33.7601,34.02,179387.0
4077,2020-11-20 10:00:00,34.05,34.19,33.84,34.04,233611.0
4078,2020-11-20 11:00:00,34.05,34.12,33.87,33.995,149966.0
4079,2020-11-20 12:00:00,34.0,34.01,33.82,33.9986,160697.0
4080,2020-11-20 13:00:00,33.99,34.15,33.94,34.13,128736.0
4081,2020-11-20 14:00:00,34.1316,34.18,34.07,34.08,145095.0
4082,2020-11-20 15:00:00,34.08,34.085,33.83,33.98,622602.0
4083,2020-11-20 16:00:00,33.99,33.99,33.95,33.95,44560.0
4084,2020-11-23 07:00:00,33.41,33.41,33.41,33.41,200.0
4085,2020-11-23 08:00:00,34.3,34.55,33.41,34.55,7581.0
4086,2020-11-23 09:00:00,33.99,34.82,33.99,34.57,343531.0
4087,2020-11-23 10:00:00,34.59,34.94,34.58,34.94,268624.0
4088,2020-11-23 11:00:00,34.9316,34.94,34.66,34.855,158442.0
4089,2020-11-23 12:00:00,34.86,34.94,34.69,34.82,444301.0
4090,2020-11-23 13:00:00,34.81,35.21,34.79,35.21,206056.0
4091,2020-11-23 14:00:00,35.21,35.24,35.01,35.205,272790.0
4092,2020-11-23 15:00:00,35.21,35.33,35.05,35.12,929732.0
4093,2020-11-23 16:00:00,35.13,35.25,35.05,35.22,481454.0
4094,2020-11-23 17:00:00,35.44,35.44,35.44,35.44,400.0
4095,2020-11-24 08:00:00,35.4999,35.5,35.4999,35.5,200.0
4096,2020-11-24 09:00:00,35.35,36.03,35.26,35.88,193351.0
4097,2020-11-24 10:00:00,35.92,36.31,35.74,36.24,287354.0
4098,2020-11-24 11:00:00,36.29,36.58,36.2,36.58,268547.0
4099,2020-11-24 12:00:00,36.6,36.66,36.405,36.515,228877.0
4100,2020-11-24 13:00:00,36.515,36.54,36.3702,36.42,250912.0
4101,2020-11-24 14:00:00,36.42,36.59,36.31,36.49,331287.0
4102,2020-11-24 15:00:00,36.49,36.65,36.39,36.44,1043131.0
4103,2020-11-24 16:00:00,36.43,36.43,35.84,35.84,291027.0
4104,2020-11-24 17:00:00,36.4,36.4,36.4,36.4,200.0
4105,2020-11-24 19:00:00,36.5,36.5,36.5,36.5,481.0
4106,2020-11-25 08:00:00,36.6799,36.68,36.0,36.68,1075.0
4107,2020-11-25 09:00:00,36.28,36.49,35.89,35.97,229569.0
4108,2020-11-25 10:00:00,35.98,35.98,35.39,35.5,446680.0
4109,2020-11-25 11:00:00,35.5,35.81,35.47,35.72,177954.0
4110,2020-11-25 12:00:00,35.74,36.07,35.72,36.0,103230.0
4111,2020-11-25 13:00:00,36.0,36.16,35.99,36.11,125023.0
4112,2020-11-25 14:00:00,36.125,36.15,35.955,36.125,150423.0
4113,2020-11-25 15:00:00,36.11,36.2,36.01,36.16,588510.0
4114,2020-11-25 16:00:00,36.16,36.16,36.0,36.0,42901.0
4115,2020-11-27 08:00:00,35.15,36.16,35.15,36.16,600.0
4116,2020-11-27 09:00:00,36.3,36.42,35.83,36.282,69491.0
4117,2020-11-27 10:00:00,36.27,36.45,36.17,36.2,79519.0
4118,2020-11-27 11:00:00,36.2,36.31,36.1,36.2,104668.0
4119,2020-11-27 12:00:00,36.2,36.22,35.82,35.89,300400.0
4120,2020-11-27 13:00:00,35.91,35.91,35.91,35.91,71797.0
4121,2020-11-30 09:00:00,35.945,35.95,35.35,35.53,279783.0
4122,2020-11-30 10:00:00,35.56,35.79,35.5,35.731,345986.0
4123,2020-11-30 11:00:00,35.73,35.93,35.57,35.625,331356.0
4124,2020-11-30 12:00:00,35.61,35.86,35.595,35.85,166610.0
4125,2020-11-30 13:00:00,35.85,35.89,35.75,35.88,204194.0
4126,2020-11-30 14:00:00,35.88,36.01,35.78,35.97,484719.0
4127,2020-11-30 15:00:00,35.98,35.99,35.76,35.86,642934.0
4128,2020-11-30 16:00:00,35.87,35.917,35.8,35.87,126249.0
4129,2020-11-30 18:00:00,35.87,35.87,35.87,35.87,277.0
4130,2020-12-01 08:00:00,35.72,35.72,35.72,35.72,100.0
4131,2020-12-01 09:00:00,35.72,36.88,35.72,36.75,385087.0
4132,2020-12-01 10:00:00,36.75,36.88,36.37,36.51,205047.0
4133,2020-12-01 11:00:00,36.51,36.6,36.21,36.245,292940.0
4134,2020-12-01 12:00:00,36.23,36.36,36.145,36.28,121688.0
4135,2020-12-01 13:00:00,36.26,36.26,35.98,36.11,132197.0
4136,2020-12-01 14:00:00,36.105,36.165,35.925,36.07,158693.0
4137,2020-12-01 15:00:00,36.07,36.275,35.97,36.13,495273.0
4138,2020-12-01 16:00:00,36.14,36.14,36.14,36.14,147073.0
4139,2020-12-02 09:00:00,36.1555,36.365,35.78,36.1,168426.0
4140,2020-12-02 10:00:00,36.13,36.78,36.04,36.67,172812.0
4141,2020-12-02 11:00:00,36.675,36.89,36.63,36.68,144384.0
4142,2020-12-02 12:00:00,36.67,36.8925,36.62,36.865,146211.0
4143,2020-12-02 13:00:00,36.86,36.88,36.475,36.54,270969.0
4144,2020-12-02 14:00:00,36.53,36.775,36.42,36.69,189506.0
4145,2020-12-02 15:00:00,36.69,37.05,36.69,36.98,665006.0
4146,2020-12-02 16:00:00,36.98,36.98,36.95,36.95,44892.0
4147,2020-12-02 18:00:00,36.95,36.95,36.95,36.95,199.0
4148,2020-12-03 08:00:00,36.0,36.41,36.0,36.41,461.0
4149,2020-12-03 09:00:00,37.09,37.25,36.84,36.945,161447.0
4150,2020-12-03 10:00:00,36.91,36.95,36.705,36.86,237412.0
4151,2020-12-03 11:00:00,36.85,37.17,36.825,37.03,349722.0
4152,2020-12-03 12:00:00,37.045,37.25,36.99,37.175,263150.0
4153,2020-12-03 13:00:00,37.19,37.27,37.13,37.14,153834.0
4154,2020-12-03 14:00:00,37.13,37.255,36.9,37.1,203123.0
4155,2020-12-03 15:00:00,37.09,37.21,36.9,37.18,428862.0
4156,2020-12-03 16:00:00,37.17,37.17,37.17,37.17,52623.0
4157,2020-12-04 06:00:00,37.0,37.0,36.6,36.6,2855.0
4158,2020-12-04 07:00:00,36.9,36.9,36.65,36.65,772.0
4159,2020-12-04 08:00:00,36.8,36.8,36.65,36.65,200.0
4160,2020-12-04 09:00:00,36.63,37.31,36.52,37.065,220827.0
4161,2020-12-04 10:00:00,37.03,37.2299,36.77,36.81,199675.0
4162,2020-12-04 11:00:00,36.8,36.985,36.77,36.78,129481.0
4163,2020-12-04 12:00:00,36.77,36.79,36.53,36.55,167092.0
4164,2020-12-04 13:00:00,36.55,36.8,36.49,36.52,221816.0
4165,2020-12-04 14:00:00,36.515,36.55,36.2901,36.42,246200.0
4166,2020-12-04 15:00:00,36.42,36.45,36.13,36.43,799658.0
4167,2020-12-04 16:00:00,36.44,36.47,36.44,36.44,26743.0
4168,2020-12-07 08:00:00,36.04,36.04,36.04,36.04,200.0
4169,2020-12-07 09:00:00,35.9,36.51,35.32,36.3,144167.0
4170,2020-12-07 10:00:00,36.29,36.42,36.09,36.33,172647.0
4171,2020-12-07 11:00:00,36.34,36.52,36.28,36.51,161611.0
4172,2020-12-07 12:00:00,36.5,36.7,36.45,36.62,378689.0
4173,2020-12-07 13:00:00,36.61,36.88,36.55,36.69,272534.0
4174,2020-12-07 14:00:00,36.68,36.8,36.62,36.705,133041.0
4175,2020-12-07 15:00:00,36.71,36.7669,36.58,36.7,656683.0
4176,2020-12-07 16:00:00,36.7,36.7,36.7,36.7,27151.0
4177,2020-12-07 18:00:00,36.74,36.74,36.74,36.74,500.0
4178,2020-12-08 09:00:00,36.44,36.67,36.2287,36.33,126481.0
4179,2020-12-08 10:00:00,36.34,36.44,36.17,36.19,288390.0
4180,2020-12-08 11:00:00,36.21,36.42,36.21,36.22,126680.0
4181,2020-12-08 12:00:00,36.219,36.36,36.17,36.335,154988.0
4182,2020-12-08 13:00:00,36.3382,36.36,36.06,36.07,184600.0
4183,2020-12-08 14:00:00,36.075,36.23,35.895,36.03,332665.0
4184,2020-12-08 15:00:00,36.03,36.37,36.01,36.35,751671.0
4185,2020-12-08 16:00:00,36.35,36.35,36.05,36.25,230181.0
4186,2020-12-09 08:00:00,35.42,35.42,35.42,35.42,400.0
4187,2020-12-09 09:00:00,36.3,36.95,36.3,36.89,105162.0
4188,2020-12-09 10:00:00,36.86,36.98,36.42,36.43,129641.0
4189,2020-12-09 11:00:00,36.435,36.49,36.2,36.48,113974.0
4190,2020-12-09 12:00:00,36.49,36.5,36.17,36.28,102953.0
4191,2020-12-09 13:00:00,36.26,36.32,35.95,35.95,196126.0
4192,2020-12-09 14:00:00,35.965,36.06,35.89,36.04,240911.0
4193,2020-12-09 15:00:00,36.03,36.19,35.925,36.13,452933.0
4194,2020-12-09 16:00:00,36.13,36.13,36.13,36.13,705251.0
4195,2020-12-10 08:00:00,36.94,36.94,35.9,35.9,400.0
4196,2020-12-10 09:00:00,35.95,36.11,35.5628,36.07,96482.0
4197,2020-12-10 10:00:00,36.08,36.19,35.99,36.1,238528.0
4198,2020-12-10 11:00:00,36.11,36.145,35.82,35.84,131917.0
4199,2020-12-10 12:00:00,35.84,36.41,35.83,36.07,344342.0
4200,2020-12-10 13:00:00,36.06,36.09,35.97,35.98,117232.0
4201,2020-12-10 14:00:00,35.99,36.11,35.88,36.02,137213.0
4202,2020-12-10 15:00:00,36.03,36.27,36.03,36.22,504995.0
4203,2020-12-10 16:00:00,36.21,36.21,36.21,36.21,15999.0
4204,2020-12-11 09:00:00,35.79,36.08,35.58,36.0,73737.0
4205,2020-12-11 10:00:00,36.02,36.16,35.85,35.85,103166.0
4206,2020-12-11 11:00:00,35.89,35.9,35.68,35.74,115891.0
4207,2020-12-11 12:00:00,35.77,35.77,35.5202,35.72,98054.0
4208,2020-12-11 13:00:00,35.72,35.905,35.68,35.88,211325.0
4209,2020-12-11 14:00:00,35.87,35.92,35.81,35.84,102679.0
4210,2020-12-11 15:00:00,35.82,36.07,35.79,36.01,595748.0
4211,2020-12-11 16:00:00,36.01,36.01,36.01,36.01,23138.0
4212,2020-12-14 09:00:00,36.15,36.42,36.04,36.11,115374.0
4213,2020-12-14 10:00:00,36.115,36.13,35.55,35.56,180989.0
4214,2020-12-14 11:00:00,35.555,35.74,35.54,35.725,97533.0
4215,2020-12-14 12:00:00,35.73,35.825,35.68,35.76,182761.0
4216,2020-12-14 13:00:00,35.755,35.87,35.69,35.7,148224.0
4217,2020-12-14 14:00:00,35.7,35.71,35.3101,35.37,160038.0
4218,2020-12-14 15:00:00,35.36,35.52,35.02,35.02,661861.0
4219,2020-12-14 16:00:00,35.03,35.03,35.02,35.02,24130.0
4220,2020-12-15 09:00:00,35.13,35.41,35.03,35.09,90985.0
4221,2020-12-15 10:00:00,35.11,35.2732,34.98,35.17,201352.0
4222,2020-12-15 11:00:00,35.17,35.37,35.02,35.31,118916.0
4223,2020-12-15 12:00:00,35.3,35.46,35.24,35.45,108631.0
4224,2020-12-15 13:00:00,35.46,35.74,35.43,35.74,106138.0
4225,2020-12-15 14:00:00,35.73,35.82,35.63,35.63,78590.0
4226,2020-12-15 15:00:00,35.63,35.72,35.535,35.69,295833.0
4227,2020-12-15 16:00:00,35.68,35.68,33.71,33.71,217737.0
4228,2020-12-15 17:00:00,33.843,34.0,33.73,33.86,14810.0
4229,2020-12-15 18:00:00,33.86,33.86,33.86,33.86,350.0
4230,2020-12-15 19:00:00,34.0,34.0,34.0,34.0,210.0
4231,2020-12-16 05:00:00,34.3,34.3,34.3,34.3,371.0
4232,2020-12-16 07:00:00,34.2,34.2,34.0,34.0,1606.0
4233,2020-12-16 08:00:00,34.2,34.2,33.5,34.0,65015.0
4234,2020-12-16 09:00:00,33.72,33.82,32.46,33.0601,4065396.0
4235,2020-12-16 10:00:00,33.07,33.45,32.77,32.86,2805560.0
4236,2020-12-16 11:00:00,32.85,33.45,32.66,32.985,1965641.0
4237,2020-12-16 12:00:00,32.99,33.08,32.285,32.37,1748336.0
4238,2020-12-16 13:00:00,32.365,32.62,32.245,32.3644,1459088.0
4239,2020-12-16 14:00:00,32.37,32.44,31.81,31.885,2653082.0
4240,2020-12-16 15:00:00,31.88,31.8801,31.17,31.54,9353496.0
4241,2020-12-16 16:00:00,31.51,31.95,31.5,31.6,153561.0
4242,2020-12-16 17:00:00,31.6,31.67,31.5,31.57,20153.0
4243,2020-12-16 18:00:00,31.57,31.7,31.51,31.7,1499.0
4244,2020-12-16 19:00:00,31.75,31.75,31.59,31.7,1262.0
4245,2020-12-17 05:00:00,31.51,31.51,31.51,31.51,132.0
4246,2020-12-17 07:00:00,31.35,31.6,31.35,31.5,12365.0
4247,2020-12-17 08:00:00,31.4998,31.6998,31.12,31.37,42043.0
4248,2020-12-17 09:00:00,31.37,31.46,30.7,31.0,2151317.0
4249,2020-12-17 10:00:00,31.0,31.52,30.99,31.265,2577668.0
4250,2020-12-17 11:00:00,31.265,31.57,31.135,31.25,3341437.0
4251,2020-12-17 12:00:00,31.245,31.25,30.96,31.1001,1400946.0
4252,2020-12-17 13:00:00,31.09,31.455,31.0801,31.445,1359499.0
4253,2020-12-17 14:00:00,31.445,31.57,31.245,31.33,1730785.0
4254,2020-12-17 15:00:00,31.34,31.52,31.26,31.4086,2912768.0
4255,2020-12-17 16:00:00,31.41,31.41,31.41,31.41,41976.0
4256,2020-12-17 18:00:00,31.41,31.41,31.41,31.41,100.0
4257,2020-12-18 07:00:00,31.76,31.76,31.06,31.62,1000.0
4258,2020-12-18 08:00:00,31.6699,31.6699,31.41,31.41,7132.0
4259,2020-12-18 09:00:00,31.39,31.43,30.86,31.42,682306.0
4260,2020-12-18 10:00:00,31.4,31.62,30.89,30.93,1351410.0
4261,2020-12-18 11:00:00,30.93,31.1,30.89,31.088,760653.0
4262,2020-12-18 12:00:00,31.09,31.16,30.855,31.01,391046.0
4263,2020-12-18 13:00:00,31.01,31.04,30.66,30.715,717897.0
4264,2020-12-18 14:00:00,30.705,30.72,30.47,30.51,752247.0
4265,2020-12-18 15:00:00,30.51,30.63,30.275,30.53,1658123.0
4266,2020-12-18 16:00:00,30.49,30.8,30.49,30.7502,463323.0
4267,2020-12-18 17:00:00,30.75,30.85,30.6,30.65,2528.0
4268,2020-12-18 18:00:00,30.65,30.65,30.65,30.65,700.0
4269,2020-12-18 19:00:00,30.5101,30.55,30.51,30.51,5543.0
4270,2020-12-21 04:00:00,30.51,30.51,30.51,30.51,164.0
4271,2020-12-21 08:00:00,30.0001,30.04,30.0,30.04,33553.0
4272,2020-12-21 09:00:00,30.01,30.26,29.74,29.81,357269.0
4273,2020-12-21 10:00:00,29.8,29.81,29.23,29.245,988310.0
4274,2020-12-21 11:00:00,29.245,29.67,29.2255,29.64,1057597.0
4275,2020-12-21 12:00:00,29.64,29.98,29.6314,29.845,579132.0
4276,2020-12-21 13:00:00,29.85,29.96,29.53,29.61,692717.0
4277,2020-12-21 14:00:00,29.6001,29.78,29.57,29.665,475599.0
4278,2020-12-21 15:00:00,29.665,29.77,29.58,29.77,1474039.0
4279,2020-12-21 16:00:00,29.77,29.8,29.77,29.8,405848.0
4280,2020-12-21 17:00:00,29.78,29.78,29.78,29.78,999.0
4281,2020-12-22 08:00:00,29.95,29.9765,29.95,29.9765,200.0
4282,2020-12-22 09:00:00,29.9,29.9999,29.273,29.34,443119.0
4283,2020-12-22 10:00:00,29.35,29.41,28.955,29.095,2620632.0
4284,2020-12-22 11:00:00,29.1,29.29,28.955,28.965,383214.0
4285,2020-12-22 12:00:00,28.96,29.32,28.96,29.26,302104.0
4286,2020-12-22 13:00:00,29.2618,29.31,29.105,29.155,300926.0
4287,2020-12-22 14:00:00,29.155,29.165,28.75,28.885,491708.0
4288,2020-12-22 15:00:00,28.89,29.0399,28.82,28.89,1276667.0
4289,2020-12-22 16:00:00,28.88,28.88,28.88,28.88,105228.0
4290,2020-12-22 17:00:00,29.0,29.0,29.0,29.0,200.0
4291,2020-12-22 18:00:00,28.88,28.88,28.88,28.88,22070.0
4292,2020-12-23 07:00:00,28.85,28.85,28.85,28.85,142.0
4293,2020-12-23 09:00:00,28.98,29.59,28.82,29.55,389161.0
4294,2020-12-23 10:00:00,29.56,30.53,29.535,30.39,1144096.0
4295,2020-12-23 11:00:00,30.4,30.76,30.28,30.72,708207.0
4296,2020-12-23 12:00:00,30.725,30.78,30.45,30.59,664037.0
4297,2020-12-23 13:00:00,30.58,31.1399,30.55,31.0,965569.0
4298,2020-12-23 14:00:00,31.005,31.15,30.94,30.97,531257.0
4299,2020-12-23 15:00:00,30.97,31.075,30.87,30.97,1481786.0
4300,2020-12-23 16:00:00,30.97,30.97,30.88,30.88,715237.0
4301,2020-12-23 17:00:00,30.97,30.97,30.97,30.97,33564.0
4302,2020-12-23 18:00:00,30.97,30.97,30.97,30.97,130.0
4303,2020-12-24 07:00:00,31.0,31.0,31.0,31.0,271.0
4304,2020-12-24 08:00:00,31.0,31.17,31.0,31.17,471.0
4305,2020-12-24 09:00:00,31.15,31.15,30.63,30.87,295277.0
4306,2020-12-24 10:00:00,30.86,31.07,30.49,30.84,473559.0
4307,2020-12-24 11:00:00,30.84,30.99,30.7,30.82,310952.0
4308,2020-12-24 12:00:00,30.83,31.08,30.81,31.05,539909.0
4309,2020-12-24 13:00:00,31.06,31.06,31.06,31.06,3000.0
4310,2020-12-24 14:00:00,30.63,30.63,30.63,30.63,166.0
4311,2020-12-28 08:00:00,31.3,31.3,31.3,31.3,100.0
4312,2020-12-28 09:00:00,31.3464,31.43,31.16,31.23,304331.0
4313,2020-12-28 10:00:00,31.23,31.605,31.22,31.57,680005.0
4314,2020-12-28 11:00:00,31.58,31.9,31.54,31.88,906871.0
4315,2020-12-28 12:00:00,31.88,32.095,31.835,32.01,651567.0
4316,2020-12-28 13:00:00,32.005,32.0258,31.67,31.88,594667.0
4317,2020-12-28 14:00:00,31.875,31.96,31.83,31.92,229765.0
4318,2020-12-28 15:00:00,31.91,31.99,31.875,31.93,933051.0
4319,2020-12-28 16:00:00,31.93,31.93,31.93,31.93,25138.0
4320,2020-12-28 17:00:00,31.93,31.93,31.93,31.93,3188.0
4321,2020-12-29 07:00:00,31.89,31.96,31.84,31.84,2840.0
4322,2020-12-29 08:00:00,32.46,32.46,32.14,32.14,528.0
4323,2020-12-29 09:00:00,32.01,32.17,31.4,31.4873,415278.0
4324,2020-12-29 10:00:00,31.476,31.71,31.29,31.71,464730.0
4325,2020-12-29 11:00:00,31.7,31.81,31.47,31.81,348809.0
4326,2020-12-29 12:00:00,31.8,31.9,31.6,31.615,590232.0
4327,2020-12-29 13:00:00,31.6015,31.785,31.57,31.6401,414409.0
4328,2020-12-29 14:00:00,31.645,31.66,31.355,31.4,373770.0
4329,2020-12-29 15:00:00,31.4,31.81,31.4,31.69,1147580.0
4330,2020-12-29 16:00:00,31.7,31.75,31.7,31.7,44629.0
4331,2020-12-30 09:00:00,31.81,32.15,31.62,32.02,261016.0
4332,2020-12-30 10:00:00,32.01,32.24,31.89,32.02,542699.0
4333,2020-12-30 11:00:00,32.02,32.1,31.845,31.9,202339.0
4334,2020-12-30 12:00:00,31.9,31.97,31.77,31.785,280820.0
4335,2020-12-30 13:00:00,31.78,31.85,31.62,31.63,224861.0
4336,2020-12-30 14:00:00,31.64,31.71,31.32,31.41,249506.0
4337,2020-12-30 15:00:00,31.4,31.57,31.35,31.52,577646.0
4338,2020-12-30 16:00:00,31.52,31.52,31.01,31.01,10303.0
4339,2020-12-30 17:00:00,31.5,31.52,31.5,31.52,12144.0
4340,2020-12-30 18:00:00,31.6,31.6,31.6,31.6,633.0
4341,2020-12-30 19:00:00,31.5201,31.5201,31.5201,31.5201,300.0
4342,2020-12-31 08:00:00,32.1541,32.1541,32.1541,32.1541,300.0
4343,2020-12-31 09:00:00,32.06,32.2,31.17,31.755,223098.0
4344,2020-12-31 10:00:00,31.75,32.03,31.65,31.9,188598.0
4345,2020-12-31 11:00:00,31.9,31.95,31.77,31.895,195307.0
4346,2020-12-31 12:00:00,31.895,32.04,31.845,31.92,252975.0
4347,2020-12-31 13:00:00,31.92,32.13,31.865,32.075,282420.0
4348,2020-12-31 14:00:00,32.07,32.39,32.02,32.32,290426.0
4349,2020-12-31 15:00:00,32.31,32.45,32.29,32.34,954450.0
4350,2020-12-31 16:00:00,32.39,32.39,31.51,31.51,45425.0
4351,2021-01-04 07:00:00,32.35,32.35,32.35,32.35,200.0
4352,2021-01-04 08:00:00,32.39,32.44,32.39,32.44,29550.0
4353,2021-01-04 09:00:00,32.44,32.67,31.81,31.92,726106.0
4354,2021-01-04 10:00:00,31.93,32.1,31.615,31.645,788235.0
4355,2021-01-04 11:00:00,31.645,31.84,31.6195,31.755,479080.0
4356,2021-01-04 12:00:00,31.75,31.78,31.5,31.72,393229.0
4357,2021-01-04 13:00:00,31.73,32.005,31.7,31.9,478183.0
4358,2021-01-04 14:00:00,31.89,31.93,31.7,31.895,434805.0
4359,2021-01-04 15:00:00,31.89,31.9,31.42,31.53,1191703.0
4360,2021-01-04 16:00:00,31.53,31.5775,31.53,31.5775,110864.0
4361,2021-01-04 19:00:00,31.31,31.33,31.31,31.33,500.0
4362,2021-01-05 07:00:00,31.24,31.24,31.2,31.2,200.0
4363,2021-01-05 09:00:00,31.53,32.04,31.44,31.69,333656.0
4364,2021-01-05 10:00:00,31.69,31.75,31.05,31.1,513655.0
4365,2021-01-05 11:00:00,31.1,31.51,30.95,31.42,396709.0
4366,2021-01-05 12:00:00,31.42,31.53,31.275,31.33,227895.0
4367,2021-01-05 13:00:00,31.33,31.38,31.24,31.345,164674.0
4368,2021-01-05 14:00:00,31.35,31.61,31.34,31.56,414752.0
4369,2021-01-05 15:00:00,31.55,31.63,31.43,31.46,1403991.0
4370,2021-01-05 16:00:00,31.47,31.47,31.47,31.47,23682.0
4371,2021-01-05 17:00:00,31.82,31.83,31.82,31.83,2000.0
4372,2021-01-05 18:00:00,31.55,31.55,31.55,31.55,250.0
4373,2021-01-05 19:00:00,31.85,31.85,31.85,31.85,200.0
4374,2021-01-06 09:00:00,31.55,31.97,31.55,31.81,199076.0
4375,2021-01-06 10:00:00,31.7958,31.97,31.73,31.92,235946.0
4376,2021-01-06 11:00:00,31.92,31.98,31.74,31.92,196271.0
4377,2021-01-06 12:00:00,31.93,31.93,31.74,31.78,544507.0
4378,2021-01-06 13:00:00,31.79,32.1,31.7,32.03,402968.0
4379,2021-01-06 14:00:00,32.02,32.04,31.435,31.68,409251.0
4380,2021-01-06 15:00:00,31.67,31.92,31.515,31.82,1050358.0
4381,2021-01-06 16:00:00,31.82,31.82,31.82,31.82,618666.0
4382,2021-01-07 09:00:00,31.85,32.36,31.77,32.31,316545.0
4383,2021-01-07 10:00:00,32.31,32.7,32.28,32.31,625209.0
4384,2021-01-07 11:00:00,32.315,32.33,32.07,32.18,445069.0
4385,2021-01-07 12:00:00,32.175,32.31,32.14,32.25,410499.0
4386,2021-01-07 13:00:00,32.255,32.515,32.21,32.505,216655.0
4387,2021-01-07 14:00:00,32.505,32.61,32.45,32.52,236388.0
4388,2021-01-07 15:00:00,32.53,32.54,32.34,32.425,979376.0
4389,2021-01-07 16:00:00,32.42,32.42,32.42,32.42,26420.0
4390,2021-01-08 09:00:00,32.89,32.89,32.48,32.6,271228.0
4391,2021-01-08 10:00:00,32.61,32.9,32.495,32.875,421652.0
4392,2021-01-08 11:00:00,32.88,32.995,32.63,32.76,327324.0
4393,2021-01-08 12:00:00,32.77,32.95,32.6,32.92,385641.0
4394,2021-01-08 13:00:00,32.93,33.015,32.605,32.915,679312.0
4395,2021-01-08 14:00:00,32.915,33.12,32.76,33.115,514750.0
4396,2021-01-08 15:00:00,33.115,33.19,33.0,33.17,1221399.0
4397,2021-01-08 16:00:00,33.16,33.16,33.06,33.06,30366.0
4398,2021-01-08 17:00:00,33.06,33.06,33.06,33.06,100.0
4399,2021-01-11 09:00:00,32.93,33.18,32.54,33.11,146237.0
4400,2021-01-11 10:00:00,33.1132,33.125,32.6,32.64,174305.0
4401,2021-01-11 11:00:00,32.64,32.64,32.425,32.52,279578.0
4402,2021-01-11 12:00:00,32.515,32.6,32.45,32.59,401029.0
4403,2021-01-11 13:00:00,32.595,32.7,32.595,32.605,198007.0
4404,2021-01-11 14:00:00,32.6,32.87,32.6,32.78,237649.0
4405,2021-01-11 15:00:00,32.785,32.94,32.61,32.72,790945.0
4406,2021-01-11 16:00:00,32.73,32.73,32.73,32.73,718889.0
4407,2021-01-12 07:00:00,32.75,32.94,32.74,32.94,6600.0
4408,2021-01-12 09:00:00,32.86,33.09,32.555,32.71,193555.0
4409,2021-01-12 10:00:00,32.7,32.77,32.31,32.47,471509.0
4410,2021-01-12 11:00:00,32.47,32.57,32.31,32.41,376058.0
4411,2021-01-12 12:00:00,32.41,32.72,32.4,32.61,886506.0
4412,2021-01-12 13:00:00,32.615,32.82,32.53,32.62,549953.0
4413,2021-01-12 14:00:00,32.62,32.775,32.525,32.775,441832.0
4414,2021-01-12 15:00:00,32.79,33.11,32.69,33.05,1638214.0
4415,2021-01-12 16:00:00,33.04,33.04,33.0102,33.0102,10696.0
4416,2021-01-13 09:00:00,32.96,33.31,32.7596,33.2811,260369.0
4417,2021-01-13 10:00:00,33.29,33.4095,32.6793,32.9899,425278.0
4418,2021-01-13 11:00:00,32.97,33.02,32.7,32.76,312661.0
4419,2021-01-13 12:00:00,32.73,32.76,32.49,32.5,260102.0
4420,2021-01-13 13:00:00,32.48,32.69,32.42,32.495,281693.0
4421,2021-01-13 14:00:00,32.49,32.82,32.46,32.81,264996.0
4422,2021-01-13 15:00:00,32.8,32.82,32.35,32.38,1044617.0
4423,2021-01-13 16:00:00,32.38,32.65,32.38,32.65,39071.0
4424,2021-01-13 18:00:00,32.5,32.7,32.5,32.7,1493.0
4425,2021-01-14 09:00:00,32.38,33.24,32.38,32.98,408929.0
4426,2021-01-14 10:00:00,32.985,32.99,32.5,32.63,415533.0
4427,2021-01-14 11:00:00,32.6,32.73,32.56,32.66,355511.0
4428,2021-01-14 12:00:00,32.66,32.87,32.53,32.82,639302.0
4429,2021-01-14 13:00:00,32.81,33.24,32.74,33.24,445333.0
4430,2021-01-14 14:00:00,33.25,33.8799,33.25,33.825,553384.0
4431,2021-01-14 15:00:00,33.82,33.97,33.4241,33.54,1462415.0
4432,2021-01-14 16:00:00,33.53,33.53,33.53,33.53,79490.0
4433,2021-01-14 19:00:00,33.52,33.52,33.52,33.52,273.0
4434,2021-01-15 07:00:00,33.53,33.53,33.53,33.53,200.0
4435,2021-01-15 09:00:00,33.28,33.655,33.06,33.28,289851.0
4436,2021-01-15 10:00:00,33.27,33.29,32.93,33.05,318017.0
4437,2021-01-15 11:00:00,33.04,33.2,32.87,33.16,702713.0
4438,2021-01-15 12:00:00,33.155,33.57,33.15,33.52,239090.0
4439,2021-01-15 13:00:00,33.51,33.515,33.29,33.515,186517.0
4440,2021-01-15 14:00:00,33.515,33.72,33.48,33.585,814697.0
4441,2021-01-15 15:00:00,33.59,33.621,33.01,33.12,1328941.0
4442,2021-01-15 16:00:00,33.12,33.12,33.12,33.12,283584.0
4443,2021-01-19 07:00:00,33.5,33.5,33.5,33.5,100.0
4444,2021-01-19 08:00:00,33.6994,33.83,33.5,33.83,1171.0
4445,2021-01-19 09:00:00,33.4999,33.4999,32.78,32.78,173473.0
4446,2021-01-19 10:00:00,32.77,32.99,32.56,32.9572,237166.0
4447,2021-01-19 11:00:00,32.95,33.44,32.93,33.35,234611.0
4448,2021-01-19 12:00:00,33.35,33.36,33.15,33.26,162659.0
4449,2021-01-19 13:00:00,33.27,33.305,32.9,33.01,206750.0
4450,2021-01-19 14:00:00,33.0,33.0,32.7,32.785,244395.0
4451,2021-01-19 15:00:00,32.78,32.82,32.66,32.68,599612.0
4452,2021-01-19 16:00:00,32.67,32.69,32.67,32.69,39122.0
4453,2021-01-20 08:00:00,33.85,33.85,33.85,33.85,100.0
4454,2021-01-20 09:00:00,32.85,32.98,32.42,32.49,261026.0
4455,2021-01-20 10:00:00,32.49,32.8883,32.46,32.77,283025.0
4456,2021-01-20 11:00:00,32.76,32.76,32.13,32.32,426067.0
4457,2021-01-20 12:00:00,32.335,32.5,32.2,32.4,846723.0
4458,2021-01-20 13:00:00,32.39,32.52,32.36,32.42,128405.0
4459,2021-01-20 14:00:00,32.41,32.5961,32.32,32.51,174525.0
4460,2021-01-20 15:00:00,32.51,32.64,32.375,32.4,666261.0
4461,2021-01-20 16:00:00,32.41,32.41,32.41,32.41,61475.0
4462,2021-01-21 07:00:00,32.85,33.31,32.5,32.5,7368.0
4463,2021-01-21 08:00:00,32.72,32.72,32.69,32.69,400.0
4464,2021-01-21 09:00:00,32.47,32.83,32.27,32.66,242565.0
4465,2021-01-21 10:00:00,32.67,32.68,32.06,32.11,176961.0
4466,2021-01-21 11:00:00,32.125,32.26,32.09,32.19,221663.0
4467,2021-01-21 12:00:00,32.19,32.31,32.11,32.295,220844.0
4468,2021-01-21 13:00:00,32.295,32.315,32.1,32.185,237207.0
4469,2021-01-21 14:00:00,32.19,32.23,31.98,32.02,296326.0
4470,2021-01-21 15:00:00,32.01,32.14,31.89,31.92,983067.0
4471,2021-01-21 16:00:00,31.92,31.92,31.92,31.92,37518.0
4472,2021-01-21 17:00:00,31.92,31.92,31.92,31.92,1233.0
4473,2021-01-22 08:00:00,31.8,32.2,31.65,31.65,16097.0
4474,2021-01-22 09:00:00,31.66,31.66,31.19,31.32,252659.0
4475,2021-01-22 10:00:00,31.31,31.435,30.8601,30.96,878065.0
4476,2021-01-22 11:00:00,30.955,31.14,30.66,30.78,623177.0
4477,2021-01-22 12:00:00,30.785,30.87,30.51,30.57,561275.0
4478,2021-01-22 13:00:00,30.58,30.6,30.35,30.49,546431.0
4479,2021-01-22 14:00:00,30.5,30.62,30.48,30.495,333764.0
4480,2021-01-22 15:00:00,30.495,30.98,30.48,30.73,1404843.0
4481,2021-01-22 16:00:00,30.72,30.74,30.72,30.74,277751.0
4482,2021-01-22 19:00:00,30.95,30.95,30.95,30.95,101.0
4483,2021-01-25 07:00:00,30.8,30.8,30.8,30.8,580.0
4484,2021-01-25 08:00:00,30.8,30.8,30.75,30.75,702.0
4485,2021-01-25 09:00:00,30.67,30.72,30.199,30.3199,239148.0
4486,2021-01-25 10:00:00,30.32,30.73,30.04,30.04,478327.0
4487,2021-01-25 11:00:00,30.02,30.1295,29.59,29.86,504042.0
4488,2021-01-25 12:00:00,29.88,30.38,29.78,30.24,535702.0
4489,2021-01-25 13:00:00,30.25,30.76,30.21,30.65,487980.0
4490,2021-01-25 14:00:00,30.64,30.93,30.635,30.8037,321640.0
4491,2021-01-25 15:00:00,30.8,30.97,30.65,30.7,890351.0
4492,2021-01-25 16:00:00,30.7,30.7,30.7,30.7,303749.0
4493,2021-01-25 17:00:00,30.38,30.38,30.38,30.38,150.0
4494,2021-01-26 07:00:00,30.72,31.22,30.72,31.0,3502.0
4495,2021-01-26 08:00:00,30.77,31.2,30.57,30.57,7809.0
4496,2021-01-26 09:00:00,30.69,30.93,30.25,30.73,217318.0
4497,2021-01-26 10:00:00,30.71,30.9545,30.48,30.52,336319.0
4498,2021-01-26 11:00:00,30.53,30.95,30.5,30.81,390624.0
4499,2021-01-26 12:00:00,30.82,31.6854,30.82,31.09,555065.0
4500,2021-01-26 13:00:00,31.1,31.29,31.07,31.225,441966.0
4501,2021-01-26 14:00:00,31.225,31.49,31.22,31.29,344927.0
4502,2021-01-26 15:00:00,31.295,31.655,31.29,31.57,1281521.0
4503,2021-01-26 16:00:00,31.56,31.56,31.56,31.56,31924.0
4504,2021-01-26 18:00:00,31.3,31.33,31.3,31.33,475.0
4505,2021-01-27 08:00:00,31.0,31.4,30.51,31.4,972.0
4506,2021-01-27 09:00:00,30.6,31.21,30.14,30.39,863892.0
4507,2021-01-27 10:00:00,30.42,31.18,30.15,30.87,1326297.0
4508,2021-01-27 11:00:00,30.85,31.01,30.36,30.44,383762.0
4509,2021-01-27 12:00:00,30.42,31.005,30.42,30.98,353845.0
4510,2021-01-27 13:00:00,30.975,31.2,30.81,30.87,791183.0
4511,2021-01-27 14:00:00,30.85,30.96,30.26,30.335,1307664.0
4512,2021-01-27 15:00:00,30.35,30.52,30.07,30.17,1829125.0
4513,2021-01-27 16:00:00,30.16,30.16,30.01,30.01,25141.0
4514,2021-01-27 17:00:00,30.11,30.11,30.11,30.11,300.0
4515,2021-01-27 19:00:00,30.01,30.01,29.9,29.9,2699.0
4516,2021-01-28 04:00:00,29.9,29.9,29.9,29.9,800.0
4517,2021-01-28 07:00:00,31.77,31.77,30.67,30.67,600.0
4518,2021-01-28 08:00:00,30.3799,30.3799,30.3799,30.3799,100.0
4519,2021-01-28 09:00:00,30.38,30.97,30.21,30.59,258440.0
4520,2021-01-28 10:00:00,30.59,30.77,30.27,30.4,629436.0
4521,2021-01-28 11:00:00,30.4,30.56,30.1,30.36,557500.0
4522,2021-01-28 12:00:00,30.37,30.74,30.36,30.59,552107.0
4523,2021-01-28 13:00:00,30.6,30.735,30.31,30.465,1100636.0
4524,2021-01-28 14:00:00,30.47,30.51,30.11,30.18,414157.0
4525,2021-01-28 15:00:00,30.17,30.185,29.84,29.92,1322306.0
4526,2021-01-28 16:00:00,29.93,29.95,29.9,29.95,29048.0
4527,2021-01-29 07:00:00,30.04,30.04,29.9,29.9,345.0
4528,2021-01-29 09:00:00,30.41,30.41,29.27,29.54,367945.0
4529,2021-01-29 10:00:00,29.52,29.84,29.29,29.65,552612.0
4530,2021-01-29 11:00:00,29.65,29.78,29.37,29.44,316771.0
4531,2021-01-29 12:00:00,29.45,29.49,28.74,29.01,559199.0
4532,2021-01-29 13:00:00,28.99,29.15,28.78,28.8,289481.0
4533,2021-01-29 14:00:00,28.79,28.94,28.53,28.7,557096.0
4534,2021-01-29 15:00:00,28.71,29.19,28.71,29.0199,1861752.0
4535,2021-01-29 16:00:00,29.02,29.53,29.02,29.02,59324.0
4536,2021-01-29 17:00:00,28.9101,28.9101,28.9101,28.9101,250.0
4537,2021-02-01 08:00:00,29.7,29.7,29.41,29.64,3280.0
4538,2021-02-01 09:00:00,29.45,29.5,28.815,29.145,338231.0
4539,2021-02-01 10:00:00,29.12,29.52,29.0,29.27,453287.0
4540,2021-02-01 11:00:00,29.28,29.33,29.17,29.24,333460.0
4541,2021-02-01 12:00:00,29.25,29.29,28.97,29.24,403541.0
4542,2021-02-01 13:00:00,29.24,29.36,29.14,29.275,309563.0
4543,2021-02-01 14:00:00,29.28,29.645,29.26,29.52,304742.0
4544,2021-02-01 15:00:00,29.52,29.59,29.41,29.45,910575.0
4545,2021-02-01 16:00:00,29.45,29.8,29.4,29.4,40263.0
4546,2021-02-02 06:00:00,29.54,29.7,29.54,29.7,4200.0
4547,2021-02-02 08:00:00,29.89,29.89,29.89,29.89,100.0
4548,2021-02-02 09:00:00,29.71,30.06,29.53,30.04,178677.0
4549,2021-02-02 10:00:00,30.05,30.6,30.05,30.55,433379.0
4550,2021-02-02 11:00:00,30.54,30.82,30.52,30.5928,211753.0
4551,2021-02-02 12:00:00,30.605,30.64,30.44,30.575,235820.0
4552,2021-02-02 13:00:00,30.58,30.58,30.5,30.54,181285.0
4553,2021-02-02 14:00:00,30.545,30.61,30.38,30.42,264275.0
4554,2021-02-02 15:00:00,30.425,30.425,30.035,30.07,1365878.0
4555,2021-02-02 16:00:00,30.07,30.15,30.07,30.15,1300104.0
4556,2021-02-02 17:00:00,30.15,30.8,30.15,30.61,25310.0
4557,2021-02-02 19:00:00,30.6,30.6,30.5,30.5,680.0
4558,2021-02-03 09:00:00,30.0583,30.49,29.86,30.12,130784.0
4559,2021-02-03 10:00:00,30.16,30.33,29.94,30.25,216688.0
4560,2021-02-03 11:00:00,30.26,30.54,30.26,30.52,208014.0
4561,2021-02-03 12:00:00,30.51,30.62,30.37,30.55,154892.0
4562,2021-02-03 13:00:00,30.56,30.745,30.41,30.625,347846.0
4563,2021-02-03 14:00:00,30.625,30.88,30.59,30.84,441692.0
4564,2021-02-03 15:00:00,30.84,30.89,30.645,30.72,421821.0
4565,2021-02-03 16:00:00,30.73,30.73,30.73,30.73,21175.0
4566,2021-02-04 09:00:00,30.7885,31.36,30.7885,31.35,315830.0
4567,2021-02-04 10:00:00,31.36,31.65,31.25,31.45,748042.0
4568,2021-02-04 11:00:00,31.46,31.76,31.31,31.335,597443.0
4569,2021-02-04 12:00:00,31.33,31.425,31.29,31.32,141786.0
4570,2021-02-04 13:00:00,31.325,31.4,31.26,31.4,559562.0
4571,2021-02-04 14:00:00,31.4,31.42,31.3,31.38,483261.0
4572,2021-02-04 15:00:00,31.375,31.52,31.27,31.51,713127.0
4573,2021-02-04 16:00:00,31.5,31.5,31.5,31.5,223827.0
4574,2021-02-05 04:00:00,31.4,31.4,31.4,31.4,1056.0
4575,2021-02-05 06:00:00,31.4,31.4,31.4,31.4,450.0
4576,2021-02-05 08:00:00,31.4,31.4,31.4,31.4,1005.0
4577,2021-02-05 09:00:00,31.4,31.8899,31.33,31.76,189323.0
4578,2021-02-05 10:00:00,31.76,31.83,31.43,31.6,373532.0
4579,2021-02-05 11:00:00,31.595,31.63,31.3,31.49,277439.0
4580,2021-02-05 12:00:00,31.485,31.59,31.4355,31.58,121412.0
4581,2021-02-05 13:00:00,31.5886,31.59,31.19,31.26,242886.0
4582,2021-02-05 14:00:00,31.26,31.37,31.21,31.27,184977.0
4583,2021-02-05 15:00:00,31.26,31.38,31.16,31.21,608694.0
4584,2021-02-05 16:00:00,31.21,31.21,31.16,31.16,15077.0
4585,2021-02-05 17:00:00,31.2,31.2,31.2,31.2,100.0
4586,2021-02-05 18:00:00,31.28,31.88,31.28,31.7,47754.0
4587,2021-02-08 04:00:00,31.55,31.55,31.55,31.55,300.0
4588,2021-02-08 07:00:00,31.48,31.48,31.48,31.48,100.0
4589,2021-02-08 09:00:00,31.62,31.67,31.28,31.61,189917.0
4590,2021-02-08 10:00:00,31.62,31.75,31.24,31.29,191753.0
4591,2021-02-08 11:00:00,31.29,31.51,31.28,31.49,184906.0
4592,2021-02-08 12:00:00,31.49,31.52,31.35,31.37,153878.0
4593,2021-02-08 13:00:00,31.37,31.37,31.15,31.21,97807.0
4594,2021-02-08 14:00:00,31.21,31.4,31.125,31.31,227894.0
4595,2021-02-08 15:00:00,31.3,31.54,31.21,31.52,727956.0
4596,2021-02-08 16:00:00,31.52,31.8,31.42,31.8,25561.0
4597,2021-02-09 07:00:00,31.85,31.85,31.85,31.85,200.0
4598,2021-02-09 09:00:00,31.5,31.88,31.4,31.88,168335.0
4599,2021-02-09 10:00:00,31.89,32.15,31.63,32.09,282517.0
4600,2021-02-09 11:00:00,32.09,32.22,31.94,32.1529,252292.0
4601,2021-02-09 12:00:00,32.17,32.47,32.17,32.35,230596.0
4602,2021-02-09 13:00:00,32.35,32.355,32.18,32.24,159989.0
4603,2021-02-09 14:00:00,32.26,32.56,32.26,32.49,469230.0
4604,2021-02-09 15:00:00,32.495,32.62,32.25,32.27,855486.0
4605,2021-02-09 16:00:00,32.28,32.58,32.1,32.4,500859.0
4606,2021-02-09 17:00:00,32.42,32.54,32.34,32.34,33290.0
4607,2021-02-09 18:00:00,32.32,32.32,32.32,32.32,100.0
4608,2021-02-09 19:00:00,32.34,32.34,32.34,32.34,250.0
4609,2021-02-10 07:00:00,32.82,32.82,32.82,32.82,142.0
4610,2021-02-10 09:00:00,32.2652,32.83,32.234,32.58,336011.0
4611,2021-02-10 10:00:00,32.61,32.615,31.5,31.94,1642635.0
4612,2021-02-10 11:00:00,31.945,32.215,31.86,32.105,354924.0
4613,2021-02-10 12:00:00,32.1,32.11,31.76,32.1,356829.0
4614,2021-02-10 13:00:00,32.1,32.35,32.07,32.12,315561.0
4615,2021-02-10 14:00:00,32.12,32.3,32.07,32.08,365837.0
4616,2021-02-10 15:00:00,32.08,32.335,32.08,32.285,1080756.0
4617,2021-02-10 16:00:00,32.29,32.74,32.29,32.29,1396111.0
4618,2021-02-10 17:00:00,32.41,32.8,32.3,32.59,27316.0
4619,2021-02-11 08:00:00,32.34,32.34,32.34,32.34,200.0
4620,2021-02-11 09:00:00,32.28,32.46,31.91,32.1,133476.0
4621,2021-02-11 10:00:00,32.1,32.41,31.97,31.99,297397.0
4622,2021-02-11 11:00:00,31.995,32.015,31.77,31.83,162858.0
4623,2021-02-11 12:00:00,31.825,31.87,31.51,31.63,203797.0
4624,2021-02-11 13:00:00,31.64,31.82,31.63,31.73,220905.0
4625,2021-02-11 14:00:00,31.73,31.795,31.65,31.72,338079.0
4626,2021-02-11 15:00:00,31.72,31.785,31.62,31.69,873952.0
4627,2021-02-11 16:00:00,31.69,31.69,31.69,31.69,20565.0
4628,2021-02-12 09:00:00,31.67,31.94,31.57,31.785,106366.0
4629,2021-02-12 10:00:00,31.79,31.79,31.43,31.58,458040.0
4630,2021-02-12 11:00:00,31.58,31.59,31.36,31.5299,317639.0
4631,2021-02-12 12:00:00,31.53,31.74,31.53,31.57,282045.0
4632,2021-02-12 13:00:00,31.575,31.61,31.5,31.525,190643.0
4633,2021-02-12 14:00:00,31.52,31.52,31.35,31.38,188622.0
4634,2021-02-12 15:00:00,31.38,31.53,31.27,31.35,838287.0
4635,2021-02-12 16:00:00,31.36,31.37,31.36,31.36,142147.0
4636,2021-02-16 07:00:00,30.75,30.98,30.75,30.75,1195.0
4637,2021-02-16 08:00:00,31.9,31.9,31.36,31.36,784.0
4638,2021-02-16 09:00:00,31.69,31.81,31.52,31.75,140127.0
4639,2021-02-16 10:00:00,31.75,31.82,31.55,31.7,198136.0
4640,2021-02-16 11:00:00,31.7,31.84,31.63,31.77,208285.0
4641,2021-02-16 12:00:00,31.77,32.15,31.63,32.08,420189.0
4642,2021-02-16 13:00:00,32.08,32.23,31.96,32.17,290403.0
4643,2021-02-16 14:00:00,32.18,32.32,32.08,32.14,340268.0
4644,2021-02-16 15:00:00,32.15,32.37,32.07,32.26,850035.0
4645,2021-02-16 16:00:00,32.255,32.255,32.25,32.255,264926.0
4646,2021-02-16 19:00:00,32.29,32.29,32.29,32.29,120.0
4647,2021-02-17 08:00:00,32.4498,32.4498,32.4494,32.4494,501.0
4648,2021-02-17 09:00:00,31.6516,32.28,31.6516,32.22,191729.0
4649,2021-02-17 10:00:00,32.255,32.58,32.06,32.58,239715.0
4650,2021-02-17 11:00:00,32.57,32.59,32.03,32.11,251678.0
4651,2021-02-17 12:00:00,32.11,32.2499,32.02,32.11,159147.0
4652,2021-02-17 13:00:00,32.11,32.26,32.06,32.16,150216.0
4653,2021-02-17 14:00:00,32.19,32.505,32.18,32.5,231087.0
4654,2021-02-17 15:00:00,32.495,32.645,32.3,32.5,1322456.0
4655,2021-02-17 16:00:00,32.5,32.5,31.62,31.62,120533.0
4656,2021-02-17 17:00:00,32.4,32.5,32.4,32.5,400.0
4657,2021-02-17 18:00:00,32.5,32.5,32.5,32.5,145.0
4658,2021-02-18 09:00:00,32.04,32.65,31.9,32.47,235900.0
4659,2021-02-18 10:00:00,32.48,32.84,32.35,32.71,370832.0
4660,2021-02-18 11:00:00,32.74,33.76,32.74,33.65,783890.0
4661,2021-02-18 12:00:00,33.65,33.8,33.23,33.28,764350.0
4662,2021-02-18 13:00:00,33.28,34.22,33.27,34.15,872131.0
4663,2021-02-18 14:00:00,34.13,34.16,33.71,33.99,1305125.0
4664,2021-02-18 15:00:00,33.99,34.01,33.74,33.81,1361385.0
4665,2021-02-18 16:00:00,33.85,34.15,33.8,34.1,194112.0
4666,2021-02-18 17:00:00,34.25,34.8999,34.25,34.25,1273.0
4667,2021-02-18 18:00:00,34.25,34.4,34.25,34.4,1100.0
4668,2021-02-18 19:00:00,34.4,34.4,34.4,34.4,986.0
4669,2021-02-19 07:00:00,33.93,33.93,33.93,33.93,240.0
4670,2021-02-19 08:00:00,33.93,33.93,33.93,33.93,463.0
4671,2021-02-19 09:00:00,34.21,34.81,33.81,34.5448,879510.0
4672,2021-02-19 10:00:00,34.5113,34.64,34.025,34.28,607983.0
4673,2021-02-19 11:00:00,34.26,34.52,34.11,34.31,425805.0
4674,2021-02-19 12:00:00,34.32,34.45,33.9601,34.095,541212.0
4675,2021-02-19 13:00:00,34.095,34.17,33.7,33.785,298502.0
4676,2021-02-19 14:00:00,33.775,33.96,33.53,33.9,498324.0
4677,2021-02-19 15:00:00,33.89,33.98,33.64,33.67,1260123.0
4678,2021-02-19 16:00:00,33.67,33.9,33.66,33.67,149263.0
4679,2021-02-19 17:00:00,33.66,33.66,33.66,33.66,750.0
4680,2021-02-22 06:00:00,34.25,34.98,34.0,34.26,1400.0
4681,2021-02-22 07:00:00,34.2,34.75,34.05,34.1,2908.0
4682,2021-02-22 08:00:00,34.05,34.75,33.78,34.0,13475.0
4683,2021-02-22 09:00:00,34.0,34.0,32.75,33.32,593368.0
4684,2021-02-22 10:00:00,33.27,33.95,33.22,33.48,523708.0
4685,2021-02-22 11:00:00,33.5,33.91,33.355,33.76,314973.0
4686,2021-02-22 12:00:00,33.78,34.1838,33.34,33.34,543898.0
4687,2021-02-22 13:00:00,33.355,33.51,32.87,33.045,614951.0
4688,2021-02-22 14:00:00,33.06,33.12,32.52,32.58,534135.0
4689,2021-02-22 15:00:00,32.6,32.7,32.18,32.23,1343045.0
4690,2021-02-22 16:00:00,32.26,32.55,32.16,32.55,290748.0
4691,2021-02-22 17:00:00,32.55,32.55,32.55,32.55,150.0
4692,2021-02-22 18:00:00,31.75,32.01,31.25,32.01,5059.0
4693,2021-02-22 19:00:00,32.1,32.1,32.0,32.0,627.0
4694,2021-02-23 05:00:00,30.81,30.81,30.81,30.81,150.0
4695,2021-02-23 06:00:00,30.81,30.81,30.81,30.81,475.0
4696,2021-02-23 08:00:00,31.3001,31.86,31.3001,31.55,1285.0
4697,2021-02-23 09:00:00,31.7,31.7,29.87,29.97,784574.0
4698,2021-02-23 10:00:00,29.95,30.88,29.88,30.32,1044359.0
4699,2021-02-23 11:00:00,30.33,30.63,30.01,30.01,640533.0
4700,2021-02-23 12:00:00,30.0,30.5799,29.71,30.19,2072746.0
4701,2021-02-23 13:00:00,30.1958,30.73,29.96,30.59,1136795.0
4702,2021-02-23 14:00:00,30.6,31.0,30.57,30.73,456552.0
4703,2021-02-23 15:00:00,30.73,31.15,30.62,30.96,1275595.0
4704,2021-02-23 16:00:00,30.95,31.08,30.88,30.95,180366.0
4705,2021-02-23 17:00:00,31.0,31.0,31.0,31.0,100.0
4706,2021-02-23 18:00:00,30.85,30.85,30.85,30.85,100.0
4707,2021-02-24 08:00:00,31.17,31.17,30.46,30.46,2526.0
4708,2021-02-24 09:00:00,31.0,31.32,30.68,30.94,286954.0
4709,2021-02-24 10:00:00,30.94,31.31,30.67,31.23,286080.0
4710,2021-02-24 11:00:00,31.25,31.425,31.12,31.23,265076.0
4711,2021-02-24 12:00:00,31.23,31.37,31.18,31.19,200746.0
4712,2021-02-24 13:00:00,31.19,31.67,31.09,31.57,373751.0
4713,2021-02-24 14:00:00,31.57,31.57,31.1,31.14,284023.0
4714,2021-02-24 15:00:00,31.14,31.465,31.12,31.41,782257.0
4715,2021-02-24 16:00:00,31.4,31.4,31.4,31.4,28369.0
4716,2021-02-25 04:00:00,31.65,31.65,31.65,31.65,1000.0
4717,2021-02-25 08:00:00,31.49,31.85,31.49,31.57,694.0
4718,2021-02-25 09:00:00,31.53,32.49,31.53,32.34,459575.0
4719,2021-02-25 10:00:00,32.32,32.34,31.7,31.75,775509.0
4720,2021-02-25 11:00:00,31.745,31.9901,31.69,31.7453,503038.0
4721,2021-02-25 12:00:00,31.73,31.765,31.46,31.51,639660.0
4722,2021-02-25 13:00:00,31.5,32.03,31.36,31.88,539822.0
4723,2021-02-25 14:00:00,31.88,32.3,31.83,31.98,848463.0
4724,2021-02-25 15:00:00,31.98,32.04,31.28,31.56,1958191.0
4725,2021-02-25 16:00:00,31.55,31.8,31.4,31.4,281481.0
4726,2021-02-25 18:00:00,31.011,31.011,31.011,31.011,172.0
4727,2021-02-26 08:00:00,31.55,31.55,31.55,31.55,1300.0
4728,2021-02-26 09:00:00,31.59,31.8,31.33,31.5,171425.0
4729,2021-02-26 10:00:00,31.45,32.085,31.105,32.055,453677.0
4730,2021-02-26 11:00:00,32.08,32.76,32.05,32.45,491989.0
4731,2021-02-26 12:00:00,32.46,32.6899,32.05,32.0822,240538.0
4732,2021-02-26 13:00:00,32.09,32.12,31.67,31.76,195155.0
4733,2021-02-26 14:00:00,31.76,31.8,31.56,31.61,207714.0
4734,2021-02-26 15:00:00,31.61,32.04,31.48,31.52,1558034.0
4735,2021-02-26 16:00:00,31.51,31.51,31.3,31.3,104051.0
4736,2021-02-26 19:00:00,31.4,31.4,31.3301,31.3301,3445.0
4737,2021-03-01 04:00:00,31.96,31.96,31.96,31.96,100.0
4738,2021-03-01 07:00:00,31.9,31.9,31.9,31.9,500.0
4739,2021-03-01 08:00:00,30.352,31.99,30.352,31.99,600.0
4740,2021-03-01 09:00:00,31.51,32.41,31.47,32.3565,270734.0
4741,2021-03-01 10:00:00,32.36,32.77,32.26,32.6241,445624.0
4742,2021-03-01 11:00:00,32.59,32.725,32.38,32.44,433474.0
4743,2021-03-01 12:00:00,32.44,32.65,32.38,32.54,296288.0
4744,2021-03-01 13:00:00,32.54,32.82,32.46,32.77,204553.0
4745,2021-03-01 14:00:00,32.76,32.94,32.61,32.825,377708.0
4746,2021-03-01 15:00:00,32.83,32.97,32.77,32.85,896608.0
4747,2021-03-01 16:00:00,32.84,32.85,32.84,32.85,61466.0
4748,2021-03-01 19:00:00,32.84,32.84,32.8,32.8,485.0
4749,2021-03-02 06:00:00,32.44,32.44,32.44,32.44,100.0
4750,2021-03-02 09:00:00,32.97,32.97,32.61,32.9,153139.0
4751,2021-03-02 10:00:00,32.85,33.26,32.69,33.2574,207529.0
4752,2021-03-02 11:00:00,33.265,33.3035,33.07,33.12,312261.0
4753,2021-03-02 12:00:00,33.08,33.355,33.01,33.3,340926.0
4754,2021-03-02 13:00:00,33.31,33.63,33.25,33.51,252752.0
4755,2021-03-02 14:00:00,33.52,33.61,33.375,33.56,241151.0
4756,2021-03-02 15:00:00,33.56,33.6697,33.08,33.1,994761.0
4757,2021-03-02 16:00:00,33.09,33.33,33.09,33.33,34905.0
4758,2021-03-02 17:00:00,33.33,33.33,33.33,33.33,1400.0
4759,2021-03-02 18:00:00,33.33,33.33,33.33,33.33,2000.0
4760,2021-03-02 19:00:00,33.33,33.33,33.33,33.33,500.0
4761,2021-03-03 07:00:00,33.57,35.6,33.57,35.0,18722.0
4762,2021-03-03 08:00:00,34.6099,35.23,34.05,34.15,18703.0
4763,2021-03-03 09:00:00,34.15,34.49,33.35,34.165,812380.0
4764,2021-03-03 10:00:00,34.15,34.41,33.81,33.935,819381.0
4765,2021-03-03 11:00:00,33.91,33.98,33.6,33.64,465010.0
4766,2021-03-03 12:00:00,33.605,33.87,33.55,33.78,222437.0
4767,2021-03-03 13:00:00,33.775,34.0,33.75,33.82,217600.0
4768,2021-03-03 14:00:00,33.835,33.95,33.6,33.71,424066.0
4769,2021-03-03 15:00:00,33.71,33.96,33.61,33.63,739159.0
4770,2021-03-03 16:00:00,33.64,33.891,33.58,33.58,95393.0
4771,2021-03-03 17:00:00,33.71,33.85,33.64,33.85,2046.0
4772,2021-03-03 18:00:00,33.75,33.75,33.75,33.75,100.0
4773,2021-03-04 08:00:00,33.51,33.51,33.51,33.51,426.0
4774,2021-03-04 09:00:00,33.51,33.89,33.36,33.45,185478.0
4775,2021-03-04 10:00:00,33.42,33.43,32.83,33.03,473411.0
4776,2021-03-04 11:00:00,33.08,33.54,33.05,33.4,272552.0
4777,2021-03-04 12:00:00,33.41,33.675,32.875,32.96,270481.0
4778,2021-03-04 13:00:00,32.95,33.02,32.15,32.18,461529.0
4779,2021-03-04 14:00:00,32.195,32.82,32.195,32.76,416621.0
4780,2021-03-04 15:00:00,32.76,32.79,32.4,32.78,836516.0
4781,2021-03-04 16:00:00,32.78,32.78,32.78,32.78,48728.0
4782,2021-03-04 18:00:00,32.6,32.6,32.6,32.6,190.0
4783,2021-03-04 19:00:00,30.97,30.97,30.97,30.97,198.0
4784,2021-03-05 09:00:00,33.44,33.61,33.14,33.3,185208.0
4785,2021-03-05 10:00:00,33.35,33.69,33.26,33.515,457340.0
4786,2021-03-05 11:00:00,33.54,33.54,32.68,33.24,365374.0
4787,2021-03-05 12:00:00,33.23,33.925,33.21,33.9,495802.0
4788,2021-03-05 13:00:00,33.93,34.26,33.77,34.22,245509.0
4789,2021-03-05 14:00:00,34.23,34.25,33.85,34.17,440306.0
4790,2021-03-05 15:00:00,34.17,34.2,33.67,33.8,1607502.0
4791,2021-03-05 16:00:00,33.81,34.0,33.81,34.0,83772.0
4792,2021-03-08 08:00:00,33.8,33.8,33.8,33.8,600.0
4793,2021-03-08 09:00:00,33.82,34.63,33.82,34.31,418940.0
4794,2021-03-08 10:00:00,34.36,35.21,34.36,35.07,556470.0
4795,2021-03-08 11:00:00,35.06,35.43,34.65,34.7301,683102.0
4796,2021-03-08 12:00:00,34.75,34.97,34.7,34.94,327641.0
4797,2021-03-08 13:00:00,34.94,35.265,34.8,34.83,311624.0
4798,2021-03-08 14:00:00,34.83,35.375,34.83,34.88,474211.0
4799,2021-03-08 15:00:00,34.87,35.11,34.695,34.83,1162134.0
4800,2021-03-08 16:00:00,34.83,34.83,34.83,34.83,19813.0
4801,2021-03-09 08:00:00,36.23,36.23,36.23,36.23,150.0
4802,2021-03-09 09:00:00,34.95,34.97,34.0,34.5,908529.0
4803,2021-03-09 10:00:00,34.505,34.69,34.042,34.35,1015410.0
4804,2021-03-09 11:00:00,34.355,34.89,34.34,34.77,348859.0
4805,2021-03-09 12:00:00,34.77,34.84,34.65,34.78,390150.0
4806,2021-03-09 13:00:00,34.79,35.08,34.77,35.055,301801.0
4807,2021-03-09 14:00:00,35.06,35.11,34.68,34.72,252303.0
4808,2021-03-09 15:00:00,34.73,34.87,34.41,34.43,1067997.0
4809,2021-03-09 16:00:00,34.43,34.43,34.43,34.43,51911.0
4810,2021-03-10 09:00:00,34.79,35.12,34.47,34.845,175207.0
4811,2021-03-10 10:00:00,34.87,35.11,34.65,35.07,322718.0
4812,2021-03-10 11:00:00,35.08,35.56,35.05,35.54,278949.0
4813,2021-03-10 12:00:00,35.55,35.605,35.226,35.41,368131.0
4814,2021-03-10 13:00:00,35.395,35.53,35.25,35.455,399718.0
4815,2021-03-10 14:00:00,35.44,35.685,35.42,35.56,481901.0
4816,2021-03-10 15:00:00,35.555,36.05,35.4,35.77,1326053.0
4817,2021-03-10 16:00:00,35.78,36.0,35.5,35.92,382110.0
4818,2021-03-10 17:00:00,35.78,35.83,35.78,35.83,16750.0
4819,2021-03-11 09:00:00,35.68,36.13,35.47,36.05,388500.0
4820,2021-03-11 10:00:00,36.02,36.18,35.878,36.105,362136.0
4821,2021-03-11 11:00:00,36.11,36.43,36.09,36.32,402134.0
4822,2021-03-11 12:00:00,36.33,36.39,36.005,36.12,345183.0
4823,2021-03-11 13:00:00,36.11,36.35,36.04,36.33,312487.0
4824,2021-03-11 14:00:00,36.35,36.46,36.16,36.205,302556.0
4825,2021-03-11 15:00:00,36.2,36.265,35.86,35.91,1177582.0
4826,2021-03-11 16:00:00,35.91,35.91,35.91,35.91,28375.0
4827,2021-03-11 17:00:00,35.9,36.3,35.71,35.9,14996.0
4828,2021-03-12 07:00:00,36.2,36.2,36.2,36.2,100.0
4829,2021-03-12 09:00:00,35.51,36.32,35.17,36.32,173054.0
4830,2021-03-12 10:00:00,36.325,36.89,36.295,36.805,673670.0
4831,2021-03-12 11:00:00,36.8,37.4,36.57,37.03,1564532.0
4832,2021-03-12 12:00:00,37.035,37.085,36.73,37.05,712032.0
4833,2021-03-12 13:00:00,37.04,37.05,36.83,36.93,193372.0
4834,2021-03-12 14:00:00,36.94,37.095,36.91,37.055,212446.0
4835,2021-03-12 15:00:00,37.05,37.505,36.945,37.29,1125412.0
4836,2021-03-12 16:00:00,37.27,37.5,36.201,37.38,197629.0
4837,2021-03-12 17:00:00,37.39,37.39,37.39,37.39,700.0
4838,2021-03-12 18:00:00,37.38,37.5,37.38,37.5,2000.0
4839,2021-03-12 19:00:00,37.26,37.26,37.26,37.26,100.0
4840,2021-03-15 09:00:00,38.1181,38.1181,37.1,37.57,284381.0
4841,2021-03-15 10:00:00,37.57,38.22,37.44,38.01,692278.0
4842,2021-03-15 11:00:00,38.01,38.34,37.91,38.24,690044.0
4843,2021-03-15 12:00:00,38.235,38.295,37.99,38.16,578160.0
4844,2021-03-15 13:00:00,38.16,38.505,38.085,38.405,351816.0
4845,2021-03-15 14:00:00,38.4014,38.5,38.14,38.32,633962.0
4846,2021-03-15 15:00:00,38.315,38.82,38.24,38.77,2115180.0
4847,2021-03-15 16:00:00,38.78,38.78,38.78,38.78,23541.0
4848,2021-03-15 17:00:00,38.85,39.6,38.85,39.32,4389.0
4849,2021-03-15 18:00:00,38.75,38.75,38.7,38.7,341.0
4850,2021-03-15 19:00:00,38.52,38.52,38.52,38.52,300.0
4851,2021-03-16 09:00:00,38.44,38.725,38.1,38.66,268433.0
4852,2021-03-16 10:00:00,38.66,39.24,38.66,38.94,655138.0
4853,2021-03-16 11:00:00,38.935,39.14,38.68,39.02,549009.0
4854,2021-03-16 12:00:00,39.0,39.0,38.62,38.705,395360.0
4855,2021-03-16 13:00:00,38.7,38.74,38.445,38.505,264112.0
4856,2021-03-16 14:00:00,38.5,38.71,38.4,38.525,414962.0
4857,2021-03-16 15:00:00,38.52,38.825,38.45,38.73,867633.0
4858,2021-03-16 16:00:00,38.73,38.94,38.53,38.88,161200.0
4859,2021-03-16 18:00:00,38.66,38.66,38.66,38.66,150.0
4860,2021-03-17 08:00:00,38.13,38.25,37.95,37.95,5649.0
4861,2021-03-17 09:00:00,38.7474,38.7474,38.07,38.13,213117.0
4862,2021-03-17 10:00:00,38.12,38.3,37.8,38.01,408043.0
4863,2021-03-17 11:00:00,38.0,38.24,37.7825,38.13,314368.0
4864,2021-03-17 12:00:00,38.14,38.425,38.14,38.19,257129.0
4865,2021-03-17 13:00:00,38.18,38.45,38.015,38.015,283664.0
4866,2021-03-17 14:00:00,38.03,38.83,38.0,38.78,556953.0
4867,2021-03-17 15:00:00,38.79,39.02,38.62,38.975,684450.0
4868,2021-03-17 16:00:00,38.97,39.22,38.8,39.13,64016.0
4869,2021-03-17 18:00:00,39.43,39.43,39.43,39.43,149.0
4870,2021-03-18 09:00:00,38.84,39.22,38.5,38.91,227116.0
4871,2021-03-18 10:00:00,38.89,39.09,38.72,38.99,317669.0
4872,2021-03-18 11:00:00,39.0,39.04,38.72,38.855,271751.0
4873,2021-03-18 12:00:00,38.865,38.865,38.27,38.345,215720.0
4874,2021-03-18 13:00:00,38.34,38.515,38.22,38.425,166573.0
4875,2021-03-18 14:00:00,38.43,38.46,38.0308,38.14,170638.0
4876,2021-03-18 15:00:00,38.15,38.185,37.58,37.64,858102.0
4877,2021-03-18 16:00:00,37.64,37.64,37.64,37.64,25626.0
4878,2021-03-18 17:00:00,38.249,38.249,38.249,38.249,102.0
4879,2021-03-18 18:00:00,37.98,37.98,37.98,37.98,1500.0
4880,2021-03-19 09:00:00,38.25,38.25,37.07,37.47,352877.0
4881,2021-03-19 10:00:00,37.455,37.65,37.07,37.64,339858.0
4882,2021-03-19 11:00:00,37.63,37.685,37.21,37.61,404209.0
4883,2021-03-19 12:00:00,37.62,37.71,37.53,37.61,174334.0
4884,2021-03-19 13:00:00,37.6,37.61,37.4,37.56,166976.0
4885,2021-03-19 14:00:00,37.56,37.63,37.38,37.61,208578.0
4886,2021-03-19 15:00:00,37.61,37.61,37.2,37.21,1508880.0
4887,2021-03-19 16:00:00,37.28,37.28,36.511,37.0,176669.0
4888,2021-03-19 17:00:00,36.99,37.35,36.99,37.11,12333.0
4889,2021-03-19 18:00:00,37.08,37.08,37.01,37.01,350.0
4890,2021-03-22 09:00:00,37.5,37.67,36.8,37.46,163593.0
4891,2021-03-22 10:00:00,37.47,37.7,37.386,37.64,205650.0
4892,2021-03-22 11:00:00,37.625,37.85,37.6,37.73,203168.0
4893,2021-03-22 12:00:00,37.73,37.8083,37.64,37.79,194866.0
4894,2021-03-22 13:00:00,37.79,37.8465,37.735,37.76,92178.0
4895,2021-03-22 14:00:00,37.765,37.85,37.67,37.69,144701.0
4896,2021-03-22 15:00:00,37.685,37.755,37.48,37.54,544242.0
4897,2021-03-22 16:00:00,37.54,37.54,37.54,37.54,24489.0
4898,2021-03-23 09:00:00,37.24,37.335,36.88,37.235,148891.0
4899,2021-03-23 10:00:00,37.22,37.27,36.515,36.7833,306189.0
4900,2021-03-23 11:00:00,36.78,36.94,36.57,36.82,728707.0
4901,2021-03-23 12:00:00,36.82,36.91,36.08,36.25,1020265.0
4902,2021-03-23 13:00:00,36.25,36.52,36.245,36.43,310395.0
4903,2021-03-23 14:00:00,36.43,36.52,36.1,36.105,357903.0
4904,2021-03-23 15:00:00,36.11,36.22,35.85,35.94,1033223.0
4905,2021-03-23 16:00:00,35.94,35.94,35.94,35.94,11262.0
4906,2021-03-24 07:00:00,36.35,36.35,36.35,36.35,199.0
4907,2021-03-24 08:00:00,35.8,35.8,35.8,35.8,200.0
4908,2021-03-24 09:00:00,36.19,36.48,35.98,35.98,197642.0
4909,2021-03-24 10:00:00,35.98,36.19,35.64,36.12,508439.0
4910,2021-03-24 11:00:00,36.13,36.21,35.905,36.17,302080.0
4911,2021-03-24 12:00:00,36.18,36.42,36.11,36.38,233910.0
4912,2021-03-24 13:00:00,36.39,36.39,36.18,36.335,238095.0
4913,2021-03-24 14:00:00,36.335,36.335,35.69,35.77,217465.0
4914,2021-03-24 15:00:00,35.76,35.77,35.44,35.54,1264515.0
4915,2021-03-24 16:00:00,35.52,35.52,35.52,35.52,16573.0
4916,2021-03-24 17:00:00,35.5,35.5,35.5,35.5,1373.0
4917,2021-03-25 05:00:00,35.44,35.48,35.44,35.48,1100.0
4918,2021-03-25 09:00:00,35.38,35.44,34.8,35.125,347360.0
4919,2021-03-25 10:00:00,35.11,35.4,35.04,35.36,341944.0
4920,2021-03-25 11:00:00,35.38,35.97,35.29,35.97,786683.0
4921,2021-03-25 12:00:00,35.97,36.13,35.84,36.07,262272.0
4922,2021-03-25 13:00:00,36.07,36.32,35.95,35.95,453058.0
4923,2021-03-25 14:00:00,35.94,36.1,35.835,36.05,209272.0
4924,2021-03-25 15:00:00,36.04,36.4,36.0,36.25,744151.0
4925,2021-03-25 16:00:00,36.25,36.25,36.25,36.25,14135.0
4926,2021-03-26 09:00:00,36.26,36.41,35.86,36.12,226099.0
4927,2021-03-26 10:00:00,36.155,36.5,36.1,36.29,220773.0
4928,2021-03-26 11:00:00,36.3,36.41,35.97,36.265,602189.0
4929,2021-03-26 12:00:00,36.25,36.41,36.04,36.13,296330.0
4930,2021-03-26 13:00:00,36.12,36.31,35.76,35.82,424063.0
4931,2021-03-26 14:00:00,35.81,35.9,35.37,35.9,393889.0
4932,2021-03-26 15:00:00,35.9,36.18,35.6,36.13,1041828.0
4933,2021-03-26 16:00:00,36.12,36.12,36.12,36.12,25583.0
4934,2021-03-29 09:00:00,35.49,35.97,35.36,35.465,234315.0
4935,2021-03-29 10:00:00,35.46,35.5,35.01,35.01,270699.0
4936,2021-03-29 11:00:00,35.01,35.52,34.78,35.48,268066.0
4937,2021-03-29 12:00:00,35.47,35.82,35.365,35.82,159287.0
4938,2021-03-29 13:00:00,35.82,35.89,35.38,35.5,165608.0
4939,2021-03-29 14:00:00,35.51,35.75,35.44,35.64,145493.0
4940,2021-03-29 15:00:00,35.65,35.78,35.36,35.43,568031.0
4941,2021-03-29 16:00:00,35.42,36.01,35.42,36.01,38559.0
4942,2021-03-30 09:00:00,35.52,35.7641,35.4,35.54,171167.0
4943,2021-03-30 10:00:00,35.56,35.8075,35.325,35.66,218397.0
4944,2021-03-30 11:00:00,35.665,35.75,35.27,35.27,276235.0
4945,2021-03-30 12:00:00,35.28,35.37,35.16,35.3,144602.0
4946,2021-03-30 13:00:00,35.295,35.84,35.24,35.82,285490.0
4947,2021-03-30 14:00:00,35.81,35.81,35.51,35.78,336484.0
4948,2021-03-30 15:00:00,35.78,36.075,35.75,35.87,593109.0
4949,2021-03-30 16:00:00,35.87,35.98,35.73,35.83,88493.0
4950,2021-03-31 09:00:00,35.8,36.2299,35.685,36.02,213052.0
4951,2021-03-31 10:00:00,36.04,36.27,35.95,36.12,338524.0
4952,2021-03-31 11:00:00,36.12,36.47,36.12,36.14,190824.0
4953,2021-03-31 12:00:00,36.13,36.13,35.83,35.875,332188.0
4954,2021-03-31 13:00:00,35.875,35.99,35.81,35.97,158542.0
4955,2021-03-31 14:00:00,35.97,36.49,35.93,36.4,616817.0
4956,2021-03-31 15:00:00,36.4,36.545,36.17,36.19,1010933.0
4957,2021-03-31 16:00:00,36.2,36.2,36.2,36.2,53310.0
4958,2021-03-31 17:00:00,36.11,36.3,36.11,36.24,4930.0
4959,2021-04-01 09:00:00,36.2,36.71,36.01,36.14,237835.0
4960,2021-04-01 10:00:00,36.15,36.43,35.995,36.28,315460.0
4961,2021-04-01 11:00:00,36.29,36.565,36.24,36.555,417606.0
4962,2021-04-01 12:00:00,36.55,36.73,36.48,36.65,325580.0
4963,2021-04-01 13:00:00,36.6416,36.685,36.53,36.6299,364565.0
4964,2021-04-01 14:00:00,36.6224,36.69,36.58,36.62,201171.0
4965,2021-04-01 15:00:00,36.62,36.8,36.5,36.8,664991.0
4966,2021-04-01 16:00:00,36.8,36.8,36.8,36.8,33714.0
4967,2021-04-05 07:00:00,37.0,37.51,37.0,37.47,2125.0
4968,2021-04-05 08:00:00,37.4,37.47,37.4,37.46,700.0
4969,2021-04-05 09:00:00,37.02,37.43,36.86,36.99,159729.0
4970,2021-04-05 10:00:00,37.03,37.91,36.98,37.79,489569.0
4971,2021-04-05 11:00:00,37.76,37.91,37.61,37.615,353378.0
4972,2021-04-05 12:00:00,37.62,37.84,37.41,37.788,204278.0
4973,2021-04-05 13:00:00,37.78,37.95,37.7,37.95,301277.0
4974,2021-04-05 14:00:00,37.95,38.07,37.88,37.975,355236.0
4975,2021-04-05 15:00:00,37.98,38.08,37.65,37.69,875922.0
4976,2021-04-05 16:00:00,37.69,37.69,37.69,37.69,49170.0
4977,2021-04-05 19:00:00,38.0,38.0,38.0,38.0,100.0
4978,2021-04-06 07:00:00,38.0,38.0,37.8,38.0,699.0
4979,2021-04-06 08:00:00,38.0,38.0,38.0,38.0,100.0
4980,2021-04-06 09:00:00,37.542,37.65,37.21,37.56,199450.0
4981,2021-04-06 10:00:00,37.55,37.8,37.43,37.64,255100.0
4982,2021-04-06 11:00:00,37.64,37.73,37.3,37.31,244009.0
4983,2021-04-06 12:00:00,37.32,37.42,37.3,37.385,114492.0
4984,2021-04-06 13:00:00,37.38,37.645,37.33,37.63,361970.0
4985,2021-04-06 14:00:00,37.63,37.75,37.47,37.47,322803.0
4986,2021-04-06 15:00:00,37.46,37.46,37.305,37.43,392353.0
4987,2021-04-06 16:00:00,37.43,37.63,37.43,37.63,37176.0
4988,2021-04-07 07:00:00,37.5,37.5,37.5,37.5,170.0
4989,2021-04-07 08:00:00,37.48,37.5,37.4,37.4,19385.0
4990,2021-04-07 09:00:00,37.4,37.96,37.4,37.89,137024.0
4991,2021-04-07 10:00:00,37.86,38.13,37.69,37.74,251938.0
4992,2021-04-07 11:00:00,37.73,37.73,37.44,37.6,155806.0
4993,2021-04-07 12:00:00,37.61,37.71,37.54,37.68,119280.0
4994,2021-04-07 13:00:00,37.69,37.75,37.52,37.675,160211.0
4995,2021-04-07 14:00:00,37.6717,37.79,37.65,37.73,154472.0
4996,2021-04-07 15:00:00,37.74,37.82,37.64,37.74,508447.0
4997,2021-04-07 16:00:00,37.74,37.74,37.74,37.74,22272.0
4998,2021-04-08 08:00:00,37.7,37.7,37.7,37.7,129.0
4999,2021-04-08 09:00:00,37.81,37.81,37.4546,37.75,165185.0
5000,2021-04-08 10:00:00,37.73,37.75,37.36,37.665,285380.0
5001,2021-04-08 11:00:00,37.67,37.945,37.66,37.94,334536.0
5002,2021-04-08 12:00:00,37.945,38.07,37.87,38.04,203966.0
5003,2021-04-08 13:00:00,38.05,38.08,37.831,37.965,205774.0
5004,2021-04-08 14:00:00,37.96,37.96,37.755,37.8,231803.0
5005,2021-04-08 15:00:00,37.79,37.86,37.65,37.85,614147.0
5006,2021-04-08 16:00:00,37.85,37.85,37.85,37.85,38508.0
5007,2021-04-09 08:00:00,37.86,37.86,37.85,37.85,598.0
5008,2021-04-09 09:00:00,37.78,38.01,37.535,37.64,141208.0
5009,2021-04-09 10:00:00,37.665,37.72,37.22,37.27,215650.0
5010,2021-04-09 11:00:00,37.26,37.44,37.07,37.42,237410.0
5011,2021-04-09 12:00:00,37.41,37.44,37.24,37.33,128183.0
5012,2021-04-09 13:00:00,37.33,37.36,37.25,37.31,111291.0
5013,2021-04-09 14:00:00,37.31,37.5,37.29,37.37,158396.0
5014,2021-04-09 15:00:00,37.37,37.7,37.37,37.56,599426.0
5015,2021-04-09 16:00:00,37.56,37.56,37.56,37.56,99361.0
5016,2021-04-09 17:00:00,37.19,37.19,37.19,37.19,100.0
5017,2021-04-12 09:00:00,37.59,37.98,37.59,37.735,139984.0
5018,2021-04-12 10:00:00,37.735,37.87,37.54,37.87,141391.0
5019,2021-04-12 11:00:00,37.86,37.91,37.67,37.82,188612.0
5020,2021-04-12 12:00:00,37.815,37.92,37.76,37.85,167877.0
5021,2021-04-12 13:00:00,37.85,37.85,37.67,37.78,251047.0
5022,2021-04-12 14:00:00,37.79,38.001,37.77,37.79,241489.0
5023,2021-04-12 15:00:00,37.785,38.0079,37.69,37.95,432422.0
5024,2021-04-12 16:00:00,37.95,37.95,37.95,37.95,22181.0
5025,2021-04-13 08:00:00,37.998,37.998,37.998,37.998,100.0
5026,2021-04-13 09:00:00,37.86,37.95,37.285,37.31,262538.0
5027,2021-04-13 10:00:00,37.31,37.91,37.28,37.83,219573.0
5028,2021-04-13 11:00:00,37.83,37.87,37.55,37.57,137205.0
5029,2021-04-13 12:00:00,37.57,37.69,37.43,37.495,127357.0
5030,2021-04-13 13:00:00,37.495,37.5,37.31,37.39,176112.0
5031,2021-04-13 14:00:00,37.41,37.58,37.365,37.415,124383.0
5032,2021-04-13 15:00:00,37.41,37.53,37.37,37.49,457788.0
5033,2021-04-13 16:00:00,37.49,37.49,37.46,37.49,738098.0
5034,2021-04-14 09:00:00,37.41,37.79,37.25,37.79,177571.0
5035,2021-04-14 10:00:00,37.81,38.15,37.675,38.03,378934.0
5036,2021-04-14 11:00:00,38.03,38.05,37.74,37.74,240240.0
5037,2021-04-14 12:00:00,37.74,37.81,37.66,37.735,165825.0
5038,2021-04-14 13:00:00,37.73,37.73,37.3401,37.355,585128.0
5039,2021-04-14 14:00:00,37.355,37.515,37.27,37.408,302197.0
5040,2021-04-14 15:00:00,37.41,37.69,37.39,37.69,645387.0
5041,2021-04-14 16:00:00,37.68,37.68,37.56,37.68,36774.0
5042,2021-04-15 09:00:00,37.79,38.57,37.59,38.55,322544.0
5043,2021-04-15 10:00:00,38.57,38.705,38.01,38.13,420846.0
5044,2021-04-15 11:00:00,38.13,38.4,37.94,37.97,191488.0
5045,2021-04-15 12:00:00,37.96,37.96,37.76,37.92,173052.0
5046,2021-04-15 13:00:00,37.915,37.95,37.75,37.77,131374.0
5047,2021-04-15 14:00:00,37.765,37.81,37.7,37.765,141780.0
5048,2021-04-15 15:00:00,37.77,37.785,37.57,37.7,525989.0
5049,2021-04-15 16:00:00,37.7,37.7,37.7,37.7,147852.0
5050,2021-04-15 17:00:00,37.77,37.77,37.77,37.77,100.0
5051,2021-04-16 07:00:00,37.7,37.7,37.7,37.7,510.0
5052,2021-04-16 08:00:00,37.7,37.7,37.7,37.7,398.0
5053,2021-04-16 09:00:00,37.73,37.95,37.68,37.74,167623.0
5054,2021-04-16 10:00:00,37.74,37.98,37.531,37.5315,155670.0
5055,2021-04-16 11:00:00,37.55,37.81,37.55,37.67,121511.0
5056,2021-04-16 12:00:00,37.675,37.73,37.58,37.68,64755.0
5057,2021-04-16 13:00:00,37.675,37.77,37.61,37.745,139137.0
5058,2021-04-16 14:00:00,37.74,37.91,37.74,37.87,160260.0
5059,2021-04-16 15:00:00,37.87,38.09,37.87,38.01,556982.0
5060,2021-04-16 16:00:00,38.01,38.01,38.01,38.01,29931.0
5061,2021-04-19 09:00:00,37.82,38.03,37.64,37.93,83294.0
5062,2021-04-19 10:00:00,37.92,38.22,37.78,37.91,218270.0
5063,2021-04-19 11:00:00,37.91,37.935,37.34,37.37,289937.0
5064,2021-04-19 12:00:00,37.3626,37.48,37.02,37.12,199296.0
5065,2021-04-19 13:00:00,37.11,37.37,37.11,37.32,137544.0
5066,2021-04-19 14:00:00,37.32,37.38,37.15,37.21,131485.0
5067,2021-04-19 15:00:00,37.21,37.215,36.87,36.99,628663.0
5068,2021-04-19 16:00:00,37.0,37.0,37.0,37.0,103361.0
5069,2021-04-20 07:00:00,37.0,37.0,37.0,37.0,150.0
5070,2021-04-20 09:00:00,37.0,37.07,36.78,36.99,181889.0
5071,2021-04-20 10:00:00,36.99,37.0,36.25,36.455,281839.0
5072,2021-04-20 11:00:00,36.45,36.635,36.31,36.63,227699.0
5073,2021-04-20 12:00:00,36.635,36.76,36.51,36.645,195782.0
5074,2021-04-20 13:00:00,36.64,36.745,36.6,36.74,178967.0
5075,2021-04-20 14:00:00,36.73,36.8268,36.665,36.67,151664.0
5076,2021-04-20 15:00:00,36.7,37.08,36.69,36.9,661137.0
5077,2021-04-20 16:00:00,36.89,36.89,36.89,36.89,12862.0
5078,2021-04-21 09:00:00,37.38,38.54,36.84,38.53,1006195.0
5079,2021-04-21 10:00:00,38.53,39.08,38.41,38.83,1588766.0
5080,2021-04-21 11:00:00,38.835,39.72,38.595,39.68,1568145.0
5081,2021-04-21 12:00:00,39.68,40.2623,39.6646,39.975,1825046.0
5082,2021-04-21 13:00:00,39.97,40.65,39.97,40.615,1856919.0
5083,2021-04-21 14:00:00,40.615,41.7,40.61,41.14,2955123.0
5084,2021-04-21 15:00:00,41.15,41.475,40.76,40.93,3918597.0
5085,2021-04-21 16:00:00,40.94,40.94,40.6,40.6,49345.0
5086,2021-04-21 17:00:00,40.94,40.94,40.94,40.94,112.0
5087,2021-04-21 18:00:00,40.81,40.81,40.64,40.64,3116.0
5088,2021-04-21 19:00:00,40.79,41.34,40.79,41.0,4631.0
5089,2021-04-22 07:00:00,41.1,41.5,41.1,41.5,986.0
5090,2021-04-22 08:00:00,41.5075,41.5075,40.94,41.1,1457.0
5091,2021-04-22 09:00:00,41.0,42.34,40.94,42.0599,1452068.0
5092,2021-04-22 10:00:00,42.03,42.105,41.62,41.9517,1406292.0
5093,2021-04-22 11:00:00,41.945,42.56,41.85,42.33,1319076.0
5094,2021-04-22 12:00:00,42.3318,42.465,42.11,42.425,813640.0
5095,2021-04-22 13:00:00,42.42,42.47,41.6,41.78,863183.0
5096,2021-04-22 14:00:00,41.77,42.02,41.66,41.95,850080.0
5097,2021-04-22 15:00:00,41.96,42.0886,41.685,41.96,1792157.0
5098,2021-04-22 16:00:00,41.96,41.96,41.96,41.96,24545.0
5099,2021-04-22 17:00:00,41.9,41.9,41.9,41.9,1650.0
5100,2021-04-22 19:00:00,42.0999,42.0999,42.0999,42.0999,100.0
5101,2021-04-23 07:00:00,42.98,42.98,42.98,42.98,500.0
5102,2021-04-23 08:00:00,41.75,41.96,41.75,41.96,384.0
5103,2021-04-23 09:00:00,41.98,42.3199,41.55,41.64,338099.0
5104,2021-04-23 10:00:00,41.655,41.76,41.375,41.745,512484.0
5105,2021-04-23 11:00:00,41.745,42.59,41.45,42.57,531703.0
5106,2021-04-23 12:00:00,42.58,42.76,42.5,42.695,640945.0
5107,2021-04-23 13:00:00,42.7,42.715,42.55,42.71,410879.0
5108,2021-04-23 14:00:00,42.71,42.915,42.66,42.82,463114.0
5109,2021-04-23 15:00:00,42.825,42.835,42.43,42.48,1110692.0
5110,2021-04-23 16:00:00,42.48,42.48,42.48,42.48,102674.0
5111,2021-04-26 09:00:00,42.5,42.6212,42.26,42.62,230115.0
5112,2021-04-26 10:00:00,42.582,43.23,42.58,42.69,356861.0
5113,2021-04-26 11:00:00,42.65,42.7515,42.485,42.66,269823.0
5114,2021-04-26 12:00:00,42.66,42.805,42.6,42.79,219692.0
5115,2021-04-26 13:00:00,42.785,42.84,42.55,42.79,277807.0
5116,2021-04-26 14:00:00,42.785,43.15,42.775,43.02,408491.0
5117,2021-04-26 15:00:00,43.01,43.16,42.94,43.06,657837.0
5118,2021-04-26 16:00:00,43.08,43.08,43.08,43.08,19618.0
5119,2021-04-26 17:00:00,43.05,43.05,43.05,43.05,1097.0
5120,2021-04-26 18:00:00,43.0,43.0,43.0,43.0,400.0
5121,2021-04-27 07:00:00,43.0,43.0,43.0,43.0,100.0
5122,2021-04-27 08:00:00,43.05,43.05,43.05,43.05,477.0
5123,2021-04-27 09:00:00,43.0,43.45,42.565,42.85,651868.0
5124,2021-04-27 10:00:00,42.81,42.89,42.33,42.5,890250.0
5125,2021-04-27 11:00:00,42.51,42.64,42.29,42.505,557901.0
5126,2021-04-27 12:00:00,42.51,42.54,42.26,42.35,350260.0
5127,2021-04-27 13:00:00,42.35,42.55,42.31,42.405,385682.0
5128,2021-04-27 14:00:00,42.405,42.42,42.265,42.38,488785.0
5129,2021-04-27 15:00:00,42.39,42.6,42.315,42.45,1154796.0
5130,2021-04-27 16:00:00,42.46,42.46,42.01,42.01,23698.0
5131,2021-04-27 17:00:00,42.46,42.46,42.46,42.46,3822.0
5132,2021-04-28 09:00:00,42.73,42.73,41.97,42.12,338509.0
5133,2021-04-28 10:00:00,42.18,42.225,41.88,41.98,414520.0
5134,2021-04-28 11:00:00,41.99,42.0299,41.7,41.79,298578.0
5135,2021-04-28 12:00:00,41.8,41.84,41.56,41.73,307151.0
5136,2021-04-28 13:00:00,41.71,41.8,41.57,41.59,306834.0
5137,2021-04-28 14:00:00,41.6,41.769,41.48,41.76,333307.0
5138,2021-04-28 15:00:00,41.75,41.875,41.48,41.61,1060684.0
5139,2021-04-28 16:00:00,41.59,41.59,41.11,41.59,17484.0
5140,2021-04-28 18:00:00,41.59,41.59,41.59,41.59,2800.0
5141,2021-04-29 08:00:00,42.0,42.0,41.275,41.275,403.0
5142,2021-04-29 09:00:00,42.0,42.64,41.74,42.3641,558019.0
5143,2021-04-29 10:00:00,42.4,43.2299,42.2601,42.375,657893.0
5144,2021-04-29 11:00:00,42.36,45.0,41.885,44.6701,3444658.0
5145,2021-04-29 12:00:00,44.6701,44.9,44.03,44.79,1522552.0
5146,2021-04-29 13:00:00,44.78,44.99,44.5,44.825,792557.0
5147,2021-04-29 14:00:00,44.83,45.17,44.71,44.92,1113728.0
5148,2021-04-29 15:00:00,44.92,45.08,44.67,45.05,1730972.0
5149,2021-04-29 16:00:00,45.05,45.15,44.95,45.05,26908.0
5150,2021-04-29 17:00:00,44.53,44.53,44.53,44.53,200.0
5151,2021-04-30 08:00:00,44.53,44.53,44.53,44.53,100.0
5152,2021-04-30 09:00:00,44.72,45.13,44.12,44.97,394815.0
5153,2021-04-30 10:00:00,44.96,45.12,44.66,44.81,444465.0
5154,2021-04-30 11:00:00,44.81,45.64,44.78,45.59,398593.0
5155,2021-04-30 12:00:00,45.6,45.86,45.42,45.505,1209702.0
5156,2021-04-30 13:00:00,45.51,45.51,44.81,44.86,634421.0
5157,2021-04-30 14:00:00,44.85,45.13,44.75,45.115,1004631.0
5158,2021-04-30 15:00:00,45.12,45.125,44.62,44.79,837412.0
5159,2021-04-30 16:00:00,44.79,45.0,44.79,45.0,134325.0
5160,2021-04-30 17:00:00,44.75,44.75,44.75,44.75,200.0
5161,2021-04-30 19:00:00,44.45,44.45,44.45,44.45,200.0
5162,2021-05-03 09:00:00,45.43,45.5,44.52,44.61,260924.0
5163,2021-05-03 10:00:00,44.59,44.66,44.37,44.45,320011.0
5164,2021-05-03 11:00:00,44.45,44.89,44.42,44.83,237233.0
5165,2021-05-03 12:00:00,44.82,45.07,44.805,44.93,198975.0
5166,2021-05-03 13:00:00,44.93,45.12,44.85,44.91,351773.0
5167,2021-05-03 14:00:00,44.9,45.045,44.77,44.83,210916.0
5168,2021-05-03 15:00:00,44.826,44.826,44.39,44.45,692870.0
5169,2021-05-03 16:00:00,44.45,44.65,44.45,44.65,20915.0
5170,2021-05-04 07:00:00,44.25,44.25,44.24,44.24,301.0
5171,2021-05-04 09:00:00,44.002,44.56,43.87,44.14,173733.0
5172,2021-05-04 10:00:00,44.14,44.79,44.06,44.51,269955.0
5173,2021-05-04 11:00:00,44.515,44.77,44.01,44.17,326095.0
5174,2021-05-04 12:00:00,44.16,44.4,44.14,44.37,261307.0
5175,2021-05-04 13:00:00,44.36,44.92,44.325,44.79,201902.0
5176,2021-05-04 14:00:00,44.79,45.65,44.74,45.57,1139216.0
5177,2021-05-04 15:00:00,45.57,46.15,45.2356,45.99,1731924.0
5178,2021-05-04 16:00:00,45.97,46.03,45.97,46.02,21561.0
5179,2021-05-04 19:00:00,46.05,46.05,46.05,46.05,218.0
5180,2021-05-05 07:00:00,46.23,46.23,46.23,46.23,359.0
5181,2021-05-05 08:00:00,46.23,46.58,46.23,46.58,1663.0
5182,2021-05-05 09:00:00,46.29,46.33,45.61,46.055,392325.0
5183,2021-05-05 10:00:00,46.08,46.08,45.32,45.4147,393577.0
5184,2021-05-05 11:00:00,45.35,45.63,45.19,45.57,290835.0
5185,2021-05-05 12:00:00,45.58,45.775,45.48,45.5,444586.0
5186,2021-05-05 13:00:00,45.5,46.13,45.5,46.08,424324.0
5187,2021-05-05 14:00:00,46.08,46.41,45.9801,46.365,1244821.0
5188,2021-05-05 15:00:00,46.365,46.47,45.78,45.81,918612.0
5189,2021-05-05 16:00:00,45.82,46.33,45.81,46.33,96513.0
5190,2021-05-05 17:00:00,45.98,45.98,45.87,45.87,1164.0
5191,2021-05-05 18:00:00,45.35,45.35,45.31,45.31,898.0
5192,2021-05-06 09:00:00,46.15,46.48,45.7,45.75,169066.0
5193,2021-05-06 10:00:00,45.74,45.815,45.21,45.51,314836.0
5194,2021-05-06 11:00:00,45.52,45.79,45.38,45.55,241375.0
5195,2021-05-06 12:00:00,45.55,45.81,45.48,45.66,162264.0
5196,2021-05-06 13:00:00,45.66,45.91,45.58,45.58,689990.0
5197,2021-05-06 14:00:00,45.59,45.64,45.325,45.46,273990.0
5198,2021-05-06 15:00:00,45.48,45.97,45.44,45.92,648832.0
5199,2021-05-06 16:00:00,45.93,45.93,45.88,45.88,7866.0
5200,2021-05-07 09:00:00,46.08,46.7062,45.89,46.51,469448.0
5201,2021-05-07 10:00:00,46.55,46.94,46.51,46.88,272828.0
5202,2021-05-07 11:00:00,46.86,46.93,46.47,46.47,273398.0
5203,2021-05-07 12:00:00,46.44,46.73,46.44,46.56,222766.0
5204,2021-05-07 13:00:00,46.57,46.84,46.56,46.7,300898.0
5205,2021-05-07 14:00:00,46.69,46.89,46.61,46.69,204182.0
5206,2021-05-07 15:00:00,46.69,46.719,46.44,46.53,570257.0
5207,2021-05-07 16:00:00,46.53,46.76,46.53,46.59,159700.0
5208,2021-05-07 17:00:00,47.13,47.13,47.13,47.13,1102.0
5209,2021-05-10 07:00:00,46.6,46.6,46.53,46.6,74000.0
5210,2021-05-10 09:00:00,46.79,47.05,46.24,46.93,310048.0
5211,2021-05-10 10:00:00,46.8801,47.02,46.53,46.65,332659.0
5212,2021-05-10 11:00:00,46.63,47.0,46.58,46.91,200373.0
5213,2021-05-10 12:00:00,46.89,46.91,46.63,46.66,103046.0
5214,2021-05-10 13:00:00,46.64,46.76,46.52,46.575,211981.0
5215,2021-05-10 14:00:00,46.565,46.7044,46.41,46.54,372862.0
5216,2021-05-10 15:00:00,46.53,46.655,46.45,46.47,759420.0
5217,2021-05-10 16:00:00,46.46,47.86,45.78,46.46,24577.0
5218,2021-05-11 04:00:00,46.4,46.4,46.4,46.4,189.0
5219,2021-05-11 07:00:00,45.81,45.81,45.0,45.7,3586.0
5220,2021-05-11 08:00:00,45.28,45.7,45.28,45.4,3090.0
5221,2021-05-11 09:00:00,45.4,46.18,44.03,46.105,277043.0
5222,2021-05-11 10:00:00,46.12,46.23,45.66,46.13,671248.0
5223,2021-05-11 11:00:00,46.13,46.56,46.0599,46.29,228480.0
5224,2021-05-11 12:00:00,46.29,46.29,45.8,45.9,202844.0
5225,2021-05-11 13:00:00,45.89,46.345,45.67,46.21,200086.0
5226,2021-05-11 14:00:00,46.23,46.41,46.09,46.26,174092.0
5227,2021-05-11 15:00:00,46.27,46.52,46.12,46.22,445803.0
5228,2021-05-11 16:00:00,46.23,46.23,46.23,46.23,14187.0
5229,2021-05-12 08:00:00,46.2546,46.2546,46.2546,46.2546,599.0
5230,2021-05-12 09:00:00,46.18,46.27,45.48,45.655,391953.0
5231,2021-05-12 10:00:00,45.68,45.94,45.24,45.38,325957.0
5232,2021-05-12 11:00:00,45.395,45.49,44.8,44.9172,275074.0
5233,2021-05-12 12:00:00,44.91,44.94,44.46,44.72,337289.0
5234,2021-05-12 13:00:00,44.74,45.01,44.69,44.82,401289.0
5235,2021-05-12 14:00:00,44.84,45.09,44.71,44.95,197860.0
5236,2021-05-12 15:00:00,44.94,44.96,44.31,44.47,733634.0
5237,2021-05-12 16:00:00,44.46,44.95,44.21,44.21,6303.0
5238,2021-05-13 09:00:00,44.91,45.54,44.4,45.24,273756.0
5239,2021-05-13 10:00:00,45.25,45.46,45.15,45.32,349656.0
5240,2021-05-13 11:00:00,45.325,45.38,45.05,45.11,302048.0
5241,2021-05-13 12:00:00,45.12,45.23,44.815,44.9,235569.0
5242,2021-05-13 13:00:00,44.89,44.98,44.44,44.65,239070.0
5243,2021-05-13 14:00:00,44.66,45.04,44.66,44.78,340802.0
5244,2021-05-13 15:00:00,44.79,45.03,44.61,44.62,802697.0
5245,2021-05-13 16:00:00,44.62,45.23,44.46,44.98,227643.0
5246,2021-05-14 08:00:00,44.62,45.399,44.62,45.3,502.0
5247,2021-05-14 09:00:00,45.01,45.19,44.74,45.0899,93955.0
5248,2021-05-14 10:00:00,45.08,45.4,45.035,45.32,145869.0
5249,2021-05-14 11:00:00,45.3,45.49,45.19,45.43,201521.0
5250,2021-05-14 12:00:00,45.46,45.6,45.36,45.59,131756.0
5251,2021-05-14 13:00:00,45.6,45.82,45.5501,45.77,322929.0
5252,2021-05-14 14:00:00,45.78,45.955,45.71,45.9,178993.0
5253,2021-05-14 15:00:00,45.9,45.94,45.64,45.8,524442.0
5254,2021-05-14 16:00:00,45.82,45.82,45.63,45.82,16294.0
5255,2021-05-14 19:00:00,45.5,45.5,45.5,45.5,110.0
5256,2021-05-17 07:00:00,45.47,45.47,45.47,45.47,100.0
5257,2021-05-17 08:00:00,45.2023,45.46,45.2023,45.46,587.0
5258,2021-05-17 09:00:00,46.02,46.09,45.39,45.47,122323.0
5259,2021-05-17 10:00:00,45.49,45.61,45.145,45.36,279371.0
5260,2021-05-17 11:00:00,45.37,45.4397,44.9,45.05,485980.0
5261,2021-05-17 12:00:00,45.045,45.18,44.95,44.96,160329.0
5262,2021-05-17 13:00:00,44.95,45.04,44.74,45.02,175665.0
5263,2021-05-17 14:00:00,45.02,45.21,44.96,45.12,302532.0
5264,2021-05-17 15:00:00,45.12,45.39,44.96,45.18,575389.0
5265,2021-05-17 16:00:00,45.2,45.2,44.99,45.2,136338.0
5266,2021-05-17 19:00:00,45.2,45.2,45.2,45.2,825.0
5267,2021-05-18 09:00:00,45.14,45.4618,44.6,44.7,237853.0
5268,2021-05-18 10:00:00,44.68,45.2,44.57,45.09,279061.0
5269,2021-05-18 11:00:00,45.1037,45.2,44.75,44.765,249005.0
5270,2021-05-18 12:00:00,44.75,44.77,44.595,44.65,122164.0
5271,2021-05-18 13:00:00,44.655,44.85,44.645,44.66,92567.0
5272,2021-05-18 14:00:00,44.67,44.715,44.34,44.5,120133.0
5273,2021-05-18 15:00:00,44.5,44.67,44.32,44.35,672705.0
5274,2021-05-18 16:00:00,44.35,44.46,44.27,44.27,8494.0
5275,2021-05-18 18:00:00,44.27,44.27,44.27,44.27,200.0
5276,2021-05-18 19:00:00,44.27,44.27,44.27,44.27,462.0
5277,2021-05-19 04:00:00,44.07,44.07,44.07,44.07,100.0
5278,2021-05-19 07:00:00,43.8,43.8,43.8,43.8,150.0
5279,2021-05-19 08:00:00,43.92,43.92,43.9,43.9,3497.0
5280,2021-05-19 09:00:00,44.05,44.075,43.04,43.46,320502.0
5281,2021-05-19 10:00:00,43.45,43.46,42.86,43.03,361169.0
5282,2021-05-19 11:00:00,43.04,43.24,42.92,43.2,278326.0
5283,2021-05-19 12:00:00,43.19,43.2535,43.03,43.08,223570.0
5284,2021-05-19 13:00:00,43.07,43.22,43.02,43.1,259624.0
5285,2021-05-19 14:00:00,43.11,43.2425,42.72,42.72,442095.0
5286,2021-05-19 15:00:00,42.72,43.217,42.695,43.15,902539.0
5287,2021-05-19 16:00:00,43.15,43.15,43.15,43.15,10406.0
5288,2021-05-19 17:00:00,42.0,42.0,42.0,42.0,111.0
5289,2021-05-20 09:00:00,44.8309,44.84,42.85,43.7,235623.0
5290,2021-05-20 10:00:00,43.66,43.85,43.47,43.83,172508.0
5291,2021-05-20 11:00:00,43.85,44.11,43.67,44.11,335301.0
5292,2021-05-20 12:00:00,44.1199,44.2799,43.9487,44.11,939348.0
5293,2021-05-20 13:00:00,44.07,44.18,43.78,43.82,364994.0
5294,2021-05-20 14:00:00,43.81,43.8894,43.71,43.845,490240.0
5295,2021-05-20 15:00:00,43.845,44.23,43.74,44.05,896272.0
5296,2021-05-20 16:00:00,44.05,44.51,44.02,44.02,22296.0
5297,2021-05-20 19:00:00,43.91,43.91,43.91,43.91,100.0
5298,2021-05-21 07:00:00,44.47,44.47,44.47,44.47,200.0
5299,2021-05-21 09:00:00,45.4,45.69,44.33,44.64,404367.0
5300,2021-05-21 10:00:00,44.675,44.675,44.185,44.3,188996.0
5301,2021-05-21 11:00:00,44.295,44.39,44.09,44.145,379787.0
5302,2021-05-21 12:00:00,44.15,44.23,44.04,44.095,146818.0
5303,2021-05-21 13:00:00,44.095,44.19,44.03,44.07,158932.0
5304,2021-05-21 14:00:00,44.08,44.34,44.08,44.3199,202498.0
5305,2021-05-21 15:00:00,44.318,44.325,44.0,44.05,561475.0
5306,2021-05-21 16:00:00,44.05,44.05,44.0,44.0,148534.0
5307,2021-05-24 07:00:00,44.46,44.46,44.46,44.46,200.0
5308,2021-05-24 08:00:00,44.1,44.1,44.1,44.1,200.0
5309,2021-05-24 09:00:00,44.15,44.335,44.0,44.283,110168.0
5310,2021-05-24 10:00:00,44.29,44.62,44.29,44.39,182557.0
5311,2021-05-24 11:00:00,44.4,44.491,44.32,44.37,150023.0
5312,2021-05-24 12:00:00,44.3783,44.5,44.33,44.36,202023.0
5313,2021-05-24 13:00:00,44.36,44.57,44.3,44.57,176905.0
5314,2021-05-24 14:00:00,44.56,44.62,44.4,44.56,274493.0
5315,2021-05-24 15:00:00,44.555,44.6,44.41,44.43,366826.0
5316,2021-05-24 16:00:00,44.42,44.42,44.42,44.42,96460.0
5317,2021-05-25 09:00:00,44.44,44.71,44.17,44.21,128959.0
5318,2021-05-25 10:00:00,44.21,44.312,43.95,44.0,141165.0
5319,2021-05-25 11:00:00,43.985,44.0,43.61,43.68,252217.0
5320,2021-05-25 12:00:00,43.68,43.85,43.58,43.81,229496.0
5321,2021-05-25 13:00:00,43.8,43.85,43.585,43.6,137982.0
5322,2021-05-25 14:00:00,43.61,43.64,43.4,43.42,224936.0
5323,2021-05-25 15:00:00,43.41,43.49,43.27,43.36,603556.0
5324,2021-05-25 16:00:00,43.35,43.5,43.1,43.35,78154.0
5325,2021-05-26 09:00:00,43.43,43.84,43.25,43.66,126517.0
5326,2021-05-26 10:00:00,43.667,43.98,43.47,43.9175,235734.0
5327,2021-05-26 11:00:00,43.92,43.96,43.69,43.81,163264.0
5328,2021-05-26 12:00:00,43.805,43.945,43.75,43.925,115104.0
5329,2021-05-26 13:00:00,43.93,43.98,43.785,43.8,185123.0
5330,2021-05-26 14:00:00,43.805,43.98,43.79,43.95,187973.0
5331,2021-05-26 15:00:00,43.95,44.03,43.83,43.98,548296.0
5332,2021-05-26 16:00:00,43.99,43.99,43.99,43.99,16106.0
5333,2021-05-26 18:00:00,44.11,44.11,44.11,44.11,612.0
5334,2021-05-27 08:00:00,43.95,43.95,43.95,43.95,12058.0
5335,2021-05-27 09:00:00,44.03,44.43,44.03,44.33,117315.0
5336,2021-05-27 10:00:00,44.34,44.38,43.99,44.09,274033.0
5337,2021-05-27 11:00:00,44.075,44.22,44.02,44.2,169680.0
5338,2021-05-27 12:00:00,44.2,44.27,44.1,44.13,177349.0
5339,2021-05-27 13:00:00,44.13,44.32,44.09,44.32,207410.0
5340,2021-05-27 14:00:00,44.315,44.98,44.19,44.85,1040387.0
5341,2021-05-27 15:00:00,44.83,44.878,44.495,44.54,1232948.0
5342,2021-05-27 16:00:00,44.54,44.6,44.46,44.59,437079.0
5343,2021-05-27 17:00:00,44.6,44.65,44.6,44.65,490.0
5344,2021-05-28 08:00:00,44.65,44.65,44.65,44.65,1120.0
5345,2021-05-28 09:00:00,44.835,44.85,44.2001,44.42,146433.0
5346,2021-05-28 10:00:00,44.34,44.355,43.98,44.14,188263.0
5347,2021-05-28 11:00:00,44.13,44.31,44.01,44.04,90515.0
5348,2021-05-28 12:00:00,44.04,44.19,43.98,44.01,268860.0
5349,2021-05-28 13:00:00,44.0,44.02,43.79,43.8,280101.0
5350,2021-05-28 14:00:00,43.8,43.895,43.68,43.68,311940.0
5351,2021-05-28 15:00:00,43.69,43.76,43.47,43.52,1095298.0
5352,2021-05-28 16:00:00,43.52,43.52,43.3,43.35,521657.0
5353,2021-05-28 17:00:00,43.35,43.35,43.35,43.35,100.0
5354,2021-05-28 18:00:00,43.52,43.52,43.52,43.52,230.0
5355,2021-06-01 07:00:00,43.52,43.6,43.36,43.6,3383.0
5356,2021-06-01 08:00:00,43.73,43.73,43.73,43.73,7150.0
5357,2021-06-01 09:00:00,43.6001,44.43,43.6001,44.43,246553.0
5358,2021-06-01 10:00:00,44.45,44.63,43.79,43.83,269107.0
5359,2021-06-01 11:00:00,43.84,43.99,43.65,43.71,201021.0
5360,2021-06-01 12:00:00,43.72,43.9,43.66,43.85,179598.0
5361,2021-06-01 13:00:00,43.86,43.905,43.7,43.82,173998.0
5362,2021-06-01 14:00:00,43.83,44.05,43.8,43.968,174305.0
5363,2021-06-01 15:00:00,43.96,43.97,43.83,43.85,375003.0
5364,2021-06-01 16:00:00,43.86,44.26,43.86,43.86,33022.0
5365,2021-06-02 09:00:00,43.86,44.49,43.86,44.285,215747.0
5366,2021-06-02 10:00:00,44.29,44.41,43.97,44.41,197398.0
5367,2021-06-02 11:00:00,44.42,44.99,44.4,44.97,434860.0
5368,2021-06-02 12:00:00,44.98,45.5,44.9,45.315,474586.0
5369,2021-06-02 13:00:00,45.32,45.465,45.115,45.13,501601.0
5370,2021-06-02 14:00:00,45.12,46.29,45.06,45.73,1343138.0
5371,2021-06-02 15:00:00,45.74,46.08,45.41,45.48,1583997.0
5372,2021-06-02 16:00:00,45.48,46.3,45.41,45.97,27218.0
5373,2021-06-02 18:00:00,45.99,45.99,45.99,45.99,300.0
5374,2021-06-02 19:00:00,45.99,45.99,45.99,45.99,100.0
5375,2021-06-03 05:00:00,45.68,45.68,45.68,45.68,150.0
5376,2021-06-03 07:00:00,45.5,45.5,45.2,45.2,2162.0
5377,2021-06-03 08:00:00,45.0,45.02,44.55,44.9,5612.0
5378,2021-06-03 09:00:00,44.9,45.09,44.18,44.51,215749.0
5379,2021-06-03 10:00:00,44.49,44.9781,44.46,44.815,301113.0
5380,2021-06-03 11:00:00,44.8,44.885,44.62,44.67,236872.0
5381,2021-06-03 12:00:00,44.67,44.68,44.41,44.5,121942.0
5382,2021-06-03 13:00:00,44.51,44.75,44.4,44.59,326216.0
5383,2021-06-03 14:00:00,44.59,44.65,44.39,44.605,175909.0
5384,2021-06-03 15:00:00,44.6,44.955,44.59,44.89,638678.0
5385,2021-06-03 16:00:00,44.89,44.89,44.79,44.79,45955.0
5386,2021-06-03 18:00:00,44.42,44.42,44.42,44.42,100.0
5387,2021-06-04 07:00:00,44.67,44.67,44.67,44.67,100.0
5388,2021-06-04 08:00:00,44.9,45.45,44.9,45.45,1328.0
5389,2021-06-04 09:00:00,44.89,45.46,44.89,45.2,210242.0
5390,2021-06-04 10:00:00,45.195,45.195,44.94,44.945,186618.0
5391,2021-06-04 11:00:00,44.935,45.11,44.85,44.955,214223.0
5392,2021-06-04 12:00:00,44.9452,45.32,44.935,45.31,134052.0
5393,2021-06-04 13:00:00,45.31,45.42,45.21,45.23,161841.0
5394,2021-06-04 14:00:00,45.23,45.23,45.11,45.12,136060.0
5395,2021-06-04 15:00:00,45.12,45.15,45.01,45.11,552579.0
5396,2021-06-04 16:00:00,45.11,45.47,45.1,45.1,17637.0
5397,2021-06-04 17:00:00,45.2,45.2,45.2,45.2,100.0
5398,2021-06-07 07:00:00,45.25,45.83,45.25,45.83,624.0
5399,2021-06-07 09:00:00,45.7695,45.77,45.12,45.75,155700.0
5400,2021-06-07 10:00:00,45.77,45.97,45.5,45.62,516369.0
5401,2021-06-07 11:00:00,45.61,45.63,45.175,45.235,304047.0
5402,2021-06-07 12:00:00,45.23,45.25,45.05,45.11,169533.0
5403,2021-06-07 13:00:00,45.12,45.24,44.915,45.18,227778.0
5404,2021-06-07 14:00:00,45.18,45.49,45.16,45.16,466629.0
5405,2021-06-07 15:00:00,45.15,45.225,44.975,45.04,558447.0
5406,2021-06-07 16:00:00,45.03,45.66,45.01,45.03,21482.0
5407,2021-06-07 19:00:00,45.1,45.1,45.1,45.1,500.0
5408,2021-06-08 09:00:00,45.01,45.23,43.31,43.61,748009.0
5409,2021-06-08 10:00:00,43.59,44.19,43.4301,43.75,934701.0
5410,2021-06-08 11:00:00,43.745,43.82,43.28,43.6746,378042.0
5411,2021-06-08 12:00:00,43.67,43.78,43.625,43.72,171910.0
5412,2021-06-08 13:00:00,43.71,43.83,43.49,43.57,303020.0
5413,2021-06-08 14:00:00,43.58,43.7,43.39,43.4,340275.0
5414,2021-06-08 15:00:00,43.405,43.72,43.235,43.57,890043.0
5415,2021-06-08 16:00:00,43.58,43.9,43.23,43.5,22549.0
5416,2021-06-08 17:00:00,43.99,43.99,43.52,43.52,535.0
5417,2021-06-09 06:00:00,42.91,42.92,42.91,42.91,1215.0
5418,2021-06-09 07:00:00,42.99,42.99,42.5,42.5,2115.0
5419,2021-06-09 08:00:00,42.75,43.07,42.27,42.45,5281.0
5420,2021-06-09 09:00:00,42.4501,42.7,41.61,42.06,1012569.0
5421,2021-06-09 10:00:00,42.06,42.28,41.23,41.405,1223653.0
5422,2021-06-09 11:00:00,41.405,41.545,40.6,40.685,1453715.0
5423,2021-06-09 12:00:00,40.67,41.21,40.42,41.165,1109865.0
5424,2021-06-09 13:00:00,41.16,41.24,40.95,41.05,866616.0
5425,2021-06-09 14:00:00,41.045,41.21,40.81,40.81,483190.0
5426,2021-06-09 15:00:00,40.8018,40.89,40.42,40.44,2057860.0
5427,2021-06-09 16:00:00,40.44,41.01,40.11,40.5,57189.0
5428,2021-06-09 17:00:00,40.4999,40.4999,40.4999,40.4999,500.0
5429,2021-06-09 18:00:00,40.5,40.57,40.5,40.57,424.0
5430,2021-06-10 08:00:00,40.44,40.44,40.44,40.44,200.0
5431,2021-06-10 09:00:00,40.45,40.82,40.1369,40.64,372423.0
5432,2021-06-10 10:00:00,40.64,40.88,40.16,40.27,682251.0
5433,2021-06-10 11:00:00,40.285,40.35,40.15,40.19,345486.0
5434,2021-06-10 12:00:00,40.2,40.39,39.97,40.37,218561.0
5435,2021-06-10 13:00:00,40.37,40.55,40.26,40.41,514939.0
5436,2021-06-10 14:00:00,40.4,40.455,40.26,40.285,181778.0
5437,2021-06-10 15:00:00,40.28,40.3,40.01,40.06,543409.0
5438,2021-06-10 16:00:00,40.06,40.06,40.06,40.06,12215.0
5439,2021-06-10 17:00:00,40.06,40.06,40.06,40.06,100.0
5440,2021-06-10 18:00:00,40.01,40.01,40.01,40.01,250.0
5441,2021-06-11 08:00:00,40.3143,40.3143,40.3143,40.3143,250.0
5442,2021-06-11 09:00:00,40.18,40.415,40.155,40.415,149733.0
5443,2021-06-11 10:00:00,40.435,40.51,40.0943,40.1,232553.0
5444,2021-06-11 11:00:00,40.09,40.1299,39.96,39.96,182927.0
5445,2021-06-11 12:00:00,39.96,39.99,39.84,39.95,184377.0
5446,2021-06-11 13:00:00,39.945,40.1,39.8701,40.01,170199.0
5447,2021-06-11 14:00:00,40.02,40.07,39.9,39.92,232640.0
5448,2021-06-11 15:00:00,39.95,40.1,39.945,40.08,386220.0
5449,2021-06-11 16:00:00,40.07,40.07,40.07,40.07,10528.0
5450,2021-06-11 18:00:00,40.0,40.0,40.0,40.0,101.0
5451,2021-06-14 09:00:00,40.05,40.25,39.89,39.98,259543.0
5452,2021-06-14 10:00:00,39.99,40.14,39.865,39.97,298609.0
5453,2021-06-14 11:00:00,39.96,40.02,39.63,39.634,184788.0
5454,2021-06-14 12:00:00,39.635,40.0,39.56,39.87,236111.0
5455,2021-06-14 13:00:00,39.865,40.0,39.85,39.92,149224.0
5456,2021-06-14 14:00:00,39.92,40.1,39.91,40.1,171976.0
5457,2021-06-14 15:00:00,40.11,40.145,39.91,40.03,576871.0
5458,2021-06-14 16:00:00,40.03,40.09,40.01,40.09,18533.0
5459,2021-06-15 09:00:00,40.03,40.28,39.76,39.82,329340.0
5460,2021-06-15 10:00:00,39.84,40.21,39.62,39.69,439247.0
5461,2021-06-15 11:00:00,39.69,39.915,39.6,39.6,134690.0
5462,2021-06-15 12:00:00,39.6,39.86,39.59,39.79,119327.0
5463,2021-06-15 13:00:00,39.8,40.0,39.8,39.97,127961.0
5464,2021-06-15 14:00:00,39.975,40.09,39.95,40.03,131291.0
5465,2021-06-15 15:00:00,40.02,40.31,40.02,40.16,503646.0
5466,2021-06-15 16:00:00,40.16,40.47,40.16,40.16,86564.0
5467,2021-06-15 18:00:00,40.25,40.25,40.25,40.25,315.0
5468,2021-06-16 07:00:00,40.79,40.97,40.79,40.97,838.0
5469,2021-06-16 08:00:00,40.85,41.3,40.79,41.15,9219.0
5470,2021-06-16 09:00:00,41.1,42.14,40.73,41.23,937617.0
5471,2021-06-16 10:00:00,41.22,41.3518,41.0,41.3465,630761.0
5472,2021-06-16 11:00:00,41.34,41.77,41.34,41.51,535137.0
5473,2021-06-16 12:00:00,41.52,41.73,41.18,41.26,463913.0
5474,2021-06-16 13:00:00,41.25,41.571,41.18,41.29,368312.0
5475,2021-06-16 14:00:00,41.28,41.33,40.86,41.165,382398.0
5476,2021-06-16 15:00:00,41.165,41.49,41.13,41.23,737071.0
5477,2021-06-16 16:00:00,41.23,41.3,41.23,41.23,23744.0
5478,2021-06-16 17:00:00,41.23,41.23,41.23,41.23,120.0
5479,2021-06-16 18:00:00,41.23,41.23,41.23,41.23,100.0
5480,2021-06-17 07:00:00,40.9,40.9,40.9,40.9,465.0
5481,2021-06-17 09:00:00,41.09,41.52,41.08,41.48,255295.0
5482,2021-06-17 10:00:00,41.49,41.81,41.43,41.52,355192.0
5483,2021-06-17 11:00:00,41.555,41.57,41.01,41.02,250073.0
5484,2021-06-17 12:00:00,41.02,41.06,40.6872,40.92,220311.0
5485,2021-06-17 13:00:00,40.92,41.37,40.92,41.2499,251101.0
5486,2021-06-17 14:00:00,41.25,41.35,40.98,41.01,182558.0
5487,2021-06-17 15:00:00,41.01,41.31,41.0,41.16,551259.0
5488,2021-06-17 16:00:00,41.16,41.16,41.0,41.0,11027.0
5489,2021-06-18 09:00:00,40.77,40.79,40.17,40.3,330488.0
5490,2021-06-18 10:00:00,40.3,40.5219,40.08,40.19,299937.0
5491,2021-06-18 11:00:00,40.2,40.53,40.13,40.49,280139.0
5492,2021-06-18 12:00:00,40.48,40.56,40.425,40.47,104073.0
5493,2021-06-18 13:00:00,40.47,40.5,40.25,40.27,112746.0
5494,2021-06-18 14:00:00,40.27,40.37,40.04,40.06,156253.0
5495,2021-06-18 15:00:00,40.05,40.27,39.99,40.04,682783.0
5496,2021-06-18 16:00:00,40.04,40.04,39.95,39.95,29499.0
5497,2021-06-18 17:00:00,39.96,39.96,39.96,39.96,197.0
5498,2021-06-18 19:00:00,39.87,40.0499,39.87,40.0499,10500.0
5499,2021-06-21 08:00:00,40.1,40.1,40.06,40.09,350.0
5500,2021-06-21 09:00:00,40.42,40.92,40.26,40.845,144230.0
5501,2021-06-21 10:00:00,40.8456,41.21,40.78,41.02,285378.0
5502,2021-06-21 11:00:00,41.02,41.03,40.77,40.95,121663.0
5503,2021-06-21 12:00:00,40.95,40.98,40.8482,40.9,87738.0
5504,2021-06-21 13:00:00,40.9,41.05,40.74,40.74,524152.0
5505,2021-06-21 14:00:00,40.75,41.14,40.75,41.065,337283.0
5506,2021-06-21 15:00:00,41.06,41.07,40.88,40.97,461783.0
5507,2021-06-21 16:00:00,40.98,41.1099,40.98,41.1099,9501.0
5508,2021-06-21 19:00:00,41.23,41.23,41.1,41.1,1100.0
5509,2021-06-22 09:00:00,41.04,41.05,40.68,40.76,81170.0
5510,2021-06-22 10:00:00,40.76,40.85,40.61,40.64,166593.0
5511,2021-06-22 11:00:00,40.64,40.78,40.47,40.51,162855.0
5512,2021-06-22 12:00:00,40.54,40.7,40.54,40.6647,130616.0
5513,2021-06-22 13:00:00,40.67,40.76,40.67,40.74,78180.0
5514,2021-06-22 14:00:00,40.745,40.755,40.66,40.68,140193.0
5515,2021-06-22 15:00:00,40.675,40.96,40.675,40.75,410427.0
5516,2021-06-22 16:00:00,40.76,40.77,40.75,40.76,137403.0
5517,2021-06-23 09:00:00,40.7709,41.06,40.625,40.7,98354.0
5518,2021-06-23 10:00:00,40.72,40.94,40.53,40.67,179322.0
5519,2021-06-23 11:00:00,40.68,40.68,40.51,40.55,115338.0
5520,2021-06-23 12:00:00,40.545,40.6,40.44,40.47,88570.0
5521,2021-06-23 13:00:00,40.47,40.69,40.43,40.67,81145.0
5522,2021-06-23 14:00:00,40.66,40.77,40.415,40.445,165078.0
5523,2021-06-23 15:00:00,40.43,40.58,40.38,40.45,506286.0
5524,2021-06-23 16:00:00,40.45,40.45,40.45,40.45,46107.0
5525,2021-06-24 09:00:00,40.51,40.82,40.495,40.65,127457.0
5526,2021-06-24 10:00:00,40.63,40.905,40.49,40.87,247893.0
5527,2021-06-24 11:00:00,40.87,41.0399,40.79,40.8589,132455.0
5528,2021-06-24 12:00:00,40.86,41.005,40.805,41.0,79110.0
5529,2021-06-24 13:00:00,40.99,41.1,40.925,41.04,131641.0
5530,2021-06-24 14:00:00,41.04,41.23,41.04,41.17,147084.0
5531,2021-06-24 15:00:00,41.16,41.3,41.145,41.19,514761.0
5532,2021-06-24 16:00:00,41.19,41.29,41.19,41.29,50431.0
5533,2021-06-24 17:00:00,41.2,41.2,41.2,41.2,100.0
5534,2021-06-25 09:00:00,41.1,41.75,41.01,41.71,187094.0
5535,2021-06-25 10:00:00,41.71,42.33,41.62,42.11,377257.0
5536,2021-06-25 11:00:00,42.11,42.34,42.075,42.175,237434.0
5537,2021-06-25 12:00:00,42.18,42.92,42.12,42.55,447890.0
5538,2021-06-25 13:00:00,42.54,42.78,42.51,42.61,452740.0
5539,2021-06-25 14:00:00,42.615,42.615,42.49,42.525,258081.0
5540,2021-06-25 15:00:00,42.525,42.62,42.18,42.42,636451.0
5541,2021-06-25 16:00:00,42.41,43.0,42.41,42.41,17566.0
5542,2021-06-28 04:00:00,41.31,41.31,41.31,41.31,302.0
5543,2021-06-28 09:00:00,42.38,42.38,41.7757,42.015,149456.0
5544,2021-06-28 10:00:00,42.02,42.04,41.63,41.68,353439.0
5545,2021-06-28 11:00:00,41.7,41.72,41.33,41.5,265130.0
5546,2021-06-28 12:00:00,41.5,41.85,41.45,41.68,430537.0
5547,2021-06-28 13:00:00,41.68,41.79,41.532,41.76,114391.0
5548,2021-06-28 14:00:00,41.76,41.9,41.73,41.74,99004.0
5549,2021-06-28 15:00:00,41.75,41.82,41.65,41.75,418433.0
5550,2021-06-28 16:00:00,41.75,41.76,41.75,41.75,20642.0
5551,2021-06-29 09:00:00,41.69,42.03,41.63,41.71,73432.0
5552,2021-06-29 10:00:00,41.72,41.96,41.61,41.84,413286.0
5553,2021-06-29 11:00:00,41.83,42.18,41.81,42.17,236741.0
5554,2021-06-29 12:00:00,42.16,42.36,42.09,42.2,435422.0
5555,2021-06-29 13:00:00,42.21,42.32,42.07,42.12,448324.0
5556,2021-06-29 14:00:00,42.13,42.23,41.89,42.025,373255.0
5557,2021-06-29 15:00:00,42.02,42.1,41.71,41.73,502853.0
5558,2021-06-29 16:00:00,41.73,42.03,41.73,41.76,17291.0
5559,2021-06-30 09:00:00,41.7439,41.76,41.33,41.505,73643.0
5560,2021-06-30 10:00:00,41.52,41.69,41.37,41.43,131667.0
5561,2021-06-30 11:00:00,41.41,41.455,41.23,41.37,225478.0
5562,2021-06-30 12:00:00,41.375,41.565,41.36,41.515,124246.0
5563,2021-06-30 13:00:00,41.5,41.56,41.44,41.5,96482.0
5564,2021-06-30 14:00:00,41.5,41.64,41.495,41.629,165349.0
5565,2021-06-30 15:00:00,41.62,41.94,41.55,41.79,604106.0
5566,2021-06-30 16:00:00,41.8,41.8,41.8,41.8,31003.0
5567,2021-06-30 18:00:00,41.8,41.8,41.8,41.8,250.0
5568,2021-07-01 08:00:00,41.8,41.8,41.8,41.8,200.0
5569,2021-07-01 09:00:00,42.072,42.35,41.96,42.25,97233.0
5570,2021-07-01 10:00:00,42.2378,42.79,42.2,42.4,460003.0
5571,2021-07-01 11:00:00,42.38,42.68,42.349,42.65,184701.0
5572,2021-07-01 12:00:00,42.66,42.76,42.56,42.72,174371.0
5573,2021-07-01 13:00:00,42.73,42.81,42.59,42.615,167194.0
5574,2021-07-01 14:00:00,42.615,42.67,42.53,42.63,98676.0
5575,2021-07-01 15:00:00,42.635,42.81,42.44,42.45,1115542.0
5576,2021-07-01 16:00:00,42.44,42.44,41.75,41.75,21332.0
5577,2021-07-02 09:00:00,42.33,42.44,42.08,42.1,68103.0
5578,2021-07-02 10:00:00,42.09,42.37,42.08,42.36,110311.0
5579,2021-07-02 11:00:00,42.38,42.38,42.25,42.33,101479.0
5580,2021-07-02 12:00:00,42.32,42.52,42.28,42.47,89076.0
5581,2021-07-02 13:00:00,42.49,42.58,42.425,42.445,76353.0
5582,2021-07-02 14:00:00,42.44,42.52,42.395,42.44,120260.0
5583,2021-07-02 15:00:00,42.44,42.685,42.435,42.56,342308.0
5584,2021-07-02 16:00:00,42.58,42.58,42.58,42.58,7914.0
5585,2021-07-06 09:00:00,42.47,42.47,41.81,41.83,100927.0
5586,2021-07-06 10:00:00,41.83,41.83,41.11,41.18,300205.0
5587,2021-07-06 11:00:00,41.1642,41.695,41.09,41.45,607913.0
5588,2021-07-06 12:00:00,41.44,41.48,41.365,41.44,216317.0
5589,2021-07-06 13:00:00,41.44,41.71,41.43,41.675,176477.0
5590,2021-07-06 14:00:00,41.67,41.89,41.64,41.83,161608.0
5591,2021-07-06 15:00:00,41.835,41.89,41.69,41.71,580883.0
5592,2021-07-06 16:00:00,41.73,41.73,41.73,41.73,32711.0
5593,2021-07-06 17:00:00,41.8,41.8,41.8,41.8,2000.0
5594,2021-07-07 09:00:00,41.8,41.82,41.23,41.25,79389.0
5595,2021-07-07 10:00:00,41.22,41.35,40.94,41.26,218184.0
5596,2021-07-07 11:00:00,41.29,41.58,41.27,41.33,149984.0
5597,2021-07-07 12:00:00,41.34,41.43,41.08,41.1,130905.0
5598,2021-07-07 13:00:00,41.11,41.33,41.08,41.21,105359.0
5599,2021-07-07 14:00:00,41.22,41.36,41.11,41.13,126837.0
5600,2021-07-07 15:00:00,41.13,41.26,40.87,40.91,654472.0
5601,2021-07-07 16:00:00,41.01,41.01,40.91,40.91,6784.0
5602,2021-07-08 07:00:00,40.91,40.91,40.91,40.91,930.0
5603,2021-07-08 08:00:00,40.91,40.91,40.3755,40.3755,1892.0
5604,2021-07-08 09:00:00,40.99,40.99,39.95,40.59,163112.0
5605,2021-07-08 10:00:00,40.57,40.69,40.33,40.56,230193.0
5606,2021-07-08 11:00:00,40.56,41.06,40.54,40.875,407682.0
5607,2021-07-08 12:00:00,40.875,41.15,40.78,41.14,170496.0
5608,2021-07-08 13:00:00,41.15,41.16,40.735,40.87,180093.0
5609,2021-07-08 14:00:00,40.89,40.92,40.61,40.66,129078.0
5610,2021-07-08 15:00:00,40.65,40.72,40.37,40.49,651587.0
5611,2021-07-08 16:00:00,40.45,40.45,40.45,40.45,16102.0
5612,2021-07-09 09:00:00,40.79,41.08,40.7,40.98,141839.0
5613,2021-07-09 10:00:00,40.99,41.16,40.91,40.935,277216.0
5614,2021-07-09 11:00:00,40.935,41.58,40.89,41.5,1822028.0
5615,2021-07-09 12:00:00,41.4902,41.62,41.42,41.6,171777.0
5616,2021-07-09 13:00:00,41.605,41.79,41.4826,41.72,252537.0
5617,2021-07-09 14:00:00,41.7229,41.81,41.57,41.575,162734.0
5618,2021-07-09 15:00:00,41.58,41.66,41.46,41.5,909350.0
5619,2021-07-09 16:00:00,41.5,41.5,41.22,41.37,15808.0
5620,2021-07-09 17:00:00,41.47,41.5,41.47,41.48,6200.0
5621,2021-07-12 08:00:00,41.22,41.22,41.22,41.22,4096.0
5622,2021-07-12 09:00:00,41.39,41.45,41.04,41.1,104738.0
5623,2021-07-12 10:00:00,41.1,41.56,41.1,41.17,430272.0
5624,2021-07-12 11:00:00,41.16,41.27,41.0,41.2,125551.0
5625,2021-07-12 12:00:00,41.19,41.31,41.14,41.14,79831.0
5626,2021-07-12 13:00:00,41.13,41.27,41.09,41.25,175955.0
5627,2021-07-12 14:00:00,41.25,41.33,41.22,41.28,144213.0
5628,2021-07-12 15:00:00,41.27,41.36,41.25,41.29,496858.0
5629,2021-07-12 16:00:00,41.3,41.3,41.3,41.3,3355.0
5630,2021-07-13 08:00:00,41.31,41.31,41.31,41.31,100.0
5631,2021-07-13 09:00:00,41.3,41.48,41.12,41.21,115744.0
5632,2021-07-13 10:00:00,41.21,41.25,40.87,40.9101,124124.0
5633,2021-07-13 11:00:00,40.9223,41.005,40.76,40.76,147080.0
5634,2021-07-13 12:00:00,40.77,40.885,40.645,40.66,118882.0
5635,2021-07-13 13:00:00,40.665,40.679,40.32,40.44,215628.0
5636,2021-07-13 14:00:00,40.43,40.53,40.31,40.405,295433.0
5637,2021-07-13 15:00:00,40.39,40.39,40.17,40.24,560769.0
5638,2021-07-13 16:00:00,40.25,40.25,40.25,40.25,36899.0
5639,2021-07-14 09:00:00,40.45,40.77,40.45,40.61,72525.0
5640,2021-07-14 10:00:00,40.63,40.748,40.51,40.565,111924.0
5641,2021-07-14 11:00:00,40.55,40.55,40.16,40.2,194263.0
5642,2021-07-14 12:00:00,40.23,40.53,40.23,40.53,129567.0
5643,2021-07-14 13:00:00,40.54,40.63,40.52,40.54,114901.0
5644,2021-07-14 14:00:00,40.53,40.67,40.51,40.51,100361.0
5645,2021-07-14 15:00:00,40.52,40.615,40.305,40.4,301550.0
5646,2021-07-14 16:00:00,40.39,40.44,40.39,40.39,11010.0
5647,2021-07-15 09:00:00,40.13,40.35,40.0,40.35,135515.0
5648,2021-07-15 10:00:00,40.34,40.45,39.94,40.13,291269.0
5649,2021-07-15 11:00:00,40.12,40.14,39.976,40.015,103333.0
5650,2021-07-15 12:00:00,40.02,40.17,39.93,39.93,100636.0
5651,2021-07-15 13:00:00,39.92,39.94,39.67,39.67,172372.0
5652,2021-07-15 14:00:00,39.66,39.87,39.6,39.83,120791.0
5653,2021-07-15 15:00:00,39.82,39.92,39.69,39.9,498920.0
5654,2021-07-15 16:00:00,39.91,39.91,39.91,39.91,11675.0
5655,2021-07-16 09:00:00,39.95,40.3,39.95,40.14,122683.0
5656,2021-07-16 10:00:00,40.18,40.28,39.98,40.25,148231.0
5657,2021-07-16 11:00:00,40.26,40.37,40.11,40.25,96611.0
5658,2021-07-16 12:00:00,40.25,40.25,40.03,40.09,201330.0
5659,2021-07-16 13:00:00,40.08,40.11,39.59,39.59,123684.0
5660,2021-07-16 14:00:00,39.58,39.65,39.46,39.495,136317.0
5661,2021-07-16 15:00:00,39.49,39.49,39.28,39.44,453533.0
5662,2021-07-16 16:00:00,39.45,39.45,39.45,39.45,16989.0
5663,2021-07-16 17:00:00,39.53,39.53,39.53,39.53,112.0
5664,2021-07-19 06:00:00,39.43,39.43,39.43,39.43,400.0
5665,2021-07-19 09:00:00,38.99,39.55,38.79,39.22,418043.0
5666,2021-07-19 10:00:00,39.21,39.33,38.74,39.245,288369.0
5667,2021-07-19 11:00:00,39.2455,39.74,39.19,39.62,277218.0
5668,2021-07-19 12:00:00,39.61,39.61,39.15,39.225,231884.0
5669,2021-07-19 13:00:00,39.23,39.59,38.8701,38.9,272893.0
5670,2021-07-19 14:00:00,38.91,39.11,38.84,38.9662,266447.0
5671,2021-07-19 15:00:00,38.965,39.06,38.71,39.06,910799.0
5672,2021-07-19 16:00:00,39.04,39.43,39.04,39.43,16653.0
5673,2021-07-20 08:00:00,39.78,39.78,38.9,39.52,8200.0
5674,2021-07-20 09:00:00,39.17,40.19,39.04,40.1,229591.0
5675,2021-07-20 10:00:00,40.085,40.99,39.96,40.96,803318.0
5676,2021-07-20 11:00:00,40.97,41.475,40.905,41.41,602909.0
5677,2021-07-20 12:00:00,41.4071,41.52,41.24,41.28,256675.0
5678,2021-07-20 13:00:00,41.3,41.32,40.81,40.86,261136.0
5679,2021-07-20 14:00:00,40.87,41.0399,40.8,40.92,268489.0
5680,2021-07-20 15:00:00,40.915,41.07,40.78,40.86,693882.0
5681,2021-07-20 16:00:00,40.87,40.87,40.87,40.87,26452.0
5682,2021-07-21 09:00:00,40.8795,41.73,40.8795,41.63,71959.0
5683,2021-07-21 10:00:00,41.64,41.76,41.42,41.51,475088.0
5684,2021-07-21 11:00:00,41.51,42.12,41.4,42.12,194538.0
5685,2021-07-21 12:00:00,42.12,42.1801,41.93,41.98,184416.0
5686,2021-07-21 13:00:00,41.99,42.075,41.86,42.02,169529.0
5687,2021-07-21 14:00:00,42.05,42.18,41.82,41.95,278154.0
5688,2021-07-21 15:00:00,41.94,42.05,41.81,41.82,952115.0
5689,2021-07-21 16:00:00,41.83,41.8819,41.83,41.8819,26153.0
5690,2021-07-22 09:00:00,41.64,41.77,41.16,41.74,177075.0
5691,2021-07-22 10:00:00,41.7465,41.97,41.61,41.62,235839.0
5692,2021-07-22 11:00:00,41.615,41.66,41.19,41.29,156281.0
5693,2021-07-22 12:00:00,41.295,41.8,41.25,41.7547,210108.0
5694,2021-07-22 13:00:00,41.75,42.08,41.75,41.99,201909.0
5695,2021-07-22 14:00:00,41.97,42.02,41.84,42.02,204705.0
5696,2021-07-22 15:00:00,42.015,42.13,41.86,41.93,622258.0
5697,2021-07-22 16:00:00,41.92,41.92,41.82,41.82,11681.0
5698,2021-07-23 08:00:00,41.76,42.25,41.76,42.0,4069.0
5699,2021-07-23 09:00:00,42.07,42.15,41.42,41.63,73697.0
5700,2021-07-23 10:00:00,41.63,41.815,41.53,41.64,140558.0
5701,2021-07-23 11:00:00,41.63,41.69,41.41,41.58,175487.0
5702,2021-07-23 12:00:00,41.58,41.7,41.47,41.5,92738.0
5703,2021-07-23 13:00:00,41.5,41.53,41.36,41.48,106740.0
5704,2021-07-23 14:00:00,41.47,41.63,41.44,41.62,91107.0
5705,2021-07-23 15:00:00,41.6331,41.81,41.6,41.68,264464.0
5706,2021-07-23 16:00:00,41.68,41.68,41.68,41.68,5996.0
5707,2021-07-26 09:00:00,41.94,42.88,41.9,42.78,237834.0
5708,2021-07-26 10:00:00,42.75,43.41,42.715,43.1822,424522.0
5709,2021-07-26 11:00:00,43.19,43.235,42.56,42.76,365458.0
5710,2021-07-26 12:00:00,42.74,42.75,42.46,42.65,165066.0
5711,2021-07-26 13:00:00,42.65,42.65,42.41,42.45,169678.0
5712,2021-07-26 14:00:00,42.44,42.5,42.32,42.39,190684.0
5713,2021-07-26 15:00:00,42.41,42.82,42.39,42.7,625479.0
5714,2021-07-26 16:00:00,42.7,42.7,42.65,42.65,7007.0
5715,2021-07-27 09:00:00,42.57,42.7,42.19,42.54,134181.0
5716,2021-07-27 10:00:00,42.55,42.84,42.53,42.78,301843.0
5717,2021-07-27 11:00:00,42.76,42.87,42.43,42.66,462155.0
5718,2021-07-27 12:00:00,42.64,42.725,42.54,42.66,118329.0
5719,2021-07-27 13:00:00,42.66,42.715,42.45,42.6,230962.0
5720,2021-07-27 14:00:00,42.6,42.71,42.53,42.69,157461.0
5721,2021-07-27 15:00:00,42.69,42.895,42.65,42.87,513435.0
5722,2021-07-27 16:00:00,42.87,42.95,42.72,42.78,21033.0
5723,2021-07-27 18:00:00,42.7,42.7,42.7,42.7,500.0
5724,2021-07-27 19:00:00,42.7,42.7,42.7,42.7,800.0
5725,2021-07-28 09:00:00,42.8792,43.25,42.66,42.73,96812.0
5726,2021-07-28 10:00:00,42.74,42.77,42.21,42.56,191187.0
5727,2021-07-28 11:00:00,42.55,42.75,42.475,42.6,115032.0
5728,2021-07-28 12:00:00,42.605,42.67,42.35,42.4,148648.0
5729,2021-07-28 13:00:00,42.41,42.5,42.23,42.28,480946.0
5730,2021-07-28 14:00:00,42.25,42.64,42.14,42.58,550905.0
5731,2021-07-28 15:00:00,42.58,42.839,42.33,42.39,608186.0
5732,2021-07-28 16:00:00,42.39,42.39,42.39,42.39,13011.0
5733,2021-07-29 09:00:00,42.25,42.88,42.25,42.43,67679.0
5734,2021-07-29 10:00:00,42.36,42.75,42.27,42.75,85133.0
5735,2021-07-29 11:00:00,42.78,43.18,42.6,42.78,341657.0
5736,2021-07-29 12:00:00,42.77,42.77,42.47,42.47,58089.0
5737,2021-07-29 13:00:00,42.47,42.555,42.4,42.46,71666.0
5738,2021-07-29 14:00:00,42.485,42.51,42.291,42.351,76912.0
5739,2021-07-29 15:00:00,42.36,42.36,42.18,42.21,304469.0
5740,2021-07-29 16:00:00,42.21,42.21,42.21,42.21,13994.0
5741,2021-07-29 17:00:00,42.21,42.21,42.21,42.21,342.0
5742,2021-07-30 08:00:00,41.83,41.92,41.83,41.9,3628.0
5743,2021-07-30 09:00:00,41.87,42.5,41.7,42.41,123953.0
5744,2021-07-30 10:00:00,42.39,42.51,42.24,42.425,298599.0
5745,2021-07-30 11:00:00,42.41,42.505,42.06,42.13,410199.0
5746,2021-07-30 12:00:00,42.12,42.27,42.0824,42.0824,125092.0
5747,2021-07-30 13:00:00,42.1,42.25,41.98,42.105,104683.0
5748,2021-07-30 14:00:00,42.11,42.115,41.79,41.84,117272.0
5749,2021-07-30 15:00:00,41.85,41.95,41.79,41.86,375318.0
5750,2021-07-30 16:00:00,41.89,41.89,41.89,41.89,21454.0
5751,2021-08-02 09:00:00,42.01,42.635,41.93,42.16,157152.0
5752,2021-08-02 10:00:00,42.145,42.34,41.59,41.61,180231.0
5753,2021-08-02 11:00:00,41.61,41.72,41.36,41.36,151958.0
5754,2021-08-02 12:00:00,41.37,41.69,41.36,41.665,105637.0
5755,2021-08-02 13:00:00,41.67,41.73,41.63,41.64,119653.0
5756,2021-08-02 14:00:00,41.63,41.9,41.605,41.87,143296.0
5757,2021-08-02 15:00:00,41.87,41.885,41.625,41.68,413265.0
5758,2021-08-02 16:00:00,41.69,41.69,41.69,41.69,9332.0
5759,2021-08-03 09:00:00,42.02,42.1,40.77,41.14,145791.0
5760,2021-08-03 10:00:00,41.14,41.62,41.075,41.32,137867.0
5761,2021-08-03 11:00:00,41.32,41.93,41.31,41.82,117086.0
5762,2021-08-03 12:00:00,41.82,41.89,41.61,41.72,125164.0
5763,2021-08-03 13:00:00,41.73,41.85,41.67,41.83,97392.0
5764,2021-08-03 14:00:00,41.82,41.88,41.71,41.84,85404.0
5765,2021-08-03 15:00:00,41.825,42.075,41.81,42.0,333841.0
5766,2021-08-03 16:00:00,42.0,42.0,42.0,42.0,4601.0
5767,2021-08-04 09:00:00,41.75,41.76,41.14,41.41,102009.0
5768,2021-08-04 10:00:00,41.42,41.715,41.4,41.62,233709.0
5769,2021-08-04 11:00:00,41.62,41.745,41.48,41.49,134082.0
5770,2021-08-04 12:00:00,41.51,41.53,41.241,41.241,125998.0
5771,2021-08-04 13:00:00,41.24,41.34,41.21,41.33,92262.0
5772,2021-08-04 14:00:00,41.34,41.49,41.34,41.485,90937.0
5773,2021-08-04 15:00:00,41.489,41.61,41.39,41.5,393630.0
5774,2021-08-04 16:00:00,41.51,41.51,41.51,41.51,13291.0
5775,2021-08-05 07:00:00,41.19,41.19,40.95,40.95,500.0
5776,2021-08-05 09:00:00,41.66,41.92,41.55,41.6,104823.0
5777,2021-08-05 10:00:00,41.605,41.775,41.47,41.76,150212.0
5778,2021-08-05 11:00:00,41.77,41.93,41.685,41.72,131038.0
5779,2021-08-05 12:00:00,41.72,41.85,41.64,41.79,129798.0
5780,2021-08-05 13:00:00,41.79,41.97,41.73,41.89,136304.0
5781,2021-08-05 14:00:00,41.88,41.94,41.82,41.83,133849.0
5782,2021-08-05 15:00:00,41.83,41.91,41.79,41.84,235747.0
5783,2021-08-05 16:00:00,41.84,41.84,41.84,41.84,21336.0
5784,2021-08-06 09:00:00,42.01,42.37,41.815,42.14,128240.0
5785,2021-08-06 10:00:00,42.13,42.25,41.88,42.015,324065.0
5786,2021-08-06 11:00:00,42.01,42.11,41.8801,42.105,146878.0
5787,2021-08-06 12:00:00,42.09,42.2,42.031,42.15,117942.0
5788,2021-08-06 13:00:00,42.15,42.15,41.98,42.05,96143.0
5789,2021-08-06 14:00:00,42.045,42.05,41.84,41.845,162584.0
5790,2021-08-06 15:00:00,41.86,42.08,41.82,42.0,505826.0
5791,2021-08-06 16:00:00,41.97,41.97,41.97,41.97,5517.0
5792,2021-08-09 07:00:00,42.1,42.1,42.1,42.1,125.0
5793,2021-08-09 08:00:00,42.5,42.5,42.5,42.5,302.0
5794,2021-08-09 09:00:00,41.73,42.73,41.0,42.18,197994.0
5795,2021-08-09 10:00:00,42.07,42.4,41.56,42.38,226932.0
5796,2021-08-09 11:00:00,42.385,42.39,42.18,42.37,117655.0
5797,2021-08-09 12:00:00,42.37,42.73,42.34,42.65,225511.0
5798,2021-08-09 13:00:00,42.63,42.84,42.57,42.61,352888.0
5799,2021-08-09 14:00:00,42.6199,42.705,42.36,42.38,259021.0
5800,2021-08-09 15:00:00,42.365,42.39,42.205,42.24,490871.0
5801,2021-08-09 16:00:00,42.25,42.25,42.25,42.25,15399.0
5802,2021-08-09 17:00:00,42.85,42.85,42.85,42.85,208.0
5803,2021-08-09 18:00:00,41.83,41.83,41.83,41.83,207.0
5804,2021-08-09 19:00:00,42.84,42.84,42.84,42.84,137.0
5805,2021-08-10 09:00:00,42.25,42.88,41.56,42.719,613136.0
5806,2021-08-10 10:00:00,42.72,43.18,42.64,43.09,319657.0
5807,2021-08-10 11:00:00,43.1,43.79,43.01,43.731,308160.0
5808,2021-08-10 12:00:00,43.74,43.86,43.43,43.5671,264108.0
5809,2021-08-10 13:00:00,43.57,43.61,43.23,43.26,214687.0
5810,2021-08-10 14:00:00,43.25,43.3,42.92,43.055,438780.0
5811,2021-08-10 15:00:00,43.06,43.2,42.82,43.14,849969.0
5812,2021-08-10 16:00:00,43.15,43.15,43.15,43.15,48774.0
5813,2021-08-11 08:00:00,43.19,43.19,43.19,43.19,222.0
5814,2021-08-11 09:00:00,43.15,43.39,42.86,43.31,129396.0
5815,2021-08-11 10:00:00,43.3,43.5,43.05,43.41,127077.0
5816,2021-08-11 11:00:00,43.42,43.44,42.85,43.01,171175.0
5817,2021-08-11 12:00:00,42.99,43.1,42.925,43.03,80390.0
5818,2021-08-11 13:00:00,43.04,43.4,43.03,43.28,194642.0
5819,2021-08-11 14:00:00,43.271,43.32,43.18,43.245,146078.0
5820,2021-08-11 15:00:00,43.25,43.635,43.245,43.6,424775.0
5821,2021-08-11 16:00:00,43.58,43.58,43.21,43.5,12393.0
5822,2021-08-12 09:00:00,43.58,43.67,43.07,43.15,201238.0
5823,2021-08-12 10:00:00,43.165,43.26,42.96,43.12,121796.0
5824,2021-08-12 11:00:00,43.1,43.11,42.71,42.96,200481.0
5825,2021-08-12 12:00:00,42.96,43.17,42.91,43.17,101740.0
5826,2021-08-12 13:00:00,43.19,43.19,43.0034,43.14,83423.0
5827,2021-08-12 14:00:00,43.14,43.24,43.091,43.211,94269.0
5828,2021-08-12 15:00:00,43.21,43.24,43.09,43.1,259060.0
5829,2021-08-12 16:00:00,43.11,43.11,43.11,43.11,17456.0
5830,2021-08-13 07:00:00,43.2,43.2,43.2,43.2,100.0
5831,2021-08-13 09:00:00,43.14,43.205,42.53,42.64,46660.0
5832,2021-08-13 10:00:00,42.64,42.83,42.585,42.71,209356.0
5833,2021-08-13 11:00:00,42.73,42.93,42.7,42.911,89345.0
5834,2021-08-13 12:00:00,42.92,42.961,42.79,42.84,44175.0
5835,2021-08-13 13:00:00,42.84,42.84,42.78,42.81,46434.0
5836,2021-08-13 14:00:00,42.81,42.81,42.625,42.685,71864.0
5837,2021-08-13 15:00:00,42.68,42.77,42.65,42.76,514427.0
5838,2021-08-13 16:00:00,42.74,42.74,42.74,42.74,18299.0
5839,2021-08-13 19:00:00,42.69,42.69,42.69,42.69,150.0
5840,2021-08-16 09:00:00,42.3,42.5,40.98,42.08,134823.0
5841,2021-08-16 10:00:00,42.07,42.9,42.02,42.82,203177.0
5842,2021-08-16 11:00:00,42.8,42.9,42.535,42.6,132762.0
5843,2021-08-16 12:00:00,42.59,42.765,42.54,42.75,88090.0
5844,2021-08-16 13:00:00,42.74,42.93,42.69,42.92,93383.0
5845,2021-08-16 14:00:00,42.93,43.08,42.86,43.04,303650.0
5846,2021-08-16 15:00:00,43.04,43.19,43.025,43.16,345137.0
5847,2021-08-16 16:00:00,43.13,43.13,43.13,43.13,19881.0
5848,2021-08-17 09:00:00,42.87,43.71,42.74,43.43,576166.0
5849,2021-08-17 10:00:00,43.42,43.89,43.2401,43.26,223772.0
5850,2021-08-17 11:00:00,43.255,43.26,42.9,43.12,85552.0
5851,2021-08-17 12:00:00,43.115,43.24,42.4,42.42,212747.0
5852,2021-08-17 13:00:00,42.42,42.89,42.41,42.81,108355.0
5853,2021-08-17 14:00:00,42.82,43.03,42.82,43.02,73826.0
5854,2021-08-17 15:00:00,43.01,43.13,42.885,43.11,257407.0
5855,2021-08-17 16:00:00,43.12,43.12,43.12,43.12,11959.0
5856,2021-08-18 09:00:00,43.1355,43.3,42.53,43.3,56967.0
5857,2021-08-18 10:00:00,43.27,43.57,43.12,43.495,110530.0
5858,2021-08-18 11:00:00,43.495,43.62,43.32,43.36,163347.0
5859,2021-08-18 12:00:00,43.35,43.39,43.08,43.14,85968.0
5860,2021-08-18 13:00:00,43.13,43.275,43.06,43.24,51746.0
5861,2021-08-18 14:00:00,43.24,43.33,42.94,43.23,123149.0
5862,2021-08-18 15:00:00,43.2,43.22,42.675,42.69,295461.0
5863,2021-08-18 16:00:00,42.7,42.7,42.7,42.7,18388.0
5864,2021-08-19 09:00:00,42.3,42.79,42.06,42.79,102756.0
5865,2021-08-19 10:00:00,42.76,42.76,41.93,42.13,177805.0
5866,2021-08-19 11:00:00,42.12,42.3,41.91,42.3,163189.0
5867,2021-08-19 12:00:00,42.29,42.29,42.115,42.24,91259.0
5868,2021-08-19 13:00:00,42.249,42.25,41.91,41.91,166834.0
5869,2021-08-19 14:00:00,41.9,41.97,41.69,41.94,167167.0
5870,2021-08-19 15:00:00,41.95,42.11,41.91,42.0,422915.0
5871,2021-08-19 16:00:00,42.02,42.02,42.02,42.02,16543.0
5872,2021-08-20 09:00:00,41.84,42.26,41.52,42.135,105097.0
5873,2021-08-20 10:00:00,42.12,42.69,42.1,42.62,183335.0
5874,2021-08-20 11:00:00,42.62,42.7299,42.52,42.595,82113.0
5875,2021-08-20 12:00:00,42.6,42.99,42.6,42.88,111587.0
5876,2021-08-20 13:00:00,42.89,43.01,42.8,42.81,103835.0
5877,2021-08-20 14:00:00,42.8,42.955,42.74,42.8,143553.0
5878,2021-08-20 15:00:00,42.79,42.98,42.781,42.89,322465.0
5879,2021-08-20 16:00:00,42.88,42.88,42.88,42.88,19432.0
5880,2021-08-20 19:00:00,42.88,42.88,42.88,42.88,337.0
5881,2021-08-23 09:00:00,43.25,43.35,43.0758,43.32,42635.0
5882,2021-08-23 10:00:00,43.34,43.37,42.95,43.18,181259.0
5883,2021-08-23 11:00:00,43.16,43.26,43.09,43.2,56432.0
5884,2021-08-23 12:00:00,43.2,43.388,43.2,43.37,52383.0
5885,2021-08-23 13:00:00,43.38,43.43,43.25,43.26,77585.0
5886,2021-08-23 14:00:00,43.265,43.28,43.13,43.13,79365.0
5887,2021-08-23 15:00:00,43.135,43.289,43.02,43.18,219052.0
5888,2021-08-23 16:00:00,43.19,43.19,43.19,43.19,24272.0
5889,2021-08-24 09:00:00,43.2,43.51,43.2,43.38,43335.0
5890,2021-08-24 10:00:00,43.38,43.41,43.0512,43.21,81568.0
5891,2021-08-24 11:00:00,43.21,43.32,43.07,43.07,53481.0
5892,2021-08-24 12:00:00,43.06,43.125,42.98,43.07,80174.0
5893,2021-08-24 13:00:00,43.07,43.28,42.97,43.25,147995.0
5894,2021-08-24 14:00:00,43.245,43.35,43.14,43.305,105923.0
5895,2021-08-24 15:00:00,43.33,43.335,43.16,43.2001,2160008.0
5896,2021-08-24 16:00:00,43.21,43.21,43.0,43.0,21324.0
5897,2021-08-25 09:00:00,43.21,43.77,43.14,43.71,63428.0
5898,2021-08-25 10:00:00,43.73,44.07,43.73,43.895,180768.0
5899,2021-08-25 11:00:00,43.9,44.01,43.7712,43.95,104879.0
5900,2021-08-25 12:00:00,43.95,44.06,43.9,43.96,95337.0
5901,2021-08-25 13:00:00,43.96,44.04,43.9,43.91,74653.0
5902,2021-08-25 14:00:00,43.915,44.05,43.73,43.765,104473.0
5903,2021-08-25 15:00:00,43.76,43.83,43.67,43.69,258946.0
5904,2021-08-25 16:00:00,43.7,43.7,43.7,43.7,6623.0
5905,2021-08-26 09:00:00,43.59,43.6385,43.35,43.4,44772.0
5906,2021-08-26 10:00:00,43.36,43.66,42.9101,42.95,249101.0
5907,2021-08-26 11:00:00,42.922,43.04,42.75,43.02,119088.0
5908,2021-08-26 12:00:00,43.02,43.045,42.91,42.99,144992.0
5909,2021-08-26 13:00:00,42.99,43.08,42.92,43.055,284368.0
5910,2021-08-26 14:00:00,43.05,43.07,42.8,42.84,214705.0
5911,2021-08-26 15:00:00,42.85,42.95,42.81,42.85,498712.0
5912,2021-08-26 16:00:00,42.85,42.85,42.85,42.85,48461.0
5913,2021-08-26 18:00:00,43.0,43.0,43.0,43.0,188.0
5914,2021-08-27 09:00:00,42.83,43.27,42.79,43.07,40261.0
5915,2021-08-27 10:00:00,43.07,43.39,42.98,43.36,85346.0
5916,2021-08-27 11:00:00,43.36,43.45,43.16,43.25,61578.0
5917,2021-08-27 12:00:00,43.26,43.33,43.25,43.26,65321.0
5918,2021-08-27 13:00:00,43.25,43.31,43.2,43.21,56805.0
5919,2021-08-27 14:00:00,43.2,43.305,43.125,43.29,95640.0
5920,2021-08-27 15:00:00,43.29,43.34,43.1,43.14,265909.0
5921,2021-08-27 16:00:00,43.15,43.15,43.15,43.15,18797.0
5922,2021-08-30 09:00:00,43.23,43.41,42.64,43.03,75462.0
5923,2021-08-30 10:00:00,43.03,43.46,42.95,43.365,132346.0
5924,2021-08-30 11:00:00,43.37,43.472,43.28,43.34,72155.0
5925,2021-08-30 12:00:00,43.35,43.39,43.21,43.245,94064.0
5926,2021-08-30 13:00:00,43.245,43.355,43.17,43.355,139365.0
5927,2021-08-30 14:00:00,43.355,43.355,43.185,43.26,208285.0
5928,2021-08-30 15:00:00,43.27,43.38,43.195,43.31,336679.0
5929,2021-08-30 16:00:00,43.3,43.3,43.3,43.3,4132.0
5930,2021-08-30 18:00:00,43.3,43.3,43.3,43.3,100.0
5931,2021-08-31 08:00:00,43.35,43.35,43.35,43.35,250.0
5932,2021-08-31 09:00:00,43.26,43.71,43.21,43.34,186292.0
5933,2021-08-31 10:00:00,43.36,43.96,43.33,43.87,233932.0
5934,2021-08-31 11:00:00,43.89,43.89,43.5,43.53,111808.0
5935,2021-08-31 12:00:00,43.535,43.7,43.39,43.61,87639.0
5936,2021-08-31 13:00:00,43.62,43.64,43.38,43.48,61791.0
5937,2021-08-31 14:00:00,43.48,43.605,43.43,43.605,58611.0
5938,2021-08-31 15:00:00,43.605,43.62,43.445,43.59,287542.0
5939,2021-08-31 16:00:00,43.59,43.59,43.584551,43.584551,42366.0
5940,2021-09-01 09:00:00,43.59,43.74,43.42,43.6,191804.0
5941,2021-09-01 10:00:00,43.6,44.14,43.6,43.92,253435.0
5942,2021-09-01 11:00:00,43.94,43.98,43.75,43.83,125945.0
5943,2021-09-01 12:00:00,43.83,44.16,43.81,44.14,100122.0
5944,2021-09-01 13:00:00,44.13,44.26,44.1016,44.25,94789.0
5945,2021-09-01 14:00:00,44.245,44.29,44.165,44.25,85989.0
5946,2021-09-01 15:00:00,44.25,44.4,44.18,44.34,614575.0
5947,2021-09-01 16:00:00,44.32,44.32,44.32,44.32,44878.0
5948,2021-09-02 09:00:00,44.55,44.9,44.55,44.81,106027.0
5949,2021-09-02 10:00:00,44.8,45.06,44.78,44.98,392195.0
5950,2021-09-02 11:00:00,44.98,45.035,44.92,44.96,153807.0
5951,2021-09-02 12:00:00,44.95,44.97,44.825,44.935,108612.0
5952,2021-09-02 13:00:00,44.95,45.04,44.835,45.0,216743.0
5953,2021-09-02 14:00:00,45.0,45.33,44.89,45.325,260820.0
5954,2021-09-02 15:00:00,45.33,45.75,45.31,45.59,777165.0
5955,2021-09-02 16:00:00,45.57,45.57,45.5,45.51,32153.0
5956,2021-09-02 17:00:00,45.08,45.08,45.08,45.08,500.0
5957,2021-09-03 06:00:00,45.99,45.99,45.99,45.99,102.0
5958,2021-09-03 08:00:00,45.56,45.56,45.56,45.56,200.0
5959,2021-09-03 09:00:00,45.55,45.55,45.1,45.16,45713.0
5960,2021-09-03 10:00:00,45.225,45.25,44.85,45.09,79732.0
5961,2021-09-03 11:00:00,45.08,45.43,45.0,45.195,106021.0
5962,2021-09-03 12:00:00,45.195,45.27,45.16,45.235,95405.0
5963,2021-09-03 13:00:00,45.23,45.35,45.23,45.27,166162.0
5964,2021-09-03 14:00:00,45.27,45.34,45.22,45.33,72680.0
5965,2021-09-03 15:00:00,45.33,45.57,45.33,45.45,422269.0
5966,2021-09-03 16:00:00,45.43,45.43,45.11,45.43,14677.0
5967,2021-09-07 09:00:00,45.5,45.56,45.055,45.055,111551.0
5968,2021-09-07 10:00:00,45.07,45.29,44.99,45.22,176028.0
5969,2021-09-07 11:00:00,45.23,45.435,45.19,45.3,118335.0
5970,2021-09-07 12:00:00,45.295,45.505,45.215,45.445,252255.0
5971,2021-09-07 13:00:00,45.45,45.71,45.44,45.69,165938.0
5972,2021-09-07 14:00:00,45.69,45.74,45.38,45.54,324474.0
5973,2021-09-07 15:00:00,45.54,45.57,45.3,45.39,488993.0
5974,2021-09-07 16:00:00,45.4,45.4,45.4,45.4,62616.0
5975,2021-09-08 09:00:00,45.45,46.24,45.35,46.225,161705.0
5976,2021-09-08 10:00:00,46.23,46.27,45.25,45.25,288369.0
5977,2021-09-08 11:00:00,45.24,45.53,45.19,45.26,258790.0
5978,2021-09-08 12:00:00,45.26,45.59,45.25,45.47,106886.0
5979,2021-09-08 13:00:00,45.48,45.52,45.15,45.175,158244.0
5980,2021-09-08 14:00:00,45.18,45.27,44.99,45.07,187068.0
5981,2021-09-08 15:00:00,45.07,45.34,45.065,45.3,614849.0
5982,2021-09-08 16:00:00,45.3,45.3,45.3,45.3,6406.0
5983,2021-09-09 08:00:00,45.3,45.3,45.3,45.3,439800.0
5984,2021-09-09 09:00:00,45.13,45.16,44.63,44.65,124376.0
5985,2021-09-09 10:00:00,44.67,45.0,44.51,44.77,200860.0
5986,2021-09-09 11:00:00,44.74,44.825,44.58,44.68,109438.0
5987,2021-09-09 12:00:00,44.68,44.68,43.99,43.99,220758.0
5988,2021-09-09 13:00:00,43.98,44.375,43.98,44.17,229645.0
5989,2021-09-09 14:00:00,44.15,44.27,44.01,44.035,189425.0
5990,2021-09-09 15:00:00,44.04,44.21,43.87,43.89,846301.0
5991,2021-09-09 16:00:00,43.89,43.89,43.89,43.89,11920.0
5992,2021-09-10 09:00:00,43.98,44.24,43.61,43.645,97156.0
5993,2021-09-10 10:00:00,43.64,43.65,42.89,43.125,307370.0
5994,2021-09-10 11:00:00,43.14,43.39,43.13,43.27,244137.0
5995,2021-09-10 12:00:00,43.26,43.48,43.23,43.34,134869.0
5996,2021-09-10 13:00:00,43.34,43.395,42.98,43.165,193406.0
5997,2021-09-10 14:00:00,43.16,43.215,43.025,43.05,135400.0
5998,2021-09-10 15:00:00,43.05,43.065,42.69,42.755,1045539.0
5999,2021-09-10 16:00:00,42.75,43.26,42.75,42.75,39110.0
6000,2021-09-10 17:00:00,42.77,42.77,42.77,42.77,300.0
6001,2021-09-13 07:00:00,43.06,43.06,42.85,42.95,4951.0
6002,2021-09-13 08:00:00,42.91,43.1,42.88,43.1,6279.0
6003,2021-09-13 09:00:00,43.07,44.03,43.07,43.79,195576.0
6004,2021-09-13 10:00:00,43.83,44.36,43.6,44.18,246524.0
6005,2021-09-13 11:00:00,44.2,44.25,43.9,44.21,176645.0
6006,2021-09-13 12:00:00,44.21,44.35,44.13,44.253,134812.0
6007,2021-09-13 13:00:00,44.255,44.26,44.01,44.11,145661.0
6008,2021-09-13 14:00:00,44.119,44.15,43.87,43.99,125145.0
6009,2021-09-13 15:00:00,43.98,44.28,43.87,44.26,435249.0
6010,2021-09-13 16:00:00,44.26,44.26,43.91,44.15,7915.0
6011,2021-09-13 19:00:00,44.7,44.7,44.7,44.7,220.0
6012,2021-09-14 09:00:00,44.18,44.5,43.45,43.46,136845.0
6013,2021-09-14 10:00:00,43.45,43.59,42.86,42.89,200871.0
6014,2021-09-14 11:00:00,42.885,43.01,42.45,42.63,379988.0
6015,2021-09-14 12:00:00,42.631,42.69,42.23,42.3,339298.0
6016,2021-09-14 13:00:00,42.315,42.365,42.15,42.26,417480.0
6017,2021-09-14 14:00:00,42.25,42.34,42.04,42.34,552340.0
6018,2021-09-14 15:00:00,42.35,42.35,41.945,42.0,838418.0
6019,2021-09-14 16:00:00,42.0,42.02,42.0,42.02,67256.0
6020,2021-09-15 09:00:00,42.02,42.77,41.81,42.54,196178.0
6021,2021-09-15 10:00:00,42.555,42.99,42.53,42.74,399693.0
6022,2021-09-15 11:00:00,42.73,43.1,42.635,43.02,135529.0
6023,2021-09-15 12:00:00,43.01,43.17,42.85,43.1,161151.0
6024,2021-09-15 13:00:00,43.09,43.24,43.03,43.18,135099.0
6025,2021-09-15 14:00:00,43.16,43.16,42.84,42.86,135296.0
6026,2021-09-15 15:00:00,42.86,43.07,42.85,42.99,436744.0
6027,2021-09-15 16:00:00,42.99,42.99,42.99,42.99,43309.0
6028,2021-09-16 09:00:00,42.99,43.115,42.5,42.66,121312.0
6029,2021-09-16 10:00:00,42.65,42.89,42.51,42.55,188447.0
6030,2021-09-16 11:00:00,42.555,42.69,42.35,42.435,101213.0
6031,2021-09-16 12:00:00,42.44,42.62,42.42,42.48,76835.0
6032,2021-09-16 13:00:00,42.48,42.95,42.47,42.92,113311.0
6033,2021-09-16 14:00:00,42.93,43.02,42.87,43.01,85261.0
6034,2021-09-16 15:00:00,43.0,43.07,42.71,42.74,263703.0
6035,2021-09-16 16:00:00,42.74,42.74,42.74,42.74,1977.0
6036,2021-09-17 09:00:00,42.74,43.13,42.49,42.62,309977.0
6037,2021-09-17 10:00:00,42.59,42.62,42.34,42.47,117446.0
6038,2021-09-17 11:00:00,42.46,42.59,42.34,42.42,165020.0
6039,2021-09-17 12:00:00,42.42,42.72,42.38,42.57,322813.0
6040,2021-09-17 13:00:00,42.565,42.565,42.32,42.45,683901.0
6041,2021-09-17 14:00:00,42.45,42.515,42.33,42.49,105330.0
6042,2021-09-17 15:00:00,42.51,42.61,42.4,42.48,507602.0
6043,2021-09-17 16:00:00,42.48,42.48,42.44,42.48,116064.0
6044,2021-09-17 17:00:00,42.69,42.69,42.69,42.69,200.0
6045,2021-09-20 05:00:00,42.14,42.14,42.14,42.14,400.0
6046,2021-09-20 07:00:00,41.8,41.8,41.8,41.8,850.0
6047,2021-09-20 08:00:00,41.29,41.29,41.29,41.29,130.0
6048,2021-09-20 09:00:00,42.48,42.48,41.5,42.12,142648.0
6049,2021-09-20 10:00:00,42.1231,42.45,42.02,42.33,252603.0
6050,2021-09-20 11:00:00,42.33,42.48,41.79,41.79,139693.0
6051,2021-09-20 12:00:00,41.79,41.83,41.63,41.63,108613.0
6052,2021-09-20 13:00:00,41.6235,41.845,41.59,41.83,122442.0
6053,2021-09-20 14:00:00,41.82,41.86,41.53,41.64,150972.0
6054,2021-09-20 15:00:00,41.64,42.065,41.55,42.03,350293.0
6055,2021-09-20 16:00:00,42.03,42.03,42.03,42.03,39058.0
6056,2021-09-21 09:00:00,42.45,42.54,42.06,42.22,67724.0
6057,2021-09-21 10:00:00,42.219,42.219,41.6463,41.77,103839.0
6058,2021-09-21 11:00:00,41.78,42.11,41.71,41.87,172657.0
6059,2021-09-21 12:00:00,41.88,42.05,41.88,42.04,143278.0
6060,2021-09-21 13:00:00,42.04,42.06,41.67,41.699,134343.0
6061,2021-09-21 14:00:00,41.7,41.91,41.56,41.79,182729.0
6062,2021-09-21 15:00:00,41.79,41.97,41.46,41.46,875074.0
6063,2021-09-21 16:00:00,41.46,41.46,41.46,41.46,266403.0
6064,2021-09-22 09:00:00,42.05,42.69,41.795,42.64,68858.0
6065,2021-09-22 10:00:00,42.65,42.83,42.475,42.83,93352.0
6066,2021-09-22 11:00:00,42.815,42.96,42.76,42.76,159711.0
6067,2021-09-22 12:00:00,42.78,42.815,42.56,42.73,102715.0
6068,2021-09-22 13:00:00,42.73,42.74,42.53,42.6,112965.0
6069,2021-09-22 14:00:00,42.57,42.8699,42.425,42.505,218701.0
6070,2021-09-22 15:00:00,42.51,42.71,42.32,42.35,361303.0
6071,2021-09-22 16:00:00,42.35,42.7012,42.35,42.3701,12350.0
6072,2021-09-23 09:00:00,42.48,43.03,42.265,43.0,85285.0
6073,2021-09-23 10:00:00,43.0,43.26,42.81,42.94,185399.0
6074,2021-09-23 11:00:00,42.96,43.4,42.96,43.31,136661.0
6075,2021-09-23 12:00:00,43.3,43.36,43.26,43.34,106747.0
6076,2021-09-23 13:00:00,43.35,43.475,43.25,43.325,113278.0
6077,2021-09-23 14:00:00,43.325,43.335,43.12,43.12,148005.0
6078,2021-09-23 15:00:00,43.13,43.145,42.81,42.87,524246.0
6079,2021-09-23 16:00:00,42.86,42.94,42.86,42.94,81533.0
6080,2021-09-24 09:00:00,42.78,43.02,42.5,43.01,86302.0
6081,2021-09-24 10:00:00,43.04,43.15,42.82,43.01,268211.0
6082,2021-09-24 11:00:00,42.99,43.06,42.835,42.99,91980.0
6083,2021-09-24 12:00:00,43.0,43.14,43.0,43.09,43578.0
6084,2021-09-24 13:00:00,43.09,43.14,42.995,43.07,87845.0
6085,2021-09-24 14:00:00,43.07,43.3,43.06,43.27,186934.0
6086,2021-09-24 15:00:00,43.27,43.425,43.18,43.31,425210.0
6087,2021-09-24 16:00:00,43.31,43.31,43.31,43.31,35239.0
6088,2021-09-27 04:00:00,43.6,43.6,43.6,43.6,476.0
6089,2021-09-27 07:00:00,43.5,43.5,43.5,43.5,679.0
6090,2021-09-27 08:00:00,43.74,43.74,43.68,43.68,500.0
6091,2021-09-27 09:00:00,43.75,44.8106,43.32,44.77,228662.0
6092,2021-09-27 10:00:00,44.75,45.06,44.54,44.63,468546.0
6093,2021-09-27 11:00:00,44.61,45.03,44.47,44.89,404964.0
6094,2021-09-27 12:00:00,44.895,44.96,44.765,44.79,226047.0
6095,2021-09-27 13:00:00,44.78,44.84,44.625,44.78,175395.0
6096,2021-09-27 14:00:00,44.78,44.96,44.65,44.66,390264.0
6097,2021-09-27 15:00:00,44.66,44.83,44.65,44.73,640039.0
6098,2021-09-27 16:00:00,44.74,44.74,44.74,44.74,31562.0
6099,2021-09-28 04:00:00,44.63,44.63,44.63,44.63,125.0
6100,2021-09-28 07:00:00,45.33,45.33,45.0,45.0,210.0
6101,2021-09-28 09:00:00,44.58,45.12,44.46,44.7,268933.0
6102,2021-09-28 10:00:00,44.67,45.03,44.57,44.935,229212.0
6103,2021-09-28 11:00:00,44.96,44.995,44.37,44.41,138815.0
6104,2021-09-28 12:00:00,44.41,44.8,43.87,44.02,467506.0
6105,2021-09-28 13:00:00,44.02,44.42,44.02,44.1,124160.0
6106,2021-09-28 14:00:00,44.1,44.24,43.89,44.14,199371.0
6107,2021-09-28 15:00:00,44.12,44.25,43.73,43.79,556781.0
6108,2021-09-28 16:00:00,43.79,43.79,43.79,43.79,107313.0
6109,2021-09-29 09:00:00,44.04,44.04,43.54,43.92,47015.0
6110,2021-09-29 10:00:00,43.95,44.195,43.83,44.15,125204.0
6111,2021-09-29 11:00:00,44.145,44.18,43.85,44.05,89165.0
6112,2021-09-29 12:00:00,44.07,44.14,43.82,43.99,71266.0
6113,2021-09-29 13:00:00,43.98,44.03,43.86,44.03,49596.0
6114,2021-09-29 14:00:00,44.01,44.33,44.01,44.29,102517.0
6115,2021-09-29 15:00:00,44.29,44.43,44.08,44.14,401514.0
6116,2021-09-29 16:00:00,44.14,44.14,44.14,44.14,9688.0
6117,2021-09-30 08:00:00,44.84,44.94,44.84,44.94,201.0
6118,2021-09-30 09:00:00,44.43,44.44,43.795,44.285,141862.0
6119,2021-09-30 10:00:00,44.27,44.27,43.605,43.66,241216.0
6120,2021-09-30 11:00:00,43.635,44.0,43.59,43.74,113444.0
6121,2021-09-30 12:00:00,43.73,43.77,43.41,43.625,154534.0
6122,2021-09-30 13:00:00,43.63,43.77,43.43,43.62,107670.0
6123,2021-09-30 14:00:00,43.63,43.97,43.59,43.79,171200.0
6124,2021-09-30 15:00:00,43.8,43.98,43.45,43.46,459759.0
6125,2021-09-30 16:00:00,43.46,43.46,43.4,43.46,31158.0
6126,2021-09-30 19:00:00,43.5,43.5,43.5,43.5,203.0
6127,2021-10-01 09:00:00,43.89,44.84,43.89,44.25,177608.0
6128,2021-10-01 10:00:00,44.23,44.61,43.94,44.19,186906.0
6129,2021-10-01 11:00:00,44.2,44.85,44.2,44.73,199308.0
6130,2021-10-01 12:00:00,44.71,44.86,44.63,44.83,145511.0
6131,2021-10-01 13:00:00,44.82,45.06,44.75,45.015,380544.0
6132,2021-10-01 14:00:00,45.02,45.525,45.01,45.305,267810.0
6133,2021-10-01 15:00:00,45.32,45.435,45.125,45.13,730374.0
6134,2021-10-01 16:00:00,45.16,45.16,45.16,45.16,17360.0
6135,2021-10-01 17:00:00,45.1,45.1,45.1,45.1,225.0
6136,2021-10-04 09:00:00,45.07,46.14,44.9,46.1325,212791.0
6137,2021-10-04 10:00:00,46.1194,46.3099,45.92,46.055,379687.0
6138,2021-10-04 11:00:00,46.07,46.07,45.62,45.95,261516.0
6139,2021-10-04 12:00:00,45.935,45.99,45.67,45.93,132057.0
6140,2021-10-04 13:00:00,45.92,45.95,45.67,45.73,181359.0
6141,2021-10-04 14:00:00,45.75,45.81,45.5,45.625,213255.0
6142,2021-10-04 15:00:00,45.625,45.67,45.33,45.44,668091.0
6143,2021-10-04 16:00:00,45.43,45.43,45.43,45.43,53179.0
6144,2021-10-05 07:00:00,45.7,45.7,45.7,45.7,100.0
6145,2021-10-05 09:00:00,45.7,45.7,45.02,45.2179,88594.0
6146,2021-10-05 10:00:00,45.245,45.52,45.24,45.38,268835.0
6147,2021-10-05 11:00:00,45.4,45.4299,45.15,45.215,160805.0
6148,2021-10-05 12:00:00,45.21,45.2278,44.98,45.22,180784.0
6149,2021-10-05 13:00:00,45.2282,45.38,45.18,45.36,111156.0
6150,2021-10-05 14:00:00,45.38,45.39,45.195,45.27,165177.0
6151,2021-10-05 15:00:00,45.26,45.31,45.095,45.17,470320.0
6152,2021-10-05 16:00:00,45.17,45.17,45.17,45.17,13909.0
6153,2021-10-05 18:00:00,45.16,45.16,45.16,45.16,138.0
6154,2021-10-06 09:00:00,44.64,44.76,44.3,44.37,125834.0
6155,2021-10-06 10:00:00,44.3575,44.49,44.05,44.3,170539.0
6156,2021-10-06 11:00:00,44.32,44.61,44.23,44.595,120058.0
6157,2021-10-06 12:00:00,44.6,44.61,44.21,44.29,114506.0
6158,2021-10-06 13:00:00,44.29,44.48,44.06,44.48,123169.0
6159,2021-10-06 14:00:00,44.475,44.77,44.475,44.58,120269.0
6160,2021-10-06 15:00:00,44.58,44.775,44.55,44.69,376970.0
6161,2021-10-06 16:00:00,44.69,44.69,44.69,44.69,17901.0
6162,2021-10-07 09:00:00,45.03,45.48,44.91,45.38,126049.0
6163,2021-10-07 10:00:00,45.4,45.56,45.29,45.49,116847.0
6164,2021-10-07 11:00:00,45.5,45.71,45.43,45.53,126078.0
6165,2021-10-07 12:00:00,45.54,45.67,45.43,45.48,61195.0
6166,2021-10-07 13:00:00,45.48,45.81,45.44,45.725,146276.0
6167,2021-10-07 14:00:00,45.725,45.725,45.53,45.56,257612.0
6168,2021-10-07 15:00:00,45.56,45.69,45.23,45.29,617951.0
6169,2021-10-07 16:00:00,45.32,45.32,45.32,45.32,51590.0
6170,2021-10-08 09:00:00,45.39,45.4,44.6,44.69,141761.0
6171,2021-10-08 10:00:00,44.69,44.83,44.15,44.78,251043.0
6172,2021-10-08 11:00:00,44.8,44.84,44.7,44.75,92956.0
6173,2021-10-08 12:00:00,44.755,44.87,44.44,44.725,124476.0
6174,2021-10-08 13:00:00,44.71,44.75,44.53,44.64,80923.0
6175,2021-10-08 14:00:00,44.64,44.77,44.615,44.615,63274.0
6176,2021-10-08 15:00:00,44.6,44.64,44.41,44.5,317876.0
6177,2021-10-08 16:00:00,44.51,44.51,44.51,44.51,6063.0
6178,2021-10-11 09:00:00,44.43,44.79,44.15,44.76,107887.0
6179,2021-10-11 10:00:00,44.78,44.8,44.36,44.45,124679.0
6180,2021-10-11 11:00:00,44.43,44.48,44.21,44.46,74089.0
6181,2021-10-11 12:00:00,44.479,44.479,44.15,44.215,74190.0
6182,2021-10-11 13:00:00,44.23,44.23,43.9,43.99,253370.0
6183,2021-10-11 14:00:00,43.975,44.059,43.77,43.79,143164.0
6184,2021-10-11 15:00:00,43.79,43.85,43.23,43.25,460736.0
6185,2021-10-11 16:00:00,43.24,43.24,43.24,43.24,14186.0
6186,2021-10-12 06:00:00,43.0,43.0,42.16,42.16,400.0
6187,2021-10-12 07:00:00,42.78,42.78,42.78,42.78,100.0
6188,2021-10-12 08:00:00,42.901,42.901,42.901,42.901,571.0
6189,2021-10-12 09:00:00,43.14,43.37,42.95,43.13,156923.0
6190,2021-10-12 10:00:00,43.1,43.72,43.04,43.39,107027.0
6191,2021-10-12 11:00:00,43.4,43.55,43.34,43.49,75645.0
6192,2021-10-12 12:00:00,43.51,43.675,43.15,43.2,97382.0
6193,2021-10-12 13:00:00,43.195,43.28,43.07,43.1,170838.0
6194,2021-10-12 14:00:00,43.075,43.24,43.07,43.11,169644.0
6195,2021-10-12 15:00:00,43.105,43.13,42.79,42.87,395932.0
6196,2021-10-12 16:00:00,42.87,42.87,42.87,42.87,13918.0
6197,2021-10-13 09:00:00,42.9,43.1,42.56,42.62,121917.0
6198,2021-10-13 10:00:00,42.6,42.78,42.39,42.745,293794.0
6199,2021-10-13 11:00:00,42.76,42.91,42.63,42.79,78732.0
6200,2021-10-13 12:00:00,42.8,42.82,42.64,42.64,58579.0
6201,2021-10-13 13:00:00,42.615,42.71,42.32,42.3349,110021.0
6202,2021-10-13 14:00:00,42.32,42.535,42.21,42.36,458725.0
6203,2021-10-13 15:00:00,42.385,42.48,42.23,42.3,409413.0
6204,2021-10-13 16:00:00,42.32,42.35,42.32,42.35,19171.0
6205,2021-10-14 07:00:00,42.42,42.42,42.42,42.42,500.0
6206,2021-10-14 09:00:00,42.7,43.435,42.585,43.25,608615.0
6207,2021-10-14 10:00:00,43.31,43.725,43.28,43.7,215207.0
6208,2021-10-14 11:00:00,43.71,43.725,43.33,43.35,291162.0
6209,2021-10-14 12:00:00,43.34,43.41,43.265,43.39,89919.0
6210,2021-10-14 13:00:00,43.41,43.53,43.38,43.51,69232.0
6211,2021-10-14 14:00:00,43.5,43.6339,43.4861,43.59,116400.0
6212,2021-10-14 15:00:00,43.6,43.6,43.41,43.5,253565.0
6213,2021-10-14 16:00:00,43.52,43.52,43.52,43.52,7329.0
6214,2021-10-15 08:00:00,43.52,43.52,43.52,43.52,282.0
6215,2021-10-15 09:00:00,43.15,43.97,43.15,43.745,125560.0
6216,2021-10-15 10:00:00,43.745,43.82,43.49,43.5,122946.0
6217,2021-10-15 11:00:00,43.49,43.52,43.175,43.24,62553.0
6218,2021-10-15 12:00:00,43.26,43.61,43.26,43.6,57210.0
6219,2021-10-15 13:00:00,43.6,43.6,43.405,43.445,59028.0
6220,2021-10-15 14:00:00,43.445,43.5,43.18,43.23,71742.0
6221,2021-10-15 15:00:00,43.23,43.365,43.11,43.28,272653.0
6222,2021-10-15 16:00:00,43.28,43.28,43.28,43.28,7407.0
6223,2021-10-18 09:00:00,43.52,43.56,42.785,43.05,85373.0
6224,2021-10-18 10:00:00,43.08,43.55,43.07,43.42,108859.0
6225,2021-10-18 11:00:00,43.42,43.61,43.36,43.54,97336.0
6226,2021-10-18 12:00:00,43.53,43.68,43.4,43.51,111767.0
6227,2021-10-18 13:00:00,43.52,43.55,43.18,43.215,205239.0
6228,2021-10-18 14:00:00,43.22,43.34,43.21,43.28,270128.0
6229,2021-10-18 15:00:00,43.29,43.4,43.2,43.38,296774.0
6230,2021-10-18 16:00:00,43.38,43.4,43.38,43.4,57523.0
6231,2021-10-19 09:00:00,43.66,44.01,43.52,43.6601,43868.0
6232,2021-10-19 10:00:00,43.66,43.87,43.655,43.7538,105543.0
6233,2021-10-19 11:00:00,43.76,44.02,43.76,43.89,134357.0
6234,2021-10-19 12:00:00,43.9,44.06,43.83,44.02,85787.0
6235,2021-10-19 13:00:00,44.01,44.3,43.95,44.29,154540.0
6236,2021-10-19 14:00:00,44.29,44.38,44.2,44.31,129619.0
6237,2021-10-19 15:00:00,44.3,44.345,44.13,44.21,277866.0
6238,2021-10-19 16:00:00,44.19,44.19,44.19,44.19,37601.0
6239,2021-10-20 09:00:00,44.01,44.49,43.89,44.45,94849.0
6240,2021-10-20 10:00:00,44.465,44.97,44.465,44.71,242655.0
6241,2021-10-20 11:00:00,44.7,44.8425,44.58,44.83,89448.0
6242,2021-10-20 12:00:00,44.82,44.9,44.66,44.72,61186.0
6243,2021-10-20 13:00:00,44.71,44.71,44.33,44.38,147299.0
6244,2021-10-20 14:00:00,44.37,44.47,44.36,44.45,64979.0
6245,2021-10-20 15:00:00,44.44,44.68,44.4,44.48,307299.0
6246,2021-10-20 16:00:00,44.48,44.48,44.48,44.48,9447.0
6247,2021-10-21 09:00:00,44.41,44.69,44.15,44.26,35880.0
6248,2021-10-21 10:00:00,44.3,44.365,44.02,44.04,55389.0
6249,2021-10-21 11:00:00,44.0,44.29,44.0,44.159,125908.0
6250,2021-10-21 12:00:00,44.1481,44.19,43.82,43.85,85673.0
6251,2021-10-21 13:00:00,43.85,43.92,43.67,43.67,51807.0
6252,2021-10-21 14:00:00,43.67,43.88,43.63,43.815,123038.0
6253,2021-10-21 15:00:00,43.81,43.93,43.76,43.87,265460.0
6254,2021-10-21 16:00:00,43.88,43.88,43.88,43.88,7791.0
6255,2021-10-22 09:00:00,43.85,43.85,42.85,43.44,201114.0
6256,2021-10-22 10:00:00,43.44,43.51,43.09,43.27,366818.0
6257,2021-10-22 11:00:00,43.26,43.43,42.95,43.03,232105.0
6258,2021-10-22 12:00:00,43.03,43.12,42.99,42.99,133059.0
6259,2021-10-22 13:00:00,42.99,43.16,42.94,43.06,163915.0
6260,2021-10-22 14:00:00,43.07,43.34,42.97,42.97,337197.0
6261,2021-10-22 15:00:00,42.97,43.44,42.845,43.31,702789.0
6262,2021-10-22 16:00:00,43.32,43.32,43.32,43.32,11804.0
6263,2021-10-25 09:00:00,43.49,43.49,43.17,43.39,82271.0
6264,2021-10-25 10:00:00,43.4,43.69,43.4,43.615,196317.0
6265,2021-10-25 11:00:00,43.63,43.73,43.49,43.52,101847.0
6266,2021-10-25 12:00:00,43.525,43.79,43.52,43.72,106749.0
6267,2021-10-25 13:00:00,43.73,43.79,43.6,43.64,58384.0
6268,2021-10-25 14:00:00,43.63,43.765,43.56,43.57,78688.0
6269,2021-10-25 15:00:00,43.57,43.635,43.47,43.6,302793.0
6270,2021-10-25 16:00:00,43.59,43.59,43.59,43.59,18196.0
6271,2021-10-26 09:00:00,43.395,43.8,43.395,43.62,82462.0
6272,2021-10-26 10:00:00,43.6,43.9,43.5,43.6,150066.0
6273,2021-10-26 11:00:00,43.57,43.59,43.34,43.485,160580.0
6274,2021-10-26 12:00:00,43.47,43.47,43.13,43.24,878036.0
6275,2021-10-26 13:00:00,43.24,43.33,43.19,43.33,162075.0
6276,2021-10-26 14:00:00,43.33,43.42,43.28,43.395,99001.0
6277,2021-10-26 15:00:00,43.395,43.41,43.0,43.02,280626.0
6278,2021-10-26 16:00:00,43.03,43.03,43.03,43.03,36898.0
6279,2021-10-26 17:00:00,43.01,43.01,43.01,43.01,10000.0
6280,2021-10-26 18:00:00,43.01,43.01,43.01,43.01,424.0
6281,2021-10-27 08:00:00,43.03,43.03,43.03,43.03,6280.0
6282,2021-10-27 09:00:00,42.98,42.98,42.26,42.31,176288.0
6283,2021-10-27 10:00:00,42.35,42.58,42.2,42.345,152024.0
6284,2021-10-27 11:00:00,42.35,42.77,42.335,42.665,154268.0
6285,2021-10-27 12:00:00,42.66,42.66,42.39,42.47,86410.0
6286,2021-10-27 13:00:00,42.46,42.51,42.32,42.43,86492.0
6287,2021-10-27 14:00:00,42.43,42.61,42.15,42.21,450487.0
6288,2021-10-27 15:00:00,42.21,42.26,41.34,41.42,853953.0
6289,2021-10-27 16:00:00,41.42,41.42,41.42,41.42,23289.0
6290,2021-10-27 17:00:00,41.42,41.42,41.42,41.42,228.0
6291,2021-10-28 09:00:00,41.42,41.87,41.12,41.67,110875.0
6292,2021-10-28 10:00:00,41.64,41.78,41.5,41.605,117436.0
6293,2021-10-28 11:00:00,41.62,41.645,41.21,41.2999,127433.0
6294,2021-10-28 12:00:00,41.29,41.36,41.12,41.12,104916.0
6295,2021-10-28 13:00:00,41.11,41.215,41.005,41.12,238567.0
6296,2021-10-28 14:00:00,41.13,41.515,41.13,41.49,151525.0
6297,2021-10-28 15:00:00,41.48,41.48,41.18,41.21,423796.0
6298,2021-10-28 16:00:00,41.21,41.21,41.21,41.21,9428.0
6299,2021-10-29 09:00:00,40.94,41.51,40.55,41.39,110967.0
6300,2021-10-29 10:00:00,41.39,41.43,40.965,40.965,174337.0
6301,2021-10-29 11:00:00,40.97,41.15,40.92,41.0,74010.0
6302,2021-10-29 12:00:00,40.98,41.195,40.97,41.16,105534.0
6303,2021-10-29 13:00:00,41.15,41.285,40.955,40.965,109557.0
6304,2021-10-29 14:00:00,40.965,41.06,40.9,40.98,125229.0
6305,2021-10-29 15:00:00,40.98,41.22,40.835,41.06,437945.0
6306,2021-10-29 16:00:00,41.07,41.07,41.07,41.07,22801.0
6307,2021-11-01 09:00:00,41.32,42.13,41.2862,41.94,120316.0
6308,2021-11-01 10:00:00,41.95,42.18,41.855,42.095,251933.0
6309,2021-11-01 11:00:00,42.11,42.31,42.05,42.26,150725.0
6310,2021-11-01 12:00:00,42.27,42.41,42.27,42.39,151883.0
6311,2021-11-01 13:00:00,42.39,42.46,42.22,42.27,128513.0
6312,2021-11-01 14:00:00,42.26,42.29,42.16,42.285,149408.0
6313,2021-11-01 15:00:00,42.28,42.41,42.245,42.34,419181.0
6314,2021-11-01 16:00:00,42.34,42.34,42.34,42.34,80951.0
6315,2021-11-02 09:00:00,42.34,42.36,41.995,42.22,100892.0
6316,2021-11-02 10:00:00,42.2,42.495,42.16,42.41,179892.0
6317,2021-11-02 11:00:00,42.41,42.54,42.37,42.38,92312.0
6318,2021-11-02 12:00:00,42.38,42.8,42.38,42.71,133821.0
6319,2021-11-02 13:00:00,42.705,42.83,42.67,42.71,109394.0
6320,2021-11-02 14:00:00,42.7,42.83,42.62,42.685,192338.0
6321,2021-11-02 15:00:00,42.7,42.89,42.62,42.87,381543.0
6322,2021-11-02 16:00:00,42.87,42.96,42.85,42.96,13847.0
6323,2021-11-02 19:00:00,43.23,43.23,43.23,43.23,240.0
6324,2021-11-03 09:00:00,42.41,42.99,42.41,42.61,249509.0
6325,2021-11-03 10:00:00,42.6,43.08,42.43,42.99,290709.0
6326,2021-11-03 11:00:00,42.98,43.24,42.98,43.05,355615.0
6327,2021-11-03 12:00:00,43.02,43.095,42.88,42.98,162206.0
6328,2021-11-03 13:00:00,42.98,43.02,42.79,42.89,185287.0
6329,2021-11-03 14:00:00,42.89,43.225,42.84,43.17,283303.0
6330,2021-11-03 15:00:00,43.17,43.31,43.05,43.08,599713.0
6331,2021-11-03 16:00:00,43.09,43.09,43.09,43.09,42084.0
6332,2021-11-03 18:00:00,43.75,43.75,43.75,43.75,502.0
6333,2021-11-04 06:00:00,42.48,42.48,42.48,42.48,400.0
6334,2021-11-04 07:00:00,42.21,42.21,42.21,42.21,500.0
6335,2021-11-04 08:00:00,42.21,42.5,42.21,42.5,400.0
6336,2021-11-04 09:00:00,42.62,42.79,41.2425,42.2,388406.0
6337,2021-11-04 10:00:00,42.17,42.35,41.15,41.64,437583.0
6338,2021-11-04 11:00:00,41.615,41.64,40.66,40.75,619467.0
6339,2021-11-04 12:00:00,40.755,40.78,37.78,38.12,2264441.0
6340,2021-11-04 13:00:00,38.14,38.32,36.52,37.13,2663671.0
6341,2021-11-04 14:00:00,37.1101,37.89,36.44,36.79,1731533.0
6342,2021-11-04 15:00:00,36.8,37.56,36.32,37.08,3180088.0
6343,2021-11-04 16:00:00,37.08,37.08,36.55,36.73,12918.0
6344,2021-11-04 17:00:00,36.73,36.98,36.73,36.98,2838.0
6345,2021-11-05 08:00:00,37.19,37.19,37.08,37.08,1115.0
6346,2021-11-05 09:00:00,37.34,38.6,37.33,38.47,549695.0
6347,2021-11-05 10:00:00,38.49,38.7,37.61,38.08,605988.0
6348,2021-11-05 11:00:00,38.08,38.1,37.31,37.73,512185.0
6349,2021-11-05 12:00:00,37.72,37.76,37.35,37.35,273736.0
6350,2021-11-05 13:00:00,37.37,37.73,37.32,37.52,361282.0
6351,2021-11-05 14:00:00,37.51,37.77,37.49,37.71,396289.0
6352,2021-11-05 15:00:00,37.705,37.99,37.54,37.86,1013382.0
6353,2021-11-05 16:00:00,37.86,37.87,37.86,37.87,57375.0
6354,2021-11-08 07:00:00,37.9,37.9,37.77,37.77,1041.0
6355,2021-11-08 08:00:00,37.1141,37.1141,37.1141,37.1141,200.0
6356,2021-11-08 09:00:00,37.86,38.29,37.72,38.05,608257.0
6357,2021-11-08 10:00:00,38.07,38.13,37.34,37.5035,355356.0
6358,2021-11-08 11:00:00,37.505,37.81,37.32,37.7,199287.0
6359,2021-11-08 12:00:00,37.72,37.79,37.42,37.54,176134.0
6360,2021-11-08 13:00:00,37.56,37.97,37.5,37.905,195728.0
6361,2021-11-08 14:00:00,37.91,37.92,37.65,37.88,290823.0
6362,2021-11-08 15:00:00,37.86,37.95,37.68,37.75,608712.0
6363,2021-11-08 16:00:00,37.76,37.76,37.76,37.76,14041.0
6364,2021-11-09 08:00:00,37.76,37.76,37.76,37.76,100.0
6365,2021-11-09 09:00:00,37.65,37.67,37.18,37.53,166614.0
6366,2021-11-09 10:00:00,37.524,37.55,36.82,36.92,350154.0
6367,2021-11-09 11:00:00,36.935,36.995,36.49,36.76,388847.0
6368,2021-11-09 12:00:00,36.765,37.18,36.69,37.03,404323.0
6369,2021-11-09 13:00:00,37.03,37.4,37.03,37.165,360326.0
6370,2021-11-09 14:00:00,37.16,37.33,37.05,37.11,438507.0
6371,2021-11-09 15:00:00,37.12,37.19,36.7625,36.85,673535.0
6372,2021-11-09 16:00:00,36.86,36.86,36.86,36.86,10827.0
6373,2021-11-09 18:00:00,36.59,36.59,36.59,36.59,250.0
6374,2021-11-09 19:00:00,37.67,37.67,37.67,37.67,300.0
6375,2021-11-10 08:00:00,37.0,37.0,37.0,37.0,127.0
6376,2021-11-10 09:00:00,37.0,37.69,37.0,37.465,260513.0
6377,2021-11-10 10:00:00,37.49,37.768,36.98,37.11,230993.0
6378,2021-11-10 11:00:00,37.13,37.6,37.13,37.45,221140.0
6379,2021-11-10 12:00:00,37.47,37.62,36.91,36.95,744156.0
6380,2021-11-10 13:00:00,36.97,37.26,36.93,36.945,511459.0
6381,2021-11-10 14:00:00,36.945,36.97,36.53,36.53,433111.0
6382,2021-11-10 15:00:00,36.535,36.665,36.315,36.48,1113386.0
6383,2021-11-10 16:00:00,36.48,36.48,36.48,36.48,25659.0
6384,2021-11-10 17:00:00,36.2,36.4,36.2,36.4,2860.0
6385,2021-11-10 18:00:00,36.4,36.4,36.4,36.4,200.0
6386,2021-11-11 08:00:00,35.8129,35.8129,35.8129,35.8129,202.0
6387,2021-11-11 09:00:00,36.33,36.545,36.03,36.23,91016.0
6388,2021-11-11 10:00:00,36.28,36.43,35.86,35.9,253716.0
6389,2021-11-11 11:00:00,35.88,36.05,35.66,35.81,424568.0
6390,2021-11-11 12:00:00,35.82,36.47,35.77,36.3701,1086703.0
6391,2021-11-11 13:00:00,36.39,36.65,36.3,36.45,418353.0
6392,2021-11-11 14:00:00,36.455,36.57,36.39,36.48,194013.0
6393,2021-11-11 15:00:00,36.485,36.51,36.26,36.29,657691.0
6394,2021-11-11 16:00:00,36.29,36.29,36.29,36.29,29270.0
6395,2021-11-12 09:00:00,36.39,36.46,36.18,36.32,52492.0
6396,2021-11-12 10:00:00,36.315,36.35,36.07,36.265,102428.0
6397,2021-11-12 11:00:00,36.34,36.5,36.29,36.42,87801.0
6398,2021-11-12 12:00:00,36.425,36.45,36.25,36.26,83585.0
6399,2021-11-12 13:00:00,36.26,36.29,36.16,36.29,107505.0
6400,2021-11-12 14:00:00,36.29,36.29,36.16,36.215,97548.0
6401,2021-11-12 15:00:00,36.215,36.63,36.19,36.535,519376.0
6402,2021-11-12 16:00:00,36.54,36.63,36.45,36.63,18399.0
6403,2021-11-12 17:00:00,36.54,36.54,36.54,36.54,779.0
6404,2021-11-15 09:00:00,36.5245,37.21,36.5245,36.725,185883.0
6405,2021-11-15 10:00:00,36.68,36.69,36.0,36.06,358845.0
6406,2021-11-15 11:00:00,36.07,36.36,36.07,36.2,219219.0
6407,2021-11-15 12:00:00,36.191,36.34,36.165,36.33,109472.0
6408,2021-11-15 13:00:00,36.33,36.345,36.1,36.205,200334.0
6409,2021-11-15 14:00:00,36.21,36.3,36.18,36.205,151875.0
6410,2021-11-15 15:00:00,36.205,36.225,36.09,36.19,442727.0
6411,2021-11-15 16:00:00,36.19,36.19,36.19,36.19,20446.0
6412,2021-11-15 17:00:00,36.15,36.15,36.15,36.15,500.0
6413,2021-11-15 19:00:00,36.15,36.15,36.15,36.15,845.0
6414,2021-11-16 09:00:00,36.19,36.46,36.11,36.25,212934.0
6415,2021-11-16 10:00:00,36.255,36.28,35.69,35.835,1029183.0
6416,2021-11-16 11:00:00,35.84,35.99,35.791,35.93,238620.0
6417,2021-11-16 12:00:00,35.94,36.15,35.8,35.88,214733.0
6418,2021-11-16 13:00:00,35.88,36.15,35.88,36.02,113430.0
6419,2021-11-16 14:00:00,36.01,36.04,35.84,35.86,136907.0
6420,2021-11-16 15:00:00,35.855,35.94,35.74,35.76,696357.0
6421,2021-11-16 16:00:00,35.76,35.76,35.73,35.76,54242.0
6422,2021-11-16 19:00:00,35.7,35.7,35.7,35.7,704.0
6423,2021-11-17 08:00:00,35.12,35.12,35.12,35.12,100.0
6424,2021-11-17 09:00:00,35.69,35.94,35.51,35.71,113704.0
6425,2021-11-17 10:00:00,35.71,35.84,35.27,35.34,255429.0
6426,2021-11-17 11:00:00,35.34,35.47,35.15,35.3,123313.0
6427,2021-11-17 12:00:00,35.3,35.4,35.22,35.3,89441.0
6428,2021-11-17 13:00:00,35.29,35.365,35.2,35.34,105115.0
6429,2021-11-17 14:00:00,35.34,35.38,35.15,35.27,168001.0
6430,2021-11-17 15:00:00,35.27,35.52,35.2,35.49,620683.0
6431,2021-11-17 16:00:00,35.46,35.46,35.46,35.46,24375.0
6432,2021-11-18 09:00:00,35.52,35.56,34.77,34.84,197821.0
6433,2021-11-18 10:00:00,34.815,34.96,34.39,34.72,307464.0
6434,2021-11-18 11:00:00,34.7,34.98,34.63,34.95,249333.0
6435,2021-11-18 12:00:00,34.95,35.02,34.62,34.635,113462.0
6436,2021-11-18 13:00:00,34.62,34.6407,34.46,34.52,250663.0
6437,2021-11-18 14:00:00,34.525,34.6,34.36,34.54,193390.0
6438,2021-11-18 15:00:00,34.54,34.56,34.22,34.32,1000934.0
6439,2021-11-18 16:00:00,34.31,34.31,34.31,34.31,19085.0
6440,2021-11-19 07:00:00,34.5,34.5,34.48,34.48,5100.0
6441,2021-11-19 09:00:00,34.86,34.86,33.96,34.06,171126.0
6442,2021-11-19 10:00:00,34.03,34.17,33.88,33.9787,207653.0
6443,2021-11-19 11:00:00,33.975,34.03,33.81,33.85,204121.0
6444,2021-11-19 12:00:00,33.82,34.04,33.65,33.68,282307.0
6445,2021-11-19 13:00:00,33.7,33.78,33.34,33.52,289476.0
6446,2021-11-19 14:00:00,33.52,33.8,33.52,33.74,306761.0
6447,2021-11-19 15:00:00,33.74,33.85,33.51,33.59,754224.0
6448,2021-11-19 16:00:00,33.58,33.58,33.58,33.58,18004.0
6449,2021-11-19 17:00:00,33.55,33.55,33.55,33.55,100.0
6450,2021-11-22 09:00:00,34.64,34.64,33.15,33.45,246480.0
6451,2021-11-22 10:00:00,33.44,34.06,33.44,33.99,353441.0
6452,2021-11-22 11:00:00,33.96,34.39,33.9,34.16,1059512.0
6453,2021-11-22 12:00:00,34.16,34.39,33.67,33.86,485251.0
6454,2021-11-22 13:00:00,33.86,34.035,33.68,33.785,224601.0
6455,2021-11-22 14:00:00,33.78,33.875,33.68,33.81,180230.0
6456,2021-11-22 15:00:00,33.815,33.88,33.58,33.58,820103.0
6457,2021-11-22 16:00:00,33.58,33.58,33.58,33.58,178525.0
6458,2021-11-23 08:00:00,33.75,33.87,33.53,33.53,7500.0
6459,2021-11-23 09:00:00,33.62,34.12,33.49,33.71,93310.0
6460,2021-11-23 10:00:00,33.69,33.86,33.46,33.65,182321.0
6461,2021-11-23 11:00:00,33.65,33.79,33.51,33.69,114293.0
6462,2021-11-23 12:00:00,33.67,33.78,33.38,33.4,257140.0
6463,2021-11-23 13:00:00,33.395,33.66,33.13,33.6,345145.0
6464,2021-11-23 14:00:00,33.6,33.655,33.26,33.28,147355.0
6465,2021-11-23 15:00:00,33.27,33.36,33.08,33.12,635308.0
6466,2021-11-23 16:00:00,33.13,33.13,33.13,33.13,13215.0
6467,2021-11-24 08:00:00,32.85,33.23,32.85,33.23,11174.0
6468,2021-11-24 09:00:00,33.1151,33.28,32.8,33.09,152786.0
6469,2021-11-24 10:00:00,33.08,33.72,33.02,33.72,540314.0
6470,2021-11-24 11:00:00,33.71,34.06,33.7,33.81,531498.0
6471,2021-11-24 12:00:00,33.8,33.8,33.49,33.555,122047.0
6472,2021-11-24 13:00:00,33.555,33.754,33.51,33.7,188645.0
6473,2021-11-24 14:00:00,33.71,33.73,33.55,33.59,105322.0
6474,2021-11-24 15:00:00,33.59,33.79,33.555,33.76,555958.0
6475,2021-11-24 16:00:00,33.75,33.75,33.75,33.75,8329.0
6476,2021-11-26 07:00:00,32.99,33.0,32.99,33.0,937.0
6477,2021-11-26 08:00:00,33.25,33.25,33.25,33.25,100.0
6478,2021-11-26 09:00:00,33.57,33.57,32.56,32.99,169100.0
6479,2021-11-26 10:00:00,32.97,33.47,32.95,33.01,228448.0
6480,2021-11-26 11:00:00,33.0,33.14,32.915,33.08,166699.0
6481,2021-11-26 12:00:00,33.08,33.55,33.07,33.34,373993.0
6482,2021-11-26 13:00:00,33.34,33.34,33.28,33.28,5315.0
6483,2021-11-26 14:00:00,33.34,33.34,33.34,33.34,569.0
6484,2021-11-29 04:00:00,33.25,33.26,33.04,33.04,749.0
6485,2021-11-29 09:00:00,33.54,33.82,33.12,33.33,146093.0
6486,2021-11-29 10:00:00,33.29,33.5,32.99,33.04,302722.0
6487,2021-11-29 11:00:00,33.03,33.24,32.82,32.83,277813.0
6488,2021-11-29 12:00:00,32.86,33.4,32.855,33.37,231008.0
6489,2021-11-29 13:00:00,33.35,33.365,33.14,33.21,197623.0
6490,2021-11-29 14:00:00,33.21,33.44,33.14,33.37,180755.0
6491,2021-11-29 15:00:00,33.38,33.49,33.12,33.14,497046.0
6492,2021-11-29 16:00:00,33.13,33.13,33.13,33.13,12094.0
6493,2021-11-29 17:00:00,33.13,33.13,33.13,33.13,800.0
6494,2021-11-30 08:00:00,32.75,33.15,32.75,33.15,11779.0
6495,2021-11-30 09:00:00,32.45,32.85,32.2,32.2925,175953.0
6496,2021-11-30 10:00:00,32.285,32.42,31.45,31.51,639007.0
6497,2021-11-30 11:00:00,31.515,31.85,31.32,31.415,450005.0
6498,2021-11-30 12:00:00,31.42,31.77,30.84,31.3,1032740.0
6499,2021-11-30 13:00:00,31.34,31.7,31.31,31.46,352552.0
6500,2021-11-30 14:00:00,31.45,31.54,31.31,31.46,300608.0
6501,2021-11-30 15:00:00,31.455,31.55,31.2,31.24,1288091.0
6502,2021-11-30 16:00:00,31.25,31.25,31.25,31.25,44024.0
6503,2021-11-30 17:00:00,31.25,31.25,31.25,31.25,100.0
6504,2021-11-30 18:00:00,31.24,31.24,31.24,31.24,501.0
6505,2021-12-01 07:00:00,31.5,31.6,31.5,31.52,932.0
6506,2021-12-01 09:00:00,31.9,32.37,31.9,32.22,268670.0
6507,2021-12-01 10:00:00,32.215,32.52,32.07,32.12,372577.0
6508,2021-12-01 11:00:00,32.12,32.32,31.9,31.945,408271.0
6509,2021-12-01 12:00:00,31.94,32.14,31.79,31.91,1371633.0
6510,2021-12-01 13:00:00,31.91,32.08,31.63,31.87,1157232.0
6511,2021-12-01 14:00:00,31.865,31.92,31.05,31.11,548663.0
6512,2021-12-01 15:00:00,31.11,31.14,30.51,30.54,1113847.0
6513,2021-12-01 16:00:00,30.55,30.55,30.54,30.55,23862.0
6514,2021-12-02 09:00:00,30.63,31.76,30.62,31.2,151353.0
6515,2021-12-02 10:00:00,31.24,31.3,30.63,31.065,292056.0
6516,2021-12-02 11:00:00,31.08,31.315,30.86,31.3,782760.0
6517,2021-12-02 12:00:00,31.295,31.405,30.99,31.0,1063829.0
6518,2021-12-02 13:00:00,31.01,31.39,30.93,31.37,393122.0
6519,2021-12-02 14:00:00,31.36,31.47,31.175,31.18,831703.0
6520,2021-12-02 15:00:00,31.19,31.42,31.04,31.21,1274507.0
6521,2021-12-02 16:00:00,31.19,31.19,31.19,31.19,17807.0
6522,2021-12-03 08:00:00,31.3,31.3,30.98,31.18,9954.0
6523,2021-12-03 09:00:00,31.25,31.25,30.6,30.68,134112.0
6524,2021-12-03 10:00:00,30.68,30.9996,30.0,30.61,1059189.0
6525,2021-12-03 11:00:00,30.61,30.91,30.42,30.42,300677.0
6526,2021-12-03 12:00:00,30.43,30.75,30.35,30.61,209217.0
6527,2021-12-03 13:00:00,30.61,30.81,30.51,30.645,472111.0
6528,2021-12-03 14:00:00,30.66,30.77,30.55,30.65,228730.0
6529,2021-12-03 15:00:00,30.62,31.28,30.6,31.24,1254351.0
6530,2021-12-03 16:00:00,31.23,31.24,30.89,31.23,171192.0
6531,2021-12-06 09:00:00,31.25,32.03,31.25,31.9,357334.0
6532,2021-12-06 10:00:00,31.95,32.39,31.91,32.38,384493.0
6533,2021-12-06 11:00:00,32.37,32.49,32.12,32.3,428944.0
6534,2021-12-06 12:00:00,32.3,32.37,32.17,32.335,157112.0
6535,2021-12-06 13:00:00,32.335,32.5555,32.31,32.4801,278752.0
6536,2021-12-06 14:00:00,32.49,32.57,32.19,32.27,287375.0
6537,2021-12-06 15:00:00,32.26,32.385,32.18,32.24,573311.0
6538,2021-12-06 16:00:00,32.23,32.23,32.23,32.23,31669.0
6539,2021-12-07 08:00:00,32.71,32.98,32.23,32.98,15937.0
6540,2021-12-07 09:00:00,32.98,32.98,32.3,32.86,240666.0
6541,2021-12-07 10:00:00,32.86,32.92,32.203,32.525,368559.0
6542,2021-12-07 11:00:00,32.51,32.52,32.195,32.28,236749.0
6543,2021-12-07 12:00:00,32.27,32.62,32.25,32.49,249897.0
6544,2021-12-07 13:00:00,32.47,32.48,32.22,32.31,116215.0
6545,2021-12-07 14:00:00,32.31,32.37,32.23,32.34,138456.0
6546,2021-12-07 15:00:00,32.33,32.38,32.05,32.14,495259.0
6547,2021-12-07 16:00:00,32.13,32.35,32.01,32.35,53042.0
6548,2021-12-08 08:00:00,32.3,32.57,32.3,32.57,13565.0
6549,2021-12-08 09:00:00,32.1174,32.74,32.09,32.54,78584.0
6550,2021-12-08 10:00:00,32.51,32.54,31.99,32.13,218302.0
6551,2021-12-08 11:00:00,32.14,32.34,32.04,32.2,381933.0
6552,2021-12-08 12:00:00,32.21,32.285,32.13,32.145,163159.0
6553,2021-12-08 13:00:00,32.14,32.43,32.1,32.42,150649.0
6554,2021-12-08 14:00:00,32.405,32.42,32.13,32.33,181790.0
6555,2021-12-08 15:00:00,32.34,32.53,32.27,32.29,897408.0
6556,2021-12-08 16:00:00,32.29,32.47,32.15,32.47,43802.0
6557,2021-12-09 08:00:00,32.18,32.18,32.18,32.18,143.0
6558,2021-12-09 09:00:00,31.97,32.26,31.8924,32.16,188945.0
6559,2021-12-09 10:00:00,32.155,32.17,31.87,31.965,264276.0
6560,2021-12-09 11:00:00,31.965,32.02,31.87,31.935,116350.0
6561,2021-12-09 12:00:00,31.95,32.16,31.87,32.09,173916.0
6562,2021-12-09 13:00:00,32.0978,32.18,31.97,32.015,232938.0
6563,2021-12-09 14:00:00,32.015,32.15,31.92,31.93,230951.0
6564,2021-12-09 15:00:00,31.93,32.23,31.92,32.15,514850.0
6565,2021-12-09 16:00:00,32.16,32.16,32.15,32.16,37382.0
6566,2021-12-10 09:00:00,32.5,32.81,32.24,32.37,164642.0
6567,2021-12-10 10:00:00,32.39,32.58,32.16,32.19,323296.0
6568,2021-12-10 11:00:00,32.18,32.23,31.98,32.21,188830.0
6569,2021-12-10 12:00:00,32.215,32.26,31.99,32.06,185808.0
6570,2021-12-10 13:00:00,32.09,32.19,31.99,32.05,144948.0
6571,2021-12-10 14:00:00,32.04,32.07,31.98,32.01,254930.0
6572,2021-12-10 15:00:00,32.0,32.24,31.99,32.15,482066.0
6573,2021-12-10 16:00:00,32.13,32.13,32.13,32.13,18428.0
6574,2021-12-13 09:00:00,32.09,32.38,31.89,32.14,147651.0
6575,2021-12-13 10:00:00,32.14,32.275,31.94,32.23,280081.0
6576,2021-12-13 11:00:00,32.23,32.24,32.02,32.12,250950.0
6577,2021-12-13 12:00:00,32.12,32.3564,32.08,32.32,159330.0
6578,2021-12-13 13:00:00,32.34,32.6,32.27,32.44,254475.0
6579,2021-12-13 14:00:00,32.44,32.48,32.34,32.39,218074.0
6580,2021-12-13 15:00:00,32.399,32.76,32.391,32.46,629467.0
6581,2021-12-13 16:00:00,32.45,32.45,32.45,32.45,10874.0
6582,2021-12-14 08:00:00,32.13,32.13,32.0,32.0,304.0
6583,2021-12-14 09:00:00,31.76,33.0,31.76,32.94,123623.0
6584,2021-12-14 10:00:00,32.935,33.2699,32.83,32.88,336067.0
6585,2021-12-14 11:00:00,32.86,33.07,32.72,32.73,241817.0
6586,2021-12-14 12:00:00,32.74,32.81,32.64,32.69,215474.0
6587,2021-12-14 13:00:00,32.69,32.87,32.52,32.55,239149.0
6588,2021-12-14 14:00:00,32.555,32.74,32.39,32.43,219416.0
6589,2021-12-14 15:00:00,32.43,32.63,32.15,32.24,638571.0
6590,2021-12-14 16:00:00,32.22,32.22,32.22,32.22,10663.0
6591,2021-12-15 09:00:00,32.2039,32.38,32.01,32.04,121071.0
6592,2021-12-15 10:00:00,32.05,32.13,31.76,31.86,276108.0
6593,2021-12-15 11:00:00,31.86,32.14,31.82,32.06,175208.0
6594,2021-12-15 12:00:00,32.06,32.1,31.92,32.06,155688.0
6595,2021-12-15 13:00:00,32.06,32.09,31.89,32.06,172705.0
6596,2021-12-15 14:00:00,32.05,32.23,31.72,31.77,302073.0
6597,2021-12-15 15:00:00,31.77,32.335,31.76,32.19,743187.0
6598,2021-12-15 16:00:00,32.2,32.2,32.2,32.2,85292.0
6599,2021-12-15 17:00:00,32.2,32.2,32.2,32.2,200.0
6600,2021-12-16 09:00:00,32.47,32.755,32.37,32.64,141009.0
6601,2021-12-16 10:00:00,32.66,33.059,32.47,32.91,315653.0
6602,2021-12-16 11:00:00,32.9,33.059,32.68,32.69,190951.0
6603,2021-12-16 12:00:00,32.66,32.72,32.46,32.575,160903.0
6604,2021-12-16 13:00:00,32.58,32.77,32.56,32.62,138984.0
6605,2021-12-16 14:00:00,32.62,32.76,32.37,32.41,214392.0
6606,2021-12-16 15:00:00,32.41,32.47,32.23,32.29,402202.0
6607,2021-12-16 16:00:00,32.3,32.31,32.3,32.3,51690.0
6608,2021-12-17 09:00:00,32.0,32.42,31.85,32.245,367816.0
6609,2021-12-17 10:00:00,32.28,32.87,32.28,32.87,236765.0
6610,2021-12-17 11:00:00,32.85,33.1,32.79,32.845,208441.0
6611,2021-12-17 12:00:00,32.83,33.16,32.76,33.11,207243.0
6612,2021-12-17 13:00:00,33.09,33.3,33.04,33.26,262846.0
6613,2021-12-17 14:00:00,33.25,33.4,33.195,33.24,294916.0
6614,2021-12-17 15:00:00,33.24,33.6,33.01,33.26,1233902.0
6615,2021-12-17 16:00:00,33.25,33.25,33.25,33.25,47949.0
6616,2021-12-20 08:00:00,32.97,32.98,32.97,32.98,507.0
6617,2021-12-20 09:00:00,32.95,32.95,31.95,32.365,366208.0
6618,2021-12-20 10:00:00,32.38,32.51,31.82,31.99,487805.0
6619,2021-12-20 11:00:00,31.96,31.9814,31.5,31.66,318123.0
6620,2021-12-20 12:00:00,31.67,31.67,31.33,31.355,363211.0
6621,2021-12-20 13:00:00,31.355,31.5,31.215,31.4,283623.0
6622,2021-12-20 14:00:00,31.41,31.54,31.27,31.34,260694.0
6623,2021-12-20 15:00:00,31.34,31.49,31.21,31.36,934974.0
6624,2021-12-20 16:00:00,31.35,31.35,31.35,31.35,47729.0
6625,2021-12-20 17:00:00,31.72,31.72,31.51,31.51,712.0
6626,2021-12-21 09:00:00,31.8,32.1299,31.79,32.12,139243.0
6627,2021-12-21 10:00:00,32.11,32.39,32.11,32.13,261908.0
6628,2021-12-21 11:00:00,32.12,32.31,32.03,32.24,203662.0
6629,2021-12-21 12:00:00,32.245,32.32,32.14,32.19,133782.0
6630,2021-12-21 13:00:00,32.17,32.23,31.995,32.01,214952.0
6631,2021-12-21 14:00:00,32.01,32.0269,31.92,31.93,139356.0
6632,2021-12-21 15:00:00,31.93,32.04,31.85,32.04,610124.0
6633,2021-12-21 16:00:00,32.04,32.04,32.04,32.04,126354.0
6634,2021-12-22 09:00:00,31.92,31.99,31.53,31.86,102369.0
6635,2021-12-22 10:00:00,31.88,32.03,31.69,31.97,191209.0
6636,2021-12-22 11:00:00,31.96,31.9901,31.75,31.94,180135.0
6637,2021-12-22 12:00:00,31.94,32.29,31.895,32.245,240057.0
6638,2021-12-22 13:00:00,32.24,32.28,32.11,32.22,515516.0
6639,2021-12-22 14:00:00,32.2,32.27,32.13,32.21,423145.0
6640,2021-12-22 15:00:00,32.21,32.3,32.16,32.26,664593.0
6641,2021-12-22 16:00:00,32.27,32.27,32.27,32.27,12408.0
6642,2021-12-23 09:00:00,32.32,32.86,32.32,32.8,95187.0
6643,2021-12-23 10:00:00,32.8,33.04,32.73,32.98,166781.0
6644,2021-12-23 11:00:00,33.0,33.02,32.84,32.99,188237.0
6645,2021-12-23 12:00:00,32.98,33.1102,32.95,32.99,98515.0
6646,2021-12-23 13:00:00,33.0,33.08,32.91,32.97,141854.0
6647,2021-12-23 14:00:00,32.96,33.01,32.845,32.89,123815.0
6648,2021-12-23 15:00:00,32.89,33.02,32.83,32.88,448459.0
6649,2021-12-23 16:00:00,32.87,32.95,32.6,32.61,94192.0
6650,2021-12-27 09:00:00,32.79,32.98,32.44,32.525,87071.0
6651,2021-12-27 10:00:00,32.52,33.05,32.46,33.05,186771.0
6652,2021-12-27 11:00:00,33.05,33.21,32.89,32.9,128304.0
6653,2021-12-27 12:00:00,32.88,32.899,32.735,32.8,72053.0
6654,2021-12-27 13:00:00,32.8,32.83,32.6804,32.77,89088.0
6655,2021-12-27 14:00:00,32.76,32.835,32.66,32.72,95111.0
6656,2021-12-27 15:00:00,32.71,32.9,32.66,32.89,230853.0
6657,2021-12-27 16:00:00,32.63,32.63,32.49,32.49,1508.0
6658,2021-12-28 07:00:00,33.19,33.19,33.19,33.19,249.0
6659,2021-12-28 09:00:00,32.9,33.345,32.9,33.15,134143.0
6660,2021-12-28 10:00:00,33.15,33.385,33.09,33.21,92811.0
6661,2021-12-28 11:00:00,33.22,33.23,32.97,33.1,184783.0
6662,2021-12-28 12:00:00,33.1,33.1,32.801,32.89,85522.0
6663,2021-12-28 13:00:00,32.9,32.99,32.88,32.93,70860.0
6664,2021-12-28 14:00:00,32.92,32.94,32.82,32.875,85483.0
6665,2021-12-28 15:00:00,32.86,32.945,32.79,32.85,292239.0
6666,2021-12-28 16:00:00,32.85,33.0,32.85,33.0,4109.0
6667,2021-12-28 17:00:00,32.95,32.95,32.95,32.95,500.0
6668,2021-12-29 09:00:00,32.85,32.9,32.63,32.7,79187.0
6669,2021-12-29 10:00:00,32.73,32.8,32.65,32.71,112920.0
6670,2021-12-29 11:00:00,32.72,32.85,32.56,32.64,104645.0
6671,2021-12-29 12:00:00,32.64,32.72,32.61,32.65,84633.0
6672,2021-12-29 13:00:00,32.6442,32.6442,32.49,32.61,152878.0
6673,2021-12-29 14:00:00,32.6,32.66,32.51,32.54,129173.0
6674,2021-12-29 15:00:00,32.54,32.54,32.35,32.46,419348.0
6675,2021-12-29 16:00:00,32.46,32.46,32.46,32.46,3023.0
6676,2021-12-30 09:00:00,32.55,33.42,32.47,33.22,122764.0
6677,2021-12-30 10:00:00,33.2,33.25,32.93,33.205,189856.0
6678,2021-12-30 11:00:00,33.2,33.205,32.79,32.87,162445.0
6679,2021-12-30 12:00:00,32.88,33.05,32.84,32.99,160133.0
6680,2021-12-30 13:00:00,32.98,33.075,32.93,33.02,196824.0
6681,2021-12-30 14:00:00,33.025,33.025,32.89,32.93,130089.0
6682,2021-12-30 15:00:00,32.94,33.02,32.79,32.86,419629.0
6683,2021-12-30 16:00:00,32.85,32.85,32.85,32.85,3574.0
6684,2021-12-31 09:00:00,32.82,33.14,32.74,32.79,67873.0
6685,2021-12-31 10:00:00,32.79,32.88,32.46,32.55,105789.0
6686,2021-12-31 11:00:00,32.57,32.67,32.53,32.62,113272.0
6687,2021-12-31 12:00:00,32.61,32.75,32.51,32.75,99979.0
6688,2021-12-31 13:00:00,32.74,32.77,32.65,32.74,102464.0
6689,2021-12-31 14:00:00,32.73,32.78,32.67,32.72,103668.0
6690,2021-12-31 15:00:00,32.715,32.79,32.43,32.44,424408.0
6691,2021-12-31 16:00:00,32.51,32.6481,32.42,32.44,127938.0
6692,2022-01-03 09:00:00,32.55,32.91,32.55,32.85,108294.0
6693,2022-01-03 10:00:00,32.8,33.17,32.8,33.04,216993.0
6694,2022-01-03 11:00:00,33.07,33.16,32.82,32.99,204937.0
6695,2022-01-03 12:00:00,32.99,33.07,32.87,33.07,124921.0
6696,2022-01-03 13:00:00,33.08,33.14,33.01,33.11,97711.0
6697,2022-01-03 14:00:00,33.1,33.46,33.05,33.43,130745.0
6698,2022-01-03 15:00:00,33.44,33.449,33.2,33.3,572697.0
6699,2022-01-03 16:00:00,33.29,33.29,33.29,33.29,138562.0
6700,2022-01-04 09:00:00,33.5,33.59,33.155,33.32,418372.0
6701,2022-01-04 10:00:00,33.37,33.51,33.13,33.39,382886.0
6702,2022-01-04 11:00:00,33.4,33.895,33.3,33.82,439090.0
6703,2022-01-04 12:00:00,33.8,34.1,33.8,34.02,258572.0
6704,2022-01-04 13:00:00,34.02,34.03,33.6,33.645,341018.0
6705,2022-01-04 14:00:00,33.645,33.88,33.63,33.865,225856.0
6706,2022-01-04 15:00:00,33.865,33.955,33.725,33.76,643417.0
6707,2022-01-04 16:00:00,33.76,33.76,33.7,33.76,96523.0
6708,2022-01-04 19:00:00,33.72,33.72,33.72,33.72,100.0
6709,2022-01-05 09:00:00,33.43,34.2,33.43,34.12,232479.0
6710,2022-01-05 10:00:00,34.11,34.12,33.61,33.77,503277.0
6711,2022-01-05 11:00:00,33.76,33.89,33.7,33.87,345560.0
6712,2022-01-05 12:00:00,33.87,34.185,33.8,33.81,360355.0
6713,2022-01-05 13:00:00,33.815,33.85,33.72,33.85,186698.0
6714,2022-01-05 14:00:00,33.87,33.88,33.35,33.47,286605.0
6715,2022-01-05 15:00:00,33.46,33.58,32.965,33.02,833066.0
6716,2022-01-05 16:00:00,33.02,33.742,33.02,33.02,47411.0
6717,2022-01-05 17:00:00,33.02,33.02,33.02,33.02,54915.0
6718,2022-01-05 19:00:00,32.68,32.68,32.68,32.68,210.0
6719,2022-01-06 04:00:00,32.01,32.01,32.01,32.01,300.0
6720,2022-01-06 09:00:00,32.95,33.49,32.66,32.67,162574.0
6721,2022-01-06 10:00:00,32.67,33.17,32.53,33.03,376890.0
6722,2022-01-06 11:00:00,33.04,33.16,32.91,33.01,174385.0
6723,2022-01-06 12:00:00,33.02,33.21,32.85,33.21,154956.0
6724,2022-01-06 13:00:00,33.21,33.23,33.02,33.06,190842.0
6725,2022-01-06 14:00:00,33.06,33.12,32.84,32.995,252069.0
6726,2022-01-06 15:00:00,33.0,33.13,32.9,32.96,709333.0
6727,2022-01-06 16:00:00,32.96,32.96,32.96,32.96,109321.0
6728,2022-01-07 09:00:00,33.11,33.7799,33.11,33.71,233304.0
6729,2022-01-07 10:00:00,33.71,33.98,33.59,33.88,222734.0
6730,2022-01-07 11:00:00,33.86,34.07,33.74,34.065,199775.0
6731,2022-01-07 12:00:00,34.05,34.21,34.03,34.14,125819.0
6732,2022-01-07 13:00:00,34.13,34.29,34.1,34.27,135558.0
6733,2022-01-07 14:00:00,34.28,34.32,34.11,34.125,141049.0
6734,2022-01-07 15:00:00,34.13,34.41,34.13,34.39,755074.0
6735,2022-01-07 16:00:00,34.38,34.38,34.38,34.38,104687.0
6736,2022-01-07 17:00:00,34.07,34.07,34.07,34.07,300.0
6737,2022-01-10 08:00:00,34.5,34.5,34.5,34.5,200.0
6738,2022-01-10 09:00:00,34.48,34.8,34.08,34.08,237856.0
6739,2022-01-10 10:00:00,34.06,34.15,33.35,33.44,286489.0
6740,2022-01-10 11:00:00,33.45,33.9099,33.31,33.82,300021.0
6741,2022-01-10 12:00:00,33.81,33.85,33.66,33.79,230541.0
6742,2022-01-10 13:00:00,33.79,33.8335,33.54,33.725,223966.0
6743,2022-01-10 14:00:00,33.72,33.835,33.65,33.769,224853.0
6744,2022-01-10 15:00:00,33.77,34.15,33.63,33.96,880507.0
6745,2022-01-10 16:00:00,33.95,34.05,33.95,34.05,38317.0
6746,2022-01-11 09:00:00,34.15,34.25,33.86,33.89,84394.0
6747,2022-01-11 10:00:00,33.8855,35.27,33.8855,35.015,1012966.0
6748,2022-01-11 11:00:00,35.0,35.1,34.6,34.87,433729.0
6749,2022-01-11 12:00:00,34.88,35.18,34.855,35.04,286437.0
6750,2022-01-11 13:00:00,35.04,35.26,34.94,35.24,1350220.0
6751,2022-01-11 14:00:00,35.245,35.32,35.1564,35.28,299434.0
6752,2022-01-11 15:00:00,35.285,35.425,35.25,35.38,1211730.0
6753,2022-01-11 16:00:00,35.38,35.38,35.38,35.38,53399.0
6754,2022-01-11 18:00:00,35.5,35.5,35.5,35.5,100.0
6755,2022-01-11 19:00:00,35.49,37.99,35.49,37.4,21406.0
6756,2022-01-12 04:00:00,37.01,37.85,37.01,37.85,4102.0
6757,2022-01-12 05:00:00,37.82,38.0,37.8,38.0,1613.0
6758,2022-01-12 06:00:00,38.13,38.2,37.5,37.83,1316.0
6759,2022-01-12 07:00:00,37.85,38.0,37.01,37.01,16679.0
6760,2022-01-12 08:00:00,37.9999,37.9999,36.28,37.0,166395.0
6761,2022-01-12 09:00:00,37.1499,37.15,35.8,36.8428,1723003.0
6762,2022-01-12 10:00:00,36.86,37.04,36.41,36.99,1983944.0
6763,2022-01-12 11:00:00,36.995,37.0,36.56,36.985,1058061.0
6764,2022-01-12 12:00:00,36.99,37.09,36.74,36.75,1093252.0
6765,2022-01-12 13:00:00,36.75,37.2799,36.73,36.8099,678990.0
6766,2022-01-12 14:00:00,36.8018,36.93,36.52,36.585,622699.0
6767,2022-01-12 15:00:00,36.58,36.69,36.34,36.37,1169938.0
6768,2022-01-12 16:00:00,36.37,36.74,36.07,36.1,26833.0
6769,2022-01-12 17:00:00,36.71,36.71,36.09,36.09,400.0
6770,2022-01-12 18:00:00,36.68,36.71,36.09,36.09,3420.0
6771,2022-01-12 19:00:00,36.68,36.71,36.09,36.41,1178.0
6772,2022-01-13 09:00:00,36.0092,36.57,34.885,35.615,494611.0
6773,2022-01-13 10:00:00,35.61,36.51,35.31,36.29,746286.0
6774,2022-01-13 11:00:00,36.28,36.7,35.97,36.59,481593.0
6775,2022-01-13 12:00:00,36.575,36.6,36.33,36.44,282571.0
6776,2022-01-13 13:00:00,36.45,36.67,35.91,36.47,615316.0
6777,2022-01-13 14:00:00,36.47,36.72,36.36,36.63,349732.0
6778,2022-01-13 15:00:00,36.62,36.64,36.175,36.3,547508.0
6779,2022-01-13 16:00:00,36.3,36.3,36.3,36.3,61582.0
6780,2022-01-14 09:00:00,35.98,36.37,35.68,36.165,534690.0
6781,2022-01-14 10:00:00,36.165,36.48,36.06,36.355,290015.0
6782,2022-01-14 11:00:00,36.3525,36.4,36.0,36.245,174978.0
6783,2022-01-14 12:00:00,36.24,36.34,36.1,36.22,169158.0
6784,2022-01-14 13:00:00,36.205,36.46,36.05,36.46,186294.0
6785,2022-01-14 14:00:00,36.45,36.51,35.97,35.98,379778.0
6786,2022-01-14 15:00:00,36.0,36.26,35.71,36.18,1067610.0
6787,2022-01-14 16:00:00,36.19,36.19,36.19,36.19,224943.0
6788,2022-01-18 04:00:00,36.11,36.11,36.11,36.11,150.0
6789,2022-01-18 07:00:00,35.99,35.99,35.99,35.99,150.0
6790,2022-01-18 08:00:00,35.8,35.8,35.8,35.8,514.0
6791,2022-01-18 09:00:00,35.95,36.2085,35.53,35.69,136325.0
6792,2022-01-18 10:00:00,35.68,35.86,35.55,35.83,225121.0
6793,2022-01-18 11:00:00,35.83,35.88,35.64,35.72,310652.0
6794,2022-01-18 12:00:00,35.73,35.81,35.55,35.71,106720.0
6795,2022-01-18 13:00:00,35.715,35.94,35.643,35.93,178505.0
6796,2022-01-18 14:00:00,35.93,36.28,35.93,36.2,208551.0
6797,2022-01-18 15:00:00,36.2,36.215,35.85,35.98,709645.0
6798,2022-01-18 16:00:00,35.95,35.95,35.85,35.85,30118.0
6799,2022-01-19 08:00:00,36.0,36.0,36.0,36.0,1002.0
6800,2022-01-19 09:00:00,36.01,36.14,35.46,35.46,229708.0
6801,2022-01-19 10:00:00,35.45,35.5,34.84,35.01,257653.0
6802,2022-01-19 11:00:00,35.02,35.11,34.72,35.08,181053.0
6803,2022-01-19 12:00:00,35.09,35.29,34.85,35.0,185377.0
6804,2022-01-19 13:00:00,35.0,35.0,34.65,34.66,178294.0
6805,2022-01-19 14:00:00,34.66,34.68,34.22,34.33,347807.0
6806,2022-01-19 15:00:00,34.32,34.405,34.0,34.05,898626.0
6807,2022-01-19 16:00:00,34.05,34.05,34.05,34.05,26299.0
6808,2022-01-19 17:00:00,34.02,34.02,34.02,34.02,150.0
6809,2022-01-20 07:00:00,33.83,34.14,33.83,34.06,2571.0
6810,2022-01-20 09:00:00,34.0,34.255,33.59,33.74,236340.0
6811,2022-01-20 10:00:00,33.74,34.54,33.59,34.44,198285.0
6812,2022-01-20 11:00:00,34.43,34.48,34.185,34.4,141011.0
6813,2022-01-20 12:00:00,34.4,34.405,33.99,34.09,183045.0
6814,2022-01-20 13:00:00,34.1,34.16,34.0,34.03,214623.0
6815,2022-01-20 14:00:00,34.035,34.2,33.805,33.83,195987.0
6816,2022-01-20 15:00:00,33.85,33.92,33.18,33.25,690120.0
6817,2022-01-20 16:00:00,33.24,33.24,33.24,33.24,50644.0
6818,2022-01-20 18:00:00,33.06,33.06,33.0,33.0,200.0
6819,2022-01-21 09:00:00,32.9,33.11,32.68,32.9,232286.0
6820,2022-01-21 10:00:00,32.91,33.01,32.46,32.76,480950.0
6821,2022-01-21 11:00:00,32.8,32.9,32.236,32.36,400627.0
6822,2022-01-21 12:00:00,32.35,32.5,32.18,32.27,318522.0
6823,2022-01-21 13:00:00,32.27,32.325,32.03,32.14,256166.0
6824,2022-01-21 14:00:00,32.15,32.26,31.96,32.01,338548.0
6825,2022-01-21 15:00:00,32.01,32.02,31.72,31.76,1101087.0
6826,2022-01-21 16:00:00,31.76,31.76,31.76,31.76,32641.0
6827,2022-01-24 07:00:00,32.0,32.0,31.78,31.78,1090.0
6828,2022-01-24 08:00:00,31.51,31.51,31.41,31.41,702.0
6829,2022-01-24 09:00:00,31.07,31.54,30.85,31.31,495104.0
6830,2022-01-24 10:00:00,31.305,31.37,30.41,30.46,1252182.0
6831,2022-01-24 11:00:00,30.45,30.49,29.16,29.54,1127233.0
6832,2022-01-24 12:00:00,29.55,29.57,28.98,29.34,749395.0
6833,2022-01-24 13:00:00,29.35,30.09,29.29,30.09,620439.0
6834,2022-01-24 14:00:00,30.06,30.55,29.95,30.28,437965.0
6835,2022-01-24 15:00:00,30.25,30.96,30.13,30.84,944238.0
6836,2022-01-24 16:00:00,30.83,30.83,30.83,30.83,107919.0
6837,2022-01-24 19:00:00,31.17,31.17,31.17,31.17,100.0
6838,2022-01-25 04:00:00,30.83,30.83,30.6,30.6,201.0
6839,2022-01-25 08:00:00,30.48,30.48,30.45,30.45,502.0
6840,2022-01-25 09:00:00,30.68,30.965,30.0,30.04,359051.0
6841,2022-01-25 10:00:00,30.08,30.36,29.91,30.01,399339.0
6842,2022-01-25 11:00:00,30.0,30.43,29.99,30.16,229545.0
6843,2022-01-25 12:00:00,30.15,30.52,30.13,30.405,204648.0
6844,2022-01-25 13:00:00,30.38,30.99,30.35,30.99,250055.0
6845,2022-01-25 14:00:00,30.96,31.29,30.88,31.255,314916.0
6846,2022-01-25 15:00:00,31.26,31.4,31.06,31.11,1117595.0
6847,2022-01-25 16:00:00,31.1,31.1,31.1,31.1,74584.0
6848,2022-01-25 17:00:00,31.0,31.0,31.0,31.0,100.0
6849,2022-01-26 09:00:00,31.55,31.9,31.1,31.64,216171.0
6850,2022-01-26 10:00:00,31.63,31.6699,30.915,31.07,192020.0
6851,2022-01-26 11:00:00,31.05,31.29,30.89,30.99,167135.0
6852,2022-01-26 12:00:00,30.98,31.11,30.86,31.02,302807.0
6853,2022-01-26 13:00:00,31.02,31.27,30.91,31.195,222714.0
6854,2022-01-26 14:00:00,31.21,31.52,30.9,30.99,337053.0
6855,2022-01-26 15:00:00,30.98,30.98,30.39,30.66,570114.0
6856,2022-01-26 16:00:00,30.67,30.67,30.67,30.67,45704.0
6857,2022-01-27 09:00:00,30.67,31.88,30.67,31.465,160600.0
6858,2022-01-27 10:00:00,31.44,31.695,31.08,31.3,332172.0
6859,2022-01-27 11:00:00,31.32,31.45,31.11,31.21,173191.0
6860,2022-01-27 12:00:00,31.18,31.27,30.59,30.59,163102.0
6861,2022-01-27 13:00:00,30.58,30.61,30.3601,30.54,234476.0
6862,2022-01-27 14:00:00,30.53,30.73,30.32,30.385,183947.0
6863,2022-01-27 15:00:00,30.4,30.535,30.18,30.27,522295.0
6864,2022-01-27 16:00:00,30.27,30.27,30.26,30.26,35204.0
6865,2022-01-28 07:00:00,30.1,30.1,29.9,29.9,541.0
6866,2022-01-28 09:00:00,30.085,30.34,29.83,30.2806,372492.0
6867,2022-01-28 10:00:00,30.295,30.39,29.74,30.04,297908.0
6868,2022-01-28 11:00:00,30.055,30.44,29.88,30.4,273705.0
6869,2022-01-28 12:00:00,30.38,30.5,30.2,30.205,229502.0
6870,2022-01-28 13:00:00,30.21,30.44,30.2,30.27,220910.0
6871,2022-01-28 14:00:00,30.26,30.37,29.95,30.34,270657.0
6872,2022-01-28 15:00:00,30.35,31.01,30.35,30.98,907425.0
6873,2022-01-28 16:00:00,30.99,30.99,30.99,30.99,31033.0
6874,2022-01-31 09:00:00,30.83,30.83,30.315,30.79,130960.0
6875,2022-01-31 10:00:00,30.79,30.93,30.58,30.825,193913.0
6876,2022-01-31 11:00:00,30.84,31.05,30.71,31.0,196376.0
6877,2022-01-31 12:00:00,31.0,31.145,30.94,31.115,223748.0
6878,2022-01-31 13:00:00,31.125,31.49,31.04,31.26,316507.0
6879,2022-01-31 14:00:00,31.27,31.32,31.19,31.25,191692.0
6880,2022-01-31 15:00:00,31.26,31.42,31.03,31.37,530916.0
6881,2022-01-31 16:00:00,31.4,31.4,31.3,31.32,57556.0
6882,2022-01-31 18:00:00,31.32,31.32,31.32,31.32,500.0
6883,2022-01-31 19:00:00,31.31,31.31,31.31,31.31,150.0
6884,2022-02-01 08:00:00,31.4,31.4,31.4,31.4,51300.0
6885,2022-02-01 09:00:00,31.79,31.79,30.88,31.34,156216.0
6886,2022-02-01 10:00:00,31.26,31.735,30.98,31.72,193100.0
6887,2022-02-01 11:00:00,31.74,31.815,31.55,31.64,153562.0
6888,2022-02-01 12:00:00,31.64,31.76,31.47,31.58,132840.0
6889,2022-02-01 13:00:00,31.58,31.65,31.51,31.575,113860.0
6890,2022-02-01 14:00:00,31.57,31.8,31.53,31.8,124353.0
6891,2022-02-01 15:00:00,31.805,31.95,31.65,31.72,659584.0
6892,2022-02-01 16:00:00,31.73,31.73,31.73,31.73,201890.0
6893,2022-02-02 08:00:00,31.73,31.73,31.73,31.73,21612.0
6894,2022-02-02 09:00:00,32.06,32.06,31.27,31.54,143471.0
6895,2022-02-02 10:00:00,31.5,31.78,31.315,31.36,366754.0
6896,2022-02-02 11:00:00,31.36,31.415,31.11,31.35,524611.0
6897,2022-02-02 12:00:00,31.35,31.45,31.31,31.4,428550.0
6898,2022-02-02 13:00:00,31.39,31.47,31.3,31.4,238332.0
6899,2022-02-02 14:00:00,31.4,31.42,31.26,31.325,227488.0
6900,2022-02-02 15:00:00,31.32,31.45,31.22,31.24,810485.0
6901,2022-02-02 16:00:00,31.24,31.24,31.24,31.24,31139.0
6902,2022-02-02 17:00:00,31.25,31.25,31.25,31.25,200.0
6903,2022-02-03 09:00:00,31.04,31.38,30.77,31.23,177540.0
6904,2022-02-03 10:00:00,31.21,31.43,31.18,31.325,245818.0
6905,2022-02-03 11:00:00,31.33,31.47,31.155,31.22,822188.0
6906,2022-02-03 12:00:00,31.21,31.33,31.13,31.29,275205.0
6907,2022-02-03 13:00:00,31.29,31.3,30.995,31.075,211245.0
6908,2022-02-03 14:00:00,31.07,31.22,30.82,30.875,207901.0
6909,2022-02-03 15:00:00,30.88,31.025,30.77,30.82,604833.0
6910,2022-02-03 16:00:00,30.83,30.83,30.83,30.83,9477.0
6911,2022-02-04 08:00:00,30.52,30.8,30.43,30.66,9424.0
6912,2022-02-04 09:00:00,30.26,30.93,30.26,30.6,136543.0
6913,2022-02-04 10:00:00,30.57,30.75,30.32,30.36,426981.0
6914,2022-02-04 11:00:00,30.34,30.68,30.315,30.53,345671.0
6915,2022-02-04 12:00:00,30.53,30.695,30.46,30.66,195050.0
6916,2022-02-04 13:00:00,30.67,31.08,30.67,30.99,204203.0
6917,2022-02-04 14:00:00,31.01,31.055,30.931,30.98,213945.0
6918,2022-02-04 15:00:00,30.98,31.04,30.49,30.64,1491077.0
6919,2022-02-04 16:00:00,30.65,30.65,30.65,30.65,165561.0
6920,2022-02-07 07:00:00,30.95,31.25,30.95,31.25,1282.0
6921,2022-02-07 09:00:00,30.84,31.04,30.461,30.71,122348.0
6922,2022-02-07 10:00:00,30.74,30.82,30.35,30.59,156896.0
6923,2022-02-07 11:00:00,30.58,30.6,30.29,30.29,176532.0
6924,2022-02-07 12:00:00,30.29,30.3,30.09,30.21,160365.0
6925,2022-02-07 13:00:00,30.2,30.41,30.17,30.39,163114.0
6926,2022-02-07 14:00:00,30.39,30.59,30.305,30.535,250823.0
6927,2022-02-07 15:00:00,30.53,30.61,30.29,30.36,536323.0
6928,2022-02-07 16:00:00,30.37,30.37,30.37,30.37,441341.0
6929,2022-02-07 18:00:00,30.03,30.03,30.03,30.03,190.0
6930,2022-02-08 09:00:00,30.49,30.92,30.4116,30.68,126803.0
6931,2022-02-08 10:00:00,30.66,31.05,30.585,31.011,967244.0
6932,2022-02-08 11:00:00,31.0,31.07,30.78,30.85,172418.0
6933,2022-02-08 12:00:00,30.86,30.9,30.61,30.8,121359.0
6934,2022-02-08 13:00:00,30.79,30.8,30.68,30.8,80616.0
6935,2022-02-08 14:00:00,30.8,30.83,30.56,30.59,146543.0
6936,2022-02-08 15:00:00,30.5972,30.82,30.54,30.73,437852.0
6937,2022-02-08 16:00:00,30.73,30.73,30.72,30.72,22941.0
6938,2022-02-09 09:00:00,30.97,31.5,30.92,31.22,193622.0
6939,2022-02-09 10:00:00,31.26,31.835,31.19,31.73,313346.0
6940,2022-02-09 11:00:00,31.74,31.81,31.64,31.8,140819.0
6941,2022-02-09 12:00:00,31.79,32.02,31.71,32.0,275058.0
6942,2022-02-09 13:00:00,32.0,32.2,31.95,32.155,257028.0
6943,2022-02-09 14:00:00,32.155,32.31,32.07,32.0956,149386.0
6944,2022-02-09 15:00:00,32.1,32.2,32.02,32.19,448806.0
6945,2022-02-09 16:00:00,32.18,32.18,32.18,32.18,3521.0
6946,2022-02-10 09:00:00,31.87,32.62,31.81,32.54,117916.0
6947,2022-02-10 10:00:00,32.52,32.91,32.5,32.8,338673.0
6948,2022-02-10 11:00:00,32.79,32.88,32.43,32.6,185828.0
6949,2022-02-10 12:00:00,32.62,32.67,32.24,32.29,174364.0
6950,2022-02-10 13:00:00,32.29,32.32,31.89,32.2,267276.0
6951,2022-02-10 14:00:00,32.21,32.21,31.97,32.0,138885.0
6952,2022-02-10 15:00:00,32.0,32.095,31.75,31.92,443154.0
6953,2022-02-10 16:00:00,31.93,32.26,31.87,31.87,45113.0
6954,2022-02-11 09:00:00,31.6,32.2,31.16,32.0,88854.0
6955,2022-02-11 10:00:00,32.06,32.46,32.06,32.39,184925.0
6956,2022-02-11 11:00:00,32.42,32.52,32.02,32.08,128882.0
6957,2022-02-11 12:00:00,32.07,32.21,32.02,32.09,85234.0
6958,2022-02-11 13:00:00,32.1,32.12,31.54,31.62,191149.0
6959,2022-02-11 14:00:00,31.61,31.66,31.26,31.38,257433.0
6960,2022-02-11 15:00:00,31.39,31.5,31.21,31.28,542698.0
6961,2022-02-11 16:00:00,31.28,31.28,31.28,31.28,20563.0
6962,2022-02-14 09:00:00,31.36,31.69,31.25,31.575,156567.0
6963,2022-02-14 10:00:00,31.55,31.61,31.01,31.02,244542.0
6964,2022-02-14 11:00:00,31.045,31.41,31.045,31.34,131738.0
6965,2022-02-14 12:00:00,31.34,31.39,31.17,31.36,133934.0
6966,2022-02-14 13:00:00,31.37,31.41,30.89,30.89,156447.0
6967,2022-02-14 14:00:00,30.88,31.025,30.765,30.99,155343.0
6968,2022-02-14 15:00:00,31.0,31.02,30.78,30.96,460523.0
6969,2022-02-14 16:00:00,30.97,31.06,30.97,31.06,14128.0
6970,2022-02-15 08:00:00,32.0,32.0,32.0,32.0,500.0
6971,2022-02-15 09:00:00,31.28,31.785,31.19,31.49,86592.0
6972,2022-02-15 10:00:00,31.49,31.72,31.46,31.68,143281.0
6973,2022-02-15 11:00:00,31.69,31.88,31.54,31.85,212180.0
6974,2022-02-15 12:00:00,31.87,31.96,31.762,31.815,189289.0
6975,2022-02-15 13:00:00,31.82,32.145,31.82,32.115,170455.0
6976,2022-02-15 14:00:00,32.11,32.11,31.91,31.93,134394.0
6977,2022-02-15 15:00:00,31.93,31.995,31.73,31.89,512531.0
6978,2022-02-15 16:00:00,31.89,31.89,31.89,31.89,4502.0
6979,2022-02-16 09:00:00,31.8769,31.8769,31.36,31.49,72022.0
6980,2022-02-16 10:00:00,31.45,31.59,31.32,31.36,144033.0
6981,2022-02-16 11:00:00,31.37,31.39,31.24,31.275,317184.0
6982,2022-02-16 12:00:00,31.28,31.355,31.015,31.12,279612.0
6983,2022-02-16 13:00:00,31.13,31.28,31.03,31.245,168394.0
6984,2022-02-16 14:00:00,31.245,31.535,31.12,31.42,154903.0
6985,2022-02-16 15:00:00,31.44,31.665,31.41,31.57,335973.0
6986,2022-02-16 16:00:00,31.59,31.59,31.09,31.09,21181.0
6987,2022-02-17 09:00:00,31.21,31.315,30.64,30.69,148319.0
6988,2022-02-17 10:00:00,30.68,30.75,30.345,30.43,226932.0
6989,2022-02-17 11:00:00,30.42,30.585,30.3,30.36,261302.0
6990,2022-02-17 12:00:00,30.365,30.425,30.14,30.21,186121.0
6991,2022-02-17 13:00:00,30.209,30.21,29.85,29.935,335776.0
6992,2022-02-17 14:00:00,29.935,29.945,29.74,29.755,190441.0
6993,2022-02-17 15:00:00,29.755,29.94,29.595,29.88,779858.0
6994,2022-02-17 16:00:00,29.88,29.88,29.88,29.88,18719.0
6995,2022-02-18 08:00:00,29.58,29.58,29.58,29.58,100.0
6996,2022-02-18 09:00:00,29.88,29.93,29.5,29.9,220446.0
6997,2022-02-18 10:00:00,29.905,29.915,29.25,29.271,287530.0
6998,2022-02-18 11:00:00,29.28,29.3,28.84,28.88,332760.0
6999,2022-02-18 12:00:00,28.875,29.21,28.87,29.075,288204.0
7000,2022-02-18 13:00:00,29.08,29.1725,28.97,29.16,409710.0
7001,2022-02-18 14:00:00,29.16,29.3,29.08,29.25,394292.0
7002,2022-02-18 15:00:00,29.25,29.28,28.89,28.97,846253.0
7003,2022-02-18 16:00:00,28.96,29.91,28.96,29.02,64271.0
7004,2022-02-18 17:00:00,29.02,29.02,29.02,29.02,800.0
7005,2022-02-18 19:00:00,29.02,29.02,29.0,29.0,938.0
7006,2022-02-22 07:00:00,29.0,29.0,29.0,29.0,735.0
7007,2022-02-22 08:00:00,28.91,28.91,28.91,28.91,681.0
7008,2022-02-22 09:00:00,29.19,29.4,28.69,28.9,172995.0
7009,2022-02-22 10:00:00,28.9,29.14,28.78,28.93,227493.0
7010,2022-02-22 11:00:00,28.94,28.955,28.6,28.7466,267903.0
7011,2022-02-22 12:00:00,28.74,28.77,28.29,28.295,354143.0
7012,2022-02-22 13:00:00,28.3,28.55,28.28,28.39,371219.0
7013,2022-02-22 14:00:00,28.38,29.02,28.28,28.9,351515.0
7014,2022-02-22 15:00:00,28.91,29.07,28.45,28.565,976089.0
7015,2022-02-22 16:00:00,28.54,28.54,28.49,28.54,29865.0
7016,2022-02-23 08:00:00,28.54,28.54,28.54,28.54,93614.0
7017,2022-02-23 09:00:00,29.17,29.18,28.67,28.685,156199.0
7018,2022-02-23 10:00:00,28.66,28.69,27.91,27.9885,326111.0
7019,2022-02-23 11:00:00,27.97,28.08,27.7,28.08,332434.0
7020,2022-02-23 12:00:00,28.1,28.28,27.97,28.14,147351.0
7021,2022-02-23 13:00:00,28.14,28.14,27.86,28.03,206576.0
7022,2022-02-23 14:00:00,28.02,28.04,27.74,27.84,170650.0
7023,2022-02-23 15:00:00,27.84,27.84,27.475,27.57,900659.0
7024,2022-02-23 16:00:00,27.57,27.57,27.57,27.57,20665.0
7025,2022-02-24 06:00:00,26.7,26.7,26.7,26.7,100.0
7026,2022-02-24 07:00:00,26.7,26.7,26.7,26.7,440.0
7027,2022-02-24 08:00:00,26.46,26.7,26.45,26.7,1882.0
7028,2022-02-24 09:00:00,26.5645,26.63,25.84,26.44,837749.0
7029,2022-02-24 10:00:00,26.45,26.7,26.21,26.23,655530.0
7030,2022-02-24 11:00:00,26.1999,26.23,25.93,26.19,576822.0
7031,2022-02-24 12:00:00,26.185,27.42,25.92,27.32,1288662.0
7032,2022-02-24 13:00:00,27.31,28.1099,27.2,27.83,1949167.0
7033,2022-02-24 14:00:00,27.85,29.29,27.74,29.29,1198839.0
7034,2022-02-24 15:00:00,29.29,29.81,29.21,29.47,1756284.0
7035,2022-02-24 16:00:00,29.46,29.46,29.4,29.4,32496.0
7036,2022-02-24 17:00:00,29.2,29.2,29.2,29.2,106.0
7037,2022-02-24 18:00:00,29.15,29.15,29.15,29.15,350.0
7038,2022-02-25 07:00:00,30.05,30.5,30.05,30.5,11155.0
7039,2022-02-25 08:00:00,30.21,30.5,30.01,30.49,8727.0
7040,2022-02-25 09:00:00,30.5,32.23,30.35,31.62,1209423.0
7041,2022-02-25 10:00:00,31.62,32.45,31.14,32.13,1114025.0
7042,2022-02-25 11:00:00,32.15,32.47,32.095,32.3,853817.0
7043,2022-02-25 12:00:00,32.3068,32.65,32.18,32.595,700754.0
7044,2022-02-25 13:00:00,32.61,32.811,32.49,32.63,480521.0
7045,2022-02-25 14:00:00,32.64,32.78,32.455,32.5,459644.0
7046,2022-02-25 15:00:00,32.5,32.92,32.47,32.82,1631838.0
7047,2022-02-25 16:00:00,32.8,32.8,32.8,32.8,274162.0
7048,2022-02-25 18:00:00,32.8,32.8,32.8,32.8,150.0
7049,2022-02-28 09:00:00,32.01,32.625,31.62,32.605,332472.0
7050,2022-02-28 10:00:00,32.6,32.82,32.24,32.675,367172.0
7051,2022-02-28 11:00:00,32.675,33.23,32.52,33.16,313978.0
7052,2022-02-28 12:00:00,33.16,33.22,32.42,32.55,300885.0
7053,2022-02-28 13:00:00,32.55,32.76,32.36,32.47,276542.0
7054,2022-02-28 14:00:00,32.44,32.44,31.9,31.97,337211.0
7055,2022-02-28 15:00:00,31.97,32.12,31.68,31.91,1377722.0
7056,2022-02-28 16:00:00,32.14,32.2,31.95,32.05,114699.0
7057,2022-03-01 07:00:00,31.99,31.99,31.99,31.99,100.0
7058,2022-03-01 09:00:00,31.6,32.16,31.59,31.88,141236.0
7059,2022-03-01 10:00:00,31.92,32.09,31.46,31.46,360954.0
7060,2022-03-01 11:00:00,31.47,31.63,31.0,31.095,225612.0
7061,2022-03-01 12:00:00,31.09,31.44,31.01,31.44,380851.0
7062,2022-03-01 13:00:00,31.43,31.54,30.92,31.08,419006.0
7063,2022-03-01 14:00:00,31.08,31.45,30.87,31.275,247632.0
7064,2022-03-01 15:00:00,31.27,31.42,31.05,31.25,653240.0
7065,2022-03-01 16:00:00,31.25,31.69,31.25,31.29,22692.0
7066,2022-03-02 09:00:00,31.33,32.16,31.01,31.865,252192.0
7067,2022-03-02 10:00:00,31.88,31.945,30.89,30.99,738874.0
7068,2022-03-02 11:00:00,31.0,31.35,30.96,31.27,246699.0
7069,2022-03-02 12:00:00,31.26,31.26,30.89,31.15,171440.0
7070,2022-03-02 13:00:00,31.16,31.39,31.16,31.35,138560.0
7071,2022-03-02 14:00:00,31.3406,31.35,30.83,30.86,201705.0
7072,2022-03-02 15:00:00,30.86,31.15,30.84,30.96,470816.0
7073,2022-03-02 16:00:00,30.98,30.98,30.98,30.98,50581.0
7074,2022-03-03 09:00:00,31.1,31.585,31.1,31.44,138603.0
7075,2022-03-03 10:00:00,31.44,31.61,31.13,31.16,299060.0
7076,2022-03-03 11:00:00,31.15,31.2,30.905,31.11,167542.0
7077,2022-03-03 12:00:00,31.11,31.59,31.06,31.52,224450.0
7078,2022-03-03 13:00:00,31.52,31.65,31.3,31.3,85370.0
7079,2022-03-03 14:00:00,31.305,31.46,30.96,30.97,147980.0
7080,2022-03-03 15:00:00,30.965,31.055,30.76,30.99,908701.0
7081,2022-03-03 16:00:00,30.98,30.98,30.98,30.98,18913.0
7082,2022-03-03 19:00:00,30.81,30.81,30.65,30.65,1150.0
7083,2022-03-04 08:00:00,30.76,30.76,30.76,30.76,325.0
7084,2022-03-04 09:00:00,30.76,30.77,30.22,30.64,170016.0
7085,2022-03-04 10:00:00,30.67,30.76,30.12,30.15,210261.0
7086,2022-03-04 11:00:00,30.155,30.25,29.94,29.985,246362.0
7087,2022-03-04 12:00:00,29.985,30.34,29.94,30.11,251396.0
7088,2022-03-04 13:00:00,30.12,30.24,29.87,29.87,289405.0
7089,2022-03-04 14:00:00,29.88,30.19,29.85,29.97,290731.0
7090,2022-03-04 15:00:00,29.96,30.28,29.96,30.17,887451.0
7091,2022-03-04 16:00:00,30.16,30.16,30.07,30.13,18044.0
7092,2022-03-07 08:00:00,29.6,29.6,29.6,29.6,400.0
7093,2022-03-07 09:00:00,30.03,30.19,29.81,29.83,112364.0
7094,2022-03-07 10:00:00,29.83,30.33,29.785,30.06,317726.0
7095,2022-03-07 11:00:00,30.04,30.3858,29.95,30.0,277682.0
7096,2022-03-07 12:00:00,29.98,29.98,29.47,29.76,221269.0
7097,2022-03-07 13:00:00,29.75,29.89,29.58,29.75,160854.0
7098,2022-03-07 14:00:00,29.76,29.905,29.64,29.67,193970.0
7099,2022-03-07 15:00:00,29.68,29.69,29.39,29.465,665637.0
7100,2022-03-07 16:00:00,29.47,29.6,29.44,29.46,44223.0
7101,2022-03-08 04:00:00,30.11,30.11,29.67,29.9,4840.0
7102,2022-03-08 05:00:00,29.77,29.91,29.72,29.91,5016.0
7103,2022-03-08 06:00:00,29.91,30.32,29.91,30.32,846.0
7104,2022-03-08 07:00:00,30.28,30.38,30.07,30.07,4188.0
7105,2022-03-08 08:00:00,30.55,30.55,29.87,30.0,5422.0
7106,2022-03-08 09:00:00,30.15,31.45,30.1095,31.26,855196.0
7107,2022-03-08 10:00:00,31.23,31.37,30.58,31.25,570083.0
7108,2022-03-08 11:00:00,31.25,31.5,31.02,31.32,752910.0
7109,2022-03-08 12:00:00,31.33,31.74,31.28,31.54,393625.0
7110,2022-03-08 13:00:00,31.545,31.76,31.29,31.35,267641.0
7111,2022-03-08 14:00:00,31.32,31.5,31.0,31.41,272076.0
7112,2022-03-08 15:00:00,31.42,31.6,30.95,30.97,786520.0
7113,2022-03-08 16:00:00,30.98,30.98,30.9,30.9,65180.0
7114,2022-03-09 07:00:00,31.16,31.35,31.16,31.35,324.0
7115,2022-03-09 09:00:00,31.54,32.03,31.42,31.725,490247.0
7116,2022-03-09 10:00:00,31.74,32.01,31.62,31.83,269364.0
7117,2022-03-09 11:00:00,31.84,31.93,31.53,31.83,313305.0
7118,2022-03-09 12:00:00,31.82,31.885,31.43,31.44,349901.0
7119,2022-03-09 13:00:00,31.45,31.71,31.13,31.15,220941.0
7120,2022-03-09 14:00:00,31.145,31.24,30.93,31.0,444034.0
7121,2022-03-09 15:00:00,31.01,31.2,30.89,30.94,505498.0
7122,2022-03-09 16:00:00,30.94,31.1,30.94,31.1,46223.0
7123,2022-03-10 08:00:00,30.5001,30.75,30.5001,30.65,2259.0
7124,2022-03-10 09:00:00,30.65,30.86,30.34,30.86,92254.0
7125,2022-03-10 10:00:00,30.84,30.9013,30.1,30.12,281315.0
7126,2022-03-10 11:00:00,30.12,30.17,29.93,30.12,197405.0
7127,2022-03-10 12:00:00,30.12,30.28,29.99,29.9931,89342.0
7128,2022-03-10 13:00:00,29.98,30.27,29.96,30.215,111841.0
7129,2022-03-10 14:00:00,30.22,30.61,30.21,30.545,142410.0
7130,2022-03-10 15:00:00,30.5424,30.61,30.415,30.52,378263.0
7131,2022-03-10 16:00:00,30.51,31.39,30.51,30.73,16849.0
7132,2022-03-10 17:00:00,30.74,30.74,30.49,30.51,3397.0
7133,2022-03-11 08:00:00,30.59,30.59,30.59,30.59,162.0
7134,2022-03-11 09:00:00,30.77,31.05,30.64,30.76,108175.0
7135,2022-03-11 10:00:00,30.8,30.8,30.48,30.66,146177.0
7136,2022-03-11 11:00:00,30.67,30.67,30.39,30.41,127216.0
7137,2022-03-11 12:00:00,30.4,30.43,30.25,30.43,177083.0
7138,2022-03-11 13:00:00,30.4147,30.73,30.33,30.55,201228.0
7139,2022-03-11 14:00:00,30.52,30.65,30.26,30.29,191589.0
7140,2022-03-11 15:00:00,30.28,30.3,30.0,30.05,441203.0
7141,2022-03-11 16:00:00,30.05,30.06,28.37,29.98,29270.0
7142,2022-03-11 17:00:00,29.78,29.78,29.78,29.78,1690.0
7143,2022-03-14 09:00:00,30.16,30.49,30.0,30.295,236102.0
7144,2022-03-14 10:00:00,30.295,30.6,29.98,30.1,162574.0
7145,2022-03-14 11:00:00,30.11,30.17,29.77,29.84,116983.0
7146,2022-03-14 12:00:00,29.83,29.88,29.62,29.62,107047.0
7147,2022-03-14 13:00:00,29.64,29.7,29.4735,29.56,197385.0
7148,2022-03-14 14:00:00,29.56,29.65,29.38,29.45,175191.0
7149,2022-03-14 15:00:00,29.45,29.53,29.27,29.44,469519.0
7150,2022-03-14 16:00:00,29.45,29.45,29.45,29.45,41858.0
7151,2022-03-14 17:00:00,29.45,29.45,29.44,29.44,362.0
7152,2022-03-15 08:00:00,29.53,29.83,29.53,29.83,73370.0
7153,2022-03-15 09:00:00,29.63,30.1,29.51,29.8,115843.0
7154,2022-03-15 10:00:00,29.795,30.06,29.62,29.72,242951.0
7155,2022-03-15 11:00:00,29.74,29.78,29.24,29.33,132670.0
7156,2022-03-15 12:00:00,29.31,29.64,29.28,29.42,123932.0
7157,2022-03-15 13:00:00,29.41,29.48,29.12,29.215,113711.0
7158,2022-03-15 14:00:00,29.22,29.33,29.08,29.33,197893.0
7159,2022-03-15 15:00:00,29.3,29.49,29.24,29.445,629551.0
7160,2022-03-15 16:00:00,29.45,29.98,29.1001,29.61,442469.0
7161,2022-03-15 17:00:00,29.3,29.3,29.3,29.3,162.0
7162,2022-03-16 08:00:00,34.3678,34.3678,29.64,29.64,3275.0
7163,2022-03-16 09:00:00,29.8,30.635,29.71,30.43,237994.0
7164,2022-03-16 10:00:00,30.45,30.85,30.27,30.83,225552.0
7165,2022-03-16 11:00:00,30.85,30.88,30.53,30.55,243608.0
7166,2022-03-16 12:00:00,30.55,30.64,30.24,30.42,175583.0
7167,2022-03-16 13:00:00,30.43,30.465,30.11,30.22,137184.0
7168,2022-03-16 14:00:00,30.18,30.35,29.66,30.21,222372.0
7169,2022-03-16 15:00:00,30.21,30.78,30.13,30.77,556069.0
7170,2022-03-16 16:00:00,30.78,30.78,30.78,30.78,52156.0
7171,2022-03-17 06:00:00,30.78,30.78,30.78,30.78,300.0
7172,2022-03-17 09:00:00,30.48,30.94,30.22,30.94,129991.0
7173,2022-03-17 10:00:00,30.95,31.07,30.48,30.83,220867.0
7174,2022-03-17 11:00:00,30.83,31.07,30.81,31.025,220941.0
7175,2022-03-17 12:00:00,31.03,31.065,30.78,31.03,174208.0
7176,2022-03-17 13:00:00,31.02,31.39,30.911,31.36,123773.0
7177,2022-03-17 14:00:00,31.36,31.36,31.22,31.285,106280.0
7178,2022-03-17 15:00:00,31.285,31.45,31.17,31.45,443102.0
7179,2022-03-17 16:00:00,31.44,31.46,31.34,31.34,23125.0
7180,2022-03-18 09:00:00,31.4,31.41,30.94,31.23,243995.0
7181,2022-03-18 10:00:00,31.24,31.33,31.04,31.25,123517.0
7182,2022-03-18 11:00:00,31.25,31.31,31.14,31.25,105853.0
7183,2022-03-18 12:00:00,31.26,31.51,31.24,31.265,160731.0
7184,2022-03-18 13:00:00,31.27,31.43,31.165,31.38,210799.0
7185,2022-03-18 14:00:00,31.39,31.515,31.27,31.49,235437.0
7186,2022-03-18 15:00:00,31.485,31.72,31.375,31.66,702582.0
7187,2022-03-18 16:00:00,31.65,31.65,31.65,31.65,138353.0
7188,2022-03-18 17:00:00,31.65,31.65,31.65,31.65,100.0
7189,2022-03-21 09:00:00,31.72,31.84,31.46,31.59,149564.0
7190,2022-03-21 10:00:00,31.59,32.11,31.48,31.76,228057.0
7191,2022-03-21 11:00:00,31.75,31.93,31.6,31.74,168298.0
7192,2022-03-21 12:00:00,31.78,31.79,31.11,31.145,188608.0
7193,2022-03-21 13:00:00,31.135,31.18,30.96,31.12,260361.0
7194,2022-03-21 14:00:00,31.12,31.175,30.91,30.95,211646.0
7195,2022-03-21 15:00:00,30.94,31.25,30.92,31.25,514020.0
7196,2022-03-21 16:00:00,31.25,31.25,31.25,31.25,37493.0
7197,2022-03-21 17:00:00,31.25,31.25,31.25,31.25,300.0
7198,2022-03-22 09:00:00,31.3,31.819,31.29,31.77,97355.0
7199,2022-03-22 10:00:00,31.74,31.78,31.4,31.49,69978.0
7200,2022-03-22 11:00:00,31.47,31.564,31.38,31.5,99727.0
7201,2022-03-22 12:00:00,31.505,31.51,31.3,31.5025,146627.0
7202,2022-03-22 13:00:00,31.515,31.92,31.515,31.86,133463.0
7203,2022-03-22 14:00:00,31.88,31.94,31.67,31.67,174947.0
7204,2022-03-22 15:00:00,31.67,31.69,31.49,31.61,433774.0
7205,2022-03-22 16:00:00,31.61,32.19,31.61,31.69,20917.0
7206,2022-03-23 09:00:00,31.44,31.69,31.27,31.27,76670.0
7207,2022-03-23 10:00:00,31.27,31.605,31.19,31.47,93194.0
7208,2022-03-23 11:00:00,31.47,31.86,31.45,31.645,126425.0
7209,2022-03-23 12:00:00,31.64,31.715,31.41,31.49,98140.0
7210,2022-03-23 13:00:00,31.48,31.48,31.15,31.15,89749.0
7211,2022-03-23 14:00:00,31.15,31.3248,31.1,31.22,128008.0
7212,2022-03-23 15:00:00,31.2,31.51,31.19,31.24,339344.0
7213,2022-03-23 16:00:00,31.23,31.23,31.23,31.23,29651.0
7214,2022-03-23 17:00:00,30.8,30.8,30.8,30.8,200.0
7215,2022-03-24 09:00:00,31.27,31.42,31.09,31.335,431303.0
7216,2022-03-24 10:00:00,31.35,31.405,30.73,30.98,243911.0
7217,2022-03-24 11:00:00,30.99,31.105,30.94,30.99,114138.0
7218,2022-03-24 12:00:00,30.995,31.04,30.79,30.9159,64981.0
7219,2022-03-24 13:00:00,30.92,30.92,30.7937,30.81,69121.0
7220,2022-03-24 14:00:00,30.81,30.88,30.6,30.85,118369.0
7221,2022-03-24 15:00:00,30.85,30.95,30.791,30.9,384556.0
7222,2022-03-24 16:00:00,30.9,30.9,30.9,30.9,18315.0
7223,2022-03-25 09:00:00,30.9,31.04,30.7,31.01,58386.0
7224,2022-03-25 10:00:00,31.03,31.06,30.85,31.01,93796.0
7225,2022-03-25 11:00:00,31.03,31.09,30.56,30.625,198171.0
7226,2022-03-25 12:00:00,30.625,30.73,30.55,30.67,100656.0
7227,2022-03-25 13:00:00,30.67,30.85,30.64,30.85,96923.0
7228,2022-03-25 14:00:00,30.85,31.0,30.825,31.0,111589.0
7229,2022-03-25 15:00:00,30.99,31.01,30.8,30.9,512755.0
7230,2022-03-25 16:00:00,30.91,31.29,30.71,30.94,13673.0
7231,2022-03-28 08:00:00,31.25,31.25,31.25,31.25,220.0
7232,2022-03-28 09:00:00,30.81,30.81,30.43,30.53,92622.0
7233,2022-03-28 10:00:00,30.52,30.96,30.43,30.845,159290.0
7234,2022-03-28 11:00:00,30.85,30.87,30.57,30.59,148371.0
7235,2022-03-28 12:00:00,30.6,31.01,30.57,30.915,216605.0
7236,2022-03-28 13:00:00,30.92,31.07,30.87,31.01,164885.0
7237,2022-03-28 14:00:00,31.0,31.21,30.96,31.2,148702.0
7238,2022-03-28 15:00:00,31.2,31.37,31.13,31.36,517600.0
7239,2022-03-28 16:00:00,31.35,31.35,31.35,31.35,20454.0
7240,2022-03-29 09:00:00,32.04,32.04,31.52,31.725,180483.0
7241,2022-03-29 10:00:00,31.75,31.755,31.3,31.63,306495.0
7242,2022-03-29 11:00:00,31.64,31.66,31.405,31.52,181055.0
7243,2022-03-29 12:00:00,31.53,31.535,31.36,31.47,131446.0
7244,2022-03-29 13:00:00,31.46,31.49,31.23,31.49,146532.0
7245,2022-03-29 14:00:00,31.49,31.81,31.47,31.75,418717.0
7246,2022-03-29 15:00:00,31.75,31.77,31.57,31.7,556095.0
7247,2022-03-29 16:00:00,31.69,31.69,31.69,31.69,64081.0
7248,2022-03-30 09:00:00,30.86,31.89,30.86,31.88,64148.0
7249,2022-03-30 10:00:00,31.88,32.25,31.87,32.2,417448.0
7250,2022-03-30 11:00:00,32.2,32.27,32.01,32.1,273646.0
7251,2022-03-30 12:00:00,32.11,32.11,31.91,31.97,145324.0
7252,2022-03-30 13:00:00,31.97,31.97,31.78,31.87,172949.0
7253,2022-03-30 14:00:00,31.89,32.08,31.84,32.025,222328.0
7254,2022-03-30 15:00:00,32.02,32.02,31.8,31.89,488644.0
7255,2022-03-30 16:00:00,31.88,31.88,31.88,31.88,30347.0
7256,2022-03-31 09:00:00,31.87,31.87,31.33,31.37,118087.0
7257,2022-03-31 10:00:00,31.37,31.62,31.1,31.6,268193.0
7258,2022-03-31 11:00:00,31.6,31.71,31.5,31.575,190921.0
7259,2022-03-31 12:00:00,31.58,31.79,31.52,31.735,234130.0
7260,2022-03-31 13:00:00,31.73,31.91,31.71,31.885,438187.0
7261,2022-03-31 14:00:00,31.885,31.96,31.78,31.925,209252.0
7262,2022-03-31 15:00:00,31.93,31.985,31.64,31.66,610718.0
7263,2022-03-31 16:00:00,31.65,31.65,31.65,31.65,47283.0
7264,2022-04-01 09:00:00,32.0,32.16,31.61,32.12,198695.0
7265,2022-04-01 10:00:00,32.12,32.16,31.64,31.64,190974.0
7266,2022-04-01 11:00:00,31.645,31.96,31.63,31.85,792772.0
7267,2022-04-01 12:00:00,31.835,31.86,31.665,31.8,131415.0
7268,2022-04-01 13:00:00,31.82,31.84,31.74,31.795,103240.0
7269,2022-04-01 14:00:00,31.795,32.08,31.79,32.06,207578.0
7270,2022-04-01 15:00:00,32.07,32.43,32.065,32.22,750808.0
7271,2022-04-01 16:00:00,32.2,32.2,32.2,32.2,16543.0
7272,2022-04-04 09:00:00,32.16,32.43,31.745,31.92,73667.0
7273,2022-04-04 10:00:00,31.93,32.04,31.74,31.97,112821.0
7274,2022-04-04 11:00:00,31.975,32.11,31.85,32.03,100363.0
7275,2022-04-04 12:00:00,32.03,32.155,31.95,32.06,63377.0
7276,2022-04-04 13:00:00,32.055,32.11,31.97,32.09,71416.0
7277,2022-04-04 14:00:00,32.095,32.3,32.095,32.26,83296.0
7278,2022-04-04 15:00:00,32.25,32.35,32.14,32.2,276846.0
7279,2022-04-04 16:00:00,32.2,32.22,32.2,32.22,32382.0
7280,2022-04-04 17:00:00,32.15,32.15,32.15,32.15,400.0
7281,2022-04-05 09:00:00,31.66,32.25,31.66,31.99,100307.0
7282,2022-04-05 10:00:00,32.02,32.09,31.36,31.36,303661.0
7283,2022-04-05 11:00:00,31.36,31.62,31.305,31.615,132563.0
7284,2022-04-05 12:00:00,31.62,31.64,31.435,31.59,87082.0
7285,2022-04-05 13:00:00,31.59,31.84,31.58,31.65,78713.0
7286,2022-04-05 14:00:00,31.66,31.73,31.59,31.62,73716.0
7287,2022-04-05 15:00:00,31.64,31.73,31.51,31.72,376591.0
7288,2022-04-05 16:00:00,31.72,32.2,31.72,32.2,151343.0
7289,2022-04-06 04:00:00,31.73,31.73,31.72,31.72,297.0
7290,2022-04-06 09:00:00,31.21,31.53,30.9,31.225,116349.0
7291,2022-04-06 10:00:00,31.225,31.32,31.05,31.21,129156.0
7292,2022-04-06 11:00:00,31.21,31.28,31.11,31.22,88013.0
7293,2022-04-06 12:00:00,31.22,31.23,30.97,31.11,104231.0
7294,2022-04-06 13:00:00,31.1,31.26,31.01,31.2,134620.0
7295,2022-04-06 14:00:00,31.18,31.46,31.01,31.29,261585.0
7296,2022-04-06 15:00:00,31.3,31.39,31.03,31.18,423370.0
7297,2022-04-06 16:00:00,31.18,31.18,31.18,31.18,41590.0
7298,2022-04-06 17:00:00,31.18,31.18,31.18,31.18,1056.0
7299,2022-04-07 09:00:00,31.2,31.45,30.24,30.2838,230474.0
7300,2022-04-07 10:00:00,30.3,30.33,30.02,30.1,243862.0
7301,2022-04-07 11:00:00,30.13,30.27,30.01,30.03,219070.0
7302,2022-04-07 12:00:00,30.03,30.12,29.96,30.03,184338.0
7303,2022-04-07 13:00:00,30.03,30.36,30.01,30.2599,518484.0
7304,2022-04-07 14:00:00,30.26,30.525,30.26,30.49,208927.0
7305,2022-04-07 15:00:00,30.46,30.68,30.34,30.4,694224.0
7306,2022-04-07 16:00:00,30.39,30.4,30.39,30.4,268302.0
7307,2022-04-08 09:00:00,31.03,31.03,30.4,30.725,122470.0
7308,2022-04-08 10:00:00,30.71,31.87,30.64,31.87,429908.0
7309,2022-04-08 11:00:00,31.87,31.96,31.7,31.95,308017.0
7310,2022-04-08 12:00:00,31.96,32.2452,31.93,32.2,212797.0
7311,2022-04-08 13:00:00,32.2,32.44,32.1286,32.36,314551.0
7312,2022-04-08 14:00:00,32.36,32.46,32.22,32.44,262691.0
7313,2022-04-08 15:00:00,32.435,32.5075,32.28,32.335,794160.0
7314,2022-04-08 16:00:00,32.34,32.34,32.34,32.34,64434.0
7315,2022-04-11 09:00:00,32.32,32.465,32.05,32.27,178303.0
7316,2022-04-11 10:00:00,32.25,33.05,32.23,32.96,470962.0
7317,2022-04-11 11:00:00,32.96,33.025,32.45,32.59,187255.0
7318,2022-04-11 12:00:00,32.5946,32.66,32.325,32.415,119494.0
7319,2022-04-11 13:00:00,32.41,32.47,32.26,32.32,143397.0
7320,2022-04-11 14:00:00,32.34,32.46,32.105,32.4,136147.0
7321,2022-04-11 15:00:00,32.4,32.4,32.06,32.18,502667.0
7322,2022-04-11 16:00:00,32.18,32.18,32.18,32.18,19343.0
7323,2022-04-12 09:00:00,32.24,32.55,32.12,32.33,128578.0
7324,2022-04-12 10:00:00,32.35,32.59,32.24,32.44,121018.0
7325,2022-04-12 11:00:00,32.42,32.76,32.42,32.675,102284.0
7326,2022-04-12 12:00:00,32.675,32.72,32.35,32.43,166807.0
7327,2022-04-12 13:00:00,32.43,32.46,32.12,32.14,121698.0
7328,2022-04-12 14:00:00,32.13,32.21,31.96,32.05,314604.0
7329,2022-04-12 15:00:00,32.04,32.07,31.68,31.77,488340.0
7330,2022-04-12 16:00:00,31.78,31.78,31.78,31.78,17780.0
7331,2022-04-13 09:00:00,31.79,32.195,31.76,31.77,55687.0
7332,2022-04-13 10:00:00,31.77,31.8959,31.66,31.815,104679.0
7333,2022-04-13 11:00:00,31.8,31.9599,31.73,31.73,120831.0
7334,2022-04-13 12:00:00,31.74,31.87,31.52,31.81,94363.0
7335,2022-04-13 13:00:00,31.81,31.885,31.68,31.76,129016.0
7336,2022-04-13 14:00:00,31.76,31.91,31.74,31.88,96768.0
7337,2022-04-13 15:00:00,31.89,32.19,31.845,32.14,583496.0
7338,2022-04-13 16:00:00,32.13,32.13,32.13,32.13,63077.0
7339,2022-04-14 09:00:00,32.34,32.54,32.17,32.32,69033.0
7340,2022-04-14 10:00:00,32.34,33.0,32.34,32.975,449552.0
7341,2022-04-14 11:00:00,33.0,33.15,32.8,32.93,232342.0
7342,2022-04-14 12:00:00,32.93,33.0094,32.7,32.82,295587.0
7343,2022-04-14 13:00:00,32.8,32.95,32.705,32.9,144670.0
7344,2022-04-14 14:00:00,32.9,33.14,32.9,33.04,231588.0
7345,2022-04-14 15:00:00,33.03,33.26,32.95,33.18,566575.0
7346,2022-04-14 16:00:00,33.19,33.38,33.19,33.3,57888.0
7347,2022-04-14 17:00:00,33.3001,33.3001,33.3001,33.3001,250.0
7348,2022-04-14 18:00:00,33.3,33.3,33.3,33.3,200.0
7349,2022-04-18 07:00:00,33.19,33.25,33.19,33.2,1300.0
7350,2022-04-18 09:00:00,33.05,33.74,32.87,33.48,207545.0
7351,2022-04-18 10:00:00,33.46,33.51,32.89,32.97,645875.0
7352,2022-04-18 11:00:00,32.97,33.0,32.7201,32.81,172504.0
7353,2022-04-18 12:00:00,32.8,32.855,32.61,32.8425,185670.0
7354,2022-04-18 13:00:00,32.85,33.055,32.775,33.04,139299.0
7355,2022-04-18 14:00:00,33.03,33.14,32.96,33.04,175469.0
7356,2022-04-18 15:00:00,33.04,33.09,32.78,32.99,519936.0
7357,2022-04-18 16:00:00,32.98,32.98,32.98,32.98,33059.0
7358,2022-04-19 08:00:00,32.98,32.98,32.98,32.98,296.0
7359,2022-04-19 09:00:00,33.19,33.355,33.07,33.25,82446.0
7360,2022-04-19 10:00:00,33.26,33.61,33.12,33.51,478124.0
7361,2022-04-19 11:00:00,33.505,33.6,33.39,33.41,134738.0
7362,2022-04-19 12:00:00,33.41,33.589,33.363,33.5144,136971.0
7363,2022-04-19 13:00:00,33.519,33.59,33.36,33.38,126381.0
7364,2022-04-19 14:00:00,33.37,33.42,33.19,33.355,187303.0
7365,2022-04-19 15:00:00,33.36,33.59,33.28,33.505,528854.0
7366,2022-04-19 16:00:00,33.5,33.5,33.5,33.5,37414.0
7367,2022-04-19 17:00:00,33.25,33.25,33.25,33.25,120.0
7368,2022-04-20 09:00:00,33.4,33.56,32.835,33.0,566763.0
7369,2022-04-20 10:00:00,32.99,33.1,32.65,32.75,355282.0
7370,2022-04-20 11:00:00,32.745,33.27,32.54,33.27,228423.0
7371,2022-04-20 12:00:00,33.28,33.3,32.99,33.18,109148.0
7372,2022-04-20 13:00:00,33.19,33.38,32.88,32.91,139293.0
7373,2022-04-20 14:00:00,32.912,33.065,32.689,32.835,177545.0
7374,2022-04-20 15:00:00,32.83,33.08,32.82,32.94,454179.0
7375,2022-04-20 16:00:00,32.95,32.95,32.95,32.95,31301.0
7376,2022-04-21 09:00:00,33.28,33.35,32.82,33.17,108530.0
7377,2022-04-21 10:00:00,33.14,33.25,32.62,32.73,113497.0
7378,2022-04-21 11:00:00,32.72,32.79,32.42,32.49,161361.0
7379,2022-04-21 12:00:00,32.5,32.54,31.99,32.07,218522.0
7380,2022-04-21 13:00:00,32.06,32.06,31.66,31.68,290914.0
7381,2022-04-21 14:00:00,31.66,31.68,31.45,31.54,214663.0
7382,2022-04-21 15:00:00,31.52,31.52,31.17,31.33,713235.0
7383,2022-04-21 16:00:00,31.32,31.32,31.32,31.32,26171.0
7384,2022-04-22 09:00:00,31.26,31.48,30.93,31.17,140631.0
7385,2022-04-22 10:00:00,31.205,31.6,30.98,31.08,352041.0
7386,2022-04-22 11:00:00,31.07,31.19,30.9,30.99,251852.0
7387,2022-04-22 12:00:00,30.97,31.09,30.82,30.84,485790.0
7388,2022-04-22 13:00:00,30.8301,30.87,30.57,30.61,229627.0
7389,2022-04-22 14:00:00,30.6,30.72,30.375,30.51,235276.0
7390,2022-04-22 15:00:00,30.51,30.85,30.4,30.63,803162.0
7391,2022-04-22 16:00:00,30.63,30.63,30.63,30.63,50185.0
7392,2022-04-22 17:00:00,30.4,30.4,30.0123,30.0123,225.0
7393,2022-04-22 18:00:00,30.11,30.11,30.11,30.11,150.0
7394,2022-04-25 09:00:00,30.77,31.61,30.16,30.2,228978.0
7395,2022-04-25 10:00:00,30.17,30.63,29.97,30.24,322530.0
7396,2022-04-25 11:00:00,30.25,30.785,30.25,30.74,352356.0
7397,2022-04-25 12:00:00,30.75,30.98,30.57,30.855,370631.0
7398,2022-04-25 13:00:00,30.845,31.14,30.735,31.0,263300.0
7399,2022-04-25 14:00:00,31.01,31.45,30.93,31.345,279004.0
7400,2022-04-25 15:00:00,31.34,31.6,31.07,31.51,834570.0
7401,2022-04-25 16:00:00,31.49,31.75,31.49,31.49,112509.0
7402,2022-04-26 09:00:00,31.32,31.63,31.15,31.475,159033.0
7403,2022-04-26 10:00:00,31.465,31.62,31.245,31.51,226284.0
7404,2022-04-26 11:00:00,31.48,31.48,30.85,30.88,398961.0
7405,2022-04-26 12:00:00,30.89,31.24,30.85,31.2,250384.0
7406,2022-04-26 13:00:00,31.22,31.26,30.86,31.04,266316.0
7407,2022-04-26 14:00:00,31.04,31.27,30.92,31.25,220052.0
7408,2022-04-26 15:00:00,31.26,31.27,31.015,31.04,692958.0
7409,2022-04-26 16:00:00,31.07,31.07,31.07,31.07,22050.0
7410,2022-04-27 09:00:00,31.11,31.13,30.66,30.81,70396.0
7411,2022-04-27 10:00:00,30.8,30.8,29.95,30.02,485741.0
7412,2022-04-27 11:00:00,30.02,30.8999,30.02,30.82,334723.0
7413,2022-04-27 12:00:00,30.83,31.11,30.39,30.94,441318.0
7414,2022-04-27 13:00:00,30.94,30.96,30.52,30.71,288143.0
7415,2022-04-27 14:00:00,30.68,30.9,30.6,30.64,232234.0
7416,2022-04-27 15:00:00,30.63,30.79,30.5,30.57,1276009.0
7417,2022-04-27 16:00:00,30.56,30.56,30.56,30.56,36915.0
7418,2022-04-28 09:00:00,30.82,30.92,30.17,30.33,219220.0
7419,2022-04-28 10:00:00,30.33,30.33,29.47,29.66,581022.0
7420,2022-04-28 11:00:00,29.665,29.96,29.51,29.56,195867.0
7421,2022-04-28 12:00:00,29.57,30.2,29.52,30.17,191982.0
7422,2022-04-28 13:00:00,30.18,30.375,30.07,30.36,225488.0
7423,2022-04-28 14:00:00,30.36,30.75,30.28,30.73,239162.0
7424,2022-04-28 15:00:00,30.72,30.72,30.35,30.54,698945.0
7425,2022-04-28 16:00:00,30.52,30.52,30.52,30.52,30186.0
7426,2022-04-28 17:00:00,29.64,29.64,29.64,29.64,250.0
7427,2022-04-29 09:00:00,30.58,30.9,30.45,30.86,188700.0
7428,2022-04-29 10:00:00,30.86,30.8699,29.9,30.15,238978.0
7429,2022-04-29 11:00:00,30.14,30.25,29.94,29.95,322865.0
7430,2022-04-29 12:00:00,29.93,29.93,29.26,29.285,306720.0
7431,2022-04-29 13:00:00,29.285,29.37,29.13,29.18,283550.0
7432,2022-04-29 14:00:00,29.19,29.31,28.94,29.04,492673.0
7433,2022-04-29 15:00:00,29.04,29.07,28.39,28.515,1247293.0
7434,2022-04-29 16:00:00,28.51,28.51,28.51,28.51,54672.0
7435,2022-04-29 17:00:00,28.74,28.74,28.52,28.52,1250.0
7436,2022-05-02 09:00:00,28.47,28.71,28.025,28.49,351689.0
7437,2022-05-02 10:00:00,28.45,28.48,27.85,27.87,719654.0
7438,2022-05-02 11:00:00,27.88,28.02,27.55,27.82,558689.0
7439,2022-05-02 12:00:00,27.83,27.97,27.19,27.36,569585.0
7440,2022-05-02 13:00:00,27.37,27.57,27.06,27.23,419336.0
7441,2022-05-02 14:00:00,27.23,27.45,26.82,27.24,769858.0
7442,2022-05-02 15:00:00,27.25,27.9,27.14,27.73,1273042.0
7443,2022-05-02 16:00:00,27.73,27.73,27.72,27.72,52409.0
7444,2022-05-03 08:00:00,27.53,27.55,27.53,27.55,354.0
7445,2022-05-03 09:00:00,27.8,28.03,27.45,27.55,205586.0
7446,2022-05-03 10:00:00,27.53,27.9,27.53,27.67,276443.0
7447,2022-05-03 11:00:00,27.66,28.39,27.65,28.35,662602.0
7448,2022-05-03 12:00:00,28.34,28.38,27.96,28.06,289048.0
7449,2022-05-03 13:00:00,28.06,28.41,28.04,28.34,421026.0
7450,2022-05-03 14:00:00,28.33,28.34,27.89,28.21,408414.0
7451,2022-05-03 15:00:00,28.22,28.24,27.96,28.09,721626.0
7452,2022-05-03 16:00:00,28.09,28.11,27.9,28.05,33442.0
7453,2022-05-04 08:00:00,28.29,28.29,28.06,28.06,532.0
7454,2022-05-04 09:00:00,28.05,28.22,27.71,28.16,200819.0
7455,2022-05-04 10:00:00,28.175,28.175,27.82,27.93,203622.0
7456,2022-05-04 11:00:00,27.935,28.25,27.72,28.24,296748.0
7457,2022-05-04 12:00:00,28.25,28.51,27.99,28.5,254812.0
7458,2022-05-04 13:00:00,28.5,28.86,28.19,28.86,676955.0
7459,2022-05-04 14:00:00,28.86,29.355,28.43,29.28,502101.0
7460,2022-05-04 15:00:00,29.27,29.6,29.19,29.39,1273082.0
7461,2022-05-04 16:00:00,29.39,29.39,29.39,29.39,28636.0
7462,2022-05-05 07:00:00,29.39,29.39,29.39,29.39,340.0
7463,2022-05-05 08:00:00,29.39,29.39,29.39,29.39,345.0
7464,2022-05-05 09:00:00,29.39,29.39,28.5717,28.63,191357.0
7465,2022-05-05 10:00:00,28.62,28.66,27.99,28.13,420059.0
7466,2022-05-05 11:00:00,28.11,28.16,27.6,27.68,576748.0
7467,2022-05-05 12:00:00,27.66,27.74,27.505,27.71,444667.0
7468,2022-05-05 13:00:00,27.72,27.96,27.46,27.585,457640.0
7469,2022-05-05 14:00:00,27.5727,27.61,27.15,27.36,628339.0
7470,2022-05-05 15:00:00,27.37,27.54,27.1,27.5,1316219.0
7471,2022-05-05 16:00:00,27.41,27.49,27.28,27.49,26442.0
7472,2022-05-06 08:00:00,27.48,27.48,26.64,26.64,3407.0
7473,2022-05-06 09:00:00,26.89,26.89,24.56,24.85,1466767.0
7474,2022-05-06 10:00:00,24.85,25.49,23.72,25.0,1998382.0
7475,2022-05-06 11:00:00,25.01,25.13,23.84,24.005,1201758.0
7476,2022-05-06 12:00:00,24.01,24.12,23.41,23.68,953319.0
7477,2022-05-06 13:00:00,23.67,23.73,22.925,23.06,1548027.0
7478,2022-05-06 14:00:00,23.05,23.24,22.6,22.6001,1275157.0
7479,2022-05-06 15:00:00,22.61,22.6175,21.77,22.21,4459371.0
7480,2022-05-06 16:00:00,22.22,22.5,22.22,22.5,62338.0
7481,2022-05-06 17:00:00,22.51,22.51,22.22,22.22,3937.0
7482,2022-05-06 18:00:00,22.1,22.2,22.1,22.2,3189.0
7483,2022-05-06 19:00:00,22.2,22.2,22.2,22.2,4000.0
7484,2022-05-09 04:00:00,22.04,22.04,22.04,22.04,400.0
7485,2022-05-09 05:00:00,22.04,22.04,22.04,22.04,1500.0
7486,2022-05-09 06:00:00,22.05,22.05,21.87,21.87,5188.0
7487,2022-05-09 07:00:00,21.8,21.8,21.36,21.36,3201.0
7488,2022-05-09 08:00:00,21.0701,21.85,21.0701,21.79,5176.0
7489,2022-05-09 09:00:00,21.76,22.71,21.76,22.31,1125693.0
7490,2022-05-09 10:00:00,22.31,22.41,21.18,21.32,2475913.0
7491,2022-05-09 11:00:00,21.315,22.03,21.19,21.92,1592964.0
7492,2022-05-09 12:00:00,21.92,22.1,21.39,21.405,1131914.0
7493,2022-05-09 13:00:00,21.405,21.84,21.3,21.765,953242.0
7494,2022-05-09 14:00:00,21.76,21.875,21.395,21.87,720816.0
7495,2022-05-09 15:00:00,21.88,22.135,20.95,21.31,2772955.0
7496,2022-05-09 16:00:00,21.3,21.3,21.25,21.25,2292.0
7497,2022-05-10 07:00:00,21.58,21.58,21.5,21.5,790.0
7498,2022-05-10 08:00:00,21.5,21.91,21.5,21.74,1100.0
7499,2022-05-10 09:00:00,21.1444,22.08,21.08,21.29,550009.0
7500,2022-05-10 10:00:00,21.27,22.27,21.14,21.48,1222619.0
7501,2022-05-10 11:00:00,21.5,21.55,21.0825,21.325,790809.0
7502,2022-05-10 12:00:00,21.33,21.41,20.87,20.88,600430.0
7503,2022-05-10 13:00:00,20.885,22.22,20.835,22.15,743102.0
7504,2022-05-10 14:00:00,22.15,22.15,21.735,21.855,763385.0
7505,2022-05-10 15:00:00,21.86,22.17,21.53,21.76,1988472.0
7506,2022-05-10 16:00:00,21.75,21.75,21.75,21.75,298876.0
7507,2022-05-10 19:00:00,22.25,22.25,22.15,22.15,3170.0
7508,2022-05-11 07:00:00,22.22,22.22,22.22,22.22,100.0
7509,2022-05-11 08:00:00,22.02,22.05,22.0,22.05,4145.0
7510,2022-05-11 09:00:00,21.09,21.81,20.91,21.21,667823.0
7511,2022-05-11 10:00:00,21.2,21.21,18.08,18.585,5097806.0
7512,2022-05-11 11:00:00,18.585,19.69,18.37,19.22,3663608.0
7513,2022-05-11 12:00:00,19.2,19.31,18.62,18.73,1670116.0
7514,2022-05-11 13:00:00,18.725,18.725,17.81,17.815,1290545.0
7515,2022-05-11 14:00:00,17.815,18.5799,17.815,18.115,1501459.0
7516,2022-05-11 15:00:00,18.115,18.23,17.29,17.455,3729953.0
7517,2022-05-11 16:00:00,17.46,17.66,17.46,17.4801,609556.0
7518,2022-05-11 17:00:00,17.49,17.6,17.48,17.6,1064.0
7519,2022-05-11 18:00:00,17.58,17.58,17.58,17.58,100.0
7520,2022-05-11 19:00:00,17.45,17.58,17.45,17.5,780.0
7521,2022-05-12 07:00:00,17.63,17.63,17.15,17.15,1500.0
7522,2022-05-12 08:00:00,17.56,17.56,17.0,17.01,14148.0
7523,2022-05-12 09:00:00,17.35,18.12,17.04,18.11,1155732.0
7524,2022-05-12 10:00:00,18.1,19.615,18.005,19.58,2795493.0
7525,2022-05-12 11:00:00,19.59,19.86,19.33,19.45,1611497.0
7526,2022-05-12 12:00:00,19.445,19.95,19.35,19.875,898548.0
7527,2022-05-12 13:00:00,19.875,19.99,19.32,19.335,1760912.0
7528,2022-05-12 14:00:00,19.335,19.68,19.18,19.41,1543614.0
7529,2022-05-12 15:00:00,19.405,20.01,19.39,20.005,2713222.0
7530,2022-05-12 16:00:00,20.01,20.1,20.0,20.0,29598.0
7531,2022-05-12 18:00:00,20.01,20.01,20.01,20.01,100.0
7532,2022-05-12 19:00:00,20.0101,20.0101,20.0101,20.0101,100.0
7533,2022-05-13 07:00:00,20.05,20.63,20.05,20.3,1803.0
7534,2022-05-13 08:00:00,20.49,20.49,20.49,20.49,1000.0
7535,2022-05-13 09:00:00,20.4,20.81,19.99,20.51,671054.0
7536,2022-05-13 10:00:00,20.54,20.69,20.09,20.515,1136508.0
7537,2022-05-13 11:00:00,20.52,21.07,20.48,21.02,672892.0
7538,2022-05-13 12:00:00,21.04,21.21,20.97,21.2,426886.0
7539,2022-05-13 13:00:00,21.205,21.24,20.615,20.63,578473.0
7540,2022-05-13 14:00:00,20.625,20.76,20.49,20.755,656407.0
7541,2022-05-13 15:00:00,20.75,20.97,20.65,20.86,1619031.0
7542,2022-05-13 16:00:00,20.86,20.86,20.71,20.86,65243.0
7543,2022-05-13 17:00:00,20.86,20.86,20.86,20.86,100.0
7544,2022-05-13 18:00:00,20.8,20.8,20.8,20.8,200.0
7545,2022-05-16 08:00:00,20.81,20.81,20.81,20.81,293.0
7546,2022-05-16 09:00:00,20.81,20.81,20.01,20.14,411964.0
7547,2022-05-16 10:00:00,20.15,20.54,19.95,20.055,1085589.0
7548,2022-05-16 11:00:00,20.05,20.44,19.9,20.37,409220.0
7549,2022-05-16 12:00:00,20.36,20.48,20.04,20.22,296808.0
7550,2022-05-16 13:00:00,20.21,20.5201,20.18,20.47,330293.0
7551,2022-05-16 14:00:00,20.46,20.68,20.4,20.595,490296.0
7552,2022-05-16 15:00:00,20.595,20.62,20.35,20.49,1195194.0
7553,2022-05-16 16:00:00,20.49,20.49,20.49,20.49,22188.0
7554,2022-05-16 17:00:00,20.7,20.83,20.7,20.7999,2092.0
7555,2022-05-16 18:00:00,20.8,20.8,20.68,20.68,4098.0
7556,2022-05-17 07:00:00,20.8,20.82,20.8,20.82,1850.0
7557,2022-05-17 08:00:00,20.85,21.199,20.75,21.199,4790.0
7558,2022-05-17 09:00:00,20.82,21.63,20.81,21.22,546784.0
7559,2022-05-17 10:00:00,21.21,21.24,20.75,20.945,634903.0
7560,2022-05-17 11:00:00,20.94,21.43,20.54,21.34,898827.0
7561,2022-05-17 12:00:00,21.35,21.5,21.18,21.4423,721470.0
7562,2022-05-17 13:00:00,21.44,21.75,21.36,21.53,443411.0
7563,2022-05-17 14:00:00,21.54,21.67,21.3,21.54,575891.0
7564,2022-05-17 15:00:00,21.54,21.71,21.44,21.49,1797779.0
7565,2022-05-17 16:00:00,21.5,21.5,21.5,21.5,35586.0
7566,2022-05-18 09:00:00,21.5,21.5,20.84,21.02,345125.0
7567,2022-05-18 10:00:00,21.04,21.27,20.98,21.26,661554.0
7568,2022-05-18 11:00:00,21.28,21.53,21.05,21.225,660238.0
7569,2022-05-18 12:00:00,21.215,21.465,21.06,21.43,629596.0
7570,2022-05-18 13:00:00,21.41,21.43,21.13,21.26,390412.0
7571,2022-05-18 14:00:00,21.27,21.34,20.89,20.97,455670.0
7572,2022-05-18 15:00:00,20.9725,21.08,20.73,20.89,1232411.0
7573,2022-05-18 16:00:00,20.89,20.89,20.61,20.61,28490.0
7574,2022-05-18 19:00:00,20.69,20.69,20.69,20.69,100.0
7575,2022-05-19 09:00:00,20.66,20.9,20.37,20.68,1548884.0
7576,2022-05-19 10:00:00,20.69,20.95,20.56,20.65,582995.0
7577,2022-05-19 11:00:00,20.69,21.06,20.63,20.8419,807209.0
7578,2022-05-19 12:00:00,20.85,21.03,20.6849,20.88,459265.0
7579,2022-05-19 13:00:00,20.89,21.04,20.655,20.94,535825.0
7580,2022-05-19 14:00:00,20.95,20.96,20.65,20.73,500263.0
7581,2022-05-19 15:00:00,20.74,20.82,20.46,20.51,1176779.0
7582,2022-05-19 16:00:00,20.51,20.51,20.31,20.31,39623.0
7583,2022-05-19 17:00:00,20.26,20.26,20.26,20.26,114.0
7584,2022-05-19 19:00:00,20.65,20.65,20.65,20.65,485.0
7585,2022-05-20 07:00:00,20.85,20.85,20.85,20.85,430.0
7586,2022-05-20 08:00:00,20.85,22.2,20.85,21.0,425.0
7587,2022-05-20 09:00:00,20.69,20.98,20.44,20.72,231396.0
7588,2022-05-20 10:00:00,20.74,20.82,20.43,20.47,313444.0
7589,2022-05-20 11:00:00,20.48,20.64,20.34,20.37,404086.0
7590,2022-05-20 12:00:00,20.375,20.415,20.205,20.35,387747.0
7591,2022-05-20 13:00:00,20.34,20.54,20.16,20.52,422258.0
7592,2022-05-20 14:00:00,20.515,20.73,20.34,20.62,495675.0
7593,2022-05-20 15:00:00,20.61,20.81,20.51,20.78,1638998.0
7594,2022-05-20 16:00:00,20.78,20.8,20.78,20.78,41530.0
7595,2022-05-23 09:00:00,20.69,21.27,20.56,20.6,236889.0
7596,2022-05-23 10:00:00,20.575,20.82,20.37,20.72,422326.0
7597,2022-05-23 11:00:00,20.715,21.0273,20.63,20.84,258329.0
7598,2022-05-23 12:00:00,20.855,20.95,20.725,20.81,233441.0
7599,2022-05-23 13:00:00,20.8,20.905,20.65,20.9,270358.0
7600,2022-05-23 14:00:00,20.9,20.9363,20.74,20.77,391600.0
7601,2022-05-23 15:00:00,20.78,20.825,20.59,20.65,1073557.0
7602,2022-05-23 16:00:00,20.66,20.66,20.65,20.65,25377.0
7603,2022-05-23 19:00:00,20.64,20.64,20.27,20.27,200.0
7604,2022-05-24 09:00:00,20.39,20.48,20.08,20.26,180717.0
7605,2022-05-24 10:00:00,20.29,20.35,20.21,20.28,678740.0
7606,2022-05-24 11:00:00,20.28,20.41,20.23,20.34,343088.0
7607,2022-05-24 12:00:00,20.34,20.58,20.3,20.405,208317.0
7608,2022-05-24 13:00:00,20.4,20.58,20.295,20.52,198558.0
7609,2022-05-24 14:00:00,20.51,20.67,20.3455,20.37,231585.0
7610,2022-05-24 15:00:00,20.37,20.72,20.34,20.7,770406.0
7611,2022-05-24 16:00:00,20.71,20.76,20.71,20.71,21236.0
7612,2022-05-25 09:00:00,20.54,21.06,20.54,20.9481,186616.0
7613,2022-05-25 10:00:00,20.93,21.57,20.88,21.42,454052.0
7614,2022-05-25 11:00:00,21.42,21.54,21.27,21.51,309999.0
7615,2022-05-25 12:00:00,21.51,21.75,21.44,21.67,410070.0
7616,2022-05-25 13:00:00,21.68,21.765,21.6,21.75,356279.0
7617,2022-05-25 14:00:00,21.75,21.87,21.56,21.84,629109.0
7618,2022-05-25 15:00:00,21.835,21.99,21.82,21.97,1146487.0
7619,2022-05-25 16:00:00,21.96,21.96,21.96,21.96,109095.0
7620,2022-05-25 18:00:00,21.95,21.95,21.95,21.95,485.0
7621,2022-05-26 08:00:00,21.95,21.95,21.95,21.95,111.0
7622,2022-05-26 09:00:00,22.0,22.13,21.75,21.915,287272.0
7623,2022-05-26 10:00:00,21.93,22.49,21.745,22.45,374424.0
7624,2022-05-26 11:00:00,22.47,22.5,21.79,21.85,766879.0
7625,2022-05-26 12:00:00,21.86,22.395,21.86,22.25,387710.0
7626,2022-05-26 13:00:00,22.26,22.361,21.78,21.823,579608.0
7627,2022-05-26 14:00:00,21.82,21.82,21.58,21.76,367115.0
7628,2022-05-26 15:00:00,21.76,22.04,21.6,22.0,1053730.0
7629,2022-05-26 16:00:00,22.0,22.0,22.0,22.0,108556.0
7630,2022-05-27 09:00:00,22.43,22.52,21.915,22.32,242431.0
7631,2022-05-27 10:00:00,22.31,22.63,22.19,22.195,502533.0
7632,2022-05-27 11:00:00,22.2,22.27,22.01,22.1,427905.0
7633,2022-05-27 12:00:00,22.095,22.205,21.91,22.08,276210.0
7634,2022-05-27 13:00:00,22.075,22.1214,22.0,22.05,205377.0
7635,2022-05-27 14:00:00,22.055,22.225,22.0,22.175,321401.0
7636,2022-05-27 15:00:00,22.175,22.43,22.105,22.31,1234857.0
7637,2022-05-27 16:00:00,22.3,22.3,22.3,22.3,27430.0
7638,2022-05-31 06:00:00,22.45,23.51,22.3,23.5,15272.0
7639,2022-05-31 07:00:00,23.41,23.78,23.34,23.35,32794.0
7640,2022-05-31 08:00:00,23.3499,23.66,23.3499,23.37,12484.0
7641,2022-05-31 09:00:00,23.46,23.75,22.455,22.54,969063.0
7642,2022-05-31 10:00:00,22.56,22.965,22.23,22.77,629261.0
7643,2022-05-31 11:00:00,22.77,22.93,22.54,22.78,761250.0
7644,2022-05-31 12:00:00,22.78,23.0899,22.735,23.025,426660.0
7645,2022-05-31 13:00:00,23.025,23.2,22.93,23.17,434822.0
7646,2022-05-31 14:00:00,23.17,23.17,22.78,22.845,369639.0
7647,2022-05-31 15:00:00,22.845,23.03,22.75,22.82,1392698.0
7648,2022-05-31 16:00:00,22.83,22.83,22.46,22.46,203411.0
7649,2022-05-31 18:00:00,22.81,22.85,22.81,22.85,200.0
7650,2022-05-31 19:00:00,22.9,22.9,22.9,22.9,104.0
7651,2022-06-01 07:00:00,23.18,23.18,23.18,23.18,171.0
7652,2022-06-01 08:00:00,23.56,23.56,23.02,23.02,577.0
7653,2022-06-01 09:00:00,23.02,23.04,22.52,22.57,268451.0
7654,2022-06-01 10:00:00,22.575,22.58,22.09,22.29,387017.0
7655,2022-06-01 11:00:00,22.23,22.23,21.83,21.83,278715.0
7656,2022-06-01 12:00:00,21.83,22.065,21.76,22.0,390870.0
7657,2022-06-01 13:00:00,22.0,22.355,21.98,22.2701,297873.0
7658,2022-06-01 14:00:00,22.27,22.46,22.24,22.365,279184.0
7659,2022-06-01 15:00:00,22.37,22.52,22.17,22.185,691572.0
7660,2022-06-01 16:00:00,22.18,22.3,22.18,22.3,79279.0
7661,2022-06-01 18:00:00,22.18,22.18,22.18,22.18,200.0
7662,2022-06-01 19:00:00,22.19,22.2,22.19,22.2,1192.0
7663,2022-06-02 07:00:00,22.18,22.18,22.18,22.18,499.0
7664,2022-06-02 09:00:00,22.24,22.24,21.74,21.88,124309.0
7665,2022-06-02 10:00:00,21.86,22.01,21.68,21.885,268022.0
7666,2022-06-02 11:00:00,21.89,22.03,21.85,21.965,232443.0
7667,2022-06-02 12:00:00,21.97,22.26,21.955,22.16,382184.0
7668,2022-06-02 13:00:00,22.16,22.32,22.08,22.265,405910.0
7669,2022-06-02 14:00:00,22.265,22.345,22.2,22.2,240387.0
7670,2022-06-02 15:00:00,22.205,22.4,22.195,22.36,625527.0
7671,2022-06-02 16:00:00,22.36,22.36,22.3,22.3,23035.0
7672,2022-06-03 08:00:00,22.178,22.178,22.17,22.17,1602.0
7673,2022-06-03 09:00:00,22.16,22.22,21.88,22.0,116795.0
7674,2022-06-03 10:00:00,22.01,22.015,21.725,21.83,204072.0
7675,2022-06-03 11:00:00,21.82,21.825,21.63,21.73,450596.0
7676,2022-06-03 12:00:00,21.73,21.875,21.705,21.835,254289.0
7677,2022-06-03 13:00:00,21.84,21.94,21.62,21.63,455552.0
7678,2022-06-03 14:00:00,21.63,21.73,21.52,21.595,312697.0
7679,2022-06-03 15:00:00,21.6,21.655,21.42,21.51,1046386.0
7680,2022-06-03 16:00:00,21.5,21.5,21.5,21.5,22714.0
7681,2022-06-06 09:00:00,21.82,21.86,21.44,21.5,188863.0
7682,2022-06-06 10:00:00,21.51,21.85,21.47,21.77,263772.0
7683,2022-06-06 11:00:00,21.79,21.86,21.67,21.7163,132898.0
7684,2022-06-06 12:00:00,21.7,21.7,21.42,21.56,179362.0
7685,2022-06-06 13:00:00,21.56,21.645,21.39,21.64,175229.0
7686,2022-06-06 14:00:00,21.64,21.66,21.28,21.3101,245571.0
7687,2022-06-06 15:00:00,21.31,21.56,21.285,21.53,849234.0
7688,2022-06-06 16:00:00,21.52,21.52,21.52,21.52,32528.0
7689,2022-06-06 18:00:00,21.0,21.0,21.0,21.0,300.0
7690,2022-06-07 09:00:00,21.49,21.49,21.11,21.27,128911.0
7691,2022-06-07 10:00:00,21.26,21.4154,21.12,21.32,259813.0
7692,2022-06-07 11:00:00,21.325,21.47,21.005,21.07,335930.0
7693,2022-06-07 12:00:00,21.08,21.16,20.96,21.135,325111.0
7694,2022-06-07 13:00:00,21.135,21.175,21.01,21.03,203172.0
7695,2022-06-07 14:00:00,21.03,21.15,21.0135,21.14,169354.0
7696,2022-06-07 15:00:00,21.14,21.299,21.14,21.28,554393.0
7697,2022-06-07 16:00:00,21.28,21.28,21.04,21.04,21118.0
7698,2022-06-08 07:00:00,21.28,21.28,21.28,21.28,143.0
7699,2022-06-08 09:00:00,21.27,21.43,21.12,21.37,147693.0
7700,2022-06-08 10:00:00,21.375,21.505,21.1,21.18,352247.0
7701,2022-06-08 11:00:00,21.18,21.57,21.16,21.425,570191.0
7702,2022-06-08 12:00:00,21.415,21.52,21.05,21.15,294942.0
7703,2022-06-08 13:00:00,21.15,21.16,20.915,20.955,228451.0
7704,2022-06-08 14:00:00,20.955,21.0,20.845,20.87,266669.0
7705,2022-06-08 15:00:00,20.86,20.89,20.71,20.79,811614.0
7706,2022-06-08 16:00:00,20.8,20.8,20.8,20.8,98213.0
7707,2022-06-08 17:00:00,20.8,20.8,20.8,20.8,140.0
7708,2022-06-09 09:00:00,20.61,20.67,20.091,20.56,511627.0
7709,2022-06-09 10:00:00,20.56,20.66,20.36,20.365,588725.0
7710,2022-06-09 11:00:00,20.36,20.38,19.975,20.375,1774929.0
7711,2022-06-09 12:00:00,20.37,20.42,20.26,20.32,1408229.0
7712,2022-06-09 13:00:00,20.325,20.425,20.26,20.33,880789.0
7713,2022-06-09 14:00:00,20.32,20.33,20.13,20.25,961808.0
7714,2022-06-09 15:00:00,20.24,20.25,19.9,19.91,1040078.0
7715,2022-06-09 16:00:00,19.91,20.27,19.7,20.27,21728.0
7716,2022-06-09 18:00:00,20.2799,20.2799,20.2799,20.2799,100.0
7717,2022-06-10 08:00:00,19.67,19.67,19.01,19.55,19958.0
7718,2022-06-10 09:00:00,19.49,19.82,19.2,19.73,567551.0
7719,2022-06-10 10:00:00,19.72,20.13,19.55,20.09,1710764.0
7720,2022-06-10 11:00:00,20.09,20.15,19.795,19.9,456612.0
7721,2022-06-10 12:00:00,19.9,20.11,19.77,19.99,592768.0
7722,2022-06-10 13:00:00,19.99,20.17,19.915,20.0499,379740.0
7723,2022-06-10 14:00:00,20.045,20.18,19.995,20.15,370061.0
7724,2022-06-10 15:00:00,20.15,20.27,20.03,20.08,945172.0
7725,2022-06-10 16:00:00,20.08,20.08,20.08,20.08,21385.0
7726,2022-06-13 05:00:00,19.05,19.05,19.05,19.05,150.0
7727,2022-06-13 08:00:00,19.31,19.88,19.31,19.88,844.0
7728,2022-06-13 09:00:00,19.3,19.625,19.07,19.16,528866.0
7729,2022-06-13 10:00:00,19.16,19.255,18.65,18.75,689844.0
7730,2022-06-13 11:00:00,18.755,19.16,18.61,19.04,1760550.0
7731,2022-06-13 12:00:00,19.04,19.15,18.875,18.89,344326.0
7732,2022-06-13 13:00:00,18.89,18.94,18.72,18.85,277799.0
7733,2022-06-13 14:00:00,18.855,18.86,18.625,18.63,335603.0
7734,2022-06-13 15:00:00,18.62,18.655,18.15,18.29,1629279.0
7735,2022-06-13 16:00:00,18.29,18.29,17.74,18.13,17228.0
7736,2022-06-14 04:00:00,18.58,18.58,18.58,18.58,100.0
7737,2022-06-14 09:00:00,18.65,18.65,18.04,18.31,257297.0
7738,2022-06-14 10:00:00,18.315,18.4,17.845,17.99,610588.0
7739,2022-06-14 11:00:00,17.985,18.05,17.69,17.785,453671.0
7740,2022-06-14 12:00:00,17.78,17.78,17.42,17.55,367964.0
7741,2022-06-14 13:00:00,17.555,17.67,17.42,17.49,391946.0
7742,2022-06-14 14:00:00,17.48,17.86,17.48,17.625,693673.0
7743,2022-06-14 15:00:00,17.62,17.655,17.46,17.625,1253695.0
7744,2022-06-14 16:00:00,17.63,17.64,17.63,17.64,41878.0
7745,2022-06-14 18:00:00,18.32,18.32,18.32,18.32,100.0
7746,2022-06-15 06:00:00,17.8,17.85,17.8,17.85,1525.0
7747,2022-06-15 07:00:00,18.17,18.2,18.1,18.1,5501.0
7748,2022-06-15 08:00:00,17.9,18.0,17.9,18.0,930.0
7749,2022-06-15 09:00:00,17.99,18.34,17.9,18.29,338692.0
7750,2022-06-15 10:00:00,18.28,18.57,18.09,18.09,544310.0
7751,2022-06-15 11:00:00,18.09,18.17,17.97,18.115,351471.0
7752,2022-06-15 12:00:00,18.11,18.44,18.09,18.205,249818.0
7753,2022-06-15 13:00:00,18.21,18.375,18.17,18.3512,277682.0
7754,2022-06-15 14:00:00,18.36,18.705,17.95,18.26,843686.0
7755,2022-06-15 15:00:00,18.281,18.62,18.065,18.19,1953284.0
7756,2022-06-15 16:00:00,18.18,18.18,18.18,18.18,35165.0
7757,2022-06-15 19:00:00,18.29,18.29,18.29,18.29,2733.0
7758,2022-06-16 07:00:00,17.77,17.77,17.77,17.77,130.0
7759,2022-06-16 09:00:00,17.71,17.75,17.3,17.31,522762.0
7760,2022-06-16 10:00:00,17.29,17.39,16.9,16.91,1552253.0
7761,2022-06-16 11:00:00,16.91,17.31,16.91,17.29,447120.0
7762,2022-06-16 12:00:00,17.305,17.33,17.1368,17.24,401027.0
7763,2022-06-16 13:00:00,17.25,17.295,16.515,16.52,1809457.0
7764,2022-06-16 14:00:00,16.515,16.795,16.435,16.555,1136901.0
7765,2022-06-16 15:00:00,16.54,16.81,16.53,16.73,1689142.0
7766,2022-06-16 16:00:00,16.73,16.73,16.73,16.73,9976.0
7767,2022-06-17 09:00:00,17.0,17.22,16.8,17.165,436793.0
7768,2022-06-17 10:00:00,17.17,17.17,16.7701,16.9,602653.0
7769,2022-06-17 11:00:00,16.895,17.265,16.88,17.02,930111.0
7770,2022-06-17 12:00:00,17.0,17.16,16.925,17.075,488604.0
7771,2022-06-17 13:00:00,17.08,17.38,17.05,17.16,606767.0
7772,2022-06-17 14:00:00,17.17,17.35,17.14,17.21,653638.0
7773,2022-06-17 15:00:00,17.205,17.32,16.99,17.09,1256717.0
7774,2022-06-17 16:00:00,17.11,17.111232,17.11,17.111232,408682.0
7775,2022-06-21 08:00:00,17.45,17.45,17.45,17.45,200.0
7776,2022-06-21 09:00:00,17.55,17.72,17.21,17.49,302036.0
7777,2022-06-21 10:00:00,17.495,17.52,17.2096,17.2096,1298097.0
7778,2022-06-21 11:00:00,17.201,17.201,16.615,16.625,2383975.0
7779,2022-06-21 12:00:00,16.625,16.78,16.39,16.58,1676437.0
7780,2022-06-21 13:00:00,16.5824,16.69,16.51,16.515,683741.0
7781,2022-06-21 14:00:00,16.51,16.73,16.42,16.56,1683864.0
7782,2022-06-21 15:00:00,16.56,16.63,16.47,16.53,1635423.0
7783,2022-06-21 16:00:00,16.52,16.52,16.52,16.52,215013.0
7784,2022-06-21 17:00:00,16.6,16.6,16.55,16.55,200.0
7785,2022-06-21 18:00:00,16.56,16.57,16.56,16.57,200.0
7786,2022-06-21 19:00:00,16.88,16.88,16.88,16.88,239.0
7787,2022-06-22 09:00:00,16.36,16.58,16.22,16.38,457222.0
7788,2022-06-22 10:00:00,16.38,17.06,16.29,16.815,744201.0
7789,2022-06-22 11:00:00,16.815,16.815,16.6,16.61,316718.0
7790,2022-06-22 12:00:00,16.605,16.86,16.605,16.83,162596.0
7791,2022-06-22 13:00:00,16.8277,16.855,16.68,16.755,279174.0
7792,2022-06-22 14:00:00,16.76,16.9,16.735,16.83,550093.0
7793,2022-06-22 15:00:00,16.835,16.85,16.495,16.56,938436.0
7794,2022-06-22 16:00:00,16.55,16.55,16.55,16.55,38841.0
7795,2022-06-22 19:00:00,16.52,16.52,16.52,16.52,999.0
7796,2022-06-23 07:00:00,16.75,16.75,16.75,16.75,100.0
7797,2022-06-23 08:00:00,16.65,16.65,16.58,16.58,600.0
7798,2022-06-23 09:00:00,16.6,16.8,16.56,16.72,219907.0
7799,2022-06-23 10:00:00,16.72,16.87,16.6,16.72,478580.0
7800,2022-06-23 11:00:00,16.71,16.95,16.61,16.635,444916.0
7801,2022-06-23 12:00:00,16.62,16.63,16.25,16.27,350181.0
7802,2022-06-23 13:00:00,16.26,16.43,16.205,16.41,250060.0
7803,2022-06-23 14:00:00,16.405,16.56,16.2999,16.53,501269.0
7804,2022-06-23 15:00:00,16.53,16.915,16.51,16.88,710983.0
7805,2022-06-23 16:00:00,16.89,16.95,16.89,16.95,71998.0
7806,2022-06-24 08:00:00,17.2988,17.2988,17.2988,17.2988,100.0
7807,2022-06-24 09:00:00,17.08,17.67,17.0,17.645,632369.0
7808,2022-06-24 10:00:00,17.65,18.16,17.625,18.13,1128363.0
7809,2022-06-24 11:00:00,18.125,18.415,18.125,18.4,776825.0
7810,2022-06-24 12:00:00,18.41,18.65,18.281,18.645,779791.0
7811,2022-06-24 13:00:00,18.65,18.865,18.64,18.815,824424.0
7812,2022-06-24 14:00:00,18.815,19.0399,18.765,18.78,753910.0
7813,2022-06-24 15:00:00,18.775,19.01,18.721,18.85,1713294.0
7814,2022-06-24 16:00:00,18.85,19.1799,18.85,19.1799,98250.0
7815,2022-06-24 17:00:00,18.77,18.77,18.75,18.75,323.0
7816,2022-06-24 19:00:00,19.0,19.0,19.0,19.0,1000.0
7817,2022-06-27 08:00:00,19.17,19.17,19.109,19.15,561.0
7818,2022-06-27 09:00:00,18.83,19.02,18.58,18.8,911387.0
7819,2022-06-27 10:00:00,18.8,18.89,18.41,18.865,930330.0
7820,2022-06-27 11:00:00,18.865,18.97,18.81,18.82,380657.0
7821,2022-06-27 12:00:00,18.82,18.845,18.57,18.825,450948.0
7822,2022-06-27 13:00:00,18.83,18.99,18.715,18.7717,345553.0
7823,2022-06-27 14:00:00,18.775,18.94,18.73,18.88,331138.0
7824,2022-06-27 15:00:00,18.88,18.955,18.775,18.85,816180.0
7825,2022-06-27 16:00:00,18.84,18.84,18.75,18.75,37854.0
7826,2022-06-27 17:00:00,19.05,19.05,19.05,19.05,150.0
7827,2022-06-28 08:00:00,19.2188,19.2188,19.2188,19.2188,200.0
7828,2022-06-28 09:00:00,18.9,19.27,18.89,19.18,408824.0
7829,2022-06-28 10:00:00,19.2,19.215,18.68,18.91,535834.0
7830,2022-06-28 11:00:00,18.91,18.95,18.51,18.52,257252.0
7831,2022-06-28 12:00:00,18.51,18.64,18.48,18.53,210538.0
7832,2022-06-28 13:00:00,18.53,18.55,18.2709,18.29,272765.0
7833,2022-06-28 14:00:00,18.28,18.35,18.175,18.195,187849.0
7834,2022-06-28 15:00:00,18.2,18.22,18.075,18.14,731302.0
7835,2022-06-28 16:00:00,18.13,18.13,18.13,18.13,135118.0
7836,2022-06-29 09:00:00,18.27,18.27,17.61,17.67,233406.0
7837,2022-06-29 10:00:00,17.67,17.83,17.55,17.56,291113.0
7838,2022-06-29 11:00:00,17.57,17.63,17.415,17.59,310207.0
7839,2022-06-29 12:00:00,17.58,17.615,17.44,17.515,233855.0
7840,2022-06-29 13:00:00,17.51,17.6499,17.465,17.64,195368.0
7841,2022-06-29 14:00:00,17.6388,17.75,17.6228,17.73,203895.0
7842,2022-06-29 15:00:00,17.73,17.94,17.68,17.92,686992.0
7843,2022-06-29 16:00:00,17.92,17.92,17.92,17.92,27472.0
7844,2022-06-29 19:00:00,17.93,17.93,17.93,17.93,113.0
7845,2022-06-30 09:00:00,17.68,17.72,17.28,17.42,335817.0
7846,2022-06-30 10:00:00,17.415,17.68,17.34,17.68,211827.0
7847,2022-06-30 11:00:00,17.67,17.78,17.58,17.77,211809.0
7848,2022-06-30 12:00:00,17.76,18.05,17.64,17.89,243994.0
7849,2022-06-30 13:00:00,17.89,17.94,17.69,17.86,149832.0
7850,2022-06-30 14:00:00,17.86,17.925,17.7,17.775,314524.0
7851,2022-06-30 15:00:00,17.77,17.945,17.6125,17.94,1262299.0
7852,2022-06-30 16:00:00,17.93,17.93,17.93,17.93,31477.0
7853,2022-06-30 18:00:00,17.93,17.93,17.93,17.93,1000.0
7854,2022-07-01 05:00:00,18.1,18.13,18.1,18.13,3966.0
7855,2022-07-01 09:00:00,17.92,18.56,17.705,18.36,227682.0
7856,2022-07-01 10:00:00,18.39,18.5,17.93,18.06,289309.0
7857,2022-07-01 11:00:00,18.05,18.265,17.89,17.97,411671.0
7858,2022-07-01 12:00:00,17.97,18.15,17.9,17.905,311126.0
7859,2022-07-01 13:00:00,17.9,18.225,17.885,18.185,265185.0
7860,2022-07-01 14:00:00,18.19,18.35,18.1,18.315,332798.0
7861,2022-07-01 15:00:00,18.315,18.43,18.255,18.36,1048494.0
7862,2022-07-01 16:00:00,18.37,18.37,18.37,18.37,45102.0
7863,2022-07-01 17:00:00,18.35,18.48,18.35,18.4,11589.0
7864,2022-07-01 18:00:00,18.38,18.4,18.38,18.4,226.0
7865,2022-07-01 19:00:00,18.37,18.4,18.37,18.4,520.0
7866,2022-07-05 07:00:00,18.27,18.27,18.21,18.21,377.0
7867,2022-07-05 08:00:00,18.15,18.15,18.14,18.15,2187.0
7868,2022-07-05 09:00:00,18.16,18.16,17.48,17.7,310764.0
7869,2022-07-05 10:00:00,17.7,18.08,17.5,17.915,295904.0
7870,2022-07-05 11:00:00,17.91,17.93,17.7,17.82,254351.0
7871,2022-07-05 12:00:00,17.825,17.965,17.8,17.84,165759.0
7872,2022-07-05 13:00:00,17.835,18.12,17.825,18.02,444608.0
7873,2022-07-05 14:00:00,18.025,18.235,17.995,18.23,262893.0
7874,2022-07-05 15:00:00,18.225,18.46,18.15,18.46,958374.0
7875,2022-07-05 16:00:00,18.46,18.46,18.4,18.4,42752.0
7876,2022-07-05 17:00:00,18.4,18.4,18.34,18.35,3875.0
7877,2022-07-06 08:00:00,18.64,18.64,18.59,18.59,1144.0
7878,2022-07-06 09:00:00,18.31,18.63,18.09,18.16,250689.0
7879,2022-07-06 10:00:00,18.14,18.2857,17.95,17.95,223302.0
7880,2022-07-06 11:00:00,17.94,18.02,17.81,17.94,316662.0
7881,2022-07-06 12:00:00,17.947,18.105,17.87,18.085,213338.0
7882,2022-07-06 13:00:00,18.09,18.225,18.065,18.2,298267.0
7883,2022-07-06 14:00:00,18.2,18.31,18.005,18.2,426920.0
7884,2022-07-06 15:00:00,18.2,18.265,18.055,18.12,788627.0
7885,2022-07-06 16:00:00,18.12,18.12,18.11,18.11,33333.0
7886,2022-07-06 17:00:00,18.15,18.15,18.15,18.15,1002.0
7887,2022-07-07 08:00:00,18.4108,18.4108,18.4108,18.4108,200.0
7888,2022-07-07 09:00:00,18.17,18.32,17.69,18.12,312354.0
7889,2022-07-07 10:00:00,18.12,18.15,17.92,18.11,442257.0
7890,2022-07-07 11:00:00,18.105,18.18,17.86,17.925,154909.0
7891,2022-07-07 12:00:00,17.93,18.055,17.91,18.055,167477.0
7892,2022-07-07 13:00:00,18.06,18.09,17.88,17.985,163300.0
7893,2022-07-07 14:00:00,17.99,18.0,17.85,17.98,263452.0
7894,2022-07-07 15:00:00,17.975,18.1,17.945,18.05,892958.0
7895,2022-07-07 16:00:00,18.06,18.15,17.95,17.95,41608.0
7896,2022-07-07 19:00:00,18.0,18.0,18.0,18.0,100.0
7897,2022-07-08 08:00:00,17.99,17.99,17.91,17.92,1221.0
7898,2022-07-08 09:00:00,18.06,18.47,17.97,18.34,604865.0
7899,2022-07-08 10:00:00,18.35,18.76,18.27,18.735,482043.0
7900,2022-07-08 11:00:00,18.74,18.855,18.61,18.64,281484.0
7901,2022-07-08 12:00:00,18.63,18.63,18.37,18.38,204824.0
7902,2022-07-08 13:00:00,18.38,18.4261,18.22,18.235,190491.0
7903,2022-07-08 14:00:00,18.235,18.49,18.235,18.48,262620.0
7904,2022-07-08 15:00:00,18.48,18.49,18.27,18.34,897735.0
7905,2022-07-08 16:00:00,18.34,18.34,18.3,18.3,25838.0
7906,2022-07-11 09:00:00,18.04,18.23,17.6914,17.83,211100.0
7907,2022-07-11 10:00:00,17.81,17.82,17.21,17.235,446648.0
7908,2022-07-11 11:00:00,17.23,17.365,17.215,17.245,364913.0
7909,2022-07-11 12:00:00,17.255,17.335,17.18,17.19,287323.0
7910,2022-07-11 13:00:00,17.19,17.32,17.185,17.295,410948.0
7911,2022-07-11 14:00:00,17.295,17.315,17.125,17.13,300459.0
7912,2022-07-11 15:00:00,17.1221,17.16,16.995,17.08,852193.0
7913,2022-07-11 16:00:00,17.07,17.3,17.07,17.2,158386.0
7914,2022-07-11 17:00:00,17.25,17.25,17.2,17.2,2300.0
7915,2022-07-11 18:00:00,17.29,17.3,17.29,17.3,4313.0
7916,2022-07-12 07:00:00,17.07,17.07,17.06,17.07,8859.0
7917,2022-07-12 08:00:00,17.05,17.05,17.05,17.05,4640.0
7918,2022-07-12 09:00:00,17.13,17.57,16.81,17.36,383395.0
7919,2022-07-12 10:00:00,17.395,17.705,17.385,17.705,385898.0
7920,2022-07-12 11:00:00,17.7,17.755,17.62,17.635,264933.0
7921,2022-07-12 12:00:00,17.64,17.71,17.5315,17.635,155609.0
7922,2022-07-12 13:00:00,17.635,17.68,17.51,17.635,240223.0
7923,2022-07-12 14:00:00,17.64,17.65,17.54,17.54,170411.0
7924,2022-07-12 15:00:00,17.54,17.545,17.2,17.42,826271.0
7925,2022-07-12 16:00:00,17.42,17.42,17.42,17.42,36439.0
7926,2022-07-13 07:00:00,17.35,17.68,17.35,17.68,247.0
7927,2022-07-13 08:00:00,17.19,17.19,17.09,17.09,2141.0
7928,2022-07-13 09:00:00,17.17,17.4,16.945,17.1,203441.0
7929,2022-07-13 10:00:00,17.09,17.42,16.92,17.3,471944.0
7930,2022-07-13 11:00:00,17.29,17.3,17.085,17.2,202481.0
7931,2022-07-13 12:00:00,17.195,17.3775,17.19,17.37,183635.0
7932,2022-07-13 13:00:00,17.37,17.67,17.31,17.67,207720.0
7933,2022-07-13 14:00:00,17.66,17.89,17.56,17.78,623569.0
7934,2022-07-13 15:00:00,17.79,17.79,17.54,17.55,519409.0
7935,2022-07-13 16:00:00,17.56,17.56,17.56,17.56,21674.0
7936,2022-07-14 08:00:00,17.32,17.38,17.3,17.38,771.0
7937,2022-07-14 09:00:00,17.16,17.23,16.96,17.14,162643.0
7938,2022-07-14 10:00:00,17.1,17.21,16.99,17.12,267844.0
7939,2022-07-14 11:00:00,17.15,17.27,17.105,17.24,193695.0
7940,2022-07-14 12:00:00,17.245,17.26,17.005,17.04,142475.0
7941,2022-07-14 13:00:00,17.05,17.08,16.92,17.025,226716.0
7942,2022-07-14 14:00:00,17.04,17.3001,17.03,17.165,205089.0
7943,2022-07-14 15:00:00,17.16,17.24,17.09,17.155,493623.0
7944,2022-07-14 16:00:00,17.14,17.18,17.14,17.18,35066.0
7945,2022-07-15 08:00:00,17.24,17.24,17.24,17.24,214.0
7946,2022-07-15 09:00:00,17.41,17.65,16.925,16.97,303870.0
7947,2022-07-15 10:00:00,16.97,17.415,16.97,17.2684,306061.0
7948,2022-07-15 11:00:00,17.26,17.55,17.205,17.45,343359.0
7949,2022-07-15 12:00:00,17.45,17.585,17.44,17.57,250808.0
7950,2022-07-15 13:00:00,17.56,17.61,17.535,17.565,216477.0
7951,2022-07-15 14:00:00,17.56,17.62,17.51,17.525,207092.0
7952,2022-07-15 15:00:00,17.525,17.77,17.4811,17.74,967367.0
7953,2022-07-15 16:00:00,17.75,17.8,17.75,17.8,49186.0
7954,2022-07-18 09:00:00,18.03,18.22,17.87,17.9,453508.0
7955,2022-07-18 10:00:00,17.93,17.97,17.685,17.93,332603.0
7956,2022-07-18 11:00:00,17.93,18.2,17.93,18.11,430539.0
7957,2022-07-18 12:00:00,18.12,18.17,17.885,17.89,331281.0
7958,2022-07-18 13:00:00,17.8842,17.91,17.79,17.86,667802.0
7959,2022-07-18 14:00:00,17.855,17.9,17.7179,17.74,194872.0
7960,2022-07-18 15:00:00,17.74,17.855,17.68,17.75,599559.0
7961,2022-07-18 16:00:00,17.76,17.76,17.76,17.76,29976.0
7962,2022-07-18 17:00:00,17.8,17.8,17.76,17.76,42900.0
7963,2022-07-18 19:00:00,17.88,17.88,17.88,17.88,100.0
7964,2022-07-19 09:00:00,18.01,18.18,17.95,18.105,243156.0
7965,2022-07-19 10:00:00,18.105,18.29,18.02,18.27,606153.0
7966,2022-07-19 11:00:00,18.28,18.315,18.2,18.3,196695.0
7967,2022-07-19 12:00:00,18.295,18.32,18.15,18.17,234168.0
7968,2022-07-19 13:00:00,18.16,18.29,18.12,18.27,375024.0
7969,2022-07-19 14:00:00,18.265,18.31,18.21,18.215,322254.0
7970,2022-07-19 15:00:00,18.215,18.29,18.18,18.2,878356.0
7971,2022-07-19 16:00:00,18.22,18.28,18.22,18.28,24433.0
7972,2022-07-19 17:00:00,18.25,18.25,18.25,18.25,132.0
7973,2022-07-19 18:00:00,18.25,18.25,18.25,18.25,270.0
7974,2022-07-20 07:00:00,18.27,18.27,18.27,18.27,250.0
7975,2022-07-20 09:00:00,18.22,18.3,18.05,18.2,131131.0
7976,2022-07-20 10:00:00,18.21,18.727,18.15,18.72,309181.0
7977,2022-07-20 11:00:00,18.715,18.93,18.68,18.905,419443.0
7978,2022-07-20 12:00:00,18.905,18.985,18.7406,18.75,254460.0
7979,2022-07-20 13:00:00,18.76,18.91,18.635,18.81,229667.0
7980,2022-07-20 14:00:00,18.805,19.165,18.805,19.115,353766.0
7981,2022-07-20 15:00:00,19.115,19.365,19.105,19.255,1182598.0
7982,2022-07-20 16:00:00,19.25,19.25,19.19,19.24,59998.0
7983,2022-07-21 08:00:00,19.29,19.29,19.28,19.28,700.0
7984,2022-07-21 09:00:00,19.16,19.16,18.55,18.85,464314.0
7985,2022-07-21 10:00:00,18.87,19.045,18.65,19.04,328602.0
7986,2022-07-21 11:00:00,19.035,19.04,18.79,18.855,273772.0
7987,2022-07-21 12:00:00,18.85,19.355,18.85,19.245,515765.0
7988,2022-07-21 13:00:00,19.25,19.345,18.97,19.02,272899.0
7989,2022-07-21 14:00:00,19.025,19.06,18.81,18.81,305309.0
7990,2022-07-21 15:00:00,18.815,18.92,18.815,18.91,981051.0
7991,2022-07-21 16:00:00,18.91,18.96,18.91,18.96,25250.0
7992,2022-07-22 08:00:00,18.81,18.81,18.81,18.81,200.0
7993,2022-07-22 09:00:00,18.81,19.27,18.79,18.79,181587.0
7994,2022-07-22 10:00:00,18.79,18.855,18.645,18.79,403940.0
7995,2022-07-22 11:00:00,18.79,18.83,18.43,18.545,409424.0
7996,2022-07-22 12:00:00,18.55,18.56,18.39,18.52,293960.0
7997,2022-07-22 13:00:00,18.525,18.575,18.355,18.495,235809.0
7998,2022-07-22 14:00:00,18.5,18.555,18.435,18.545,183360.0
7999,2022-07-22 15:00:00,18.54,18.72,18.525,18.7,543101.0
8000,2022-07-22 16:00:00,18.7,18.7,18.7,18.7,33561.0
8001,2022-07-25 09:00:00,18.95,18.95,18.48,18.72,108826.0
8002,2022-07-25 10:00:00,18.72,18.78,18.55,18.58,166568.0
8003,2022-07-25 11:00:00,18.58,18.69,18.51,18.68,173651.0
8004,2022-07-25 12:00:00,18.685,18.755,18.57,18.585,292020.0
8005,2022-07-25 13:00:00,18.585,18.645,18.39,18.4,160705.0
8006,2022-07-25 14:00:00,18.4,18.47,18.295,18.295,159739.0
8007,2022-07-25 15:00:00,18.2975,18.415,18.265,18.39,590350.0
8008,2022-07-25 16:00:00,18.4,18.4,18.4,18.4,9634.0
8009,2022-07-26 08:00:00,18.12,18.16,18.1,18.16,4018.0
8010,2022-07-26 09:00:00,18.2,18.29,18.0,18.08,161287.0
8011,2022-07-26 10:00:00,18.09,18.15,17.955,18.065,258446.0
8012,2022-07-26 11:00:00,18.07,18.105,17.93,17.97,174746.0
8013,2022-07-26 12:00:00,17.97,18.07,17.95,18.005,226207.0
8014,2022-07-26 13:00:00,18.01,18.05,17.95,18.035,179655.0
8015,2022-07-26 14:00:00,18.035,18.13,17.95,17.995,227243.0
8016,2022-07-26 15:00:00,17.99,18.07,17.94,18.03,379193.0
8017,2022-07-26 16:00:00,18.02,18.02,18.02,18.02,18113.0
8018,2022-07-27 09:00:00,18.26,18.44,18.1,18.24,134612.0
8019,2022-07-27 10:00:00,18.25,18.36,18.24,18.335,127193.0
8020,2022-07-27 11:00:00,18.34,18.4,18.21,18.235,121451.0
8021,2022-07-27 12:00:00,18.235,18.2672,18.15,18.15,81256.0
8022,2022-07-27 13:00:00,18.16,18.235,18.09,18.2099,105598.0
8023,2022-07-27 14:00:00,18.2,18.53,18.07,18.475,219413.0
8024,2022-07-27 15:00:00,18.48,18.65,18.445,18.47,624139.0
8025,2022-07-27 16:00:00,18.48,18.48,18.48,18.48,25093.0
8026,2022-07-27 18:00:00,18.48,18.48,18.48,18.48,200.0
8027,2022-07-28 08:00:00,18.23,18.23,18.2,18.2,2770.0
8028,2022-07-28 09:00:00,18.2,18.61,17.96,17.99,279904.0
8029,2022-07-28 10:00:00,17.99,18.095,17.6,17.67,288872.0
8030,2022-07-28 11:00:00,17.68,17.845,17.575,17.71,242680.0
8031,2022-07-28 12:00:00,17.715,17.925,17.69,17.805,525034.0
8032,2022-07-28 13:00:00,17.805,17.975,17.75,17.83,148744.0
8033,2022-07-28 14:00:00,17.8252,17.92,17.74,17.92,258069.0
8034,2022-07-28 15:00:00,17.915,18.085,17.895,18.05,495621.0
8035,2022-07-28 16:00:00,18.05,18.05,18.05,18.05,35988.0
8036,2022-07-28 17:00:00,17.8,17.8,17.71,17.71,370.0
8037,2022-07-29 09:00:00,18.0,18.0,17.46,17.59,243912.0
8038,2022-07-29 10:00:00,17.585,17.69,17.46,17.46,531610.0
8039,2022-07-29 11:00:00,17.45,17.465,17.045,17.19,480623.0
8040,2022-07-29 12:00:00,17.19,17.295,17.145,17.255,165200.0
8041,2022-07-29 13:00:00,17.255,17.375,17.135,17.35,385898.0
8042,2022-07-29 14:00:00,17.36,17.41,17.325,17.365,207446.0
8043,2022-07-29 15:00:00,17.365,17.5,17.33,17.37,870893.0
8044,2022-07-29 16:00:00,17.37,17.37,17.37,17.37,67616.0
8045,2022-08-01 08:00:00,17.32,17.32,17.27,17.3,750.0
8046,2022-08-01 09:00:00,17.2,17.285,16.96,17.125,232775.0
8047,2022-08-01 10:00:00,17.12,17.37,17.03,17.225,568288.0
8048,2022-08-01 11:00:00,17.23,17.405,17.155,17.265,419687.0
8049,2022-08-01 12:00:00,17.26,17.3,17.14,17.235,364853.0
8050,2022-08-01 13:00:00,17.235,17.235,16.92,16.975,355581.0
8051,2022-08-01 14:00:00,16.975,17.205,16.93,17.2,349488.0
8052,2022-08-01 15:00:00,17.19,17.3,17.125,17.25,992783.0
8053,2022-08-01 16:00:00,17.25,17.25,17.25,17.25,77758.0
8054,2022-08-02 07:00:00,16.89,16.89,16.86,16.86,1577.0
8055,2022-08-02 09:00:00,17.22,17.31,17.11,17.16,223267.0
8056,2022-08-02 10:00:00,17.14,17.2988,17.11,17.175,463882.0
8057,2022-08-02 11:00:00,17.17,17.325,17.11,17.275,698482.0
8058,2022-08-02 12:00:00,17.28,17.615,17.275,17.615,824004.0
8059,2022-08-02 13:00:00,17.615,17.84,17.385,17.405,895447.0
8060,2022-08-02 14:00:00,17.4,17.4,17.15,17.16,608557.0
8061,2022-08-02 15:00:00,17.165,17.2397,17.025,17.13,1443964.0
8062,2022-08-02 16:00:00,17.13,17.13,17.01,17.01,36849.0
8063,2022-08-02 17:00:00,17.15,17.15,17.05,17.05,2000.0
8064,2022-08-02 18:00:00,17.03,17.03,17.0,17.0,931.0
8065,2022-08-02 19:00:00,17.15,17.22,17.15,17.22,602.0
8066,2022-08-03 06:00:00,17.59,17.64,17.4,17.4,1823.0
8067,2022-08-03 07:00:00,17.4,17.4,17.3,17.3,941.0
8068,2022-08-03 08:00:00,17.3501,17.4001,17.28,17.34,1600.0
8069,2022-08-03 09:00:00,17.32,17.45,16.535,16.57,550065.0
8070,2022-08-03 10:00:00,16.56,16.955,16.545,16.71,1099728.0
8071,2022-08-03 11:00:00,16.71,17.35,16.605,17.34,660657.0
8072,2022-08-03 12:00:00,17.33,17.95,17.28,17.855,1282812.0
8073,2022-08-03 13:00:00,17.855,18.54,17.82,18.15,1024451.0
8074,2022-08-03 14:00:00,18.14,18.29,18.06,18.19,435675.0
8075,2022-08-03 15:00:00,18.19,18.46,18.03,18.225,1711110.0
8076,2022-08-03 16:00:00,18.22,18.22,18.14,18.14,79048.0
8077,2022-08-03 18:00:00,18.38,18.38,18.38,18.38,100.0
8078,2022-08-04 07:00:00,18.29,18.29,18.24,18.24,700.0
8079,2022-08-04 08:00:00,18.1263,18.32,18.1263,18.32,505.0
8080,2022-08-04 09:00:00,18.35,19.84,18.07,18.94,684097.0
8081,2022-08-04 10:00:00,18.945,19.11,18.62,18.79,429597.0
8082,2022-08-04 11:00:00,18.79,18.955,18.73,18.94,308503.0
8083,2022-08-04 12:00:00,18.95,19.275,18.92,19.17,389746.0
8084,2022-08-04 13:00:00,19.165,19.305,19.115,19.15,531199.0
8085,2022-08-04 14:00:00,19.152,19.16,18.95,18.975,412421.0
8086,2022-08-04 15:00:00,18.97,19.33,18.965,19.17,1272195.0
8087,2022-08-04 16:00:00,19.16,19.16,19.16,19.16,39279.0
8088,2022-08-05 08:00:00,19.02,19.02,18.6489,18.8,3536.0
8089,2022-08-05 09:00:00,18.85,19.02,18.66,18.91,230301.0
8090,2022-08-05 10:00:00,18.92,19.36,18.85,19.21,376940.0
8091,2022-08-05 11:00:00,19.21,19.22,19.03,19.065,306101.0
8092,2022-08-05 12:00:00,19.065,19.295,19.06,19.27,340573.0
8093,2022-08-05 13:00:00,19.275,19.315,18.995,19.085,348903.0
8094,2022-08-05 14:00:00,19.08,19.21,19.07,19.14,267219.0
8095,2022-08-05 15:00:00,19.14,19.215,19.125,19.21,699849.0
8096,2022-08-05 16:00:00,19.2,19.2,19.2,19.2,38935.0
8097,2022-08-08 08:00:00,19.54,19.55,19.44,19.44,1033.0
8098,2022-08-08 09:00:00,19.42,20.09,19.37,20.0,347708.0
8099,2022-08-08 10:00:00,20.0,20.22,19.96,20.035,451870.0
8100,2022-08-08 11:00:00,20.035,20.04,19.595,19.83,310663.0
8101,2022-08-08 12:00:00,19.83,19.83,19.6,19.68,198209.0
8102,2022-08-08 13:00:00,19.685,19.71,19.54,19.66,167166.0
8103,2022-08-08 14:00:00,19.65,19.65,19.285,19.31,298162.0
8104,2022-08-08 15:00:00,19.305,19.32,19.15,19.19,660699.0
8105,2022-08-08 16:00:00,19.19,19.19,19.19,19.19,21828.0
8106,2022-08-09 07:00:00,19.25,19.25,19.19,19.19,575.0
8107,2022-08-09 08:00:00,19.35,19.35,19.21,19.22,1045.0
8108,2022-08-09 09:00:00,19.01,19.19,18.7714,18.87,210425.0
8109,2022-08-09 10:00:00,18.85,18.96,18.65,18.725,322632.0
8110,2022-08-09 11:00:00,18.73,18.79,18.655,18.695,353450.0
8111,2022-08-09 12:00:00,18.7,18.77,18.6523,18.755,352234.0
8112,2022-08-09 13:00:00,18.76,18.79,18.665,18.755,146479.0
8113,2022-08-09 14:00:00,18.76,18.86,18.7,18.825,296561.0
8114,2022-08-09 15:00:00,18.82,18.82,18.665,18.725,695595.0
8115,2022-08-09 16:00:00,18.71,18.71,18.69,18.69,18917.0
8116,2022-08-09 17:00:00,18.6,18.84,18.6,18.81,3872.0
8117,2022-08-10 08:00:00,18.83,19.2,18.83,19.13,11817.0
8118,2022-08-10 09:00:00,19.22,19.74,19.08,19.34,342473.0
8119,2022-08-10 10:00:00,19.33,19.45,19.24,19.355,180468.0
8120,2022-08-10 11:00:00,19.355,19.51,19.29,19.51,238994.0
8121,2022-08-10 12:00:00,19.5,19.55,19.3273,19.43,129419.0
8122,2022-08-10 13:00:00,19.43,19.505,19.3977,19.455,119397.0
8123,2022-08-10 14:00:00,19.44,19.5,19.39,19.39,159112.0
8124,2022-08-10 15:00:00,19.39,19.405,19.28,19.34,492866.0
8125,2022-08-10 16:00:00,19.35,19.35,18.83,19.3,27449.0
8126,2022-08-11 09:00:00,19.64,19.76,19.5,19.75,184295.0
8127,2022-08-11 10:00:00,19.75,19.97,19.44,19.55,400613.0
8128,2022-08-11 11:00:00,19.5501,19.575,19.16,19.25,236660.0
8129,2022-08-11 12:00:00,19.245,19.55,19.195,19.55,155907.0
8130,2022-08-11 13:00:00,19.56,19.62,19.515,19.545,216757.0
8131,2022-08-11 14:00:00,19.55,19.55,19.36,19.4,247510.0
8132,2022-08-11 15:00:00,19.395,19.4375,19.3,19.37,448272.0
8133,2022-08-11 16:00:00,19.37,19.37,19.37,19.37,17612.0
8134,2022-08-11 18:00:00,19.49,19.58,19.48,19.48,5263.0
8135,2022-08-11 19:00:00,19.92,19.92,19.92,19.92,250.0
8136,2022-08-12 08:00:00,20.0,20.0,19.5,19.5,895.0
8137,2022-08-12 09:00:00,19.56,20.18,19.55,19.905,321884.0
8138,2022-08-12 10:00:00,19.9,20.0,19.65,19.8977,263302.0
8139,2022-08-12 11:00:00,19.89,20.015,19.875,19.96,243945.0
8140,2022-08-12 12:00:00,19.95,20.145,19.95,20.05,255602.0
8141,2022-08-12 13:00:00,20.0517,20.14,19.955,19.975,173539.0
8142,2022-08-12 14:00:00,19.9787,20.025,19.925,19.94,173291.0
8143,2022-08-12 15:00:00,19.94,20.11,19.92,20.11,712575.0
8144,2022-08-12 16:00:00,20.11,20.11,20.11,20.11,33430.0
8145,2022-08-12 18:00:00,20.08,20.09,20.08,20.09,800.0
8146,2022-08-15 08:00:00,19.96,19.96,19.95,19.95,600.0
8147,2022-08-15 09:00:00,19.9,20.09,19.66,19.96,177312.0
8148,2022-08-15 10:00:00,19.96,20.11,19.735,20.088,274625.0
8149,2022-08-15 11:00:00,20.0837,20.3,20.03,20.16,271642.0
8150,2022-08-15 12:00:00,20.16,20.245,20.11,20.23,126832.0
8151,2022-08-15 13:00:00,20.23,20.25,20.09,20.2,160038.0
8152,2022-08-15 14:00:00,20.21,20.35,20.17,20.26,171427.0
8153,2022-08-15 15:00:00,20.27,20.305,20.15,20.22,680823.0
8154,2022-08-15 16:00:00,20.22,20.58,20.22,20.37,43033.0
8155,2022-08-15 18:00:00,20.22,20.22,20.22,20.22,100.0
8156,2022-08-16 08:00:00,20.27,20.27,20.25,20.25,1241.0
8157,2022-08-16 09:00:00,20.1,20.22,19.71,19.795,183340.0
8158,2022-08-16 10:00:00,19.8,19.82,19.36,19.52,339933.0
8159,2022-08-16 11:00:00,19.53,19.76,19.495,19.69,512708.0
8160,2022-08-16 12:00:00,19.69,19.7654,19.47,19.48,615254.0
8161,2022-08-16 13:00:00,19.485,19.69,19.485,19.665,389413.0
8162,2022-08-16 14:00:00,19.66,19.6799,19.36,19.39,452951.0
8163,2022-08-16 15:00:00,19.39,19.55,19.33,19.47,816026.0
8164,2022-08-16 16:00:00,19.47,19.6,19.47,19.59,110746.0
8165,2022-08-17 09:00:00,19.14,19.2,18.67,18.83,285607.0
8166,2022-08-17 10:00:00,18.825,18.84,18.45,18.46,656442.0
8167,2022-08-17 11:00:00,18.455,18.6,18.26,18.32,735601.0
8168,2022-08-17 12:00:00,18.31,18.545,18.28,18.485,345711.0
8169,2022-08-17 13:00:00,18.485,18.55,18.45,18.485,278446.0
8170,2022-08-17 14:00:00,18.49,18.72,18.49,18.55,382478.0
8171,2022-08-17 15:00:00,18.555,18.615,18.3,18.34,835801.0
8172,2022-08-17 16:00:00,18.33,18.5,18.33,18.5,31652.0
8173,2022-08-18 08:00:00,19.33,19.73,18.42,18.42,6486.0
8174,2022-08-18 09:00:00,18.41,18.41,18.02,18.05,347919.0
8175,2022-08-18 10:00:00,18.05,18.15,17.96,18.035,675510.0
8176,2022-08-18 11:00:00,18.04,18.255,17.955,18.155,549508.0
8177,2022-08-18 12:00:00,18.15,18.195,18.085,18.15,205572.0
8178,2022-08-18 13:00:00,18.155,18.29,18.155,18.26,195584.0
8179,2022-08-18 14:00:00,18.26,18.335,18.195,18.315,226522.0
8180,2022-08-18 15:00:00,18.31,18.47,18.28,18.455,790906.0
8181,2022-08-18 16:00:00,18.45,18.48,18.45,18.48,41428.0
8182,2022-08-19 08:00:00,18.0,18.0,18.0,18.0,115.0
8183,2022-08-19 09:00:00,18.1,18.36,18.03,18.0563,266114.0
8184,2022-08-19 10:00:00,18.055,18.12,17.865,17.97,393331.0
8185,2022-08-19 11:00:00,17.965,18.02,17.855,17.973,435074.0
8186,2022-08-19 12:00:00,17.975,18.118,17.9687,18.0484,286260.0
8187,2022-08-19 13:00:00,18.055,18.115,17.96,18.05,318086.0
8188,2022-08-19 14:00:00,18.04,18.11,18.005,18.04,250063.0
8189,2022-08-19 15:00:00,18.045,18.455,18.0433,18.4,1243254.0
8190,2022-08-19 16:00:00,18.39,18.39,18.39,18.39,64973.0
8191,2022-08-19 17:00:00,18.4,18.7899,18.4,18.78,6579.0
8192,2022-08-19 19:00:00,18.6,18.64,18.59,18.59,1747.0
8193,2022-08-22 04:00:00,18.31,18.31,18.25,18.25,2030.0
8194,2022-08-22 05:00:00,18.18,18.18,18.18,18.18,1000.0
8195,2022-08-22 07:00:00,18.26,18.27,18.2,18.25,9188.0
8196,2022-08-22 08:00:00,18.26,18.26,18.2,18.24,2928.0
8197,2022-08-22 09:00:00,18.22,18.33,17.94,18.223,284795.0
8198,2022-08-22 10:00:00,18.225,18.225,17.8535,17.855,489094.0
8199,2022-08-22 11:00:00,17.855,17.905,17.715,17.81,473893.0
8200,2022-08-22 12:00:00,17.8172,17.825,17.6,17.625,288219.0
8201,2022-08-22 13:00:00,17.625,17.64,17.5,17.5,404185.0
8202,2022-08-22 14:00:00,17.5,17.51,17.37,17.41,357345.0
8203,2022-08-22 15:00:00,17.41,17.54,17.36,17.46,1068571.0
8204,2022-08-22 16:00:00,17.46,17.5,17.46,17.46,61653.0
8205,2022-08-22 17:00:00,17.56,17.56,17.56,17.56,536.0
8206,2022-08-22 18:00:00,17.9,17.9,17.9,17.9,241.0
8207,2022-08-23 07:00:00,17.75,17.75,17.51,17.51,1914.0
8208,2022-08-23 08:00:00,17.53,17.55,17.52,17.52,1395.0
8209,2022-08-23 09:00:00,17.52,17.79,17.435,17.69,225456.0
8210,2022-08-23 10:00:00,17.675,17.89,17.475,17.495,298970.0
8211,2022-08-23 11:00:00,17.49,17.57,17.39,17.48,321136.0
8212,2022-08-23 12:00:00,17.47,17.4872,17.3598,17.42,212543.0
8213,2022-08-23 13:00:00,17.42,17.5,17.37,17.415,267789.0
8214,2022-08-23 14:00:00,17.41,17.465,17.32,17.365,223223.0
8215,2022-08-23 15:00:00,17.36,17.425,17.3221,17.4,872214.0
8216,2022-08-23 16:00:00,17.4,17.61,17.4,17.61,27148.0
8217,2022-08-23 17:00:00,17.53,17.78,17.53,17.66,14397.0
8218,2022-08-23 18:00:00,17.52,17.59,17.5,17.59,1100.0
8219,2022-08-24 04:00:00,17.4,17.4,17.4,17.4,100.0
8220,2022-08-24 08:00:00,17.45,17.45,17.44,17.45,974.0
8221,2022-08-24 09:00:00,17.45,17.63,17.43,17.58,242390.0
8222,2022-08-24 10:00:00,17.58,17.69,17.535,17.64,310909.0
8223,2022-08-24 11:00:00,17.635,17.74,17.55,17.69,518861.0
8224,2022-08-24 12:00:00,17.69,17.695,17.53,17.565,206838.0
8225,2022-08-24 13:00:00,17.56,17.59,17.44,17.54,229382.0
8226,2022-08-24 14:00:00,17.545,17.595,17.51,17.535,421418.0
8227,2022-08-24 15:00:00,17.535,17.6,17.45,17.5,617599.0
8228,2022-08-24 16:00:00,17.5,17.64,17.5,17.61,23721.0
8229,2022-08-24 17:00:00,17.6498,17.66,17.63,17.63,9794.0
8230,2022-08-24 19:00:00,17.65,17.65,17.65,17.65,500.0
8231,2022-08-25 07:00:00,17.58,17.71,17.57,17.71,1200.0
8232,2022-08-25 08:00:00,17.71,17.73,17.67,17.67,3322.0
8233,2022-08-25 09:00:00,17.66,18.19,17.6,18.17,273197.0
8234,2022-08-25 10:00:00,18.165,18.765,18.11,18.45,987942.0
8235,2022-08-25 11:00:00,18.46,18.46,18.12,18.205,396180.0
8236,2022-08-25 12:00:00,18.2,18.35,18.1601,18.23,320301.0
8237,2022-08-25 13:00:00,18.23,18.375,18.215,18.343,232632.0
8238,2022-08-25 14:00:00,18.343,18.35,18.17,18.22,173214.0
8239,2022-08-25 15:00:00,18.22,18.58,18.165,18.57,1017101.0
8240,2022-08-25 16:00:00,18.56,18.56,18.44,18.51,45133.0
8241,2022-08-26 07:00:00,18.54,18.55,18.54,18.55,413.0
8242,2022-08-26 08:00:00,18.55,18.55,18.55,18.55,354.0
8243,2022-08-26 09:00:00,18.56,18.9,18.5,18.6,159134.0
8244,2022-08-26 10:00:00,18.6,18.77,18.0,18.099,464742.0
8245,2022-08-26 11:00:00,18.1,18.145,17.805,17.82,324899.0
8246,2022-08-26 12:00:00,17.82,17.895,17.765,17.83,331960.0
8247,2022-08-26 13:00:00,17.83,17.87,17.73,17.775,207313.0
8248,2022-08-26 14:00:00,17.775,17.85,17.645,17.7072,359186.0
8249,2022-08-26 15:00:00,17.7,17.78,17.6,17.62,906873.0
8250,2022-08-26 16:00:00,17.61,17.61,17.57,17.57,25230.0
8251,2022-08-29 04:00:00,17.55,17.55,17.55,17.55,500.0
8252,2022-08-29 09:00:00,17.45,17.73,17.26,17.63,242579.0
8253,2022-08-29 10:00:00,17.625,17.74,17.425,17.48,354630.0
8254,2022-08-29 11:00:00,17.48,17.545,17.35,17.485,194099.0
8255,2022-08-29 12:00:00,17.49,17.585,17.4408,17.52,120582.0
8256,2022-08-29 13:00:00,17.513,17.65,17.49,17.65,166414.0
8257,2022-08-29 14:00:00,17.645,17.65,17.46,17.53,244061.0
8258,2022-08-29 15:00:00,17.525,17.59,17.3,17.325,587459.0
8259,2022-08-29 16:00:00,17.32,17.32,17.32,17.32,13162.0
8260,2022-08-29 17:00:00,17.38,17.38,17.38,17.38,200.0
8261,2022-08-30 08:00:00,17.51,17.51,17.45,17.48,1324.0
8262,2022-08-30 09:00:00,17.48,17.64,17.31,17.33,183666.0
8263,2022-08-30 10:00:00,17.33,17.48,17.03,17.14,360645.0
8264,2022-08-30 11:00:00,17.14,17.16,16.97,17.1,265537.0
8265,2022-08-30 12:00:00,17.1,17.2,16.99,17.015,224776.0
8266,2022-08-30 13:00:00,17.01,17.1,16.93,17.095,806960.0
8267,2022-08-30 14:00:00,17.09,17.255,17.075,17.21,251638.0
8268,2022-08-30 15:00:00,17.21,17.32,17.09,17.15,505287.0
8269,2022-08-30 16:00:00,17.15,17.15,17.15,17.15,80589.0
8270,2022-08-31 08:00:00,17.25,17.25,17.21,17.21,300.0
8271,2022-08-31 09:00:00,17.3,17.433,17.18,17.18,198941.0
8272,2022-08-31 10:00:00,17.18,17.34,17.16,17.17,291783.0
8273,2022-08-31 11:00:00,17.175,17.265,17.075,17.25,251548.0
8274,2022-08-31 12:00:00,17.26,17.29,17.175,17.23,173645.0
8275,2022-08-31 13:00:00,17.235,17.27,17.15,17.26,202370.0
8276,2022-08-31 14:00:00,17.255,17.37,17.15,17.195,349833.0
8277,2022-08-31 15:00:00,17.195,17.48,17.19,17.33,1159479.0
8278,2022-08-31 16:00:00,17.35,17.35,17.31,17.32,131097.0
8279,2022-08-31 18:00:00,17.32,17.32,17.32,17.32,576.0
8280,2022-08-31 19:00:00,17.29,17.32,17.28,17.32,3545.0
8281,2022-09-01 08:00:00,17.27,17.27,17.26,17.26,529.0
8282,2022-09-01 09:00:00,17.22,17.87,17.22,17.44,505929.0
8283,2022-09-01 10:00:00,17.41,17.495,17.135,17.18,309531.0
8284,2022-09-01 11:00:00,17.17,17.3301,17.105,17.23,355942.0
8285,2022-09-01 12:00:00,17.235,17.365,17.235,17.36,220357.0
8286,2022-09-01 13:00:00,17.365,17.605,17.335,17.455,284346.0
8287,2022-09-01 14:00:00,17.46,17.665,17.46,17.595,912939.0
8288,2022-09-01 15:00:00,17.59,17.81,17.565,17.8,943462.0
8289,2022-09-01 16:00:00,17.81,17.81,17.73,17.77,29153.0
8290,2022-09-01 17:00:00,17.78,17.78,17.78,17.78,300.0
8291,2022-09-02 07:00:00,17.61,17.63,17.61,17.63,650.0
8292,2022-09-02 08:00:00,17.62,17.88,17.62,17.88,1724.0
8293,2022-09-02 09:00:00,17.97,18.14,16.9,16.94,661917.0
8294,2022-09-02 10:00:00,16.93,17.765,16.78,17.7,680492.0
8295,2022-09-02 11:00:00,17.705,17.765,17.43,17.53,327774.0
8296,2022-09-02 12:00:00,17.53,17.55,17.105,17.18,266003.0
8297,2022-09-02 13:00:00,17.17,17.17,16.9,16.91,495231.0
8298,2022-09-02 14:00:00,16.915,17.035,16.9,16.98,351770.0
8299,2022-09-02 15:00:00,16.975,17.08,16.82,17.02,1136060.0
8300,2022-09-02 16:00:00,17.01,17.01,17.01,17.01,49483.0
8301,2022-09-02 17:00:00,17.08,17.08,17.02,17.03,1330.0
8302,2022-09-02 19:00:00,17.2,17.2,17.2,17.2,100.0
8303,2022-09-06 08:00:00,17.18,17.18,17.18,17.18,200.0
8304,2022-09-06 09:00:00,17.11,17.15,16.65,16.69,362069.0
8305,2022-09-06 10:00:00,16.68,16.74,16.47,16.705,640298.0
8306,2022-09-06 11:00:00,16.7,16.74,16.52,16.61,425784.0
8307,2022-09-06 12:00:00,16.61,16.76,16.47,16.71,378225.0
8308,2022-09-06 13:00:00,16.71,16.81,16.53,16.73,463275.0
8309,2022-09-06 14:00:00,16.73,16.83,16.625,16.64,258801.0
8310,2022-09-06 15:00:00,16.65,16.765,16.62,16.66,908080.0
8311,2022-09-06 16:00:00,16.66,16.66,16.66,16.66,30172.0
8312,2022-09-07 08:00:00,16.61,16.62,16.6,16.61,821.0
8313,2022-09-07 09:00:00,16.6,16.94,16.56,16.74,162847.0
8314,2022-09-07 10:00:00,16.74,16.84,16.67,16.83,221047.0
8315,2022-09-07 11:00:00,16.835,17.05,16.79,17.02,250920.0
8316,2022-09-07 12:00:00,17.02,17.15,16.975,17.13,303513.0
8317,2022-09-07 13:00:00,17.13,17.248,17.125,17.23,238170.0
8318,2022-09-07 14:00:00,17.235,17.61,17.185,17.475,841487.0
8319,2022-09-07 15:00:00,17.485,17.79,17.43,17.69,2191716.0
8320,2022-09-07 16:00:00,17.68,17.68,17.68,17.68,36524.0
8321,2022-09-07 18:00:00,17.7,17.75,17.69,17.75,1951.0
8322,2022-09-08 07:00:00,17.63,17.63,17.59,17.6,6050.0
8323,2022-09-08 08:00:00,17.6,17.7,17.56,17.69,12469.0
8324,2022-09-08 09:00:00,17.46,17.48,16.94,17.29,337529.0
8325,2022-09-08 10:00:00,17.31,17.67,17.105,17.65,310542.0
8326,2022-09-08 11:00:00,17.65,17.77,17.43,17.53,444042.0
8327,2022-09-08 12:00:00,17.53,17.565,17.26,17.535,242413.0
8328,2022-09-08 13:00:00,17.53,17.72,17.46,17.62,315303.0
8329,2022-09-08 14:00:00,17.61,17.77,17.58,17.71,344014.0
8330,2022-09-08 15:00:00,17.72,17.81,17.6101,17.79,689139.0
8331,2022-09-08 16:00:00,17.8,17.98,17.73,17.8,36232.0
8332,2022-09-08 17:00:00,17.8,17.81,17.8,17.81,3138.0
8333,2022-09-09 06:00:00,18.2,18.2,18.2,18.2,800.0
8334,2022-09-09 07:00:00,18.02,18.02,18.02,18.02,175.0
8335,2022-09-09 08:00:00,18.22,18.22,18.22,18.22,1000.0
8336,2022-09-09 09:00:00,18.0,18.555,17.89,18.515,435241.0
8337,2022-09-09 10:00:00,18.53,18.94,18.53,18.935,572686.0
8338,2022-09-09 11:00:00,18.93,19.055,18.78,18.965,605511.0
8339,2022-09-09 12:00:00,18.96,19.195,18.905,19.11,501811.0
8340,2022-09-09 13:00:00,19.1,19.245,19.045,19.185,332993.0
8341,2022-09-09 14:00:00,19.19,19.34,19.05,19.21,546757.0
8342,2022-09-09 15:00:00,19.205,19.38,19.195,19.325,1421739.0
8343,2022-09-09 16:00:00,19.33,19.33,19.3,19.3,87034.0
8344,2022-09-09 17:00:00,19.07,19.08,19.04,19.05,10231.0
8345,2022-09-09 19:00:00,19.37,19.37,19.37,19.37,201.0
8346,2022-09-12 07:00:00,19.39,19.47,19.39,19.43,1488.0
8347,2022-09-12 08:00:00,19.45,19.45,19.4,19.4399,7004.0
8348,2022-09-12 09:00:00,19.4,19.82,19.36,19.75,523945.0
8349,2022-09-12 10:00:00,19.75,19.885,19.56,19.61,709577.0
8350,2022-09-12 11:00:00,19.6,19.725,19.53,19.575,333628.0
8351,2022-09-12 12:00:00,19.58,19.705,19.49,19.66,267800.0
8352,2022-09-12 13:00:00,19.66,19.74,19.605,19.71,188550.0
8353,2022-09-12 14:00:00,19.71,19.71,19.52,19.58,207073.0
8354,2022-09-12 15:00:00,19.58,19.645,19.505,19.63,1045645.0
8355,2022-09-12 16:00:00,19.61,19.61,19.61,19.61,59234.0
8356,2022-09-12 17:00:00,19.58,19.58,19.58,19.58,418.0
8357,2022-09-13 08:00:00,19.7,19.7,18.92,18.95,10852.0
8358,2022-09-13 09:00:00,18.76,19.07,18.65,18.9,414027.0
8359,2022-09-13 10:00:00,18.88,18.95,18.45,18.46,380969.0
8360,2022-09-13 11:00:00,18.455,18.59,18.405,18.515,349116.0
8361,2022-09-13 12:00:00,18.505,18.63,18.425,18.595,324248.0
8362,2022-09-13 13:00:00,18.59,18.9,18.55,18.76,308343.0
8363,2022-09-13 14:00:00,18.765,18.86,18.65,18.675,250607.0
8364,2022-09-13 15:00:00,18.665,18.68,18.3,18.34,967383.0
8365,2022-09-13 16:00:00,18.33,18.33,18.33,18.33,79238.0
8366,2022-09-13 18:00:00,18.47,18.47,18.47,18.47,100.0
8367,2022-09-14 09:00:00,18.37,18.46,17.99,18.08,219367.0
8368,2022-09-14 10:00:00,18.08,18.085,17.48,17.53,910948.0
8369,2022-09-14 11:00:00,17.535,17.675,17.46,17.575,446409.0
8370,2022-09-14 12:00:00,17.57,17.575,17.35,17.495,503012.0
8371,2022-09-14 13:00:00,17.5,17.645,17.26,17.27,484605.0
8372,2022-09-14 14:00:00,17.27,17.39,17.12,17.16,718565.0
8373,2022-09-14 15:00:00,17.155,17.25,16.9925,17.19,1993291.0
8374,2022-09-14 16:00:00,17.18,17.38,17.18,17.38,66976.0
8375,2022-09-14 17:00:00,17.37,17.38,17.37,17.38,300.0
8376,2022-09-14 18:00:00,17.36,17.36,17.36,17.36,100.0
8377,2022-09-15 06:00:00,17.2,17.2,17.16,17.16,306.0
8378,2022-09-15 07:00:00,17.3,17.3,17.2,17.2,1105.0
8379,2022-09-15 08:00:00,17.2,17.21,17.08,17.09,3841.0
8380,2022-09-15 09:00:00,17.06,18.005,17.06,17.95,572968.0
8381,2022-09-15 10:00:00,17.9485,18.065,17.3195,17.39,505892.0
8382,2022-09-15 11:00:00,17.39,17.44,17.195,17.295,254626.0
8383,2022-09-15 12:00:00,17.295,17.43,17.24,17.43,212368.0
8384,2022-09-15 13:00:00,17.435,17.59,17.425,17.48,483697.0
8385,2022-09-15 14:00:00,17.475,17.48,17.32,17.35,300324.0
8386,2022-09-15 15:00:00,17.35,17.365,17.17,17.29,768199.0
8387,2022-09-15 16:00:00,17.29,17.43,17.29,17.29,329758.0
8388,2022-09-15 17:00:00,17.29,17.29,17.29,17.29,5731.0
8389,2022-09-16 08:00:00,17.0001,17.04,17.0,17.0,612.0
8390,2022-09-16 09:00:00,17.03,17.08,16.77,16.8488,432428.0
8391,2022-09-16 10:00:00,16.83,17.475,16.79,17.315,543687.0
8392,2022-09-16 11:00:00,17.3,17.36,17.015,17.1,347501.0
8393,2022-09-16 12:00:00,17.09,17.17,16.97,17.16,247850.0
8394,2022-09-16 13:00:00,17.165,17.22,16.97,17.13,373467.0
8395,2022-09-16 14:00:00,17.13,17.335,17.125,17.275,340010.0
8396,2022-09-16 15:00:00,17.27,17.36,17.14,17.295,1045345.0
8397,2022-09-16 16:00:00,17.29,17.3,17.29,17.29,1005559.0
8398,2022-09-16 17:00:00,17.29,17.29,17.29,17.29,8900.0
8399,2022-09-19 07:00:00,17.21,17.21,17.21,17.21,515.0
8400,2022-09-19 08:00:00,16.91,17.12,16.91,17.12,2072.0
8401,2022-09-19 09:00:00,17.15,17.29,17.04,17.1116,177580.0
8402,2022-09-19 10:00:00,17.115,17.12,16.8,16.9,570175.0
8403,2022-09-19 11:00:00,16.905,16.94,16.66,16.67,528895.0
8404,2022-09-19 12:00:00,16.68,16.77,16.62,16.755,362657.0
8405,2022-09-19 13:00:00,16.7631,16.7631,16.59,16.595,283174.0
8406,2022-09-19 14:00:00,16.6,16.8,16.555,16.8,430616.0
8407,2022-09-19 15:00:00,16.805,17.04,16.8,17.03,1107242.0
8408,2022-09-19 16:00:00,17.03,17.03,17.03,17.03,25171.0
8409,2022-09-20 09:00:00,16.87,16.87,16.53,16.605,288990.0
8410,2022-09-20 10:00:00,16.585,16.745,16.48,16.61,343919.0
8411,2022-09-20 11:00:00,16.61,16.65,16.525,16.635,215558.0
8412,2022-09-20 12:00:00,16.635,16.68,16.47,16.5,428729.0
8413,2022-09-20 13:00:00,16.49,16.505,16.25,16.26,516167.0
8414,2022-09-20 14:00:00,16.26,16.33,16.12,16.235,490292.0
8415,2022-09-20 15:00:00,16.235,16.33,16.15,16.18,1091293.0
8416,2022-09-20 16:00:00,16.16,16.16,16.16,16.16,138548.0
8417,2022-09-20 17:00:00,16.16,16.25,16.16,16.25,965.0
8418,2022-09-21 05:00:00,16.17,16.21,16.17,16.21,500.0
8419,2022-09-21 06:00:00,16.01,16.1,16.01,16.1,600.0
8420,2022-09-21 08:00:00,16.23,16.23,16.22,16.22,269.0
8421,2022-09-21 09:00:00,16.26,16.5,16.2,16.495,465802.0
8422,2022-09-21 10:00:00,16.49,16.56,16.365,16.44,414175.0
8423,2022-09-21 11:00:00,16.435,16.46,16.3,16.37,255198.0
8424,2022-09-21 12:00:00,16.37,16.405,16.27,16.38,343287.0
8425,2022-09-21 13:00:00,16.38,16.65,16.37,16.6,628953.0
8426,2022-09-21 14:00:00,16.59,16.75,16.05,16.645,745293.0
8427,2022-09-21 15:00:00,16.67,16.74,15.98,16.0,1029431.0
8428,2022-09-21 16:00:00,16.01,16.01,16.01,16.01,29986.0
8429,2022-09-21 18:00:00,16.01,16.01,16.0,16.0,600.0
8430,2022-09-21 19:00:00,15.91,15.91,15.91,15.91,581.0
8431,2022-09-22 08:00:00,16.08,16.08,16.08,16.08,1003.0
8432,2022-09-22 09:00:00,15.83,16.0,15.66,15.72,319131.0
8433,2022-09-22 10:00:00,15.72,15.755,15.5009,15.505,581212.0
8434,2022-09-22 11:00:00,15.505,15.75,15.405,15.635,678483.0
8435,2022-09-22 12:00:00,15.635,15.77,15.58,15.71,400824.0
8436,2022-09-22 13:00:00,15.7,15.75,15.62,15.71,314843.0
8437,2022-09-22 14:00:00,15.71,15.745,15.6,15.665,340354.0
8438,2022-09-22 15:00:00,15.67,15.82,15.66,15.68,1368237.0
8439,2022-09-22 16:00:00,15.67,15.67,15.66,15.66,33723.0
8440,2022-09-22 17:00:00,16.0,16.0,16.0,16.0,125.0
8441,2022-09-23 08:00:00,15.44,15.79,15.3,15.3,7584.0
8442,2022-09-23 09:00:00,15.41,15.525,15.17,15.335,383736.0
8443,2022-09-23 10:00:00,15.33,15.56,15.285,15.315,593748.0
8444,2022-09-23 11:00:00,15.31,15.39,15.04,15.065,490523.0
8445,2022-09-23 12:00:00,15.06,15.07,14.915,15.025,810222.0
8446,2022-09-23 13:00:00,15.02,15.045,14.9,14.98,655565.0
8447,2022-09-23 14:00:00,14.97,15.045,14.875,14.905,347502.0
8448,2022-09-23 15:00:00,14.9,15.23,14.9,15.21,945077.0
8449,2022-09-23 16:00:00,15.2,15.2,14.92,15.16,56178.0
8450,2022-09-26 08:00:00,15.12,15.22,15.12,15.19,1978.0
8451,2022-09-26 09:00:00,15.19,15.49,14.995,15.06,234020.0
8452,2022-09-26 10:00:00,15.0601,15.075,14.725,14.78,728696.0
8453,2022-09-26 11:00:00,14.77,14.79,14.54,14.58,549722.0
8454,2022-09-26 12:00:00,14.57,14.57,14.35,14.435,462631.0
8455,2022-09-26 13:00:00,14.4301,14.46,14.28,14.35,579842.0
8456,2022-09-26 14:00:00,14.35,14.51,14.28,14.4,676432.0
8457,2022-09-26 15:00:00,14.41,14.49,14.24,14.27,1642119.0
8458,2022-09-26 16:00:00,14.27,14.38,14.22,14.38,43691.0
8459,2022-09-26 19:00:00,14.23,14.23,14.23,14.23,100.0
8460,2022-09-27 04:00:00,14.6,14.6,14.5,14.5,210.0
8461,2022-09-27 06:00:00,14.37,14.37,14.37,14.37,510.0
8462,2022-09-27 07:00:00,14.44,14.44,14.44,14.44,399.0
8463,2022-09-27 08:00:00,14.52,14.54,14.52,14.53,1571.0
8464,2022-09-27 09:00:00,14.53,14.82,14.445,14.59,320129.0
8465,2022-09-27 10:00:00,14.6,14.87,14.54,14.825,862117.0
8466,2022-09-27 11:00:00,14.82,14.835,14.42,14.42,1304742.0
8467,2022-09-27 12:00:00,14.4207,14.4207,14.15,14.23,473761.0
8468,2022-09-27 13:00:00,14.225,14.225,14.0,14.065,517224.0
8469,2022-09-27 14:00:00,14.06,14.19,13.94,14.16,794174.0
8470,2022-09-27 15:00:00,14.165,14.2,14.06,14.14,954280.0
8471,2022-09-27 16:00:00,14.13,14.19,14.13,14.19,36261.0
8472,2022-09-27 19:00:00,14.2,14.2,14.2,14.2,907.0
8473,2022-09-28 05:00:00,13.88,13.88,13.88,13.88,353.0
8474,2022-09-28 08:00:00,13.8802,14.23,13.8802,14.23,3040.0
8475,2022-09-28 09:00:00,14.2,14.59,14.16,14.59,256100.0
8476,2022-09-28 10:00:00,14.57,14.79,14.54,14.65,439283.0
8477,2022-09-28 11:00:00,14.61,14.78,14.535,14.647,753457.0
8478,2022-09-28 12:00:00,14.65,14.94,14.64,14.77,472050.0
8479,2022-09-28 13:00:00,14.77,14.97,14.7534,14.935,295485.0
8480,2022-09-28 14:00:00,14.94,15.07,14.83,14.85,419690.0
8481,2022-09-28 15:00:00,14.84,14.88,14.77,14.82,1040750.0
8482,2022-09-28 16:00:00,14.82,14.82,14.82,14.82,248384.0
8483,2022-09-28 17:00:00,14.87,14.87,14.87,14.87,150.0
8484,2022-09-28 18:00:00,14.82,14.82,14.82,14.82,200.0
8485,2022-09-29 08:00:00,14.52,14.52,14.49,14.49,1739.0
8486,2022-09-29 09:00:00,14.55,14.6,14.0,14.11,625346.0
8487,2022-09-29 10:00:00,14.11,14.22,14.02,14.165,416056.0
8488,2022-09-29 11:00:00,14.16,14.45,14.145,14.385,321975.0
8489,2022-09-29 12:00:00,14.38,14.385,14.215,14.265,277008.0
8490,2022-09-29 13:00:00,14.26,14.315,14.115,14.125,809046.0
8491,2022-09-29 14:00:00,14.12,14.26,14.1,14.125,778424.0
8492,2022-09-29 15:00:00,14.115,14.22,14.1,14.14,1543351.0
8493,2022-09-29 16:00:00,14.14,14.14,14.11,14.14,72690.0
8494,2022-09-29 18:00:00,14.14,14.15,14.14,14.15,725.0
8495,2022-09-30 08:00:00,14.16,14.17,14.16,14.17,1099.0
8496,2022-09-30 09:00:00,14.1,14.27,13.96,14.24,351526.0
8497,2022-09-30 10:00:00,14.22,14.47,14.13,14.285,524735.0
8498,2022-09-30 11:00:00,14.29,14.425,14.15,14.19,395890.0
8499,2022-09-30 12:00:00,14.18,14.18,14.005,14.15,384896.0
8500,2022-09-30 13:00:00,14.15,14.16,13.97,13.99,448422.0
8501,2022-09-30 14:00:00,13.98,14.03,13.88,13.89,400340.0
8502,2022-09-30 15:00:00,13.89,14.025,13.81,13.83,1313362.0
8503,2022-09-30 16:00:00,13.83,13.83,13.82,13.83,60854.0
8504,2022-09-30 17:00:00,13.88,13.95,13.88,13.9,6809.0
8505,2022-10-03 04:00:00,13.9,13.9,13.9,13.9,889.0
8506,2022-10-03 07:00:00,13.99,14.0,13.83,14.0,666.0
8507,2022-10-03 08:00:00,13.99,14.1,13.98,14.1,2672.0
8508,2022-10-03 09:00:00,14.14,14.27,13.89,14.11,338524.0
8509,2022-10-03 10:00:00,14.11,14.61,14.11,14.415,463832.0
8510,2022-10-03 11:00:00,14.415,14.555,14.34,14.41,265171.0
8511,2022-10-03 12:00:00,14.42,14.63,14.415,14.625,271213.0
8512,2022-10-03 13:00:00,14.63,14.755,14.63,14.635,285624.0
8513,2022-10-03 14:00:00,14.635,14.89,14.63,14.87,419226.0
8514,2022-10-03 15:00:00,14.875,14.885,14.76,14.78,973173.0
8515,2022-10-03 16:00:00,14.79,14.79,14.79,14.79,36764.0
8516,2022-10-03 18:00:00,14.94,14.95,14.73,14.74,3251.0
8517,2022-10-04 07:00:00,15.0,15.09,15.0,15.09,1757.0
8518,2022-10-04 08:00:00,14.99,15.22,14.99,15.2,3752.0
8519,2022-10-04 09:00:00,15.19,15.52,15.125,15.445,530017.0
8520,2022-10-04 10:00:00,15.45,15.62,15.34,15.58,508449.0
8521,2022-10-04 11:00:00,15.59,15.675,15.425,15.505,760980.0
8522,2022-10-04 12:00:00,15.505,15.52,15.355,15.375,418649.0
8523,2022-10-04 13:00:00,15.37,15.455,15.195,15.39,662174.0
8524,2022-10-04 14:00:00,15.395,15.41,15.305,15.3409,372288.0
8525,2022-10-04 15:00:00,15.344,15.425,15.25,15.38,1148427.0
8526,2022-10-04 16:00:00,15.4,15.65,15.4,15.65,72573.0
8527,2022-10-04 18:00:00,15.41,15.41,15.4,15.4,401.0
8528,2022-10-05 08:00:00,15.13,15.13,15.0,15.11,1427.0
8529,2022-10-05 09:00:00,15.05,15.11,14.57,14.79,686616.0
8530,2022-10-05 10:00:00,14.78,14.78,14.5,14.58,554525.0
8531,2022-10-05 11:00:00,14.575,14.66,14.5,14.61,365641.0
8532,2022-10-05 12:00:00,14.62,14.8,14.595,14.75,363811.0
8533,2022-10-05 13:00:00,14.75,14.95,14.745,14.835,416346.0
8534,2022-10-05 14:00:00,14.83,14.9225,14.83,14.91,356444.0
8535,2022-10-05 15:00:00,14.92,15.1698,14.92,15.06,1337644.0
8536,2022-10-05 16:00:00,15.04,15.04,15.03,15.03,61516.0
8537,2022-10-05 19:00:00,15.0,15.0,15.0,15.0,100.0
8538,2022-10-06 07:00:00,14.96,14.96,14.96,14.96,110.0
8539,2022-10-06 08:00:00,14.99,14.99,14.99,14.99,334.0
8540,2022-10-06 09:00:00,14.99,15.2993,14.89,14.91,342553.0
8541,2022-10-06 10:00:00,14.91,14.975,14.7,14.925,392345.0
8542,2022-10-06 11:00:00,14.925,14.99,14.84,14.865,285987.0
8543,2022-10-06 12:00:00,14.86,15.075,14.85,15.0,279155.0
8544,2022-10-06 13:00:00,15.01,15.135,15.01,15.11,236699.0
8545,2022-10-06 14:00:00,15.11,15.11,14.9,14.935,299749.0
8546,2022-10-06 15:00:00,14.93,14.98,14.825,14.91,954305.0
8547,2022-10-06 16:00:00,14.89,14.89,14.89,14.89,45518.0
8548,2022-10-07 08:00:00,14.91,14.91,14.67,14.67,3864.0
8549,2022-10-07 09:00:00,14.53,14.75,14.355,14.38,605277.0
8550,2022-10-07 10:00:00,14.37,14.495,14.205,14.37,525034.0
8551,2022-10-07 11:00:00,14.365,14.4,14.14,14.2096,544536.0
8552,2022-10-07 12:00:00,14.205,14.25,14.06,14.12,402766.0
8553,2022-10-07 13:00:00,14.12,14.195,14.05,14.115,425588.0
8554,2022-10-07 14:00:00,14.11,14.17,14.01,14.025,726190.0
8555,2022-10-07 15:00:00,14.025,14.135,13.99,14.06,1234323.0
8556,2022-10-07 16:00:00,14.06,14.06,14.06,14.06,236315.0
8557,2022-10-10 08:00:00,14.03,14.1,14.03,14.1,731.0
8558,2022-10-10 09:00:00,14.1,14.31,13.93,14.27,428195.0
8559,2022-10-10 10:00:00,14.27,14.42,14.125,14.185,497694.0
8560,2022-10-10 11:00:00,14.18,14.25,14.135,14.145,374542.0
8561,2022-10-10 12:00:00,14.14,14.155,13.96,14.0,359678.0
8562,2022-10-10 13:00:00,13.995,14.345,13.93,14.275,627458.0
8563,2022-10-10 14:00:00,14.275,14.295,14.165,14.19,400440.0
8564,2022-10-10 15:00:00,14.2,14.215,14.11,14.125,917651.0
8565,2022-10-10 16:00:00,14.12,14.16,14.12,14.14,53675.0
8566,2022-10-11 08:00:00,14.13,14.13,14.13,14.13,1000.0
8567,2022-10-11 09:00:00,14.11,14.11,13.43,13.46,416741.0
8568,2022-10-11 10:00:00,13.455,13.61,13.205,13.56,1522356.0
8569,2022-10-11 11:00:00,13.565,13.95,13.56,13.75,810365.0
8570,2022-10-11 12:00:00,13.75,13.75,13.53,13.61,588917.0
8571,2022-10-11 13:00:00,13.605,13.61,13.34,13.45,451093.0
8572,2022-10-11 14:00:00,13.45,13.62,13.33,13.335,518789.0
8573,2022-10-11 15:00:00,13.335,13.53,13.27,13.5,1553212.0
8574,2022-10-11 16:00:00,13.51,13.51,13.51,13.51,71492.0
8575,2022-10-12 08:00:00,13.56,13.56,13.5,13.54,7046.0
8576,2022-10-12 09:00:00,13.52,13.5898,13.14,13.37,523487.0
8577,2022-10-12 10:00:00,13.365,13.51,13.065,13.19,912975.0
8578,2022-10-12 11:00:00,13.19,13.47,13.185,13.44,578148.0
8579,2022-10-12 12:00:00,13.44,13.51,13.3,13.37,444153.0
8580,2022-10-12 13:00:00,13.37,13.405,13.2,13.22,339967.0
8581,2022-10-12 14:00:00,13.215,13.4,13.21,13.305,466050.0
8582,2022-10-12 15:00:00,13.305,13.46,13.29,13.32,1461435.0
8583,2022-10-12 16:00:00,13.32,13.4,13.32,13.4,157228.0
8584,2022-10-12 17:00:00,13.35,13.35,13.35,13.35,100.0
8585,2022-10-12 18:00:00,13.4,13.49,13.4,13.49,2833.0
8586,2022-10-12 19:00:00,13.5,13.5,13.5,13.5,201.0
8587,2022-10-13 04:00:00,13.62,13.62,13.62,13.62,230.0
8588,2022-10-13 07:00:00,13.42,13.42,13.39,13.39,365.0
8589,2022-10-13 08:00:00,13.82,13.82,12.96,12.96,16004.0
8590,2022-10-13 09:00:00,12.93,13.055,12.55,13.04,919014.0
8591,2022-10-13 10:00:00,13.055,13.17,12.66,12.8,1324210.0
8592,2022-10-13 11:00:00,12.81,13.44,12.785,13.3,1301053.0
8593,2022-10-13 12:00:00,13.3,13.375,13.06,13.18,1186262.0
8594,2022-10-13 13:00:00,13.19,13.48,13.185,13.34,1701362.0
8595,2022-10-13 14:00:00,13.335,13.48,13.3,13.445,1146450.0
8596,2022-10-13 15:00:00,13.45,13.51,13.41,13.43,2801880.0
8597,2022-10-13 16:00:00,13.44,13.44,13.44,13.44,48020.0
8598,2022-10-14 08:00:00,13.56,13.61,13.5,13.61,1053.0
8599,2022-10-14 09:00:00,13.69,13.84,13.43,13.54,848996.0
8600,2022-10-14 10:00:00,13.54,13.54,12.945,13.065,861924.0
8601,2022-10-14 11:00:00,13.07,13.21,13.01,13.01,655166.0
8602,2022-10-14 12:00:00,13.01,13.13,12.93,13.045,445429.0
8603,2022-10-14 13:00:00,13.05,13.095,12.98,13.08,799437.0
8604,2022-10-14 14:00:00,13.08,13.08,12.95,12.97,563230.0
8605,2022-10-14 15:00:00,12.97,13.0,12.89,12.96,2223817.0
8606,2022-10-14 16:00:00,12.96,12.96,12.95,12.95,52313.0
8607,2022-10-17 08:00:00,13.18,13.24,13.18,13.24,2704.0
8608,2022-10-17 09:00:00,13.17,13.71,13.16,13.485,721743.0
8609,2022-10-17 10:00:00,13.49,13.91,13.48,13.84,956726.0
8610,2022-10-17 11:00:00,13.84,14.11,13.815,14.07,614731.0
8611,2022-10-17 12:00:00,14.08,14.08,13.95,14.0,557948.0
8612,2022-10-17 13:00:00,13.995,14.15,13.965,14.13,575322.0
8613,2022-10-17 14:00:00,14.13,14.15,14.01,14.025,736111.0
8614,2022-10-17 15:00:00,14.025,14.03,13.88,13.91,1602414.0
8615,2022-10-17 16:00:00,13.91,13.91,13.91,13.91,148629.0
8616,2022-10-17 17:00:00,14.02,14.02,14.02,14.02,100.0
8617,2022-10-18 08:00:00,14.4,14.44,14.3,14.38,9809.0
8618,2022-10-18 09:00:00,14.35,14.65,14.3,14.45,375707.0
8619,2022-10-18 10:00:00,14.45,14.475,14.115,14.19,428588.0
8620,2022-10-18 11:00:00,14.18,14.24,13.905,13.97,522449.0
8621,2022-10-18 12:00:00,13.96,14.125,13.915,13.99,305036.0
8622,2022-10-18 13:00:00,14.0,14.08,13.8909,14.075,295725.0
8623,2022-10-18 14:00:00,14.075,14.155,13.975,14.05,329772.0
8624,2022-10-18 15:00:00,14.05,14.19,13.985,14.16,877927.0
8625,2022-10-18 16:00:00,14.15,14.15,14.15,14.15,58127.0
8626,2022-10-19 04:00:00,14.15,14.15,14.15,14.15,353.0
8627,2022-10-19 08:00:00,14.12,14.12,14.01,14.01,1433.0
8628,2022-10-19 09:00:00,13.97,14.32,13.84,13.89,198805.0
8629,2022-10-19 10:00:00,13.88,14.125,13.855,13.905,293141.0
8630,2022-10-19 11:00:00,13.9,13.93,13.79,13.7907,308360.0
8631,2022-10-19 12:00:00,13.795,13.825,13.63,13.645,271303.0
8632,2022-10-19 13:00:00,13.64,13.71,13.57,13.71,350434.0
8633,2022-10-19 14:00:00,13.72,13.82,13.68,13.7,250745.0
8634,2022-10-19 15:00:00,13.7,13.77,13.65,13.76,706245.0
8635,2022-10-19 16:00:00,13.75,13.75,13.54,13.54,102000.0
8636,2022-10-20 09:00:00,13.81,14.05,13.76,13.96,205387.0
8637,2022-10-20 10:00:00,13.95,14.24,13.95,14.19,357400.0
8638,2022-10-20 11:00:00,14.19,14.22,14.115,14.18,227733.0
8639,2022-10-20 12:00:00,14.18,14.2,13.91,13.945,318853.0
8640,2022-10-20 13:00:00,13.94,14.05,13.86,13.97,343983.0
8641,2022-10-20 14:00:00,13.965,13.99,13.835,13.91,376392.0
8642,2022-10-20 15:00:00,13.91,13.99,13.875,13.93,578662.0
8643,2022-10-20 16:00:00,13.93,13.93,13.66,13.66,32340.0
8644,2022-10-21 08:00:00,13.94,13.94,13.62,13.62,315.0
8645,2022-10-21 09:00:00,13.85,13.93,13.68,13.915,310204.0
8646,2022-10-21 10:00:00,13.92,14.08,13.565,13.67,663109.0
8647,2022-10-21 11:00:00,13.67,13.805,13.635,13.74,278134.0
8648,2022-10-21 12:00:00,13.75,13.89,13.72,13.83,414196.0
8649,2022-10-21 13:00:00,13.83,13.86,13.695,13.86,930285.0
8650,2022-10-21 14:00:00,13.86,13.97,13.79,13.9682,400226.0
8651,2022-10-21 15:00:00,13.965,14.125,13.96,14.09,1663282.0
8652,2022-10-21 16:00:00,14.1,14.1,14.1,14.1,54688.0
8653,2022-10-24 09:00:00,14.25,14.38,14.1,14.21,187913.0
8654,2022-10-24 10:00:00,14.23,14.23,13.98,14.1,586701.0
8655,2022-10-24 11:00:00,14.1,14.2,14.02,14.175,452292.0
8656,2022-10-24 12:00:00,14.17,14.285,14.165,14.2,206526.0
8657,2022-10-24 13:00:00,14.21,14.21,13.93,13.93,353210.0
8658,2022-10-24 14:00:00,13.93,14.03,13.93,14.02,304541.0
8659,2022-10-24 15:00:00,14.025,14.11,14.01,14.07,767061.0
8660,2022-10-24 16:00:00,14.07,14.07,14.07,14.07,23433.0
8661,2022-10-25 09:00:00,14.14,14.79,14.09,14.73,322506.0
8662,2022-10-25 10:00:00,14.75,14.9,14.57,14.685,684201.0
8663,2022-10-25 11:00:00,14.69,14.8975,14.685,14.86,337440.0
8664,2022-10-25 12:00:00,14.86,15.08,14.85,15.0,340965.0
8665,2022-10-25 13:00:00,15.0,15.045,14.785,14.835,423216.0
8666,2022-10-25 14:00:00,14.831,14.87,14.78,14.825,265775.0
8667,2022-10-25 15:00:00,14.82,14.97,14.805,14.94,1027460.0
8668,2022-10-25 16:00:00,14.95,14.95,14.75,14.75,74745.0
8669,2022-10-26 09:00:00,14.87,15.375,14.8691,15.04,263468.0
8670,2022-10-26 10:00:00,15.05,15.51,15.05,15.36,495450.0
8671,2022-10-26 11:00:00,15.38,15.635,15.38,15.495,434289.0
8672,2022-10-26 12:00:00,15.495,15.565,15.25,15.29,360724.0
8673,2022-10-26 13:00:00,15.285,15.35,15.205,15.33,288485.0
8674,2022-10-26 14:00:00,15.33,15.335,15.19,15.22,326398.0
8675,2022-10-26 15:00:00,15.215,15.22,15.08,15.09,1028014.0
8676,2022-10-26 16:00:00,15.09,15.1,15.09,15.1,42695.0
8677,2022-10-27 07:00:00,15.2,15.2,15.19,15.19,1364.0
8678,2022-10-27 09:00:00,15.37,15.47,15.15,15.24,253401.0
8679,2022-10-27 10:00:00,15.23,15.55,15.21,15.32,293741.0
8680,2022-10-27 11:00:00,15.31,15.435,15.27,15.3011,198830.0
8681,2022-10-27 12:00:00,15.3,15.5,15.285,15.495,247613.0
8682,2022-10-27 13:00:00,15.5,15.535,15.39,15.41,347371.0
8683,2022-10-27 14:00:00,15.405,15.42,15.26,15.28,270801.0
8684,2022-10-27 15:00:00,15.285,15.31,15.17,15.185,776244.0
8685,2022-10-27 16:00:00,15.19,15.26,15.19,15.2,56622.0
8686,2022-10-28 08:00:00,14.73,14.73,14.73,14.73,100.0
8687,2022-10-28 09:00:00,15.25,15.34,14.91,15.32,288935.0
8688,2022-10-28 10:00:00,15.33,15.37,15.06,15.305,446432.0
8689,2022-10-28 11:00:00,15.305,15.36,15.125,15.34,298294.0
8690,2022-10-28 12:00:00,15.345,15.475,15.27,15.455,214749.0
8691,2022-10-28 13:00:00,15.455,15.47,15.35,15.35,192445.0
8692,2022-10-28 14:00:00,15.355,15.4,15.22,15.395,726406.0
8693,2022-10-28 15:00:00,15.395,15.43,15.28,15.39,938275.0
8694,2022-10-28 16:00:00,15.4,15.62,15.4,15.62,43857.0
8695,2022-10-28 17:00:00,15.5,15.5,15.5,15.5,400.0
8696,2022-10-31 09:00:00,15.31,15.36,15.11,15.11,366412.0
8697,2022-10-31 10:00:00,15.1186,15.32,14.93,15.08,585032.0
8698,2022-10-31 11:00:00,15.085,15.18,15.01,15.05,344824.0
8699,2022-10-31 12:00:00,15.06,15.125,14.98,14.985,267348.0
8700,2022-10-31 13:00:00,14.985,15.12,14.95,15.105,284206.0
8701,2022-10-31 14:00:00,15.11,15.14,14.995,15.0,272975.0
8702,2022-10-31 15:00:00,15.0,15.005,14.88,14.89,1725935.0
8703,2022-10-31 16:00:00,14.91,14.95,14.91,14.95,156543.0
8704,2022-11-01 08:00:00,15.39,15.39,15.39,15.39,100.0
8705,2022-11-01 09:00:00,15.3,15.57,15.3,15.43,299779.0
8706,2022-11-01 10:00:00,15.43,15.44,14.955,15.005,507620.0
8707,2022-11-01 11:00:00,15.03,15.27,14.97,15.125,406253.0
8708,2022-11-01 12:00:00,15.125,15.22,15.04,15.215,235135.0
8709,2022-11-01 13:00:00,15.22,15.275,15.15,15.23,283271.0
8710,2022-11-01 14:00:00,15.24,15.245,15.135,15.2,383722.0
8711,2022-11-01 15:00:00,15.2,15.2,15.025,15.06,1166427.0
8712,2022-11-01 16:00:00,15.06,15.06,15.06,15.06,127058.0
8713,2022-11-02 09:00:00,14.89,15.82,14.28,15.34,568500.0
8714,2022-11-02 10:00:00,15.33,15.55,15.04,15.4737,634210.0
8715,2022-11-02 11:00:00,15.475,15.565,15.275,15.38,430970.0
8716,2022-11-02 12:00:00,15.38,15.4,14.83,15.02,451921.0
8717,2022-11-02 13:00:00,15.02,15.2,14.965,15.01,313915.0
8718,2022-11-02 14:00:00,15.03,15.42,14.895,14.99,530103.0
8719,2022-11-02 15:00:00,14.97,15.11,14.54,14.56,1259860.0
8720,2022-11-02 16:00:00,14.55,14.55,14.55,14.55,85547.0
8721,2022-11-02 17:00:00,14.56,14.56,14.56,14.56,150.0
8722,2022-11-03 05:00:00,14.6,14.6,14.6,14.6,200.0
8723,2022-11-03 07:00:00,14.32,14.32,14.14,14.14,2214.0
8724,2022-11-03 08:00:00,14.2,14.2,14.05,14.05,1485.0
8725,2022-11-03 09:00:00,14.2,14.41,13.94,13.9591,734078.0
8726,2022-11-03 10:00:00,13.96,14.1,13.4601,14.01,805280.0
8727,2022-11-03 11:00:00,14.01,14.025,13.735,13.76,478279.0
8728,2022-11-03 12:00:00,13.765,13.96,13.74,13.91,424766.0
8729,2022-11-03 13:00:00,13.91,13.915,13.78,13.79,404037.0
8730,2022-11-03 14:00:00,13.79,14.145,13.76,14.13,762347.0
8731,2022-11-03 15:00:00,14.14,14.16,13.67,13.72,3005510.0
8732,2022-11-03 16:00:00,13.72,13.77,13.72,13.77,75192.0
8733,2022-11-04 08:00:00,13.6,13.6,13.6,13.6,100.0
8734,2022-11-04 09:00:00,13.94,13.99,13.22,13.35,548660.0
8735,2022-11-04 10:00:00,13.345,13.71,13.34,13.63,1287217.0
8736,2022-11-04 11:00:00,13.635,13.76,13.26,13.285,1835349.0
8737,2022-11-04 12:00:00,13.28,13.425,13.2,13.235,534514.0
8738,2022-11-04 13:00:00,13.23,13.245,13.09,13.135,671916.0
8739,2022-11-04 14:00:00,13.135,13.34,13.08,13.3125,547291.0
8740,2022-11-04 15:00:00,13.31,13.36,13.205,13.35,1234404.0
8741,2022-11-04 16:00:00,13.35,13.63,13.35,13.63,86470.0
8742,2022-11-07 09:00:00,13.41,13.85,13.41,13.82,626508.0
8743,2022-11-07 10:00:00,13.82,14.3989,13.71,13.93,1335717.0
8744,2022-11-07 11:00:00,13.93,14.077,13.85,13.92,458749.0
8745,2022-11-07 12:00:00,13.915,13.92,13.795,13.88,384337.0
8746,2022-11-07 13:00:00,13.88,14.21,13.875,14.175,340193.0
8747,2022-11-07 14:00:00,14.175,14.65,14.17,14.575,1258025.0
8748,2022-11-07 15:00:00,14.58,14.73,14.4925,14.67,1859412.0
8749,2022-11-07 16:00:00,14.67,14.78,14.67,14.78,1507904.0
8750,2022-11-07 17:00:00,14.67,14.67,14.67,14.67,400.0
8751,2022-11-08 08:00:00,15.2,15.2,14.86,14.86,700.0
8752,2022-11-08 09:00:00,14.77,15.07,14.73,14.745,534920.0
8753,2022-11-08 10:00:00,14.74,15.26,14.69,15.25,856293.0
8754,2022-11-08 11:00:00,15.245,15.905,15.24,15.735,1478526.0
8755,2022-11-08 12:00:00,15.74,15.745,15.495,15.56,589336.0
8756,2022-11-08 13:00:00,15.56,15.6089,15.15,15.185,544218.0
8757,2022-11-08 14:00:00,15.18,15.23,14.955,15.16,608261.0
8758,2022-11-08 15:00:00,15.16,15.485,15.16,15.33,1689452.0
8759,2022-11-08 16:00:00,15.34,15.35,15.34,15.34,78062.0
8760,2022-11-08 17:00:00,15.41,15.41,15.04,15.04,550.0
8761,2022-11-08 18:00:00,15.38,15.38,15.31,15.31,241.0
8762,2022-11-08 19:00:00,15.4,15.42,15.4,15.42,200.0
8763,2022-11-09 05:00:00,15.44,15.44,15.44,15.44,250.0
8764,2022-11-09 07:00:00,15.04,15.04,15.01,15.01,200.0
8765,2022-11-09 09:00:00,15.05,15.07,14.58,14.71,400782.0
8766,2022-11-09 10:00:00,14.715,14.84,14.39,14.425,752127.0
8767,2022-11-09 11:00:00,14.42,14.63,14.405,14.54,362726.0
8768,2022-11-09 12:00:00,14.54,14.585,14.5,14.54,338529.0
8769,2022-11-09 13:00:00,14.54,14.575,14.2808,14.32,409060.0
8770,2022-11-09 14:00:00,14.32,14.39,14.24,14.275,408901.0
8771,2022-11-09 15:00:00,14.27,14.35,14.1,14.16,1181718.0
8772,2022-11-09 16:00:00,14.15,14.72,14.15,14.25,35828.0
8773,2022-11-10 08:00:00,14.55,14.55,14.48,14.55,4033.0
8774,2022-11-10 09:00:00,15.014,15.62,14.66,15.6,806493.0
8775,2022-11-10 10:00:00,15.61,15.89,15.49,15.67,982398.0
8776,2022-11-10 11:00:00,15.675,16.09,15.67,16.09,828220.0
8777,2022-11-10 12:00:00,16.09,16.11,15.895,15.905,685673.0
8778,2022-11-10 13:00:00,15.92,16.1,15.895,15.994,579244.0
8779,2022-11-10 14:00:00,15.99,16.005,15.88,15.995,483311.0
8780,2022-11-10 15:00:00,15.99,16.12,15.95,16.05,1587639.0
8781,2022-11-10 16:00:00,16.06,16.1,16.06,16.06,55941.0
8782,2022-11-10 17:00:00,16.06,16.48,16.06,16.06,901.0
8783,2022-11-11 08:00:00,16.1,16.1,16.1,16.1,357.0
8784,2022-11-11 09:00:00,16.12,16.33,15.91,15.97,392505.0
8785,2022-11-11 10:00:00,15.97,16.505,15.9,16.46,558775.0
8786,2022-11-11 11:00:00,16.47,16.6,16.335,16.595,440478.0
8787,2022-11-11 12:00:00,16.59,16.87,16.525,16.865,401487.0
8788,2022-11-11 13:00:00,16.86,16.94,16.76,16.87,430852.0
8789,2022-11-11 14:00:00,16.875,17.16,16.835,17.15,443174.0
8790,2022-11-11 15:00:00,17.15,17.15,16.92,16.98,1391862.0
8791,2022-11-11 16:00:00,17.0,17.15,17.0,17.05,36855.0
8792,2022-11-11 18:00:00,17.1,17.1,17.1,17.1,100.0
8793,2022-11-14 08:00:00,16.9,16.9,16.9,16.9,499.0
8794,2022-11-14 09:00:00,16.72,16.83,16.4,16.61,447332.0
8795,2022-11-14 10:00:00,16.62,16.795,16.53,16.64,584565.0
8796,2022-11-14 11:00:00,16.65,16.78,16.465,16.735,713451.0
8797,2022-11-14 12:00:00,16.735,16.78,16.545,16.565,351187.0
8798,2022-11-14 13:00:00,16.56,16.795,16.475,16.795,342452.0
8799,2022-11-14 14:00:00,16.795,16.7992,16.675,16.695,397356.0
8800,2022-11-14 15:00:00,16.695,16.74,16.44,16.49,1066304.0
8801,2022-11-14 16:00:00,16.49,16.93,16.49,16.93,81186.0
8802,2022-11-15 08:00:00,16.55,16.55,16.55,16.55,120.0
8803,2022-11-15 09:00:00,17.01,17.49,16.627,16.97,584332.0
8804,2022-11-15 10:00:00,16.975,17.11,16.63,16.63,632594.0
8805,2022-11-15 11:00:00,16.625,16.715,16.485,16.585,394037.0
8806,2022-11-15 12:00:00,16.585,16.585,16.31,16.34,435203.0
8807,2022-11-15 13:00:00,16.335,16.38,16.0,16.05,542916.0
8808,2022-11-15 14:00:00,16.045,16.24,15.92,16.135,519563.0
8809,2022-11-15 15:00:00,16.13,16.19,15.95,16.04,1298630.0
8810,2022-11-15 16:00:00,16.04,16.04,15.91,15.91,133419.0
8811,2022-11-15 18:00:00,15.92,15.92,15.91,15.91,300.0
8812,2022-11-15 19:00:00,15.92,15.92,15.9,15.9,2550.0
8813,2022-11-16 09:00:00,16.0,16.07,15.735,16.02,246181.0
8814,2022-11-16 10:00:00,16.01,16.0899,15.5995,15.655,319417.0
8815,2022-11-16 11:00:00,15.65,15.9,15.645,15.78,215556.0
8816,2022-11-16 12:00:00,15.77,15.79,15.635,15.74,219525.0
8817,2022-11-16 13:00:00,15.74,15.77,15.5892,15.595,202395.0
8818,2022-11-16 14:00:00,15.595,15.64,15.5,15.6,310915.0
8819,2022-11-16 15:00:00,15.6,15.75,15.52,15.725,749981.0
8820,2022-11-16 16:00:00,15.72,15.76,15.72,15.72,34485.0
8821,2022-11-17 09:00:00,15.24,15.24,14.95,14.95,373537.0
8822,2022-11-17 10:00:00,14.955,15.18,14.94,15.035,491546.0
8823,2022-11-17 11:00:00,15.035,15.195,15.025,15.193,305910.0
8824,2022-11-17 12:00:00,15.195,15.3,15.095,15.3,351768.0
8825,2022-11-17 13:00:00,15.29,15.395,15.25,15.345,243860.0
8826,2022-11-17 14:00:00,15.345,15.4,15.24,15.37,245568.0
8827,2022-11-17 15:00:00,15.38,15.41,15.32,15.4,881433.0
8828,2022-11-17 16:00:00,15.39,15.45,15.39,15.45,69297.0
8829,2022-11-18 08:00:00,15.6899,15.6899,15.54,15.54,659.0
8830,2022-11-18 09:00:00,15.6,15.73,15.45,15.56,182054.0
8831,2022-11-18 10:00:00,15.555,15.57,15.305,15.3421,237753.0
8832,2022-11-18 11:00:00,15.35,15.4187,15.26,15.32,289154.0
8833,2022-11-18 12:00:00,15.32,15.35,15.19,15.275,221256.0
8834,2022-11-18 13:00:00,15.27,15.295,15.18,15.24,207029.0
8835,2022-11-18 14:00:00,15.24,15.295,15.215,15.265,249750.0
8836,2022-11-18 15:00:00,15.265,15.29,15.18,15.24,923452.0
8837,2022-11-18 16:00:00,15.23,15.23,15.23,15.23,26635.0
8838,2022-11-21 09:00:00,15.23,15.33,15.06,15.06,157603.0
8839,2022-11-21 10:00:00,15.065,15.07,14.745,14.86,395773.0
8840,2022-11-21 11:00:00,14.86,14.99,14.7,14.73,325251.0
8841,2022-11-21 12:00:00,14.73,14.79,14.61,14.63,304617.0
8842,2022-11-21 13:00:00,14.64,14.735,14.63,14.6809,210203.0
8843,2022-11-21 14:00:00,14.685,14.76,14.685,14.73,197171.0
8844,2022-11-21 15:00:00,14.74,14.92,14.73,14.86,668218.0
8845,2022-11-21 16:00:00,14.85,14.85,14.67,14.67,73485.0
8846,2022-11-22 09:00:00,14.9,14.9,14.64,14.8,209622.0
8847,2022-11-22 10:00:00,14.795,15.12,14.79,15.11,399873.0
8848,2022-11-22 11:00:00,15.115,15.12,14.97,15.075,346002.0
8849,2022-11-22 12:00:00,15.07,15.14,15.055,15.11,171548.0
8850,2022-11-22 13:00:00,15.12,15.3799,15.1,15.295,285928.0
8851,2022-11-22 14:00:00,15.295,15.31,15.21,15.235,265682.0
8852,2022-11-22 15:00:00,15.23,15.52,15.23,15.475,829366.0
8853,2022-11-22 16:00:00,15.48,15.48,15.48,15.48,61217.0
8854,2022-11-23 09:00:00,15.49,15.65,15.37,15.54,228744.0
8855,2022-11-23 10:00:00,15.57,15.86,15.46,15.785,428380.0
8856,2022-11-23 11:00:00,15.79,15.815,15.59,15.625,200853.0
8857,2022-11-23 12:00:00,15.63,15.805,15.595,15.63,193155.0
8858,2022-11-23 13:00:00,15.62,15.725,15.59,15.71,241811.0
8859,2022-11-23 14:00:00,15.715,15.86,15.6642,15.83,220461.0
8860,2022-11-23 15:00:00,15.82,15.94,15.805,15.89,531991.0
8861,2022-11-23 16:00:00,15.89,15.89,15.85,15.85,27614.0
8862,2022-11-25 09:00:00,15.89,16.02,15.82,15.905,84775.0
8863,2022-11-25 10:00:00,15.905,15.96,15.84,15.925,148582.0
8864,2022-11-25 11:00:00,15.925,16.075,15.91,16.065,143327.0
8865,2022-11-25 12:00:00,16.065,16.095,15.92,16.01,495025.0
8866,2022-11-25 13:00:00,16.0,16.0,16.0,16.0,10158.0
8867,2022-11-28 09:00:00,15.65,15.93,15.51,15.77,160031.0
8868,2022-11-28 10:00:00,15.765,15.765,15.595,15.65,316168.0
8869,2022-11-28 11:00:00,15.65,15.695,15.605,15.6809,215023.0
8870,2022-11-28 12:00:00,15.685,15.7,15.555,15.565,245571.0
8871,2022-11-28 13:00:00,15.56,15.63,15.55,15.585,180829.0
8872,2022-11-28 14:00:00,15.585,15.62,15.54,15.57,214502.0
8873,2022-11-28 15:00:00,15.565,15.61,15.525,15.599,715743.0
8874,2022-11-28 16:00:00,15.58,15.58,15.55,15.55,71830.0
8875,2022-11-29 06:00:00,15.58,15.58,15.58,15.58,100.0
8876,2022-11-29 09:00:00,15.64,15.75,15.45,15.74,102283.0
8877,2022-11-29 10:00:00,15.7393,15.83,15.58,15.76,215847.0
8878,2022-11-29 11:00:00,15.75,15.78,15.5,15.57,309209.0
8879,2022-11-29 12:00:00,15.57,15.685,15.55,15.605,134150.0
8880,2022-11-29 13:00:00,15.61,15.645,15.55,15.63,156516.0
8881,2022-11-29 14:00:00,15.64,15.69,15.6,15.65,192118.0
8882,2022-11-29 15:00:00,15.655,15.755,15.64,15.675,544864.0
8883,2022-11-29 16:00:00,15.68,15.68,15.68,15.68,45543.0
8884,2022-11-30 09:00:00,15.8,15.8,15.37,15.505,219221.0
8885,2022-11-30 10:00:00,15.51,15.59,15.38,15.405,339208.0
8886,2022-11-30 11:00:00,15.42,15.67,15.42,15.625,296930.0
8887,2022-11-30 12:00:00,15.63,15.63,15.49,15.555,216432.0
8888,2022-11-30 13:00:00,15.55,15.802,15.42,15.79,477923.0
8889,2022-11-30 14:00:00,15.79,16.09,15.79,15.89,520911.0
8890,2022-11-30 15:00:00,15.88,16.13,15.88,16.07,1110689.0
8891,2022-11-30 16:00:00,16.05,16.05,16.05,16.05,189160.0
8892,2022-12-01 09:00:00,16.01,16.3,15.91,15.91,483142.0
8893,2022-12-01 10:00:00,15.92,16.01,15.64,15.86,356293.0
8894,2022-12-01 11:00:00,15.87,15.93,15.77,15.87,249552.0
8895,2022-12-01 12:00:00,15.87,15.87,15.69,15.725,213210.0
8896,2022-12-01 13:00:00,15.73,15.77,15.62,15.695,281692.0
8897,2022-12-01 14:00:00,15.7,15.7,15.58,15.625,423862.0
8898,2022-12-01 15:00:00,15.63,15.645,15.56,15.6,918493.0
8899,2022-12-01 16:00:00,15.59,15.59,15.59,15.59,155239.0
8900,2022-12-02 08:00:00,15.44,15.44,15.28,15.29,1385.0
8901,2022-12-02 09:00:00,15.3,15.535,15.19,15.4,313320.0
8902,2022-12-02 10:00:00,15.4,15.66,15.34,15.61,454841.0
8903,2022-12-02 11:00:00,15.61,15.75,15.5561,15.68,328693.0
8904,2022-12-02 12:00:00,15.68,15.73,15.58,15.585,285955.0
8905,2022-12-02 13:00:00,15.59,15.605,15.495,15.5,326316.0
8906,2022-12-02 14:00:00,15.505,15.615,15.47,15.6,208612.0
8907,2022-12-02 15:00:00,15.605,15.635,15.51,15.57,856059.0
8908,2022-12-02 16:00:00,15.56,15.56,15.56,15.56,42143.0
8909,2022-12-05 08:00:00,15.55,15.56,15.55,15.56,350.0
8910,2022-12-05 09:00:00,15.37,15.495,15.18,15.41,211666.0
8911,2022-12-05 10:00:00,15.4,15.41,15.14,15.155,309357.0
8912,2022-12-05 11:00:00,15.155,15.21,15.035,15.04,354458.0
8913,2022-12-05 12:00:00,15.04,15.04,14.77,14.795,452243.0
8914,2022-12-05 13:00:00,14.795,14.835,14.625,14.63,328264.0
8915,2022-12-05 14:00:00,14.635,14.665,14.525,14.54,337609.0
8916,2022-12-05 15:00:00,14.535,14.55,14.365,14.48,1330194.0
8917,2022-12-05 16:00:00,14.47,14.47,14.47,14.47,70201.0
8918,2022-12-05 17:00:00,14.47,14.47,14.47,14.47,1550.0
8919,2022-12-06 08:00:00,14.89,14.89,14.89,14.89,150.0
8920,2022-12-06 09:00:00,14.43,14.43,14.17,14.18,299774.0
8921,2022-12-06 10:00:00,14.175,14.28,13.96,13.9694,466957.0
8922,2022-12-06 11:00:00,13.97,14.23,13.945,14.15,422215.0
8923,2022-12-06 12:00:00,14.155,14.365,14.15,14.31,437875.0
8924,2022-12-06 13:00:00,14.3112,14.36,14.23,14.255,282225.0
8925,2022-12-06 14:00:00,14.255,14.395,14.2,14.36,412069.0
8926,2022-12-06 15:00:00,14.37,14.47,14.365,14.44,924832.0
8927,2022-12-06 16:00:00,14.45,14.45,14.42,14.45,119982.0
8928,2022-12-07 07:00:00,14.35,14.35,14.35,14.35,854.0
8929,2022-12-07 08:00:00,14.0656,14.52,14.0,14.0,925.0
8930,2022-12-07 09:00:00,14.3,14.47,14.135,14.145,203516.0
8931,2022-12-07 10:00:00,14.15,14.54,14.065,14.46,428707.0
8932,2022-12-07 11:00:00,14.465,14.58,14.36,14.525,321768.0
8933,2022-12-07 12:00:00,14.525,14.76,14.485,14.758,443561.0
8934,2022-12-07 13:00:00,14.76,14.82,14.51,14.51,389291.0
8935,2022-12-07 14:00:00,14.51,14.53,14.41,14.477,229343.0
8936,2022-12-07 15:00:00,14.47,14.57,14.44,14.45,626928.0
8937,2022-12-07 16:00:00,14.45,14.45,14.45,14.45,113847.0
8938,2022-12-07 17:00:00,14.45,14.45,14.45,14.45,150.0
8939,2022-12-08 08:00:00,14.66,14.66,14.66,14.66,100.0
8940,2022-12-08 09:00:00,14.54,14.798,14.4,14.798,246437.0
8941,2022-12-08 10:00:00,14.8,14.88,14.7412,14.77,296959.0
8942,2022-12-08 11:00:00,14.77,14.8,14.61,14.725,230596.0
8943,2022-12-08 12:00:00,14.725,14.74,14.645,14.72,221455.0
8944,2022-12-08 13:00:00,14.72,14.78,14.63,14.73,250987.0
8945,2022-12-08 14:00:00,14.72,14.73,14.59,14.675,316405.0
8946,2022-12-08 15:00:00,14.675,14.74,14.585,14.62,550898.0
8947,2022-12-08 16:00:00,14.62,14.62,14.62,14.62,60527.0
8948,2022-12-09 09:00:00,14.52,14.85,14.35,14.745,220991.0
8949,2022-12-09 10:00:00,14.75,14.96,14.67,14.815,613406.0
8950,2022-12-09 11:00:00,14.82,14.91,14.735,14.835,239886.0
8951,2022-12-09 12:00:00,14.83,14.87,14.765,14.765,169121.0
8952,2022-12-09 13:00:00,14.76,14.775,14.7114,14.7428,188911.0
8953,2022-12-09 14:00:00,14.74,14.795,14.695,14.775,197268.0
8954,2022-12-09 15:00:00,14.78,14.805,14.71,14.74,637963.0
8955,2022-12-09 16:00:00,14.74,14.75,14.74,14.74,50480.0
8956,2022-12-12 09:00:00,14.8,14.935,14.66,14.9201,379032.0
8957,2022-12-12 10:00:00,14.93,15.255,14.78,15.19,638035.0
8958,2022-12-12 11:00:00,15.2,15.45,15.18,15.39,572958.0
8959,2022-12-12 12:00:00,15.39,15.4,15.28,15.365,404819.0
8960,2022-12-12 13:00:00,15.36,15.36,15.17,15.255,434034.0
8961,2022-12-12 14:00:00,15.26,15.27,15.163,15.245,494752.0
8962,2022-12-12 15:00:00,15.245,15.4,15.24,15.39,1265101.0
8963,2022-12-12 16:00:00,15.4,15.4,15.182812,15.182812,46478.0
8964,2022-12-13 08:00:00,15.99,15.99,15.8,15.8,382.0
8965,2022-12-13 09:00:00,16.22,16.45,16.14,16.275,770143.0
8966,2022-12-13 10:00:00,16.28,16.405,16.1,16.16,1417972.0
8967,2022-12-13 11:00:00,16.16,16.375,16.025,16.05,1219305.0
8968,2022-12-13 12:00:00,16.05,16.175,15.81,16.0,942018.0
8969,2022-12-13 13:00:00,15.995,16.115,15.95,16.04,838150.0
8970,2022-12-13 14:00:00,16.035,16.235,16.035,16.165,1388809.0
8971,2022-12-13 15:00:00,16.165,16.29,16.06,16.15,1905369.0
8972,2022-12-13 16:00:00,16.15,16.15,16.15,16.15,46459.0
8973,2022-12-13 19:00:00,16.14,16.14,16.14,16.14,100.0
8974,2022-12-14 07:00:00,16.03,16.03,15.96,16.01,3619.0
8975,2022-12-14 08:00:00,15.98,15.99,15.91,15.91,1625.0
8976,2022-12-14 09:00:00,15.68,16.03,15.47,16.0,371484.0
8977,2022-12-14 10:00:00,16.01,16.39,15.96,16.38,757934.0
8978,2022-12-14 11:00:00,16.38,16.44,16.21,16.24,410187.0
8979,2022-12-14 12:00:00,16.24,16.25,16.14,16.155,309487.0
8980,2022-12-14 13:00:00,16.155,16.44,16.155,16.31,399059.0
8981,2022-12-14 14:00:00,16.31,16.31,15.73,15.922,750205.0
8982,2022-12-14 15:00:00,15.92,16.18,15.715,15.735,1396958.0
8983,2022-12-14 16:00:00,15.74,15.74,15.5,15.74,86302.0
8984,2022-12-15 09:00:00,15.74,15.74,15.22,15.315,478374.0
8985,2022-12-15 10:00:00,15.315,15.345,15.01,15.2,562310.0
8986,2022-12-15 11:00:00,15.2,15.26,15.015,15.07,675048.0
8987,2022-12-15 12:00:00,15.08,15.15,14.97,14.975,406905.0
8988,2022-12-15 13:00:00,14.97,15.05,14.905,15.05,523632.0
8989,2022-12-15 14:00:00,15.045,15.115,14.86,15.01,426675.0
8990,2022-12-15 15:00:00,15.01,15.05,14.835,14.86,1195418.0
8991,2022-12-15 16:00:00,14.86,15.21,14.86,15.21,180684.0
8992,2022-12-16 04:00:00,14.82,14.82,14.82,14.82,260.0
8993,2022-12-16 09:00:00,15.19,15.19,14.56,14.685,570120.0
8994,2022-12-16 10:00:00,14.68,14.68,14.39,14.49,482326.0
8995,2022-12-16 11:00:00,14.5,14.595,14.38,14.415,403439.0
8996,2022-12-16 12:00:00,14.415,14.465,14.265,14.3,381530.0
8997,2022-12-16 13:00:00,14.295,14.44,14.285,14.36,411897.0
8998,2022-12-16 14:00:00,14.365,14.415,14.3,14.365,467151.0
8999,2022-12-16 15:00:00,14.365,14.53,14.07,14.4,2693516.0
9000,2022-12-16 16:00:00,14.41,14.49,14.36,14.41,5998797.0
9001,2022-12-19 08:00:00,14.45,14.45,14.45,14.45,1580.0
9002,2022-12-19 09:00:00,14.43,14.43,14.135,14.195,241158.0
9003,2022-12-19 10:00:00,14.195,14.35,14.14,14.155,439893.0
9004,2022-12-19 11:00:00,14.155,14.175,14.02,14.085,539695.0
9005,2022-12-19 12:00:00,14.08,14.1,13.95,13.98,501447.0
9006,2022-12-19 13:00:00,13.9832,14.02,13.805,13.805,483392.0
9007,2022-12-19 14:00:00,13.805,13.82,13.69,13.75,519797.0
9008,2022-12-19 15:00:00,13.755,13.89,13.74,13.87,2400646.0
9009,2022-12-19 16:00:00,13.87,13.89,13.87,13.89,88509.0
9010,2022-12-20 09:00:00,13.86,13.895,13.67,13.87,271219.0
9011,2022-12-20 10:00:00,13.865,14.19,13.86,13.995,454719.0
9012,2022-12-20 11:00:00,13.995,14.07,13.78,13.87,513345.0
9013,2022-12-20 12:00:00,13.875,13.965,13.84,13.945,334812.0
9014,2022-12-20 13:00:00,13.95,13.955,13.83,13.86,358957.0
9015,2022-12-20 14:00:00,13.865,13.87,13.75,13.765,370068.0
9016,2022-12-20 15:00:00,13.76,13.89,13.75,13.8,1048641.0
9017,2022-12-20 16:00:00,13.82,13.82,13.82,13.82,58450.0
9018,2022-12-21 07:00:00,13.85,13.85,13.85,13.85,685.0
9019,2022-12-21 08:00:00,14.14,14.14,14.14,14.14,100.0
9020,2022-12-21 09:00:00,13.98,14.195,13.87,14.0,245031.0
9021,2022-12-21 10:00:00,14.01,14.1399,13.99,14.03,568226.0
9022,2022-12-21 11:00:00,14.03,14.12,13.75,13.83,949234.0
9023,2022-12-21 12:00:00,13.825,13.84,13.605,13.685,500250.0
9024,2022-12-21 13:00:00,13.68,13.79,13.65,13.69,482863.0
9025,2022-12-21 14:00:00,13.69,13.88,13.685,13.83,630817.0
9026,2022-12-21 15:00:00,13.84,13.915,13.81,13.91,996491.0
9027,2022-12-21 16:00:00,13.92,13.96,13.92,13.96,101675.0
9028,2022-12-22 08:00:00,13.82,13.82,13.75,13.75,11176.0
9029,2022-12-22 09:00:00,13.7,13.7,13.3,13.68,385772.0
9030,2022-12-22 10:00:00,13.67,13.85,13.565,13.715,619657.0
9031,2022-12-22 11:00:00,13.71,13.845,13.67,13.78,779830.0
9032,2022-12-22 12:00:00,13.78,13.8221,13.58,13.81,1635729.0
9033,2022-12-22 13:00:00,13.81,13.81,13.605,13.65,319392.0
9034,2022-12-22 14:00:00,13.66,13.855,13.63,13.855,447062.0
9035,2022-12-22 15:00:00,13.86,14.18,13.84,14.13,1373244.0
9036,2022-12-22 16:00:00,14.14,14.14,13.95,13.95,56965.0
9037,2022-12-23 08:00:00,14.25,14.25,14.15,14.15,558.0
9038,2022-12-23 09:00:00,14.1,14.4,13.9301,13.96,272085.0
9039,2022-12-23 10:00:00,13.99,14.3,13.98,14.175,337571.0
9040,2022-12-23 11:00:00,14.17,14.24,14.09,14.175,285611.0
9041,2022-12-23 12:00:00,14.17,14.235,14.1421,14.175,216447.0
9042,2022-12-23 13:00:00,14.18,14.265,14.165,14.235,186996.0
9043,2022-12-23 14:00:00,14.24,14.35,14.21,14.315,258670.0
9044,2022-12-23 15:00:00,14.315,14.47,14.295,14.45,768893.0
9045,2022-12-23 16:00:00,14.46,14.46,14.46,14.46,42227.0
9046,2022-12-27 04:00:00,14.46,14.46,14.46,14.46,150.0
9047,2022-12-27 07:00:00,14.48,14.48,14.48,14.48,292.0
9048,2022-12-27 09:00:00,14.39,14.43,14.06,14.11,184897.0
9049,2022-12-27 10:00:00,14.1,14.375,14.06,14.295,275029.0
9050,2022-12-27 11:00:00,14.29,14.34,14.24,14.24,200982.0
9051,2022-12-27 12:00:00,14.245,14.31,14.2,14.23,186817.0
9052,2022-12-27 13:00:00,14.225,14.265,14.095,14.11,248772.0
9053,2022-12-27 14:00:00,14.105,14.25,14.102,14.205,293217.0
9054,2022-12-27 15:00:00,14.205,14.25,14.18,14.195,603923.0
9055,2022-12-27 16:00:00,14.2,14.2,14.2,14.2,42635.0
9056,2022-12-27 18:00:00,14.46,14.46,14.45,14.45,280.0
9057,2022-12-27 19:00:00,14.3,14.3,14.3,14.3,100.0
9058,2022-12-28 08:00:00,14.17,14.17,14.17,14.17,128.0
9059,2022-12-28 09:00:00,14.17,14.34,14.125,14.2,262858.0
9060,2022-12-28 10:00:00,14.21,14.24,13.92,13.93,437522.0
9061,2022-12-28 11:00:00,13.935,13.97,13.745,13.745,317696.0
9062,2022-12-28 12:00:00,13.75,13.785,13.66,13.785,265675.0
9063,2022-12-28 13:00:00,13.78,13.85,13.635,13.6401,248353.0
9064,2022-12-28 14:00:00,13.645,13.685,13.575,13.615,361366.0
9065,2022-12-28 15:00:00,13.615,13.63,13.49,13.49,903272.0
9066,2022-12-28 16:00:00,13.5,13.53,13.5,13.53,61442.0
9067,2022-12-28 19:00:00,13.49,13.49,13.49,13.49,209.0
9068,2022-12-29 07:00:00,13.67,13.67,13.67,13.67,115.0
9069,2022-12-29 08:00:00,13.52,13.97,13.52,13.97,1693.0
9070,2022-12-29 09:00:00,13.76,13.85,13.593,13.81,255586.0
9071,2022-12-29 10:00:00,13.82,14.13,13.77,14.07,607762.0
9072,2022-12-29 11:00:00,14.078,14.2,14.04,14.11,354808.0
9073,2022-12-29 12:00:00,14.115,14.195,14.0,14.05,317107.0
9074,2022-12-29 13:00:00,14.04,14.1,13.995,14.04,470206.0
9075,2022-12-29 14:00:00,14.035,14.09,14.03,14.06,264350.0
9076,2022-12-29 15:00:00,14.05,14.19,14.05,14.12,781285.0
9077,2022-12-29 16:00:00,14.12,14.12,14.1,14.1,59903.0
9078,2022-12-30 08:00:00,14.08,14.09,14.08,14.09,2014.0
9079,2022-12-30 09:00:00,13.95,14.08,13.78,13.965,174996.0
9080,2022-12-30 10:00:00,13.96,14.0,13.86,13.99,261208.0
9081,2022-12-30 11:00:00,13.98,14.07,13.95,13.995,269470.0
9082,2022-12-30 12:00:00,14.0,14.045,13.925,14.035,197500.0
9083,2022-12-30 13:00:00,14.038,14.0484,13.885,13.93,228093.0
9084,2022-12-30 14:00:00,13.925,13.94,13.82,13.82,242158.0
9085,2022-12-30 15:00:00,13.82,14.09,13.82,14.03,949227.0
9086,2022-12-30 16:00:00,14.04,14.04,14.04,14.04,109559.0
9087,2022-12-30 17:00:00,14.0,14.0,14.0,14.0,3010.0
9088,2023-01-03 05:00:00,14.15,14.15,14.15,14.15,100.0
9089,2023-01-03 06:00:00,14.14,14.14,14.14,14.14,380.0
9090,2023-01-03 08:00:00,14.2,14.2,14.06,14.06,1312.0
9091,2023-01-03 09:00:00,14.2,14.68,14.2,14.305,447228.0
9092,2023-01-03 10:00:00,14.31,14.41,14.16,14.4,414132.0
9093,2023-01-03 11:00:00,14.4,14.41,14.16,14.16,430838.0
9094,2023-01-03 12:00:00,14.16,14.165,13.92,13.98,390023.0
9095,2023-01-03 13:00:00,13.98,14.125,13.93,14.095,460534.0
9096,2023-01-03 14:00:00,14.095,14.185,14.015,14.095,375794.0
9097,2023-01-03 15:00:00,14.105,14.205,14.07,14.095,1072431.0
9098,2023-01-03 16:00:00,14.1,14.1,14.1,14.1,119951.0
9099,2023-01-04 09:00:00,14.42,14.56,14.23,14.47,327128.0
9100,2023-01-04 10:00:00,14.46,14.55,14.24,14.475,461226.0
9101,2023-01-04 11:00:00,14.48,14.715,14.455,14.62,466025.0
9102,2023-01-04 12:00:00,14.625,14.87,14.58,14.66,736001.0
9103,2023-01-04 13:00:00,14.66,14.665,14.4675,14.47,779552.0
9104,2023-01-04 14:00:00,14.48,14.695,14.4,14.695,657903.0
9105,2023-01-04 15:00:00,14.695,14.84,14.64,14.81,1474263.0
9106,2023-01-04 16:00:00,14.82,15.0,14.82,15.0,204361.0
9107,2023-01-04 18:00:00,14.82,14.82,14.82,14.82,1268.0
9108,2023-01-04 19:00:00,14.82,14.82,14.82,14.82,100.0
9109,2023-01-05 08:00:00,14.88,14.95,14.82,14.82,4285.0
9110,2023-01-05 09:00:00,14.78,14.83,14.44,14.5,257687.0
9111,2023-01-05 10:00:00,14.5,14.62,14.43,14.55,395664.0
9112,2023-01-05 11:00:00,14.55,14.79,14.535,14.7,220334.0
9113,2023-01-05 12:00:00,14.7,14.765,14.64,14.655,229493.0
9114,2023-01-05 13:00:00,14.65,14.86,14.59,14.82,491450.0
9115,2023-01-05 14:00:00,14.82,14.99,14.805,14.955,225057.0
9116,2023-01-05 15:00:00,14.94,15.045,14.92,15.01,965716.0
9117,2023-01-05 16:00:00,15.02,15.02,15.02,15.02,74238.0
9118,2023-01-05 18:00:00,15.02,15.18,15.02,15.18,465.0
9119,2023-01-05 19:00:00,15.17,15.17,15.17,15.17,500.0
9120,2023-01-06 08:00:00,15.2,15.21,15.2,15.2,1561.0
9121,2023-01-06 09:00:00,15.4715,15.4715,14.84,14.84,405809.0
9122,2023-01-06 10:00:00,14.85,15.335,14.84,15.225,614614.0
9123,2023-01-06 11:00:00,15.23,15.3,15.17,15.245,289831.0
9124,2023-01-06 12:00:00,15.245,15.415,15.09,15.41,638999.0
9125,2023-01-06 13:00:00,15.415,15.5999,15.345,15.535,265950.0
9126,2023-01-06 14:00:00,15.539,15.6,15.5109,15.57,235612.0
9127,2023-01-06 15:00:00,15.575,15.685,15.52,15.635,1553668.0
9128,2023-01-06 16:00:00,15.64,15.64,15.52,15.52,121876.0
9129,2023-01-06 17:00:00,15.6,15.6,15.6,15.6,100.0
9130,2023-01-09 09:00:00,16.0,16.0,15.34,15.59,495779.0
9131,2023-01-09 10:00:00,15.595,15.75,15.58,15.58,383493.0
9132,2023-01-09 11:00:00,15.575,15.82,15.575,15.8,208932.0
9133,2023-01-09 12:00:00,15.81,15.92,15.805,15.82,202207.0
9134,2023-01-09 13:00:00,15.82,15.895,15.71,15.79,405454.0
9135,2023-01-09 14:00:00,15.795,15.94,15.79,15.855,251314.0
9136,2023-01-09 15:00:00,15.855,15.98,15.77,15.82,1117573.0
9137,2023-01-09 16:00:00,15.82,15.82,15.82,15.82,69233.0
9138,2023-01-10 07:00:00,15.86,15.88,15.86,15.88,400.0
9139,2023-01-10 09:00:00,15.69,15.75,15.12,15.13,756314.0
9140,2023-01-10 10:00:00,15.135,15.21,14.715,14.77,1167505.0
9141,2023-01-10 11:00:00,14.77,14.96,14.6,14.955,1719585.0
9142,2023-01-10 12:00:00,14.955,15.36,14.84,15.32,894645.0
9143,2023-01-10 13:00:00,15.32,15.355,15.05,15.07,730305.0
9144,2023-01-10 14:00:00,15.08,15.155,14.84,14.86,816350.0
9145,2023-01-10 15:00:00,14.86,15.0,14.785,14.825,2070222.0
9146,2023-01-10 16:00:00,14.83,14.83,14.83,14.83,38054.0
9147,2023-01-10 17:00:00,14.83,14.83,14.83,14.83,307.0
9148,2023-01-10 18:00:00,14.83,14.83,14.7,14.81,1326.0
9149,2023-01-10 19:00:00,14.81,14.83,14.81,14.83,4674.0
9150,2023-01-11 04:00:00,14.83,14.83,14.78,14.78,504.0
9151,2023-01-11 07:00:00,14.93,14.93,14.87,14.87,6167.0
9152,2023-01-11 08:00:00,14.92,14.98,14.88,14.98,1587.0
9153,2023-01-11 09:00:00,14.86,14.93,14.61,14.87,287949.0
9154,2023-01-11 10:00:00,14.86,14.86,14.6,14.62,532748.0
9155,2023-01-11 11:00:00,14.62,15.0,14.62,14.955,496740.0
9156,2023-01-11 12:00:00,14.955,15.0275,14.935,14.99,260375.0
9157,2023-01-11 13:00:00,14.991,15.01,14.8215,14.865,282287.0
9158,2023-01-11 14:00:00,14.87,14.995,14.82,14.945,225789.0
9159,2023-01-11 15:00:00,14.945,15.075,14.93,15.04,1087277.0
9160,2023-01-11 16:00:00,15.05,15.25,14.97,14.97,168006.0
9161,2023-01-12 04:00:00,14.95,14.95,14.95,14.95,400.0
9162,2023-01-12 06:00:00,14.95,14.95,14.95,14.95,182.0
9163,2023-01-12 08:00:00,15.05,15.05,14.94,14.94,1500.0
9164,2023-01-12 09:00:00,15.2,15.29,14.73,14.8,360581.0
9165,2023-01-12 10:00:00,14.81,14.955,14.77,14.835,640463.0
9166,2023-01-12 11:00:00,14.83,15.13,14.74,15.07,480521.0
9167,2023-01-12 12:00:00,15.07,15.26,15.06,15.225,458681.0
9168,2023-01-12 13:00:00,15.23,15.35,15.19,15.31,876356.0
9169,2023-01-12 14:00:00,15.32,15.355,15.17,15.2101,636082.0
9170,2023-01-12 15:00:00,15.22,15.225,15.05,15.06,943189.0
9171,2023-01-12 16:00:00,15.06,15.06,14.98,15.0,131286.0
9172,2023-01-12 17:00:00,15.0,15.0,15.0,15.0,500.0
9173,2023-01-12 18:00:00,15.09,15.09,15.09,15.09,602.0
9174,2023-01-12 19:00:00,15.06,15.06,15.05,15.05,856.0
9175,2023-01-13 07:00:00,14.95,14.95,14.9,14.9,2469.0
9176,2023-01-13 08:00:00,14.9,14.9,14.9,14.9,481.0
9177,2023-01-13 09:00:00,14.81,14.88,14.715,14.795,355484.0
9178,2023-01-13 10:00:00,14.79,14.8689,14.69,14.725,800372.0
9179,2023-01-13 11:00:00,14.725,14.73,14.56,14.56,527659.0
9180,2023-01-13 12:00:00,14.56,14.615,14.48,14.56,500191.0
9181,2023-01-13 13:00:00,14.56,14.64,14.53,14.61,339273.0
9182,2023-01-13 14:00:00,14.61,14.62,14.53,14.54,269505.0
9183,2023-01-13 15:00:00,14.545,14.5597,14.445,14.5,1303376.0
9184,2023-01-13 16:00:00,14.49,14.5,14.49,14.5,38196.0
9185,2023-01-13 17:00:00,14.5,14.5,14.5,14.5,800.0
9186,2023-01-17 07:00:00,14.47,14.48,14.45,14.48,6992.0
9187,2023-01-17 08:00:00,14.49,14.57,14.48,14.48,8405.0
9188,2023-01-17 09:00:00,14.47,14.53,14.15,14.315,349198.0
9189,2023-01-17 10:00:00,14.315,14.46,14.18,14.235,540469.0
9190,2023-01-17 11:00:00,14.24,14.31,14.18,14.295,479613.0
9191,2023-01-17 12:00:00,14.3,14.4,14.263,14.395,410454.0
9192,2023-01-17 13:00:00,14.395,14.561,14.395,14.545,381289.0
9193,2023-01-17 14:00:00,14.545,14.575,14.485,14.49,421182.0
9194,2023-01-17 15:00:00,14.49,14.58,14.475,14.49,1149591.0
9195,2023-01-17 16:00:00,14.5,14.5,14.31,14.31,79446.0
9196,2023-01-17 17:00:00,14.5,14.5,14.31,14.49,10350.0
9197,2023-01-17 18:00:00,14.5,14.57,14.5,14.57,300.0
9198,2023-01-18 06:00:00,14.49,14.49,14.49,14.49,435.0
9199,2023-01-18 07:00:00,14.5,14.5,14.5,14.5,673.0
9200,2023-01-18 08:00:00,14.49,14.54,14.49,14.53,6035.0
9201,2023-01-18 09:00:00,14.7,14.72,14.52,14.64,493677.0
9202,2023-01-18 10:00:00,14.648,14.7,14.495,14.55,396880.0
9203,2023-01-18 11:00:00,14.55,14.56,14.255,14.29,317635.0
9204,2023-01-18 12:00:00,14.285,14.29,14.13,14.145,331496.0
9205,2023-01-18 13:00:00,14.14,14.18,14.015,14.065,547007.0
9206,2023-01-18 14:00:00,14.07,14.1,14.01,14.055,299598.0
9207,2023-01-18 15:00:00,14.05,14.11,13.94,13.94,1159800.0
9208,2023-01-18 16:00:00,13.94,14.35,13.94,13.99,81181.0
9209,2023-01-18 19:00:00,13.95,13.95,13.94,13.94,608.0
9210,2023-01-19 07:00:00,13.75,13.75,13.75,13.75,100.0
9211,2023-01-19 08:00:00,13.8585,13.8585,13.8585,13.8585,100.0
9212,2023-01-19 09:00:00,13.8,13.93,13.7,13.845,419290.0
9213,2023-01-19 10:00:00,13.84,13.86,13.55,13.57,773666.0
9214,2023-01-19 11:00:00,13.575,13.64,13.43,13.46,517584.0
9215,2023-01-19 12:00:00,13.47,13.535,13.36,13.44,437580.0
9216,2023-01-19 13:00:00,13.44,13.475,13.35,13.3654,427425.0
9217,2023-01-19 14:00:00,13.365,13.49,13.28,13.465,484852.0
9218,2023-01-19 15:00:00,13.4616,13.5,13.18,13.21,1731577.0
9219,2023-01-19 16:00:00,13.21,13.9381,13.18,13.9381,107805.0
9220,2023-01-19 19:00:00,13.26,13.3,13.26,13.3,200.0
9221,2023-01-20 08:00:00,13.35,13.35,13.35,13.35,500.0
9222,2023-01-20 09:00:00,13.3,13.43,13.18,13.4,489624.0
9223,2023-01-20 10:00:00,13.385,13.54,13.3301,13.505,614197.0
9224,2023-01-20 11:00:00,13.505,13.775,13.5,13.68,731286.0
9225,2023-01-20 12:00:00,13.675,13.93,13.63,13.81,551852.0
9226,2023-01-20 13:00:00,13.82,13.83,13.66,13.815,686876.0
9227,2023-01-20 14:00:00,13.82,13.95,13.805,13.945,564258.0
9228,2023-01-20 15:00:00,13.94,13.97,13.85,13.89,1412781.0
9229,2023-01-20 16:00:00,13.9,13.95,13.9,13.95,50846.0
9230,2023-01-23 08:00:00,13.359,13.9799,13.359,13.9799,354.0
9231,2023-01-23 09:00:00,13.97,14.215,13.96,14.175,578712.0
9232,2023-01-23 10:00:00,14.18,14.61,14.175,14.525,920508.0
9233,2023-01-23 11:00:00,14.525,14.605,14.435,14.505,592740.0
9234,2023-01-23 12:00:00,14.505,14.565,14.395,14.395,543171.0
9235,2023-01-23 13:00:00,14.39,14.63,14.385,14.545,614509.0
9236,2023-01-23 14:00:00,14.545,14.5474,14.37,14.42,430020.0
9237,2023-01-23 15:00:00,14.415,14.57,14.395,14.56,1129745.0
9238,2023-01-23 16:00:00,14.56,14.56,14.56,14.56,50874.0
9239,2023-01-24 06:00:00,14.5,14.5,14.5,14.5,335.0
9240,2023-01-24 08:00:00,14.4001,14.45,14.4,14.45,902.0
9241,2023-01-24 09:00:00,14.4,14.66,14.4,14.47,235003.0
9242,2023-01-24 10:00:00,14.47,14.61,14.4,14.595,315264.0
9243,2023-01-24 11:00:00,14.59,14.65,14.46,14.465,447355.0
9244,2023-01-24 12:00:00,14.465,14.47,14.33,14.355,344741.0
9245,2023-01-24 13:00:00,14.357,14.415,14.32,14.36,217563.0
9246,2023-01-24 14:00:00,14.365,14.375,14.29,14.33,326429.0
9247,2023-01-24 15:00:00,14.33,14.36,14.265,14.27,699524.0
9248,2023-01-24 16:00:00,14.28,14.31,14.28,14.28,47632.0
9249,2023-01-24 18:00:00,14.3,14.3,14.3,14.3,505.0
9250,2023-01-24 19:00:00,14.21,14.21,14.21,14.21,124.0
9251,2023-01-25 04:00:00,14.21,14.27,14.21,14.27,400.0
9252,2023-01-25 05:00:00,14.13,14.13,14.13,14.13,100.0
9253,2023-01-25 08:00:00,14.01,14.01,14.01,14.01,200.0
9254,2023-01-25 09:00:00,14.0,14.255,13.97,14.055,358642.0
9255,2023-01-25 10:00:00,14.05,14.29,14.035,14.21,383944.0
9256,2023-01-25 11:00:00,14.21,14.285,14.155,14.24,214804.0
9257,2023-01-25 12:00:00,14.245,14.38,14.185,14.35,380260.0
9258,2023-01-25 13:00:00,14.36,14.52,14.345,14.46,515280.0
9259,2023-01-25 14:00:00,14.465,14.625,14.455,14.605,311658.0
9260,2023-01-25 15:00:00,14.605,14.74,14.59,14.68,1359906.0
9261,2023-01-25 16:00:00,14.68,14.7,14.68,14.7,83412.0
9262,2023-01-25 17:00:00,14.21,14.21,14.21,14.21,1176.0
9263,2023-01-26 07:00:00,14.6,14.6,14.6,14.6,200.0
9264,2023-01-26 08:00:00,14.51,14.51,14.51,14.51,8901.0
9265,2023-01-26 09:00:00,14.81,14.91,14.634,14.68,312294.0
9266,2023-01-26 10:00:00,14.69,14.755,14.36,14.365,494052.0
9267,2023-01-26 11:00:00,14.37,14.47,14.335,14.455,308689.0
9268,2023-01-26 12:00:00,14.45,14.475,14.34,14.415,817546.0
9269,2023-01-26 13:00:00,14.42,14.46,14.365,14.405,298565.0
9270,2023-01-26 14:00:00,14.405,14.425,14.355,14.395,657335.0
9271,2023-01-26 15:00:00,14.395,14.48,14.385,14.4,1935612.0
9272,2023-01-26 16:00:00,14.41,14.44,14.35,14.35,47738.0
9273,2023-01-26 17:00:00,14.35,14.41,14.34,14.34,1878.0
9274,2023-01-27 08:00:00,14.35,14.35,14.35,14.35,100.0
9275,2023-01-27 09:00:00,14.35,14.395,14.18,14.335,225956.0
9276,2023-01-27 10:00:00,14.34,14.43,14.25,14.25,1051141.0
9277,2023-01-27 11:00:00,14.24,14.45,14.24,14.34,479289.0
9278,2023-01-27 12:00:00,14.34,14.5601,14.335,14.4821,1287857.0
9279,2023-01-27 13:00:00,14.49,14.56,14.475,14.5,169637.0
9280,2023-01-27 14:00:00,14.5,14.6,14.49,14.59,277743.0
9281,2023-01-27 15:00:00,14.58,14.6012,14.39,14.39,1281458.0
9282,2023-01-27 16:00:00,14.4,14.47,14.4,14.41,48378.0
9283,2023-01-27 19:00:00,14.44,14.45,14.44,14.45,201.0
9284,2023-01-30 07:00:00,14.33,14.33,14.26,14.26,472.0
9285,2023-01-30 08:00:00,14.27,14.37,14.0203,14.27,7610.0
9286,2023-01-30 09:00:00,14.33,14.37,14.015,14.353,292637.0
9287,2023-01-30 10:00:00,14.365,14.43,14.055,14.105,615421.0
9288,2023-01-30 11:00:00,14.11,14.295,14.09,14.23,329826.0
9289,2023-01-30 12:00:00,14.23,14.23,14.15,14.17,209036.0
9290,2023-01-30 13:00:00,14.16,14.21,14.095,14.14,225113.0
9291,2023-01-30 14:00:00,14.14,14.16,13.98,13.995,326033.0
9292,2023-01-30 15:00:00,13.99,14.06,13.94,13.96,1187781.0
9293,2023-01-30 16:00:00,13.96,13.96,13.92,13.92,45799.0
9294,2023-01-31 05:00:00,14.27,14.27,14.27,14.27,130.0
9295,2023-01-31 07:00:00,13.98,13.98,13.98,13.98,200.0
9296,2023-01-31 09:00:00,14.01,14.115,13.91,14.03,236867.0
9297,2023-01-31 10:00:00,14.03,14.22,13.96,14.19,188550.0
9298,2023-01-31 11:00:00,14.1913,14.25,14.165,14.22,190400.0
9299,2023-01-31 12:00:00,14.215,14.24,14.175,14.2,127947.0
9300,2023-01-31 13:00:00,14.205,14.33,14.18,14.33,354685.0
9301,2023-01-31 14:00:00,14.3201,14.37,14.305,14.3099,175496.0
9302,2023-01-31 15:00:00,14.305,14.4,14.26,14.4,698643.0
9303,2023-01-31 16:00:00,14.39,14.39,14.39,14.39,52984.0
9304,2023-02-01 08:00:00,14.4,14.4,14.4,14.4,463.0
9305,2023-02-01 09:00:00,14.36,14.63,14.3,14.565,385574.0
9306,2023-02-01 10:00:00,14.565,14.64,14.425,14.455,552597.0
9307,2023-02-01 11:00:00,14.45,14.51,14.45,14.4501,226383.0
9308,2023-02-01 12:00:00,14.45,14.47,14.4,14.435,310707.0
9309,2023-02-01 13:00:00,14.43,14.47,14.345,14.365,387998.0
9310,2023-02-01 14:00:00,14.36,14.685,14.25,14.665,618022.0
9311,2023-02-01 15:00:00,14.67,15.0394,14.67,14.93,1497728.0
9312,2023-02-01 16:00:00,14.93,14.93,14.85,14.85,53729.0
9313,2023-02-01 19:00:00,15.07,15.08,15.07,15.08,1300.0
9314,2023-02-02 08:00:00,14.93,15.46,14.93,15.0,1428.0
9315,2023-02-02 09:00:00,15.15,15.42,15.15,15.21,486553.0
9316,2023-02-02 10:00:00,15.215,15.685,15.175,15.6714,1017565.0
9317,2023-02-02 11:00:00,15.67,15.715,15.505,15.615,792686.0
9318,2023-02-02 12:00:00,15.615,15.83,15.56,15.785,574247.0
9319,2023-02-02 13:00:00,15.785,15.96,15.78,15.845,642303.0
9320,2023-02-02 14:00:00,15.845,15.85,15.44,15.44,716339.0
9321,2023-02-02 15:00:00,15.44,15.61,15.4,15.59,1538957.0
9322,2023-02-02 16:00:00,15.6,15.6,15.6,15.6,40205.0
9323,2023-02-02 17:00:00,15.25,15.25,15.25,15.25,2500.0
9324,2023-02-03 04:00:00,15.39,15.39,15.39,15.39,100.0
9325,2023-02-03 08:00:00,15.48,15.48,14.71,14.71,3805.0
9326,2023-02-03 09:00:00,15.16,15.485,15.03,15.36,446649.0
9327,2023-02-03 10:00:00,15.35,15.55,15.24,15.45,379290.0
9328,2023-02-03 11:00:00,15.46,15.63,15.43,15.51,266131.0
9329,2023-02-03 12:00:00,15.51,15.615,15.45,15.46,258143.0
9330,2023-02-03 13:00:00,15.45,15.46,15.2995,15.365,286716.0
9331,2023-02-03 14:00:00,15.36,15.375,15.085,15.09,302863.0
9332,2023-02-03 15:00:00,15.09,15.1689,15.045,15.08,692559.0
9333,2023-02-03 16:00:00,15.08,15.08,15.08,15.08,28263.0
9334,2023-02-03 17:00:00,15.19,15.2,15.19,15.2,200.0
9335,2023-02-06 07:00:00,14.95,14.95,14.95,14.95,101.0
9336,2023-02-06 08:00:00,14.72,14.72,14.72,14.72,200.0
9337,2023-02-06 09:00:00,14.72,14.88,14.545,14.5618,599415.0
9338,2023-02-06 10:00:00,14.55,14.685,14.44,14.565,560883.0
9339,2023-02-06 11:00:00,14.565,14.77,14.55,14.63,258348.0
9340,2023-02-06 12:00:00,14.63,14.66,14.525,14.57,206224.0
9341,2023-02-06 13:00:00,14.575,14.63,14.51,14.625,229320.0
9342,2023-02-06 14:00:00,14.63,14.7667,14.63,14.67,364168.0
9343,2023-02-06 15:00:00,14.665,14.7,14.57,14.67,834641.0
9344,2023-02-06 16:00:00,14.66,14.66,14.66,14.66,176780.0
9345,2023-02-07 09:00:00,14.61,14.64,14.42,14.45,190388.0
9346,2023-02-07 10:00:00,14.445,14.465,14.295,14.32,336812.0
9347,2023-02-07 11:00:00,14.325,14.47,14.32,14.34,293759.0
9348,2023-02-07 12:00:00,14.34,14.67,14.325,14.63,360931.0
9349,2023-02-07 13:00:00,14.63,14.69,14.185,14.265,702155.0
9350,2023-02-07 14:00:00,14.26,14.485,14.25,14.46,280191.0
9351,2023-02-07 15:00:00,14.47,14.645,14.42,14.56,529031.0
9352,2023-02-07 16:00:00,14.56,14.56,14.56,14.56,256942.0
9353,2023-02-08 09:00:00,14.46,14.47,14.085,14.225,428761.0
9354,2023-02-08 10:00:00,14.22,14.3,14.09,14.09,430989.0
9355,2023-02-08 11:00:00,14.09,14.095,13.975,14.025,477562.0
9356,2023-02-08 12:00:00,14.025,14.045,13.93,14.03,373124.0
9357,2023-02-08 13:00:00,14.035,14.14,14.01,14.04,428199.0
9358,2023-02-08 14:00:00,14.04,14.11,13.96,14.0,250522.0
9359,2023-02-08 15:00:00,14.0,14.01,13.91,13.935,805091.0
9360,2023-02-08 16:00:00,13.93,13.93,13.9,13.93,98053.0
9361,2023-02-08 17:00:00,13.93,13.93,13.92,13.92,2000.0
9362,2023-02-08 19:00:00,13.91,13.91,13.91,13.91,196.0
9363,2023-02-09 08:00:00,14.19,14.19,14.19,14.19,1000.0
9364,2023-02-09 09:00:00,14.2,14.27,14.06,14.14,253688.0
9365,2023-02-09 10:00:00,14.135,14.2,13.99,14.0828,328449.0
9366,2023-02-09 11:00:00,14.08,14.085,13.92,13.955,236585.0
9367,2023-02-09 12:00:00,13.95,13.96,13.72,13.825,416581.0
9368,2023-02-09 13:00:00,13.825,13.83,13.73,13.75,397259.0
9369,2023-02-09 14:00:00,13.75,13.765,13.53,13.55,383626.0
9370,2023-02-09 15:00:00,13.555,13.555,13.325,13.45,1868444.0
9371,2023-02-09 16:00:00,13.46,13.5,13.46,13.5,63576.0
9372,2023-02-09 17:00:00,13.5,13.5,13.5,13.5,150.0
9373,2023-02-09 18:00:00,13.5,13.5,13.5,13.5,340.0
9374,2023-02-10 09:00:00,13.33,13.55,13.27,13.36,305839.0
9375,2023-02-10 10:00:00,13.36,13.645,13.33,13.445,363366.0
9376,2023-02-10 11:00:00,13.445,13.635,13.44,13.4993,299788.0
9377,2023-02-10 12:00:00,13.49,13.54,13.41,13.54,223960.0
9378,2023-02-10 13:00:00,13.54,13.59,13.4725,13.48,207175.0
9379,2023-02-10 14:00:00,13.475,13.61,13.4625,13.61,343989.0
9380,2023-02-10 15:00:00,13.61,13.695,13.5625,13.68,801948.0
9381,2023-02-10 16:00:00,13.67,13.67,13.67,13.67,137527.0
9382,2023-02-10 18:00:00,13.75,13.75,13.75,13.75,200.0
9383,2023-02-10 19:00:00,13.81,13.81,13.81,13.81,1600.0
9384,2023-02-13 08:00:00,14.1374,14.1374,13.74,13.75,1332.0
9385,2023-02-13 09:00:00,13.828,13.828,13.55,13.725,225882.0
9386,2023-02-13 10:00:00,13.725,13.81,13.65,13.79,354793.0
9387,2023-02-13 11:00:00,13.8,13.84,13.68,13.805,243647.0
9388,2023-02-13 12:00:00,13.81,13.99,13.79,13.96,347666.0
9389,2023-02-13 13:00:00,13.96,13.985,13.87,13.935,273667.0
9390,2023-02-13 14:00:00,13.935,13.95,13.795,13.8,399212.0
9391,2023-02-13 15:00:00,13.8,13.94,13.76,13.94,999152.0
9392,2023-02-13 16:00:00,13.93,13.93,13.93,13.93,165370.0
9393,2023-02-13 17:00:00,13.9,13.9,13.9,13.9,370.0
9394,2023-02-14 08:00:00,13.95,14.09,13.75,13.75,1441.0
9395,2023-02-14 09:00:00,13.85,13.985,13.63,13.965,200107.0
9396,2023-02-14 10:00:00,13.966,14.12,13.64,13.69,405456.0
9397,2023-02-14 11:00:00,13.7,13.83,13.5945,13.65,391540.0
9398,2023-02-14 12:00:00,13.645,13.79,13.645,13.78,184415.0
9399,2023-02-14 13:00:00,13.78,13.945,13.78,13.86,215264.0
9400,2023-02-14 14:00:00,13.86,13.99,13.815,13.975,238084.0
9401,2023-02-14 15:00:00,13.975,14.055,13.92,14.015,834084.0
9402,2023-02-14 16:00:00,14.02,14.1,14.02,14.1,64288.0
9403,2023-02-14 19:00:00,13.93,13.93,13.93,13.93,1900.0
9404,2023-02-15 09:00:00,13.89,14.03,13.85,13.955,205243.0
9405,2023-02-15 10:00:00,13.95,14.13,13.93,14.09,245840.0
9406,2023-02-15 11:00:00,14.095,14.31,14.06,14.27,344468.0
9407,2023-02-15 12:00:00,14.265,14.27,14.145,14.15,264028.0
9408,2023-02-15 13:00:00,14.15,14.26,14.12,14.25,219422.0
9409,2023-02-15 14:00:00,14.25,14.37,14.24,14.31,263738.0
9410,2023-02-15 15:00:00,14.31,14.42,14.23,14.42,935654.0
9411,2023-02-15 16:00:00,14.41,14.42,14.41,14.41,239585.0
9412,2023-02-15 17:00:00,14.22,14.22,14.18,14.18,397.0
9413,2023-02-15 18:00:00,14.41,14.41,14.2,14.2,1097.0
9414,2023-02-15 19:00:00,14.24,14.27,14.24,14.27,237.0
9415,2023-02-16 08:00:00,13.79,14.41,13.79,14.41,602.0
9416,2023-02-16 09:00:00,14.1,14.205,13.96,14.12,208072.0
9417,2023-02-16 10:00:00,14.12,14.31,14.04,14.215,187798.0
9418,2023-02-16 11:00:00,14.22,14.3,14.175,14.29,173636.0
9419,2023-02-16 12:00:00,14.2979,14.4,14.275,14.345,150898.0
9420,2023-02-16 13:00:00,14.355,14.44,14.3,14.44,190181.0
9421,2023-02-16 14:00:00,14.435,14.4775,14.37,14.4175,219481.0
9422,2023-02-16 15:00:00,14.415,14.416,14.07,14.09,688657.0
9423,2023-02-16 16:00:00,14.1,14.1,14.1,14.1,43629.0
9424,2023-02-16 18:00:00,14.09,14.09,14.08,14.08,3888.0
9425,2023-02-17 08:00:00,13.95,13.95,13.95,13.95,1003.0
9426,2023-02-17 09:00:00,13.96,14.015,13.74,13.78,236696.0
9427,2023-02-17 10:00:00,13.785,13.905,13.755,13.79,401117.0
9428,2023-02-17 11:00:00,13.785,13.83,13.71,13.775,283821.0
9429,2023-02-17 12:00:00,13.775,13.945,13.775,13.87,247990.0
9430,2023-02-17 13:00:00,13.875,13.98,13.815,13.975,215195.0
9431,2023-02-17 14:00:00,13.975,14.0975,13.97,14.09,242740.0
9432,2023-02-17 15:00:00,14.088,14.17,14.065,14.13,929407.0
9433,2023-02-17 16:00:00,14.15,14.15,14.15,14.15,57814.0
9434,2023-02-17 18:00:00,14.25,14.25,14.25,14.25,500.0
9435,2023-02-21 09:00:00,13.91,13.96,13.58,13.615,865706.0
9436,2023-02-21 10:00:00,13.615,13.615,13.225,13.23,768829.0
9437,2023-02-21 11:00:00,13.24,13.28,13.16,13.27,1032886.0
9438,2023-02-21 12:00:00,13.26,13.42,13.24,13.38,756881.0
9439,2023-02-21 13:00:00,13.38,13.4,13.1102,13.13,1646962.0
9440,2023-02-21 14:00:00,13.125,13.235,13.125,13.215,892539.0
9441,2023-02-21 15:00:00,13.215,13.215,12.91,12.91,2384474.0
9442,2023-02-21 16:00:00,12.93,13.16,12.93,13.16,161001.0
9443,2023-02-21 17:00:00,12.95,13.14,12.95,13.14,1402.0
9444,2023-02-21 18:00:00,12.99,13.0,12.98,13.0,700.0
9445,2023-02-21 19:00:00,13.0,13.04,13.0,13.04,540.0
9446,2023-02-22 09:00:00,12.95,13.195,12.89,13.005,829803.0
9447,2023-02-22 10:00:00,13.005,13.09,12.9,13.03,667300.0
9448,2023-02-22 11:00:00,13.03,13.1,12.86,12.925,421861.0
9449,2023-02-22 12:00:00,12.92,13.02,12.87,12.98,501528.0
9450,2023-02-22 13:00:00,12.98,13.12,12.974,13.045,454627.0
9451,2023-02-22 14:00:00,13.05,13.085,12.88,12.94,1292647.0
9452,2023-02-22 15:00:00,12.935,13.09,12.91,13.08,1594348.0
9453,2023-02-22 16:00:00,13.08,13.08,12.75,12.82,123328.0
9454,2023-02-22 19:00:00,12.91,12.91,12.89,12.89,1625.0
9455,2023-02-23 04:00:00,13.63,13.63,13.63,13.63,550.0
9456,2023-02-23 05:00:00,13.01,13.01,13.01,13.01,200.0
9457,2023-02-23 08:00:00,13.38,13.38,13.01,13.15,3075.0
9458,2023-02-23 09:00:00,13.29,14.05,13.24,13.91,838636.0
9459,2023-02-23 10:00:00,13.93,14.34,13.7385,14.12,1693490.0
9460,2023-02-23 11:00:00,14.1199,14.21,13.35,13.4,1172955.0
9461,2023-02-23 12:00:00,13.405,13.76,13.395,13.545,523475.0
9462,2023-02-23 13:00:00,13.54,13.75,13.45,13.66,446668.0
9463,2023-02-23 14:00:00,13.66,13.81,13.615,13.63,514199.0
9464,2023-02-23 15:00:00,13.635,13.88,13.635,13.76,2115603.0
9465,2023-02-23 16:00:00,13.76,13.76,13.74,13.74,258822.0
9466,2023-02-23 17:00:00,13.7,13.76,13.7,13.76,17378.0
9467,2023-02-23 18:00:00,13.76,13.76,13.7,13.7,4722.0
9468,2023-02-24 04:00:00,13.57,13.65,13.35,13.61,1052.0
9469,2023-02-24 09:00:00,13.51,13.51,13.11,13.2,590164.0
9470,2023-02-24 10:00:00,13.21,13.405,13.175,13.315,717007.0
9471,2023-02-24 11:00:00,13.31,13.41,13.25,13.35,530149.0
9472,2023-02-24 12:00:00,13.35,13.36,13.2,13.25,583304.0
9473,2023-02-24 13:00:00,13.25,13.35,13.14,13.34,563754.0
9474,2023-02-24 14:00:00,13.35,13.435,13.3,13.425,425831.0
9475,2023-02-24 15:00:00,13.425,13.44,13.23,13.26,1374265.0
9476,2023-02-24 16:00:00,13.27,13.75,13.27,13.27,101349.0
9477,2023-02-24 18:00:00,13.29,13.29,13.29,13.29,129.0
9478,2023-02-24 19:00:00,13.15,13.15,13.15,13.15,1000.0
9479,2023-02-27 08:00:00,13.33,13.33,13.3,13.3,2000.0
9480,2023-02-27 09:00:00,13.41,13.45,13.07,13.21,299463.0
9481,2023-02-27 10:00:00,13.22,13.24,12.845,12.875,904178.0
9482,2023-02-27 11:00:00,12.88,13.01,12.87,12.875,443239.0
9483,2023-02-27 12:00:00,12.8789,12.92,12.78,12.825,569021.0
9484,2023-02-27 13:00:00,12.83,12.83,12.46,12.59,1239569.0
9485,2023-02-27 14:00:00,12.6,12.665,12.32,12.385,1308435.0
9486,2023-02-27 15:00:00,12.385,12.42,12.17,12.22,3430868.0
9487,2023-02-27 16:00:00,12.2,12.29,12.2,12.27,257274.0
9488,2023-02-27 17:00:00,12.2899,12.29,12.22,12.22,1833.0
9489,2023-02-27 18:00:00,12.27,12.27,12.21,12.21,1085.0
9490,2023-02-27 19:00:00,12.23,12.2899,12.23,12.27,7776.0
9491,2023-02-28 06:00:00,12.09,12.09,11.51,11.51,20092.0
9492,2023-02-28 07:00:00,11.54,11.67,11.52,11.65,15989.0
9493,2023-02-28 08:00:00,11.55,11.7,11.35,11.5,114713.0
9494,2023-02-28 09:00:00,11.5,11.78,11.08,11.7735,3158315.0
9495,2023-02-28 10:00:00,11.78,11.81,11.25,11.375,2246444.0
9496,2023-02-28 11:00:00,11.38,11.54,11.355,11.405,1402415.0
9497,2023-02-28 12:00:00,11.41,11.41,11.225,11.31,1185779.0
9498,2023-02-28 13:00:00,11.315,11.36,11.18,11.33,1450270.0
9499,2023-02-28 14:00:00,11.3362,11.615,11.33,11.585,1211887.0
9500,2023-02-28 15:00:00,11.585,11.595,11.38,11.41,2875941.0
9501,2023-02-28 16:00:00,11.41,11.584,11.41,11.42,174230.0
9502,2023-02-28 17:00:00,11.44,11.44,11.43,11.43,900.0
9503,2023-02-28 18:00:00,11.38,11.41,11.38,11.41,200.0
9504,2023-02-28 19:00:00,11.33,11.4,11.31,11.31,6404.0
9505,2023-03-01 05:00:00,11.36,11.36,11.36,11.36,192.0
9506,2023-03-01 07:00:00,11.5,11.5,11.5,11.5,200.0
9507,2023-03-01 08:00:00,11.41,11.41,11.35,11.36,1218.0
9508,2023-03-01 09:00:00,11.36,11.41,11.06,11.28,1029997.0
9509,2023-03-01 10:00:00,11.29,11.34,11.075,11.195,1329689.0
9510,2023-03-01 11:00:00,11.195,11.27,11.12,11.25,740092.0
9511,2023-03-01 12:00:00,11.25,11.348,11.23,11.3,601694.0
9512,2023-03-01 13:00:00,11.305,11.37,11.275,11.31,917116.0
9513,2023-03-01 14:00:00,11.305,11.33,11.14,11.2001,1656946.0
9514,2023-03-01 15:00:00,11.2,11.3199,11.15,11.19,2128033.0
9515,2023-03-01 16:00:00,11.18,11.18,11.18,11.18,105006.0
9516,2023-03-01 17:00:00,11.4,11.4,11.4,11.4,420.0
9517,2023-03-01 18:00:00,11.3,11.3,11.3,11.3,265.0
9518,2023-03-01 19:00:00,11.2,11.2,11.2,11.2,1111.0
9519,2023-03-02 04:00:00,11.2,11.2,11.2,11.2,346.0
9520,2023-03-02 07:00:00,11.16,11.16,11.16,11.16,192.0
9521,2023-03-02 08:00:00,11.0835,11.13,11.03,11.05,37637.0
9522,2023-03-02 09:00:00,11.04,11.125,10.93,11.0,1425265.0
9523,2023-03-02 10:00:00,11.0,11.07,10.7601,10.775,2487124.0
9524,2023-03-02 11:00:00,10.77,10.8,10.665,10.72,1654845.0
9525,2023-03-02 12:00:00,10.72,10.795,10.64,10.6615,1505732.0
9526,2023-03-02 13:00:00,10.66,10.88,10.645,10.88,1120551.0
9527,2023-03-02 14:00:00,10.88,11.08,10.875,10.911,1120137.0
9528,2023-03-02 15:00:00,10.915,11.01,10.87,10.99,2053108.0
9529,2023-03-02 16:00:00,10.98,10.98,10.98,10.98,114829.0
9530,2023-03-02 17:00:00,10.9815,10.9815,10.98,10.98,1644.0
9531,2023-03-02 18:00:00,10.98,10.98,10.98,10.98,100.0
9532,2023-03-03 07:00:00,11.01,11.02,11.0,11.02,1780.0
9533,2023-03-03 08:00:00,11.2416,11.25,11.0,11.19,1347.0
9534,2023-03-03 09:00:00,11.19,11.5,11.03,11.46,840022.0
9535,2023-03-03 10:00:00,11.455,11.47,11.2,11.23,1026393.0
9536,2023-03-03 11:00:00,11.24,11.395,11.16,11.38,830848.0
9537,2023-03-03 12:00:00,11.375,11.47,11.37,11.455,581586.0
9538,2023-03-03 13:00:00,11.455,11.475,11.31,11.33,782105.0
9539,2023-03-03 14:00:00,11.335,11.43,11.325,11.3288,613160.0
9540,2023-03-03 15:00:00,11.325,11.3648,11.21,11.235,1501970.0
9541,2023-03-03 16:00:00,11.23,11.45,11.2,11.21,81972.0
9542,2023-03-03 17:00:00,11.39,11.39,11.39,11.39,100.0
9543,2023-03-03 18:00:00,11.38,11.38,11.38,11.38,100.0
9544,2023-03-06 08:00:00,11.49,11.49,11.3,11.36,1863.0
9545,2023-03-06 09:00:00,11.36,11.43,11.12,11.1697,388216.0
9546,2023-03-06 10:00:00,11.1691,11.235,11.06,11.12,726020.0
9547,2023-03-06 11:00:00,11.115,11.1399,10.94,10.97,848292.0
9548,2023-03-06 12:00:00,10.975,11.035,10.86,10.865,652306.0
9549,2023-03-06 13:00:00,10.86,10.895,10.76,10.855,1082863.0
9550,2023-03-06 14:00:00,10.86,10.905,10.84,10.895,614740.0
9551,2023-03-06 15:00:00,10.895,10.995,10.85,10.9,2463444.0
9552,2023-03-06 16:00:00,10.9,10.9499,10.9,10.9499,82508.0
9553,2023-03-06 17:00:00,10.94,11.29,10.94,11.2,11048.0
9554,2023-03-06 18:00:00,11.27,11.35,11.2,11.2,5661.0
9555,2023-03-06 19:00:00,11.18,11.35,11.17,11.21,15121.0
9556,2023-03-07 07:00:00,11.25,11.33,11.25,11.25,4953.0
9557,2023-03-07 08:00:00,11.2482,11.36,11.21,11.36,12349.0
9558,2023-03-07 09:00:00,11.32,11.95,11.31,11.845,2033919.0
9559,2023-03-07 10:00:00,11.845,11.85,11.445,11.455,1645697.0
9560,2023-03-07 11:00:00,11.45,11.68,11.44,11.58,1346363.0
9561,2023-03-07 12:00:00,11.575,11.765,11.53,11.675,873209.0
9562,2023-03-07 13:00:00,11.67,11.675,11.43,11.445,633969.0
9563,2023-03-07 14:00:00,11.448,11.485,11.295,11.33,1663419.0
9564,2023-03-07 15:00:00,11.33,11.42,11.32,11.345,2286504.0
9565,2023-03-07 16:00:00,11.34,11.3402,11.34,11.3402,281133.0
9566,2023-03-07 17:00:00,11.69,11.69,11.4,11.4,1290.0
9567,2023-03-07 18:00:00,11.37,11.37,11.36,11.36,310.0
9568,2023-03-07 19:00:00,11.36,11.36,11.36,11.36,1000.0
9569,2023-03-08 07:00:00,11.37,11.4,11.35,11.35,1472.0
9570,2023-03-08 08:00:00,11.41,11.41,11.35,11.35,3350.0
9571,2023-03-08 09:00:00,11.39,11.55,11.352,11.45,834625.0
9572,2023-03-08 10:00:00,11.455,11.525,11.29,11.345,1382419.0
9573,2023-03-08 11:00:00,11.35,11.405,11.23,11.3,671312.0
9574,2023-03-08 12:00:00,11.3,11.31,11.1571,11.165,472031.0
9575,2023-03-08 13:00:00,11.165,11.2353,11.105,11.175,673969.0
9576,2023-03-08 14:00:00,11.18,11.25,11.145,11.15,526534.0
9577,2023-03-08 15:00:00,11.155,11.25,11.11,11.21,1855064.0
9578,2023-03-08 16:00:00,11.2,11.22,11.2,11.2,68604.0
9579,2023-03-08 17:00:00,11.24,11.42,11.21,11.21,8681.0
9580,2023-03-08 18:00:00,11.23,11.5,11.23,11.4,16826.0
9581,2023-03-08 19:00:00,11.4,11.4,11.4,11.4,378.0
9582,2023-03-09 04:00:00,11.3,11.3,11.3,11.3,600.0
9583,2023-03-09 05:00:00,11.2,11.2,11.2,11.2,200.0
9584,2023-03-09 08:00:00,11.4485,11.4485,11.37,11.39,564.0
9585,2023-03-09 09:00:00,11.36,11.62,11.27,11.5,587465.0
9586,2023-03-09 10:00:00,11.5,11.77,11.41,11.63,1035297.0
9587,2023-03-09 11:00:00,11.635,11.7,11.51,11.525,777022.0
9588,2023-03-09 12:00:00,11.525,11.625,11.47,11.535,486466.0
9589,2023-03-09 13:00:00,11.5301,11.57,11.41,11.445,792423.0
9590,2023-03-09 14:00:00,11.445,11.475,11.34,11.36,627088.0
9591,2023-03-09 15:00:00,11.365,11.425,11.26,11.29,2087065.0
9592,2023-03-09 16:00:00,11.29,11.6,11.25,11.25,95887.0
9593,2023-03-09 17:00:00,11.25,11.25,11.25,11.25,1885.0
9594,2023-03-09 18:00:00,11.25,11.49,11.25,11.37,2387.0
9595,2023-03-09 19:00:00,11.22,11.53,11.22,11.22,1004.0
9596,2023-03-10 07:00:00,11.3,11.3,11.3,11.3,183.0
9597,2023-03-10 08:00:00,11.26,11.5,11.26,11.352,717.0
9598,2023-03-10 09:00:00,11.7735,11.7735,10.569,10.7,1017788.0
9599,2023-03-10 10:00:00,10.71,10.81,10.57,10.8,1453332.0
9600,2023-03-10 11:00:00,10.795,10.86,10.67,10.69,828270.0
9601,2023-03-10 12:00:00,10.7,10.72,10.46,10.465,825793.0
9602,2023-03-10 13:00:00,10.47,10.505,10.32,10.345,934836.0
9603,2023-03-10 14:00:00,10.345,10.65,10.34,10.57,1062854.0
9604,2023-03-10 15:00:00,10.58,10.595,10.48,10.53,2441003.0
9605,2023-03-10 16:00:00,10.53,10.56,10.53,10.54,95272.0
9606,2023-03-10 17:00:00,10.58,10.58,10.58,10.58,100.0
9607,2023-03-10 18:00:00,10.53,10.53,10.53,10.53,299.0
9608,2023-03-10 19:00:00,10.53,10.5301,10.53,10.5301,1166.0
9609,2023-03-13 04:00:00,10.53,10.53,10.53,10.53,170.0
9610,2023-03-13 07:00:00,10.55,10.55,10.55,10.55,336.0
9611,2023-03-13 08:00:00,10.5,10.55,10.26,10.29,5641.0
9612,2023-03-13 09:00:00,10.29,10.49,9.97,10.34,994818.0
9613,2023-03-13 10:00:00,10.345,10.41,10.125,10.28,884974.0
9614,2023-03-13 11:00:00,10.29,10.515,10.26,10.335,917417.0
9615,2023-03-13 12:00:00,10.34,10.44,10.22,10.28,951784.0
9616,2023-03-13 13:00:00,10.285,10.38,10.225,10.355,744358.0
9617,2023-03-13 14:00:00,10.36,10.45,10.345,10.385,689664.0
9618,2023-03-13 15:00:00,10.38,10.41,10.26,10.28,1609714.0
9619,2023-03-13 16:00:00,10.28,10.37,10.18,10.2804,91818.0
9620,2023-03-13 17:00:00,10.32,10.32,10.32,10.32,3699.0
9621,2023-03-14 08:00:00,10.38,10.73,10.3015,10.3015,520.0
9622,2023-03-14 09:00:00,10.35,10.77,10.35,10.47,455052.0
9623,2023-03-14 10:00:00,10.47,10.475,10.235,10.24,967121.0
9624,2023-03-14 11:00:00,10.245,10.43,10.245,10.355,661022.0
9625,2023-03-14 12:00:00,10.36,10.375,10.165,10.165,620579.0
9626,2023-03-14 13:00:00,10.165,10.185,10.03,10.035,914605.0
9627,2023-03-14 14:00:00,10.04,10.055,9.965,9.98,821483.0
9628,2023-03-14 15:00:00,9.98,10.02,9.83,9.99,2915101.0
9629,2023-03-14 16:00:00,10.0,10.05,9.97,10.0,84694.0
9630,2023-03-14 17:00:00,10.04,10.04,10.04,10.04,1700.0
9631,2023-03-14 18:00:00,10.05,10.07,10.05,10.07,650.0
9632,2023-03-14 19:00:00,10.01,10.01,10.01,10.01,120.0
9633,2023-03-15 05:00:00,9.97,9.97,9.97,9.97,100.0
9634,2023-03-15 06:00:00,9.85,9.85,9.78,9.78,992.0
9635,2023-03-15 07:00:00,9.83,9.9,9.68,9.69,5542.0
9636,2023-03-15 08:00:00,9.6985,9.7,9.6,9.603,4299.0
9637,2023-03-15 09:00:00,9.61,9.88,9.45,9.465,1280896.0
9638,2023-03-15 10:00:00,9.465,9.6972,9.3911,9.68,1493897.0
9639,2023-03-15 11:00:00,9.675,9.88,9.655,9.75,1074858.0
9640,2023-03-15 12:00:00,9.755,9.76,9.595,9.64,1356437.0
9641,2023-03-15 13:00:00,9.635,9.805,9.605,9.79,607861.0
9642,2023-03-15 14:00:00,9.795,9.93,9.695,9.885,878614.0
9643,2023-03-15 15:00:00,9.885,9.915,9.78,9.89,2016825.0
9644,2023-03-15 16:00:00,9.88,9.99,9.88,9.99,343188.0
9645,2023-03-15 17:00:00,9.97,9.97,9.97,9.97,100.0
9646,2023-03-15 18:00:00,9.94,9.94,9.94,9.94,180.0
9647,2023-03-15 19:00:00,9.94,9.94,9.94,9.94,800.0
9648,2023-03-16 07:00:00,9.88,9.88,9.88,9.88,335.0
9649,2023-03-16 08:00:00,9.8101,9.88,9.76,9.76,5083.0
9650,2023-03-16 09:00:00,9.76,9.835,9.665,9.745,362132.0
9651,2023-03-16 10:00:00,9.745,9.745,9.41,9.605,1243649.0
9652,2023-03-16 11:00:00,9.605,9.7,9.56,9.63,929494.0
9653,2023-03-16 12:00:00,9.635,9.665,9.5,9.665,818919.0
9654,2023-03-16 13:00:00,9.67,9.77,9.65,9.66,936570.0
9655,2023-03-16 14:00:00,9.66,9.68,9.545,9.6,862230.0
9656,2023-03-16 15:00:00,9.61,9.615,9.49,9.53,2782829.0
9657,2023-03-16 16:00:00,9.53,9.6,9.5,9.51,133935.0
9658,2023-03-16 17:00:00,9.6,9.6,9.6,9.6,100.0
9659,2023-03-17 08:00:00,9.45,9.46,9.36,9.36,5947.0
9660,2023-03-17 09:00:00,9.36,9.5,9.155,9.29,817661.0
9661,2023-03-17 10:00:00,9.3,9.36,9.09,9.155,1048099.0
9662,2023-03-17 11:00:00,9.15,9.16,8.975,9.04,1320188.0
9663,2023-03-17 12:00:00,9.04,9.14,9.01,9.035,741289.0
9664,2023-03-17 13:00:00,9.04,9.235,9.025,9.235,754878.0
9665,2023-03-17 14:00:00,9.235,9.26,9.03,9.105,1084034.0
9666,2023-03-17 15:00:00,9.105,9.24,9.07,9.1,2432271.0
9667,2023-03-17 16:00:00,9.1,9.15,9.1,9.11,886837.0
9668,2023-03-17 17:00:00,9.1,9.15,9.09,9.09,6106.0
9669,2023-03-17 19:00:00,9.1699,9.1699,9.1699,9.1699,133.0
9670,2023-03-20 05:00:00,9.0,9.0,9.0,9.0,510.0
9671,2023-03-20 06:00:00,9.1,9.1,9.1,9.1,500.0
9672,2023-03-20 07:00:00,9.12,9.12,9.09,9.1,3215.0
9673,2023-03-20 08:00:00,9.16,9.16,9.09,9.16,826.0
9674,2023-03-20 09:00:00,9.18,9.3,9.12,9.15,789538.0
9675,2023-03-20 10:00:00,9.145,9.32,9.1027,9.305,918592.0
9676,2023-03-20 11:00:00,9.31,9.35,9.23,9.23,652294.0
9677,2023-03-20 12:00:00,9.235,9.24,9.05,9.13,915946.0
9678,2023-03-20 13:00:00,9.13,9.195,9.0,9.0,752432.0
9679,2023-03-20 14:00:00,9.0099,9.03,8.865,8.91,1300140.0
9680,2023-03-20 15:00:00,8.905,9.03,8.895,8.99,2479688.0
9681,2023-03-20 16:00:00,8.99,9.01,8.99,9.01,202680.0
9682,2023-03-20 17:00:00,9.02,9.02,9.0,9.0,200.0
9683,2023-03-21 08:00:00,9.002,9.13,9.002,9.13,47464.0
9684,2023-03-21 09:00:00,9.13,9.41,9.13,9.388,638430.0
9685,2023-03-21 10:00:00,9.39,9.52,9.3023,9.485,1257045.0
9686,2023-03-21 11:00:00,9.485,9.69,9.46,9.58,1324573.0
9687,2023-03-21 12:00:00,9.58,9.64,9.5,9.58,878725.0
9688,2023-03-21 13:00:00,9.58,9.6,9.495,9.495,564181.0
9689,2023-03-21 14:00:00,9.495,9.525,9.46,9.475,645201.0
9690,2023-03-21 15:00:00,9.475,9.65,9.46,9.58,2233210.0
9691,2023-03-21 16:00:00,9.58,9.65,9.58,9.65,508880.0
9692,2023-03-21 17:00:00,9.6,9.62,9.5,9.62,900.0
9693,2023-03-21 18:00:00,9.61,9.61,9.61,9.61,100.0
9694,2023-03-21 19:00:00,9.63,9.63,9.58,9.58,443.0
9695,2023-03-22 08:00:00,9.69,9.69,9.6,9.6,2068.0
9696,2023-03-22 09:00:00,9.61,9.66,9.29,9.33,382360.0
9697,2023-03-22 10:00:00,9.335,9.465,9.315,9.395,533884.0
9698,2023-03-22 11:00:00,9.4,9.405,9.23,9.285,558898.0
9699,2023-03-22 12:00:00,9.29,9.365,9.2625,9.315,472477.0
9700,2023-03-22 13:00:00,9.31,9.36,9.275,9.33,437405.0
9701,2023-03-22 14:00:00,9.33,9.53,9.25,9.34,1182075.0
9702,2023-03-22 15:00:00,9.33,9.36,9.01,9.02,1996587.0
9703,2023-03-22 16:00:00,9.03,9.06,8.99,9.06,144788.0
9704,2023-03-22 18:00:00,9.04,9.04,9.04,9.04,319.0
9705,2023-03-22 19:00:00,9.08,9.11,9.08,9.11,2000.0
9706,2023-03-23 08:00:00,9.12,9.15,9.12,9.12,3405.0
9707,2023-03-23 09:00:00,9.12,9.1857,9.0,9.125,477866.0
9708,2023-03-23 10:00:00,9.125,9.1793,9.04,9.135,483461.0
9709,2023-03-23 11:00:00,9.14,9.17,8.93,8.9364,699710.0
9710,2023-03-23 12:00:00,8.93,8.94,8.82,8.895,1065905.0
9711,2023-03-23 13:00:00,8.905,8.935,8.785,8.82,694276.0
9712,2023-03-23 14:00:00,8.82,8.845,8.69,8.765,664174.0
9713,2023-03-23 15:00:00,8.77,8.875,8.695,8.825,1901830.0
9714,2023-03-23 16:00:00,8.84,8.89,8.82,8.89,161896.0
9715,2023-03-23 17:00:00,8.8,8.9,8.8,8.9,2502.0
9716,2023-03-23 18:00:00,8.8,8.8,8.8,8.8,500.0
9717,2023-03-23 19:00:00,8.75,8.75,8.6,8.7,8500.0
9718,2023-03-24 08:00:00,8.71,8.8,8.6501,8.68,12379.0
9719,2023-03-24 09:00:00,8.68,8.7,8.5635,8.655,805751.0
9720,2023-03-24 10:00:00,8.66,8.7,8.47,8.595,2043635.0
9721,2023-03-24 11:00:00,8.592,8.635,8.43,8.63,1937803.0
9722,2023-03-24 12:00:00,8.6376,8.67,8.575,8.605,789198.0
9723,2023-03-24 13:00:00,8.61,8.645,8.555,8.575,832375.0
9724,2023-03-24 14:00:00,8.57,8.685,8.56,8.65,687219.0
9725,2023-03-24 15:00:00,8.645,8.76,8.6,8.75,1937860.0
9726,2023-03-24 16:00:00,8.75,8.8,8.68,8.8,80054.0
9727,2023-03-24 18:00:00,8.8,8.8,8.8,8.8,2345.0
9728,2023-03-27 04:00:00,8.84,8.84,8.59,8.64,1005.0
9729,2023-03-27 05:00:00,8.61,8.61,8.59,8.59,400.0
9730,2023-03-27 06:00:00,8.54,8.54,8.52,8.52,500.0
9731,2023-03-27 07:00:00,8.52,8.6,8.49,8.53,11446.0
9732,2023-03-27 08:00:00,8.53,8.59,8.51,8.58,16255.0
9733,2023-03-27 09:00:00,8.58,8.765,8.48,8.58,897464.0
9734,2023-03-27 10:00:00,8.575,8.73,8.52,8.66,1157392.0
9735,2023-03-27 11:00:00,8.66,8.7,8.6,8.63,720546.0
9736,2023-03-27 12:00:00,8.62,8.78,8.61,8.685,2009070.0
9737,2023-03-27 13:00:00,8.685,8.72,8.605,8.635,885021.0
9738,2023-03-27 14:00:00,8.635,8.75,8.63,8.74,671312.0
9739,2023-03-27 15:00:00,8.735,8.76,8.57,8.59,2374144.0
9740,2023-03-27 16:00:00,8.6,8.6201,8.6,8.62,188216.0
9741,2023-03-27 17:00:00,8.531,8.62,8.531,8.58,6266.0
9742,2023-03-27 18:00:00,8.6,8.6,8.6,8.6,547.0
9743,2023-03-27 19:00:00,8.61,8.62,8.61,8.62,401.0
9744,2023-03-28 04:00:00,8.62,8.62,8.62,8.62,500.0
9745,2023-03-28 05:00:00,8.62,8.62,8.62,8.62,331.0
9746,2023-03-28 07:00:00,8.6,8.62,8.57,8.57,1179.0
9747,2023-03-28 08:00:00,8.62,8.64,8.6,8.6,11670.0
9748,2023-03-28 09:00:00,8.61,8.83,8.61,8.73,756763.0
9749,2023-03-28 10:00:00,8.725,8.755,8.635,8.69,613771.0
9750,2023-03-28 11:00:00,8.6919,8.9096,8.68,8.835,2200711.0
9751,2023-03-28 12:00:00,8.84,8.89,8.74,8.755,1413911.0
9752,2023-03-28 13:00:00,8.755,8.795,8.64,8.675,799757.0
9753,2023-03-28 14:00:00,8.675,8.75,8.61,8.725,992189.0
9754,2023-03-28 15:00:00,8.725,8.76,8.65,8.68,2179339.0
9755,2023-03-28 16:00:00,8.68,8.7,8.68,8.7,81741.0
9756,2023-03-28 17:00:00,8.74,8.74,8.74,8.74,2241.0
9757,2023-03-28 18:00:00,8.74,8.74,8.7,8.7,758.0
9758,2023-03-28 19:00:00,8.74,8.74,8.74,8.74,100.0
9759,2023-03-29 07:00:00,8.7,8.7,8.7,8.7,399.0
9760,2023-03-29 08:00:00,8.82,8.82,8.6612,8.82,1704.0
9761,2023-03-29 09:00:00,8.8,8.92,8.73,8.77,785947.0
9762,2023-03-29 10:00:00,8.765,8.955,8.75,8.8,2152733.0
9763,2023-03-29 11:00:00,8.81,8.955,8.78,8.94,567269.0
9764,2023-03-29 12:00:00,8.945,8.985,8.9,8.92,624652.0
9765,2023-03-29 13:00:00,8.93,8.94,8.86,8.895,642772.0
9766,2023-03-29 14:00:00,8.895,9.065,8.875,8.955,1084147.0
9767,2023-03-29 15:00:00,8.955,9.2,8.93,9.1,2309994.0
9768,2023-03-29 16:00:00,9.1,9.15,9.1,9.15,65090.0
9769,2023-03-29 18:00:00,9.1,9.1,9.1,9.1,297.0
9770,2023-03-29 19:00:00,9.1,9.1,9.1,9.1,480.0
9771,2023-03-30 07:00:00,9.27,9.28,9.27,9.28,12501.0
9772,2023-03-30 08:00:00,9.25,9.34,9.23,9.34,12606.0
9773,2023-03-30 09:00:00,9.3,9.35,9.17,9.265,940498.0
9774,2023-03-30 10:00:00,9.265,9.3193,9.155,9.28,1149991.0
9775,2023-03-30 11:00:00,9.285,9.3,9.12,9.1645,749802.0
9776,2023-03-30 12:00:00,9.165,9.17,9.065,9.07,552511.0
9777,2023-03-30 13:00:00,9.065,9.11,8.955,9.018,1033411.0
9778,2023-03-30 14:00:00,9.016,9.095,8.99,9.01,807854.0
9779,2023-03-30 15:00:00,9.01,9.065,8.93,9.02,1983085.0
9780,2023-03-30 16:00:00,9.01,9.01,9.0,9.01,60548.0
9781,2023-03-31 04:00:00,9.19,9.19,9.19,9.19,159.0
9782,2023-03-31 08:00:00,9.12,9.16,9.01,9.01,1401.0
9783,2023-03-31 09:00:00,9.1,9.1,8.955,8.995,402387.0
9784,2023-03-31 10:00:00,8.995,9.14,8.94,9.125,675125.0
9785,2023-03-31 11:00:00,9.12,9.21,9.12,9.16,426776.0
9786,2023-03-31 12:00:00,9.16,9.22,9.125,9.215,772994.0
9787,2023-03-31 13:00:00,9.21,9.26,9.19,9.225,472466.0
9788,2023-03-31 14:00:00,9.225,9.29,9.2216,9.25,535276.0
9789,2023-03-31 15:00:00,9.255,9.38,9.24,9.34,2373634.0
9790,2023-03-31 16:00:00,9.33,9.33,9.26,9.26,106884.0
9791,2023-03-31 17:00:00,9.33,9.33,9.33,9.33,100.0
9792,2023-03-31 18:00:00,9.33,9.33,9.33,9.33,400.0
9793,2023-03-31 19:00:00,9.4,9.4,9.4,9.4,530.0
9794,2023-04-03 07:00:00,9.42,9.42,9.42,9.42,1000.0
9795,2023-04-03 08:00:00,9.1,9.5,9.1,9.1149,315.0
9796,2023-04-03 09:00:00,9.33,9.49,9.11,9.155,582802.0
9797,2023-04-03 10:00:00,9.16,9.255,9.07,9.075,839836.0
9798,2023-04-03 11:00:00,9.08,9.115,9.03,9.115,614097.0
9799,2023-04-03 12:00:00,9.115,9.185,9.05,9.05,531348.0
9800,2023-04-03 13:00:00,9.05,9.06,8.93,8.94,727637.0
9801,2023-04-03 14:00:00,8.935,8.99,8.92,8.965,689405.0
9802,2023-04-03 15:00:00,8.96,9.06,8.91,9.05,1702021.0
9803,2023-04-03 16:00:00,9.05,9.05,9.05,9.05,234528.0
9804,2023-04-03 17:00:00,8.95,9.27,8.95,8.95,576.0
9805,2023-04-03 18:00:00,9.2085,9.2085,9.2085,9.2085,200.0
9806,2023-04-03 19:00:00,9.0,9.0,9.0,9.0,1000.0
9807,2023-04-04 08:00:00,9.16,9.16,9.16,9.16,250.0
9808,2023-04-04 09:00:00,9.13,9.15,8.8,8.845,658411.0
9809,2023-04-04 10:00:00,8.845,8.905,8.62,8.625,938564.0
9810,2023-04-04 11:00:00,8.625,8.68,8.55,8.64,934760.0
9811,2023-04-04 12:00:00,8.645,8.67,8.535,8.55,1146413.0
9812,2023-04-04 13:00:00,8.54,8.61,8.515,8.59,3124728.0
9813,2023-04-04 14:00:00,8.595,8.65,8.565,8.585,1460782.0
9814,2023-04-04 15:00:00,8.585,8.695,8.56,8.66,3430019.0
9815,2023-04-04 16:00:00,8.65,8.67,8.65,8.67,94723.0
9816,2023-04-04 17:00:00,8.7,8.7,8.6,8.65,6113.0
9817,2023-04-04 18:00:00,8.6,8.6,8.6,8.6,185.0
9818,2023-04-04 19:00:00,8.68,8.68,8.68,8.68,100.0
9819,2023-04-05 07:00:00,8.7,8.7,8.7,8.7,1557.0
9820,2023-04-05 08:00:00,8.64,8.64,8.64,8.64,143.0
9821,2023-04-05 09:00:00,8.58,8.6,8.47,8.555,573452.0
9822,2023-04-05 10:00:00,8.56,8.565,8.305,8.34,959027.0
9823,2023-04-05 11:00:00,8.345,8.455,8.335,8.43,616842.0
9824,2023-04-05 12:00:00,8.435,8.545,8.39,8.54,624193.0
9825,2023-04-05 13:00:00,8.54,8.65,8.52,8.56,555770.0
9826,2023-04-05 14:00:00,8.56,8.62,8.54,8.555,456781.0
9827,2023-04-05 15:00:00,8.555,8.63,8.51,8.535,1887197.0
9828,2023-04-05 16:00:00,8.53,8.5812,8.4984,8.4984,92944.0
9829,2023-04-05 17:00:00,8.69,8.69,8.69,8.69,2000.0
9830,2023-04-06 08:00:00,8.55,8.55,8.53,8.53,5143.0
9831,2023-04-06 09:00:00,8.54,8.59,8.46,8.545,395855.0
9832,2023-04-06 10:00:00,8.545,8.69,8.545,8.685,799155.0
9833,2023-04-06 11:00:00,8.685,8.88,8.685,8.88,1001146.0
9834,2023-04-06 12:00:00,8.88,9.2,8.875,9.075,1904669.0
9835,2023-04-06 13:00:00,9.075,9.14,8.965,8.98,1439188.0
9836,2023-04-06 14:00:00,8.985,8.99,8.84,8.845,874861.0
9837,2023-04-06 15:00:00,8.85,8.86,8.76,8.765,1991742.0
9838,2023-04-06 16:00:00,8.77,8.85,8.75,8.85,104785.0
9839,2023-04-06 18:00:00,8.85,8.85,8.85,8.85,100.0
9840,2023-04-06 19:00:00,8.82,8.82,8.8,8.82,1701.0
9841,2023-04-10 04:00:00,9.0,9.0,9.0,9.0,315.0
9842,2023-04-10 07:00:00,8.82,8.82,8.74,8.76,3934.0
9843,2023-04-10 09:00:00,8.76,8.845,8.63,8.78,387674.0
9844,2023-04-10 10:00:00,8.775,8.89,8.755,8.875,748439.0
9845,2023-04-10 11:00:00,8.88,8.92,8.725,8.725,638601.0
9846,2023-04-10 12:00:00,8.72,8.74,8.665,8.73,680239.0
9847,2023-04-10 13:00:00,8.725,8.82,8.725,8.785,384444.0
9848,2023-04-10 14:00:00,8.79,8.84,8.76,8.838,420759.0
9849,2023-04-10 15:00:00,8.835,8.9,8.83,8.86,1336582.0
9850,2023-04-10 16:00:00,8.86,8.87,8.86,8.87,112606.0
9851,2023-04-10 18:00:00,8.87,8.87,8.86,8.86,580.0
9852,2023-04-10 19:00:00,8.86,8.86,8.86,8.86,100.0
9853,2023-04-11 04:00:00,8.86,8.86,8.86,8.86,354.0
9854,2023-04-11 07:00:00,8.9,8.9,8.9,8.9,200.0
9855,2023-04-11 08:00:00,8.86,8.86,8.86,8.86,5400.0
9856,2023-04-11 09:00:00,8.9,8.9675,8.86,8.89,343984.0
9857,2023-04-11 10:00:00,8.885,9.075,8.875,8.96,839217.0
9858,2023-04-11 11:00:00,8.965,9.01,8.915,8.93,510061.0
9859,2023-04-11 12:00:00,8.93,9.0,8.92,8.92,339497.0
9860,2023-04-11 13:00:00,8.925,8.995,8.905,8.985,452589.0
9861,2023-04-11 14:00:00,8.985,9.015,8.96,8.985,433091.0
9862,2023-04-11 15:00:00,8.99,9.02,8.9,8.91,2090613.0
9863,2023-04-11 16:00:00,8.92,8.96,8.9,8.96,64854.0
9864,2023-04-11 17:00:00,9.1,9.1,8.92,8.92,400.0
9865,2023-04-11 18:00:00,8.92,8.92,8.92,8.92,322.0
9866,2023-04-12 08:00:00,8.8368,9.12,8.8213,9.06,1861.0
9867,2023-04-12 09:00:00,9.03,9.0816,8.68,8.7,860176.0
9868,2023-04-12 10:00:00,8.695,8.74,8.35,8.3701,1839889.0
9869,2023-04-12 11:00:00,8.37,8.38,8.17,8.33,1593928.0
9870,2023-04-12 12:00:00,8.325,8.485,8.31,8.455,1118664.0
9871,2023-04-12 13:00:00,8.455,8.5153,8.315,8.335,1153348.0
9872,2023-04-12 14:00:00,8.33,8.36,8.19,8.25,917911.0
9873,2023-04-12 15:00:00,8.24,8.285,8.02,8.08,3332992.0
9874,2023-04-12 16:00:00,8.08,8.12,8.08,8.1,121725.0
9875,2023-04-12 17:00:00,8.1,8.11,8.03,8.1,11771.0
9876,2023-04-12 18:00:00,8.08,8.1099,8.0314,8.1099,2072.0
9877,2023-04-12 19:00:00,8.09,8.1,8.06,8.08,3206.0
9878,2023-04-13 07:00:00,8.11,8.16,8.11,8.16,3604.0
9879,2023-04-13 08:00:00,8.1797,8.29,8.1,8.16,62105.0
9880,2023-04-13 09:00:00,8.1001,8.36,8.06,8.285,855466.0
9881,2023-04-13 10:00:00,8.2801,8.55,8.2801,8.485,1179676.0
9882,2023-04-13 11:00:00,8.49,8.51,8.34,8.39,798995.0
9883,2023-04-13 12:00:00,8.39,8.5075,8.385,8.47,738516.0
9884,2023-04-13 13:00:00,8.475,8.57,8.43,8.435,1281453.0
9885,2023-04-13 14:00:00,8.4397,8.46,8.33,8.35,981212.0
9886,2023-04-13 15:00:00,8.35,8.4,8.33,8.34,1729891.0
9887,2023-04-13 16:00:00,8.34,8.34,8.31,8.3203,3646.0
9888,2023-04-13 17:00:00,8.39,8.44,8.36,8.44,1200.0
9889,2023-04-13 18:00:00,8.4,8.4,8.36,8.36,200.0
9890,2023-04-13 19:00:00,8.4,8.4,8.36,8.36,20237.0
9891,2023-04-14 08:00:00,8.36,8.36,8.34,8.34,5330.0
9892,2023-04-14 09:00:00,8.31,8.335,8.1623,8.205,636578.0
9893,2023-04-14 10:00:00,8.2,8.22,7.92,7.94,1512285.0
9894,2023-04-14 11:00:00,7.94,7.955,7.85,7.93,1316567.0
9895,2023-04-14 12:00:00,7.925,7.925,7.82,7.85,1065010.0
9896,2023-04-14 13:00:00,7.845,7.9275,7.795,7.81,831081.0
9897,2023-04-14 14:00:00,7.815,7.84,7.77,7.815,932778.0
9898,2023-04-14 15:00:00,7.82,7.855,7.72,7.85,2197739.0
9899,2023-04-14 16:00:00,7.84,7.88,7.84,7.86,51916.0
9900,2023-04-14 17:00:00,7.86,7.86,7.82,7.82,1761.0
9901,2023-04-14 18:00:00,7.86,7.86,7.82,7.82,2930.0
9902,2023-04-17 06:00:00,7.85,7.85,7.85,7.85,200.0
9903,2023-04-17 07:00:00,7.99,8.0,7.8,7.8,1450.0
9904,2023-04-17 08:00:00,7.78,7.95,7.78,7.85,5494.0
9905,2023-04-17 09:00:00,7.85,7.95,7.67,7.905,762631.0
9906,2023-04-17 10:00:00,7.9,8.02,7.875,8.01,1084043.0
9907,2023-04-17 11:00:00,8.02,8.12,7.975,8.075,1254997.0
9908,2023-04-17 12:00:00,8.075,8.11,8.06,8.0775,586634.0
9909,2023-04-17 13:00:00,8.0799,8.11,7.87,8.015,530391.0
9910,2023-04-17 14:00:00,8.015,8.13,8.0,8.125,464119.0
9911,2023-04-17 15:00:00,8.125,8.21,8.1,8.145,1511530.0
9912,2023-04-17 16:00:00,8.14,8.16,8.14,8.14,89718.0
9913,2023-04-17 17:00:00,8.1388,8.1388,8.1388,8.1388,124.0
9914,2023-04-17 19:00:00,8.15,8.16,8.15,8.16,1122.0
9915,2023-04-18 06:00:00,8.28,8.28,8.28,8.28,100.0
9916,2023-04-18 07:00:00,8.29,8.29,8.29,8.29,197.0
9917,2023-04-18 08:00:00,8.2,8.28,8.2,8.25,6818.0
9918,2023-04-18 09:00:00,8.25,8.25,7.925,7.94,601231.0
9919,2023-04-18 10:00:00,7.94,7.945,7.74,7.84,1318223.0
9920,2023-04-18 11:00:00,7.84,7.88,7.8,7.815,694770.0
9921,2023-04-18 12:00:00,7.8153,7.91,7.8123,7.855,497687.0
9922,2023-04-18 13:00:00,7.855,7.865,7.77,7.83,709469.0
9923,2023-04-18 14:00:00,7.83,7.87,7.81,7.84,878619.0
9924,2023-04-18 15:00:00,7.845,7.87,7.77,7.78,1493632.0
9925,2023-04-18 16:00:00,7.78,7.83,7.77,7.8199,245587.0
9926,2023-04-18 17:00:00,7.83,7.83,7.82,7.82,1500.0
9927,2023-04-18 18:00:00,7.82,7.82,7.8,7.8,1700.0
9928,2023-04-18 19:00:00,7.81,7.82,7.81,7.82,4065.0
9929,2023-04-19 04:00:00,7.77,7.77,7.77,7.77,2837.0
9930,2023-04-19 05:00:00,7.77,7.77,7.77,7.77,100.0
9931,2023-04-19 07:00:00,7.72,7.72,7.72,7.72,500.0
9932,2023-04-19 08:00:00,7.78,7.78,7.71,7.72,7247.0
9933,2023-04-19 09:00:00,7.72,7.81,7.64,7.705,769601.0
9934,2023-04-19 10:00:00,7.705,7.84,7.66,7.755,894315.0
9935,2023-04-19 11:00:00,7.755,7.9,7.73,7.885,917675.0
9936,2023-04-19 12:00:00,7.88,7.925,7.8607,7.885,1702821.0
9937,2023-04-19 13:00:00,7.88,7.9494,7.875,7.92,677444.0
9938,2023-04-19 14:00:00,7.925,7.945,7.84,7.8875,1235291.0
9939,2023-04-19 15:00:00,7.88,7.935,7.79,7.82,2003055.0
9940,2023-04-19 16:00:00,7.83,7.84,7.82,7.82,126129.0
9941,2023-04-19 17:00:00,7.8,7.8003,7.8,7.8,340.0
9942,2023-04-19 18:00:00,7.83,7.83,7.82,7.82,5099.0
9943,2023-04-19 19:00:00,7.81,7.81,7.73,7.79,1620.0
9944,2023-04-20 07:00:00,7.78,7.78,7.73,7.73,301.0
9945,2023-04-20 08:00:00,7.75,7.83,7.67,7.75,4037.0
9946,2023-04-20 09:00:00,7.75,7.75,7.565,7.575,650608.0
9947,2023-04-20 10:00:00,7.5797,7.65,7.52,7.595,849690.0
9948,2023-04-20 11:00:00,7.595,7.62,7.55,7.565,778962.0
9949,2023-04-20 12:00:00,7.56,7.57,7.51,7.525,670141.0
9950,2023-04-20 13:00:00,7.53,7.69,7.511,7.6,1201841.0
9951,2023-04-20 14:00:00,7.605,7.6085,7.51,7.515,641595.0
9952,2023-04-20 15:00:00,7.515,7.605,7.495,7.54,2632462.0
9953,2023-04-20 16:00:00,7.53,7.58,7.53,7.54,68374.0
9954,2023-04-20 17:00:00,7.52,7.52,7.52,7.52,206.0
9955,2023-04-20 18:00:00,7.54,7.55,7.52,7.55,2100.0
9956,2023-04-20 19:00:00,7.54,7.55,7.52,7.52,1137.0
9957,2023-04-21 04:00:00,7.53,7.53,7.53,7.53,300.0
9958,2023-04-21 07:00:00,7.52,7.52,7.52,7.52,134.0
9959,2023-04-21 08:00:00,7.55,7.55,7.54,7.54,808.0
9960,2023-04-21 09:00:00,7.54,7.61,7.45,7.54,694955.0
9961,2023-04-21 10:00:00,7.53,7.55,7.46,7.465,768455.0
9962,2023-04-21 11:00:00,7.465,7.52,7.42,7.445,788324.0
9963,2023-04-21 12:00:00,7.445,7.52,7.445,7.505,609554.0
9964,2023-04-21 13:00:00,7.505,7.625,7.475,7.625,676281.0
9965,2023-04-21 14:00:00,7.63,7.64,7.59,7.615,864609.0
9966,2023-04-21 15:00:00,7.615,7.625,7.54,7.585,1911453.0
9967,2023-04-21 16:00:00,7.58,7.58,7.56,7.56,51773.0
9968,2023-04-21 17:00:00,7.6,7.6,7.6,7.6,763.0
9969,2023-04-21 18:00:00,7.5992,7.6,7.5992,7.6,739.0
9970,2023-04-21 19:00:00,7.5601,7.5601,7.55,7.55,4909.0
9971,2023-04-24 07:00:00,7.58,7.58,7.58,7.58,307.0
9972,2023-04-24 08:00:00,7.57,7.7399,7.57,7.64,4600.0
9973,2023-04-24 09:00:00,7.68,7.69,7.55,7.6299,618045.0
9974,2023-04-24 10:00:00,7.625,7.73,7.525,7.535,988169.0
9975,2023-04-24 11:00:00,7.53,7.54,7.43,7.476,836972.0
9976,2023-04-24 12:00:00,7.48,7.54,7.47,7.525,549718.0
9977,2023-04-24 13:00:00,7.525,7.57,7.48,7.55,533999.0
9978,2023-04-24 14:00:00,7.56,7.57,7.46,7.48,593654.0
9979,2023-04-24 15:00:00,7.485,7.51,7.46,7.5,1669475.0
9980,2023-04-24 16:00:00,7.49,7.5085,7.49,7.5085,73036.0
9981,2023-04-24 17:00:00,7.5,7.5,7.5,7.5,100.0
9982,2023-04-24 18:00:00,7.46,7.5,7.46,7.5,2100.0
9983,2023-04-24 19:00:00,7.4687,7.4687,7.4687,7.4687,206.0
9984,2023-04-25 06:00:00,7.38,7.42,7.3,7.3,4119.0
9985,2023-04-25 07:00:00,7.42,7.42,7.42,7.42,648.0
9986,2023-04-25 08:00:00,7.3933,7.5,7.39,7.5,3473.0
9987,2023-04-25 09:00:00,7.45,7.61,7.26,7.295,1121864.0
9988,2023-04-25 10:00:00,7.29,7.33,7.16,7.175,1834639.0
9989,2023-04-25 11:00:00,7.175,7.2075,7.13,7.16,1232948.0
9990,2023-04-25 12:00:00,7.16,7.2,7.07,7.08,1061561.0
9991,2023-04-25 13:00:00,7.08,7.1,7.01,7.03,1142277.0
9992,2023-04-25 14:00:00,7.035,7.115,6.98,7.045,1144752.0
9993,2023-04-25 15:00:00,7.045,7.07,6.97,6.98,2591560.0
9994,2023-04-25 16:00:00,6.98,7.02,6.97,7.02,86125.0
9995,2023-04-25 17:00:00,7.02,7.02,7.0,7.0,2934.0
9996,2023-04-25 18:00:00,7.05,7.0648,7.05,7.05,648.0
9997,2023-04-25 19:00:00,7.04,7.04,7.0006,7.0018,2700.0
9998,2023-04-26 07:00:00,7.05,7.05,6.99,7.0,12300.0
9999,2023-04-26 08:00:00,6.91,7.1185,6.91,7.02,1983.0
10000,2023-04-26 09:00:00,7.11,7.29,7.0,7.11,1342219.0
10001,2023-04-26 10:00:00,7.1,7.17,6.99,7.0836,828937.0
10002,2023-04-26 11:00:00,7.085,7.135,7.04,7.09,601006.0
10003,2023-04-26 12:00:00,7.1,7.11,7.02,7.045,443939.0
10004,2023-04-26 13:00:00,7.045,7.1,7.02,7.035,659636.0
10005,2023-04-26 14:00:00,7.035,7.05,6.935,6.95,666864.0
10006,2023-04-26 15:00:00,6.955,6.96,6.91,6.94,1450291.0
10007,2023-04-26 16:00:00,6.95,7.01,6.94,7.01,83358.0
10008,2023-04-26 17:00:00,7.05,7.05,6.97,7.05,313.0
10009,2023-04-26 18:00:00,6.98,6.98,6.95,6.95,1100.0
10010,2023-04-27 07:00:00,7.1,7.1,7.1,7.1,5500.0
10011,2023-04-27 08:00:00,7.0,7.0,7.0,7.0,1147.0
10012,2023-04-27 09:00:00,7.1,7.14,6.9899,7.125,679381.0
10013,2023-04-27 10:00:00,7.125,7.23,7.09,7.17,854860.0
10014,2023-04-27 11:00:00,7.175,7.28,7.14,7.275,805890.0
10015,2023-04-27 12:00:00,7.275,7.37,7.275,7.345,601019.0
10016,2023-04-27 13:00:00,7.345,7.39,7.26,7.325,678930.0
10017,2023-04-27 14:00:00,7.33,7.36,7.27,7.325,713305.0
10018,2023-04-27 15:00:00,7.33,7.35,7.285,7.32,2326094.0
10019,2023-04-27 16:00:00,7.32,7.32,7.3,7.3,35218.0
10020,2023-04-27 18:00:00,7.29,7.29,7.29,7.29,100.0
10021,2023-04-27 19:00:00,7.29,7.2903,7.29,7.29,450.0
10022,2023-04-28 07:00:00,7.31,7.31,7.24,7.24,2044.0
10023,2023-04-28 08:00:00,7.25,7.31,7.24,7.3,435.0
10024,2023-04-28 09:00:00,7.29,7.405,7.15,7.34,772756.0
10025,2023-04-28 10:00:00,7.34,7.54,7.33,7.445,1058945.0
10026,2023-04-28 11:00:00,7.45,7.52,7.41,7.49,471549.0
10027,2023-04-28 12:00:00,7.4988,7.52,7.445,7.515,675402.0
10028,2023-04-28 13:00:00,7.5155,7.57,7.465,7.555,754525.0
10029,2023-04-28 14:00:00,7.555,7.615,7.51,7.5391,861985.0
10030,2023-04-28 15:00:00,7.53,7.57,7.47,7.52,1696445.0
10031,2023-04-28 16:00:00,7.51,7.52,7.51,7.52,88208.0
10032,2023-04-28 17:00:00,7.52,7.52,7.4,7.4,48493.0
10033,2023-04-28 19:00:00,7.41,7.4799,7.41,7.4799,1625.0
10034,2023-05-01 08:00:00,7.5093,7.52,7.5093,7.51,2746.0
10035,2023-05-01 09:00:00,7.48,7.575,7.415,7.545,496689.0
10036,2023-05-01 10:00:00,7.54,7.57,7.435,7.52,930027.0
10037,2023-05-01 11:00:00,7.53,7.535,7.3613,7.44,671227.0
10038,2023-05-01 12:00:00,7.438,7.56,7.4101,7.545,731624.0
10039,2023-05-01 13:00:00,7.545,7.555,7.49,7.505,583195.0
10040,2023-05-01 14:00:00,7.505,7.51,7.385,7.445,705432.0
10041,2023-05-01 15:00:00,7.45,7.49,7.385,7.395,2079514.0
10042,2023-05-01 16:00:00,7.41,7.41,7.4,7.4,91526.0
10043,2023-05-02 07:00:00,7.4,7.4,7.4,7.4,143.0
10044,2023-05-02 08:00:00,7.3301,7.3301,7.3301,7.3301,114.0
10045,2023-05-02 09:00:00,7.34,7.34,7.095,7.125,594696.0
10046,2023-05-02 10:00:00,7.125,7.128,6.84,6.855,1413095.0
10047,2023-05-02 11:00:00,6.86,7.02,6.8359,7.005,1213934.0
10048,2023-05-02 12:00:00,7.01,7.04,6.97,7.0,731680.0
10049,2023-05-02 13:00:00,7.0,7.09,6.99,7.09,1071157.0
10050,2023-05-02 14:00:00,7.09,7.11,7.0101,7.075,1035234.0
10051,2023-05-02 15:00:00,7.08,7.12,7.01,7.04,2084740.0
10052,2023-05-02 16:00:00,7.04,7.04,7.03,7.03,53016.0
10053,2023-05-02 17:00:00,7.02,7.02,7.0,7.02,5200.0
10054,2023-05-02 19:00:00,7.0,7.0,7.0,7.0,200.0
10055,2023-05-03 08:00:00,7.05,7.09,7.05,7.089,10036.0
10056,2023-05-03 09:00:00,7.01,7.305,6.96,7.2,755716.0
10057,2023-05-03 10:00:00,7.205,7.3,7.16,7.255,1281408.0
10058,2023-05-03 11:00:00,7.25,7.28,7.19,7.19,642248.0
10059,2023-05-03 12:00:00,7.19,7.275,7.18,7.195,544344.0
10060,2023-05-03 13:00:00,7.195,7.26,7.17,7.245,854865.0
10061,2023-05-03 14:00:00,7.24,7.29,7.145,7.255,1530153.0
10062,2023-05-03 15:00:00,7.25,7.27,6.94,6.98,3578932.0
10063,2023-05-03 16:00:00,6.99,7.01,6.99,7.0,45487.0
10064,2023-05-03 17:00:00,7.06,7.11,7.06,7.09,2842.0
10065,2023-05-03 18:00:00,6.96,6.96,6.96,6.96,1000.0
10066,2023-05-03 19:00:00,7.0,7.0,6.8,6.8,16217.0
10067,2023-05-04 07:00:00,6.99,6.99,6.91,6.91,1111.0
10068,2023-05-04 08:00:00,6.99,6.99,6.89,6.9098,4374.0
10069,2023-05-04 09:00:00,6.9,7.02,6.815,6.83,762384.0
10070,2023-05-04 10:00:00,6.83,6.83,6.59,6.62,1496454.0
10071,2023-05-04 11:00:00,6.625,6.73,6.62,6.64,1125970.0
10072,2023-05-04 12:00:00,6.645,6.7,6.58,6.6062,971010.0
10073,2023-05-04 13:00:00,6.61,6.71,6.59,6.62,1304296.0
10074,2023-05-04 14:00:00,6.625,6.75,6.62,6.705,2193956.0
10075,2023-05-04 15:00:00,6.71,6.72,6.58,6.64,2720914.0
10076,2023-05-04 16:00:00,6.65,6.65,6.65,6.65,70202.0
10077,2023-05-04 17:00:00,6.64,6.64,6.6,6.6,500.0
10078,2023-05-04 18:00:00,6.65,6.74,6.65,6.73,800.0
10079,2023-05-04 19:00:00,6.72,6.72,6.64,6.64,2252.0
10080,2023-05-05 07:00:00,6.7,6.7,6.7,6.7,100.0
10081,2023-05-05 08:00:00,6.7,6.79,6.65,6.74,9216.0
10082,2023-05-05 09:00:00,6.74,6.89,6.72,6.77,948159.0
10083,2023-05-05 10:00:00,6.765,6.855,6.72,6.84,1535210.0
10084,2023-05-05 11:00:00,6.84,7.01,6.83,6.99,1429715.0
10085,2023-05-05 12:00:00,6.99,7.09,6.95,7.02,980548.0
10086,2023-05-05 13:00:00,7.025,7.05,6.955,7.045,2561412.0
10087,2023-05-05 14:00:00,7.045,7.225,7.04,7.165,1598877.0
10088,2023-05-05 15:00:00,7.165,7.2,7.11,7.13,3718125.0
10089,2023-05-05 16:00:00,7.12,7.3,7.12,7.28,168783.0
10090,2023-05-05 17:00:00,7.22,7.28,7.22,7.28,3871.0
10091,2023-05-05 18:00:00,7.28,7.28,7.25,7.25,650.0
10092,2023-05-05 19:00:00,7.27,7.28,7.25,7.25,2290.0
10093,2023-05-08 04:00:00,7.27,7.27,7.26,7.26,1701.0
10094,2023-05-08 05:00:00,7.53,7.53,7.26,7.53,3853.0
10095,2023-05-08 06:00:00,7.44,7.57,6.68,7.0,23894.0
10096,2023-05-08 07:00:00,7.15,7.15,6.75,6.75,43600.0
10097,2023-05-08 08:00:00,7.16,7.2199,6.72,6.85,133147.0
10098,2023-05-08 09:00:00,6.94,7.58,6.85,7.01,1755913.0
10099,2023-05-08 10:00:00,7.02,7.26,6.96,7.24,2066106.0
10100,2023-05-08 11:00:00,7.235,7.54,7.23,7.385,2245053.0
10101,2023-05-08 12:00:00,7.385,7.505,7.08,7.1325,1947786.0
10102,2023-05-08 13:00:00,7.135,7.205,7.07,7.16,2396562.0
10103,2023-05-08 14:00:00,7.17,7.32,7.15,7.285,2043908.0
10104,2023-05-08 15:00:00,7.285,7.33,7.225,7.28,2659238.0
10105,2023-05-08 16:00:00,7.27,7.33,7.23,7.33,34639.0
10106,2023-05-08 17:00:00,7.26,7.26,7.26,7.26,136.0
10107,2023-05-09 08:00:00,7.26,7.26,7.12,7.12,831.0
10108,2023-05-09 09:00:00,7.11,7.3,6.795,6.825,2006190.0
10109,2023-05-09 10:00:00,6.825,6.91,6.665,6.835,2752300.0
10110,2023-05-09 11:00:00,6.83,6.85,6.73,6.755,2272880.0
10111,2023-05-09 12:00:00,6.7599,6.785,6.55,6.56,2615240.0
10112,2023-05-09 13:00:00,6.5624,6.61,6.51,6.6031,2018282.0
10113,2023-05-09 14:00:00,6.605,6.71,6.5,6.52,1723082.0
10114,2023-05-09 15:00:00,6.525,6.56,6.385,6.455,5284405.0
10115,2023-05-09 16:00:00,6.46,6.46,6.38,6.41,57659.0
10116,2023-05-09 17:00:00,6.43,6.44,6.41,6.44,2620.0
10117,2023-05-09 18:00:00,6.4397,6.44,6.42,6.42,16825.0
10118,2023-05-09 19:00:00,6.4101,6.44,6.4001,6.44,8307.0
10119,2023-05-10 04:00:00,6.39,6.39,6.39,6.39,1100.0
10120,2023-05-10 06:00:00,6.45,6.45,6.45,6.45,160.0
10121,2023-05-10 07:00:00,6.45,6.48,6.45,6.48,300.0
10122,2023-05-10 08:00:00,6.4401,6.58,6.44,6.57,18182.0
10123,2023-05-10 09:00:00,6.44,6.56,6.23,6.255,1565007.0
10124,2023-05-10 10:00:00,6.255,6.3096,6.1,6.16,3279656.0
10125,2023-05-10 11:00:00,6.16,6.36,6.16,6.255,1844124.0
10126,2023-05-10 12:00:00,6.255,6.26,6.155,6.175,1237582.0
10127,2023-05-10 13:00:00,6.17,6.23,6.14,6.185,1150364.0
10128,2023-05-10 14:00:00,6.19,6.21,6.155,6.205,1015581.0
10129,2023-05-10 15:00:00,6.205,6.37,6.2,6.285,3003571.0
10130,2023-05-10 16:00:00,6.285,6.29,6.23,6.29,36422.0
10131,2023-05-10 18:00:00,6.29,6.29,6.29,6.29,1222.0
10132,2023-05-11 07:00:00,6.3,6.35,6.3,6.35,2167.0
10133,2023-05-11 08:00:00,6.35,6.35,6.3,6.35,1275.0
10134,2023-05-11 09:00:00,6.26,6.3,6.1,6.22,1735186.0
10135,2023-05-11 10:00:00,6.22,6.275,6.1,6.275,2108427.0
10136,2023-05-11 11:00:00,6.28,6.37,6.255,6.295,1313065.0
10137,2023-05-11 12:00:00,6.295,6.3575,6.29,6.31,1045118.0
10138,2023-05-11 13:00:00,6.31,6.395,6.23,6.29,1667731.0
10139,2023-05-11 14:00:00,6.29,6.29,6.18,6.195,1552987.0
10140,2023-05-11 15:00:00,6.195,6.25,6.17,6.24,4268741.0
10141,2023-05-11 16:00:00,6.23,6.23,6.23,6.23,28816.0
10142,2023-05-11 17:00:00,6.29,6.29,6.29,6.29,150.0
10143,2023-05-11 18:00:00,6.29,6.29,6.29,6.29,107.0
10144,2023-05-11 19:00:00,6.28,6.2889,6.28,6.2889,200.0
10145,2023-05-12 04:00:00,6.29,6.29,6.29,6.29,225.0
10146,2023-05-12 07:00:00,6.3,6.3,6.3,6.3,150.0
10147,2023-05-12 08:00:00,6.2611,6.2611,6.26,6.26,2225.0
10148,2023-05-12 09:00:00,6.28,6.28,5.94,6.065,1110610.0
10149,2023-05-12 10:00:00,6.06,6.27,5.995,6.2098,4054187.0
10150,2023-05-12 11:00:00,6.205,6.24,6.12,6.165,1368686.0
10151,2023-05-12 12:00:00,6.165,6.1787,6.1,6.12,1204210.0
10152,2023-05-12 13:00:00,6.115,6.195,6.09,6.135,1556996.0
10153,2023-05-12 14:00:00,6.135,6.17,6.105,6.16,1790114.0
10154,2023-05-12 15:00:00,6.155,6.18,6.12,6.155,2820438.0
10155,2023-05-12 16:00:00,6.16,6.19,6.16,6.19,77166.0
10156,2023-05-12 17:00:00,6.2,6.21,6.2,6.21,733.0
10157,2023-05-12 18:00:00,6.19,6.2,6.17,6.2,1016.0
10158,2023-05-12 19:00:00,6.19,6.19,6.15,6.15,728.0
10159,2023-05-15 08:00:00,6.28,6.28,6.2,6.2,5088.0
10160,2023-05-15 09:00:00,6.22,6.38,6.17,6.305,1005727.0
10161,2023-05-15 10:00:00,6.305,6.475,6.25,6.4699,1695031.0
10162,2023-05-15 11:00:00,6.465,6.55,6.46,6.501,1372753.0
10163,2023-05-15 12:00:00,6.505,6.59,6.475,6.585,1337221.0
10164,2023-05-15 13:00:00,6.585,6.64,6.53,6.605,1674316.0
10165,2023-05-15 14:00:00,6.61,6.62,6.565,6.58,1038736.0
10166,2023-05-15 15:00:00,6.575,6.6,6.53,6.56,2595747.0
10167,2023-05-15 16:00:00,6.57,6.58,6.57,6.58,308251.0
10168,2023-05-15 17:00:00,6.57,6.89,6.57,6.76,127539.0
10169,2023-05-15 18:00:00,6.79,6.79,6.75,6.76,11406.0
10170,2023-05-15 19:00:00,6.8,6.84,6.76,6.83,10694.0
10171,2023-05-16 04:00:00,6.77,6.77,6.77,6.77,450.0
10172,2023-05-16 06:00:00,6.85,6.86,6.82,6.83,3446.0
10173,2023-05-16 07:00:00,6.83,7.0,6.82,6.99,71413.0
10174,2023-05-16 08:00:00,6.8594,7.15,6.85,7.0,148858.0
10175,2023-05-16 09:00:00,7.0,7.08,6.57,6.65,2495692.0
10176,2023-05-16 10:00:00,6.65,6.715,6.57,6.69,1705553.0
10177,2023-05-16 11:00:00,6.695,6.715,6.595,6.61,1064738.0
10178,2023-05-16 12:00:00,6.6089,6.64,6.57,6.625,912181.0
10179,2023-05-16 13:00:00,6.625,6.63,6.48,6.535,1001195.0
10180,2023-05-16 14:00:00,6.54,6.6,6.47,6.585,1313776.0
10181,2023-05-16 15:00:00,6.585,6.585,6.475,6.485,2158586.0
10182,2023-05-16 16:00:00,6.48,6.59,6.48,6.59,72539.0
10183,2023-05-16 17:00:00,6.51,6.51,6.5,6.5006,2100.0
10184,2023-05-16 18:00:00,6.5888,6.59,6.588,6.59,1047.0
10185,2023-05-16 19:00:00,6.55,6.55,6.54,6.54,1100.0
10186,2023-05-17 06:00:00,6.48,6.48,6.48,6.48,200.0
10187,2023-05-17 08:00:00,6.6,6.6,6.6,6.6,700.0
10188,2023-05-17 09:00:00,6.56,6.63,6.485,6.515,444964.0
10189,2023-05-17 10:00:00,6.51,6.9,6.495,6.8801,1675597.0
10190,2023-05-17 11:00:00,6.89,6.925,6.805,6.865,1836188.0
10191,2023-05-17 12:00:00,6.865,6.97,6.7606,6.965,1085119.0
10192,2023-05-17 13:00:00,6.9694,6.98,6.9,6.925,1096195.0
10193,2023-05-17 14:00:00,6.925,6.945,6.85,6.85,785028.0
10194,2023-05-17 15:00:00,6.855,6.91,6.845,6.85,2082947.0
10195,2023-05-17 16:00:00,6.86,6.86,6.77,6.77,110661.0
10196,2023-05-17 17:00:00,6.81,6.81,6.79,6.79,532.0
10197,2023-05-17 18:00:00,6.79,6.79,6.79,6.79,100.0
10198,2023-05-17 19:00:00,6.8,6.84,6.8,6.84,660.0
10199,2023-05-18 04:00:00,6.8,6.8,6.8,6.8,100.0
10200,2023-05-18 07:00:00,6.84,6.84,6.84,6.84,100.0
10201,2023-05-18 08:00:00,6.81,6.8589,6.8,6.8,2798.0
10202,2023-05-18 09:00:00,6.8,6.82,6.6398,6.715,618410.0
10203,2023-05-18 10:00:00,6.715,6.83,6.69,6.81,838752.0
10204,2023-05-18 11:00:00,6.805,6.8777,6.8,6.82,942837.0
10205,2023-05-18 12:00:00,6.8194,6.855,6.68,6.85,1348671.0
10206,2023-05-18 13:00:00,6.855,6.92,6.81,6.83,796616.0
10207,2023-05-18 14:00:00,6.83,6.93,6.825,6.93,693703.0
10208,2023-05-18 15:00:00,6.925,7.03,6.925,6.96,3720950.0
10209,2023-05-18 16:00:00,6.96,6.96,6.81,6.94,64195.0
10210,2023-05-18 17:00:00,6.95,6.95,6.8546,6.861,1100.0
10211,2023-05-18 18:00:00,6.94,6.9491,6.94,6.9491,6344.0
10212,2023-05-18 19:00:00,6.94,6.94,6.88,6.88,514.0
10213,2023-05-19 07:00:00,6.85,6.85,6.85,6.85,140.0
10214,2023-05-19 08:00:00,6.93,6.93,6.85,6.85,933.0
10215,2023-05-19 09:00:00,6.85,7.01,6.84,6.9059,492720.0
10216,2023-05-19 10:00:00,6.9,6.91,6.83,6.895,695307.0
10217,2023-05-19 11:00:00,6.895,6.92,6.75,6.765,871971.0
10218,2023-05-19 12:00:00,6.76,6.795,6.67,6.725,810171.0
10219,2023-05-19 13:00:00,6.73,6.78,6.7,6.715,635160.0
10220,2023-05-19 14:00:00,6.715,6.8,6.715,6.77,700828.0
10221,2023-05-19 15:00:00,6.77,6.78,6.69,6.695,1789772.0
10222,2023-05-19 16:00:00,6.7,6.7,6.65,6.65,232132.0
10223,2023-05-19 17:00:00,6.67,6.68,6.67,6.68,899.0
10224,2023-05-19 18:00:00,6.67,6.68,6.67,6.68,6087.0
10225,2023-05-19 19:00:00,6.8,6.85,6.8,6.85,3187.0
10226,2023-05-22 07:00:00,6.85,6.85,6.75,6.75,752.0
10227,2023-05-22 08:00:00,6.8646,6.8646,6.75,6.75,1155.0
10228,2023-05-22 09:00:00,6.73,6.84,6.565,6.665,643272.0
10229,2023-05-22 10:00:00,6.665,6.725,6.605,6.69,807461.0
10230,2023-05-22 11:00:00,6.69,6.76,6.67,6.75,539008.0
10231,2023-05-22 12:00:00,6.745,6.8,6.73,6.795,646398.0
10232,2023-05-22 13:00:00,6.8,6.82,6.72,6.76,591638.0
10233,2023-05-22 14:00:00,6.76,6.83,6.71,6.805,544226.0
10234,2023-05-22 15:00:00,6.81,6.825,6.755,6.78,1593240.0
10235,2023-05-22 16:00:00,6.78,6.78,6.7001,6.7001,63571.0
10236,2023-05-22 19:00:00,6.8,6.8,6.8,6.8,200.0
10237,2023-05-23 08:00:00,6.71,6.71,6.71,6.71,226.0
10238,2023-05-23 09:00:00,6.75,6.94,6.73,6.93,421531.0
10239,2023-05-23 10:00:00,6.94,6.95,6.805,6.87,682714.0
10240,2023-05-23 11:00:00,6.8701,6.895,6.815,6.8465,588760.0
10241,2023-05-23 12:00:00,6.85,6.86,6.695,6.74,666645.0
10242,2023-05-23 13:00:00,6.74,6.78,6.7018,6.77,653961.0
10243,2023-05-23 14:00:00,6.765,6.81,6.66,6.665,836548.0
10244,2023-05-23 15:00:00,6.665,6.67,6.59,6.59,1902402.0
10245,2023-05-23 16:00:00,6.6,6.6,6.6,6.6,46611.0
10246,2023-05-23 17:00:00,6.7357,6.81,6.7357,6.8067,2801.0
10247,2023-05-23 19:00:00,6.62,6.7,6.62,6.64,7050.0
10248,2023-05-24 08:00:00,6.58,6.59,6.53,6.55,10074.0
10249,2023-05-24 09:00:00,6.54,6.61,6.245,6.26,897362.0
10250,2023-05-24 10:00:00,6.26,6.29,6.13,6.18,2100334.0
10251,2023-05-24 11:00:00,6.185,6.24,6.12,6.18,1292142.0
10252,2023-05-24 12:00:00,6.18,6.265,6.18,6.2199,881906.0
10253,2023-05-24 13:00:00,6.215,6.25,6.19,6.21,766683.0
10254,2023-05-24 14:00:00,6.21,6.24,6.18,6.21,846877.0
10255,2023-05-24 15:00:00,6.22,6.3165,6.19,6.22,3006554.0
10256,2023-05-24 16:00:00,6.23,6.3474,6.21,6.21,113784.0
10257,2023-05-24 17:00:00,6.2015,6.27,6.2002,6.2002,1760.0
10258,2023-05-24 18:00:00,6.21,6.21,6.03,6.08,59855.0
10259,2023-05-24 19:00:00,6.07,6.1,6.07,6.07,6345.0
10260,2023-05-25 04:00:00,6.05,6.05,6.0,6.0,1723.0
10261,2023-05-25 05:00:00,6.0,6.01,5.98,6.01,800.0
10262,2023-05-25 06:00:00,6.03,6.04,6.01,6.03,1434.0
10263,2023-05-25 07:00:00,6.1,6.1,6.02,6.06,5439.0
10264,2023-05-25 08:00:00,6.0699,6.12,6.06,6.1,20173.0
10265,2023-05-25 09:00:00,6.1,7.7497,6.1,7.18,6637845.0
10266,2023-05-25 10:00:00,7.175,7.24,6.895,6.955,4128380.0
10267,2023-05-25 11:00:00,6.955,6.965,6.63,6.68,2756562.0
10268,2023-05-25 12:00:00,6.685,6.7,6.56,6.5859,1966672.0
10269,2023-05-25 13:00:00,6.585,6.78,6.55,6.765,2398371.0
10270,2023-05-25 14:00:00,6.765,6.84,6.665,6.685,2110968.0
10271,2023-05-25 15:00:00,6.685,6.74,6.64,6.65,3962986.0
10272,2023-05-25 16:00:00,6.64,6.73,6.61,6.73,128740.0
10273,2023-05-25 17:00:00,6.73,6.765,6.7001,6.7001,7500.0
10274,2023-05-25 18:00:00,6.7598,6.7598,6.6444,6.6545,4681.0
10275,2023-05-25 19:00:00,6.71,6.71,6.66,6.71,5321.0
10276,2023-05-26 05:00:00,6.72,6.72,6.72,6.72,100.0
10277,2023-05-26 06:00:00,6.73,6.73,6.73,6.73,630.0
10278,2023-05-26 07:00:00,6.72,6.73,6.63,6.7,2788.0
10279,2023-05-26 08:00:00,6.75,6.8132,6.61,6.79,17489.0
10280,2023-05-26 09:00:00,6.8,6.89,6.46,6.8391,2136280.0
10281,2023-05-26 10:00:00,6.835,6.92,6.65,6.65,2039452.0
10282,2023-05-26 11:00:00,6.65,6.74,6.585,6.635,1639265.0
10283,2023-05-26 12:00:00,6.635,6.7475,6.62,6.655,1104340.0
10284,2023-05-26 13:00:00,6.65,6.72,6.6,6.665,1124688.0
10285,2023-05-26 14:00:00,6.67,6.72,6.64,6.645,960043.0
10286,2023-05-26 15:00:00,6.65,6.68,6.605,6.645,2312125.0
10287,2023-05-26 16:00:00,6.67,6.71,6.66,6.68,135099.0
10288,2023-05-26 17:00:00,6.68,6.7,6.68,6.6982,24149.0
10289,2023-05-26 19:00:00,6.7,6.7,6.7,6.7,250.0
10290,2023-05-30 04:00:00,6.76,6.76,6.74,6.75,4000.0
10291,2023-05-30 07:00:00,6.71,6.76,6.71,6.76,10709.0
10292,2023-05-30 08:00:00,6.7001,6.81,6.7,6.78,56425.0
10293,2023-05-30 09:00:00,6.72,6.915,6.68,6.8517,1289202.0
10294,2023-05-30 10:00:00,6.855,6.935,6.61,6.615,1867098.0
10295,2023-05-30 11:00:00,6.615,6.78,6.59,6.705,2745502.0
10296,2023-05-30 12:00:00,6.7,6.79,6.695,6.785,1186834.0
10297,2023-05-30 13:00:00,6.785,6.8,6.69,6.71,864785.0
10298,2023-05-30 14:00:00,6.7099,6.735,6.69,6.7,999461.0
10299,2023-05-30 15:00:00,6.705,6.75,6.68,6.705,2384615.0
10300,2023-05-30 16:00:00,6.71,6.71,6.6,6.63,67181.0
10301,2023-05-30 17:00:00,6.65,6.7598,6.64,6.7598,3958.0
10302,2023-05-30 18:00:00,6.69,6.69,6.69,6.69,700.0
10303,2023-05-30 19:00:00,6.6905,6.6905,6.6905,6.6905,100.0
10304,2023-05-31 04:00:00,6.7,6.7,6.7,6.7,200.0
10305,2023-05-31 07:00:00,6.7,6.7,6.68,6.68,2155.0
10306,2023-05-31 08:00:00,6.67,6.7,6.67,6.7,2406.0
10307,2023-05-31 09:00:00,6.69,6.69,6.495,6.57,1135940.0
10308,2023-05-31 10:00:00,6.56,6.56,6.33,6.345,2340316.0
10309,2023-05-31 11:00:00,6.34,6.38,6.25,6.37,2034483.0
10310,2023-05-31 12:00:00,6.365,6.45,6.305,6.45,1019555.0
10311,2023-05-31 13:00:00,6.445,6.545,6.44,6.54,1252274.0
10312,2023-05-31 14:00:00,6.54,6.6,6.5,6.595,1100705.0
10313,2023-05-31 15:00:00,6.595,6.6,6.4,6.42,3225039.0
10314,2023-05-31 16:00:00,6.41,6.43,6.41,6.43,1316300.0
10315,2023-05-31 17:00:00,6.44,6.44,6.44,6.44,100.0
10316,2023-05-31 18:00:00,6.44,6.44,6.44,6.44,100.0
10317,2023-05-31 19:00:00,6.44,6.45,6.43,6.45,1125.0
10318,2023-06-01 04:00:00,6.51,6.51,6.51,6.51,101.0
10319,2023-06-01 07:00:00,6.51,6.51,6.44,6.44,1302.0
10320,2023-06-01 08:00:00,6.44,6.5,6.43,6.47,11389.0
10321,2023-06-01 09:00:00,6.42,6.44,5.94,5.945,2228842.0
10322,2023-06-01 10:00:00,5.945,6.23,5.905,6.18,2929484.0
10323,2023-06-01 11:00:00,6.1895,6.3,6.13,6.255,1581736.0
10324,2023-06-01 12:00:00,6.2525,6.38,6.24,6.32,770766.0
10325,2023-06-01 13:00:00,6.325,6.335,6.24,6.245,841667.0
10326,2023-06-01 14:00:00,6.245,6.28,6.215,6.27,874746.0
10327,2023-06-01 15:00:00,6.265,6.36,6.26,6.27,3183624.0
10328,2023-06-01 16:00:00,6.28,6.3,6.28,6.28,127114.0
10329,2023-06-01 17:00:00,6.32,6.32,6.32,6.32,100.0
10330,2023-06-02 04:00:00,6.28,6.28,6.28,6.28,203.0
10331,2023-06-02 08:00:00,6.2901,7.3,6.2901,6.8,477373.0
10332,2023-06-02 09:00:00,6.8,7.57,6.75,7.33,8971049.0
10333,2023-06-02 10:00:00,7.335,7.665,7.065,7.65,8569200.0
10334,2023-06-02 11:00:00,7.65,7.86,7.51,7.7312,6747391.0
10335,2023-06-02 12:00:00,7.735,7.785,7.47,7.485,4153205.0
10336,2023-06-02 13:00:00,7.49,7.49,7.33,7.399,2452000.0
10337,2023-06-02 14:00:00,7.395,7.4,7.165,7.265,3984162.0
10338,2023-06-02 15:00:00,7.265,7.39,7.24,7.31,6365794.0
10339,2023-06-02 16:00:00,7.3,7.3,7.22,7.28,681965.0
10340,2023-06-02 17:00:00,7.27,7.3554,6.9,7.13,130024.0
10341,2023-06-02 18:00:00,7.15,7.25,7.12,7.12,24594.0
10342,2023-06-02 19:00:00,7.14,7.23,6.96,7.22,50093.0
10343,2023-06-05 04:00:00,7.33,7.34,6.7,6.83,5037.0
10344,2023-06-05 05:00:00,6.88,6.93,6.73,6.73,2126.0
10345,2023-06-05 06:00:00,6.85,7.08,6.84,6.98,3513.0
10346,2023-06-05 07:00:00,7.06,7.08,6.99,7.01,30272.0
10347,2023-06-05 08:00:00,7.0585,7.12,6.97,7.1,33693.0
10348,2023-06-05 09:00:00,7.1,7.34,7.04,7.17,3279602.0
10349,2023-06-05 10:00:00,7.16,7.48,7.11,7.26,2911052.0
10350,2023-06-05 11:00:00,7.265,7.32,7.21,7.23,1517278.0
10351,2023-06-05 12:00:00,7.235,7.345,7.1832,7.27,1405615.0
10352,2023-06-05 13:00:00,7.27,7.27,7.09,7.125,1473822.0
10353,2023-06-05 14:00:00,7.12,7.17,7.05,7.085,1904227.0
10354,2023-06-05 15:00:00,7.085,7.155,7.08,7.11,3874591.0
10355,2023-06-05 16:00:00,7.1,7.3496,7.07,7.22,462477.0
10356,2023-06-05 17:00:00,7.22,7.25,7.22,7.245,3468.0
10357,2023-06-05 18:00:00,7.2581,7.26,7.23,7.23,23000.0
10358,2023-06-05 19:00:00,7.25,7.26,7.25,7.26,15378.0
10359,2023-06-06 05:00:00,7.22,7.22,7.22,7.22,100.0
10360,2023-06-06 06:00:00,7.23,7.23,7.22,7.22,3255.0
10361,2023-06-06 07:00:00,7.35,7.35,7.2,7.2,21012.0
10362,2023-06-06 08:00:00,7.33,7.33,7.16,7.18,9821.0
10363,2023-06-06 09:00:00,7.1782,7.31,7.145,7.19,1064393.0
10364,2023-06-06 10:00:00,7.185,7.36,7.17,7.305,1257724.0
10365,2023-06-06 11:00:00,7.305,7.52,7.29,7.485,1279886.0
10366,2023-06-06 12:00:00,7.485,7.49,7.41,7.455,874471.0
10367,2023-06-06 13:00:00,7.46,7.5075,7.4225,7.455,844282.0
10368,2023-06-06 14:00:00,7.455,7.52,7.43,7.51,691561.0
10369,2023-06-06 15:00:00,7.515,7.57,7.5,7.535,2676802.0
10370,2023-06-06 16:00:00,7.54,7.55,7.4701,7.55,74254.0
10371,2023-06-06 17:00:00,7.49,7.55,7.28,7.55,35786.0
10372,2023-06-06 18:00:00,7.55,7.55,7.5476,7.5476,200.0
10373,2023-06-06 19:00:00,7.55,7.55,7.55,7.55,1304.0
10374,2023-06-07 04:00:00,7.54,7.54,7.54,7.54,199.0
10375,2023-06-07 05:00:00,7.59,7.59,7.59,7.59,334.0
10376,2023-06-07 07:00:00,7.56,7.56,7.51,7.51,3499.0
10377,2023-06-07 08:00:00,7.5692,7.78,7.5692,7.5992,4116.0
10378,2023-06-07 09:00:00,7.6,7.83,7.485,7.83,1327215.0
10379,2023-06-07 10:00:00,7.83,7.83,7.65,7.725,1528330.0
10380,2023-06-07 11:00:00,7.7291,7.755,7.64,7.69,764430.0
10381,2023-06-07 12:00:00,7.695,7.8,7.69,7.771,823587.0
10382,2023-06-07 13:00:00,7.775,7.7801,7.575,7.595,1077674.0
10383,2023-06-07 14:00:00,7.595,7.695,7.595,7.655,1103595.0
10384,2023-06-07 15:00:00,7.66,7.84,7.66,7.79,2926541.0
10385,2023-06-07 16:00:00,7.78,7.78,7.705,7.75,52600.0
10386,2023-06-07 17:00:00,7.83,7.84,7.8,7.84,2995.0
10387,2023-06-07 18:00:00,7.81,7.81,7.8,7.8,999.0
10388,2023-06-07 19:00:00,7.8,7.82,7.8,7.82,820.0
10389,2023-06-08 04:00:00,7.78,7.78,7.78,7.78,101.0
10390,2023-06-08 08:00:00,7.85,7.85,7.7515,7.84,4865.0
10391,2023-06-08 09:00:00,7.79,7.81,7.45,7.465,1118501.0
10392,2023-06-08 10:00:00,7.465,7.5,7.3407,7.455,1433150.0
10393,2023-06-08 11:00:00,7.45,7.46,7.35,7.365,1105889.0
10394,2023-06-08 12:00:00,7.365,7.465,7.33,7.46,830501.0
10395,2023-06-08 13:00:00,7.46,7.4975,7.405,7.495,888928.0
10396,2023-06-08 14:00:00,7.495,7.52,7.385,7.44,1228664.0
10397,2023-06-08 15:00:00,7.445,7.45,7.39,7.42,1931346.0
10398,2023-06-08 16:00:00,7.43,7.54,7.0,7.29,146401.0
10399,2023-06-08 17:00:00,7.4,7.44,7.15,7.21,20605.0
10400,2023-06-08 18:00:00,7.21,7.25,7.2,7.2491,10937.0
10401,2023-06-08 19:00:00,7.21,7.24,7.2,7.22,9553.0
10402,2023-06-09 05:00:00,7.45,7.45,7.3,7.3,2066.0
10403,2023-06-09 06:00:00,7.33,7.33,7.33,7.33,133.0
10404,2023-06-09 07:00:00,7.37,7.38,7.21,7.31,24423.0
10405,2023-06-09 08:00:00,7.23,7.33,7.18,7.23,8088.0
10406,2023-06-09 09:00:00,7.22,7.26,6.95,7.005,2023627.0
10407,2023-06-09 10:00:00,7.005,7.17,6.97,6.995,1785647.0
10408,2023-06-09 11:00:00,6.995,7.01,6.7,6.715,4229509.0
10409,2023-06-09 12:00:00,6.7193,6.77,6.663,6.7186,2437001.0
10410,2023-06-09 13:00:00,6.72,6.7596,6.6,6.615,1604985.0
10411,2023-06-09 14:00:00,6.6189,6.62,6.5,6.505,3179457.0
10412,2023-06-09 15:00:00,6.5088,6.56,6.5,6.53,4719940.0
10413,2023-06-09 16:00:00,6.55,6.56,6.51,6.54,78678.0
10414,2023-06-09 17:00:00,6.55,6.58,6.54,6.55,10395.0
10415,2023-06-09 18:00:00,6.55,6.55,6.5201,6.55,8999.0
10416,2023-06-09 19:00:00,6.55,6.58,6.5,6.5,21800.0
10417,2023-06-12 06:00:00,6.59,6.59,6.59,6.59,544.0
10418,2023-06-12 07:00:00,6.59,6.64,6.53,6.6,40417.0
10419,2023-06-12 08:00:00,6.6,6.95,6.56,6.75,47528.0
10420,2023-06-12 09:00:00,6.72,6.84,6.56,6.77,1067809.0
10421,2023-06-12 10:00:00,6.775,6.82,6.57,6.6175,1303462.0
10422,2023-06-12 11:00:00,6.62,6.64,6.46,6.465,1694457.0
10423,2023-06-12 12:00:00,6.4699,6.535,6.45,6.455,1274794.0
10424,2023-06-12 13:00:00,6.4501,6.47,6.37,6.42,1720642.0
10425,2023-06-12 14:00:00,6.425,6.57,6.39,6.555,1320980.0
10426,2023-06-12 15:00:00,6.555,6.61,6.55,6.6,2495706.0
10427,2023-06-12 16:00:00,6.6,6.6101,6.57,6.6101,145068.0
10428,2023-06-12 17:00:00,6.61,6.61,6.5619,6.6,1550.0
10429,2023-06-12 18:00:00,6.6,6.6,6.5619,6.6,1508.0
10430,2023-06-12 19:00:00,6.6,6.6,6.6,6.6,2452.0
10431,2023-06-13 04:00:00,6.56,6.56,6.56,6.56,262.0
10432,2023-06-13 07:00:00,6.6,6.6,6.55,6.55,1929.0
10433,2023-06-13 08:00:00,6.51,6.66,6.5,6.66,7260.0
10434,2023-06-13 09:00:00,6.65,6.79,6.565,6.66,1096584.0
10435,2023-06-13 10:00:00,6.665,6.765,6.59,6.5907,1487177.0
10436,2023-06-13 11:00:00,6.59,6.6,6.49,6.585,1715523.0
10437,2023-06-13 12:00:00,6.58,6.61,6.51,6.605,1136428.0
10438,2023-06-13 13:00:00,6.61,6.628,6.52,6.58,1796158.0
10439,2023-06-13 14:00:00,6.575,6.59,6.47,6.49,1297757.0
10440,2023-06-13 15:00:00,6.49,6.6,6.475,6.53,3233944.0
10441,2023-06-13 16:00:00,6.54,6.56,6.51,6.54,84906.0
10442,2023-06-13 17:00:00,6.54,6.54,6.52,6.5203,16057.0
10443,2023-06-13 19:00:00,6.5399,6.55,6.5399,6.54,3900.0
10444,2023-06-14 07:00:00,6.61,6.62,6.59,6.62,430.0
10445,2023-06-14 08:00:00,6.6,6.62,6.58,6.61,25752.0
10446,2023-06-14 09:00:00,6.6,6.71,6.48,6.525,1032052.0
10447,2023-06-14 10:00:00,6.525,6.63,6.48,6.57,1597315.0
10448,2023-06-14 11:00:00,6.58,6.64,6.56,6.565,1092894.0
10449,2023-06-14 12:00:00,6.565,6.57,6.53,6.545,1717655.0
10450,2023-06-14 13:00:00,6.54,6.55,6.165,6.28,7256587.0
10451,2023-06-14 14:00:00,6.28,6.4,6.2,6.365,1990958.0
10452,2023-06-14 15:00:00,6.3688,6.42,6.3,6.31,2520325.0
10453,2023-06-14 16:00:00,6.31,6.345,6.3,6.345,71421.0
10454,2023-06-14 17:00:00,6.35,6.35,6.35,6.35,1458.0
10455,2023-06-14 18:00:00,6.35,6.35,6.3,6.34,5453.0
10456,2023-06-14 19:00:00,6.35,6.35,6.3,6.3392,3057.0
10457,2023-06-15 07:00:00,6.4,6.4,6.28,6.29,17141.0
10458,2023-06-15 08:00:00,6.3586,6.43,6.29,6.34,34237.0
10459,2023-06-15 09:00:00,6.36,6.36,6.14,6.24,1213924.0
10460,2023-06-15 10:00:00,6.235,6.37,6.215,6.285,3250840.0
10461,2023-06-15 11:00:00,6.28,6.33,6.25,6.265,1545116.0
10462,2023-06-15 12:00:00,6.26,6.265,6.14,6.145,1688167.0
10463,2023-06-15 13:00:00,6.145,6.25,6.11,6.225,1842870.0
10464,2023-06-15 14:00:00,6.225,6.26,6.21,6.24,1065345.0
10465,2023-06-15 15:00:00,6.245,6.2575,6.18,6.245,2795979.0
10466,2023-06-15 16:00:00,6.24,6.24,6.15,6.24,74117.0
10467,2023-06-15 17:00:00,6.24,6.24,6.2,6.24,8050.0
10468,2023-06-15 18:00:00,6.24,6.24,6.23,6.24,3949.0
10469,2023-06-15 19:00:00,6.23,6.24,6.22,6.24,5920.0
10470,2023-06-16 07:00:00,6.245,6.245,6.23,6.23,3052.0
10471,2023-06-16 08:00:00,6.2403,6.25,6.21,6.25,32767.0
10472,2023-06-16 09:00:00,6.25,6.295,6.15,6.215,1171219.0
10473,2023-06-16 10:00:00,6.22,6.255,6.13,6.245,1894201.0
10474,2023-06-16 11:00:00,6.25,6.32,6.24,6.27,1369464.0
10475,2023-06-16 12:00:00,6.265,6.41,6.26,6.41,1146004.0
10476,2023-06-16 13:00:00,6.41,6.435,6.39,6.43,1680725.0
10477,2023-06-16 14:00:00,6.43,6.47,6.39,6.405,1318151.0
10478,2023-06-16 15:00:00,6.4,6.49,6.395,6.45,4512961.0
10479,2023-06-16 16:00:00,6.47,6.54,6.45,6.48,24010030.0
10480,2023-06-16 17:00:00,6.48,6.5,6.47,6.4899,3772.0
10481,2023-06-16 18:00:00,6.48,6.48,6.45,6.45,4342.0
10482,2023-06-16 19:00:00,6.48,6.52,6.38,6.38,33512.0
10483,2023-06-20 04:00:00,6.5,6.5,6.44,6.47,1998.0
10484,2023-06-20 05:00:00,6.44,6.44,6.44,6.44,100.0
10485,2023-06-20 06:00:00,6.44,6.44,6.44,6.44,400.0
10486,2023-06-20 07:00:00,6.43,6.45,6.43,6.43,3174.0
10487,2023-06-20 08:00:00,6.43,6.51,6.41,6.48,41980.0
10488,2023-06-20 09:00:00,6.48,6.545,6.31,6.365,1650387.0
10489,2023-06-20 10:00:00,6.36,6.445,6.29,6.37,2374836.0
10490,2023-06-20 11:00:00,6.365,6.52,6.365,6.515,1549999.0
10491,2023-06-20 12:00:00,6.515,6.57,6.495,6.53,1530990.0
10492,2023-06-20 13:00:00,6.535,6.565,6.49,6.515,1008575.0
10493,2023-06-20 14:00:00,6.515,6.63,6.51,6.59,2556107.0
10494,2023-06-20 15:00:00,6.595,6.68,6.59,6.63,4350670.0
10495,2023-06-20 16:00:00,6.63,6.65,6.58,6.62,310868.0
10496,2023-06-20 17:00:00,6.61,6.66,6.61,6.65,8606.0
10497,2023-06-20 18:00:00,6.65,6.65,6.65,6.65,170.0
10498,2023-06-20 19:00:00,6.63,6.66,6.59,6.66,10154.0
10499,2023-06-21 04:00:00,6.65,6.65,6.6,6.6,260.0
10500,2023-06-21 07:00:00,6.66,6.66,6.65,6.65,1445.0
10501,2023-06-21 08:00:00,6.65,6.6799,6.6,6.63,12123.0
10502,2023-06-21 09:00:00,6.6287,6.6287,6.44,6.52,1250566.0
10503,2023-06-21 10:00:00,6.52,6.57,6.4,6.445,1328718.0
10504,2023-06-21 11:00:00,6.445,6.46,6.38,6.43,1281804.0
10505,2023-06-21 12:00:00,6.435,6.46,6.41,6.435,794864.0
10506,2023-06-21 13:00:00,6.435,6.56,6.43,6.555,1105878.0
10507,2023-06-21 14:00:00,6.555,6.58,6.5,6.515,1413888.0
10508,2023-06-21 15:00:00,6.515,6.52,6.34,6.35,3566591.0
10509,2023-06-21 16:00:00,6.35,6.58,6.35,6.39,62346.0
10510,2023-06-21 17:00:00,6.38,6.4,6.36,6.3601,2321.0
10511,2023-06-21 18:00:00,6.3601,6.38,6.3601,6.38,1951.0
10512,2023-06-21 19:00:00,6.39,6.4,6.3798,6.4,5426.0
10513,2023-06-22 04:00:00,6.35,6.35,6.35,6.35,271.0
10514,2023-06-22 05:00:00,6.39,6.39,6.39,6.39,743.0
10515,2023-06-22 07:00:00,6.36,6.36,6.33,6.33,1622.0
10516,2023-06-22 08:00:00,6.33,6.4,6.3,6.39,11230.0
10517,2023-06-22 09:00:00,6.39,6.4,6.15,6.2001,3027000.0
10518,2023-06-22 10:00:00,6.2094,6.265,6.14,6.18,2246806.0
10519,2023-06-22 11:00:00,6.1799,6.22,6.15,6.215,1080423.0
10520,2023-06-22 12:00:00,6.215,6.2299,6.19,6.22,739097.0
10521,2023-06-22 13:00:00,6.225,6.36,6.22,6.355,1223182.0
10522,2023-06-22 14:00:00,6.355,6.475,6.35,6.465,1271233.0
10523,2023-06-22 15:00:00,6.46,6.475,6.34,6.36,1959205.0
10524,2023-06-22 16:00:00,6.35,6.4199,6.33,6.4199,59739.0
10525,2023-06-22 18:00:00,6.4,6.4,6.4,6.4,1250.0
10526,2023-06-22 19:00:00,6.39,6.42,6.39,6.42,3087.0
10527,2023-06-23 04:00:00,6.38,6.43,6.38,6.43,860.0
10528,2023-06-23 07:00:00,6.33,6.33,6.33,6.33,205.0
10529,2023-06-23 08:00:00,6.3019,6.35,6.29,6.3,16369.0
10530,2023-06-23 09:00:00,6.27,6.34,6.16,6.2473,896242.0
10531,2023-06-23 10:00:00,6.25,6.29,6.19,6.235,1050067.0
10532,2023-06-23 11:00:00,6.235,6.24,6.16,6.175,1344717.0
10533,2023-06-23 12:00:00,6.17,6.2,6.14,6.1856,952882.0
10534,2023-06-23 13:00:00,6.185,6.185,6.11,6.1122,909519.0
10535,2023-06-23 14:00:00,6.115,6.12,6.045,6.065,1885509.0
10536,2023-06-23 15:00:00,6.07,6.07,6.01,6.02,3427030.0
10537,2023-06-23 16:00:00,6.02,6.0701,5.99,6.0,443562.0
10538,2023-06-23 17:00:00,6.0,6.03,6.0,6.03,3873.0
10539,2023-06-23 18:00:00,6.02,6.02,6.0001,6.02,9135.0
10540,2023-06-23 19:00:00,6.01,6.03,6.01,6.01,11023.0
10541,2023-06-26 05:00:00,6.14,6.14,6.09,6.09,216.0
10542,2023-06-26 07:00:00,6.02,6.05,6.02,6.04,4726.0
10543,2023-06-26 08:00:00,6.03,6.04,6.0152,6.02,5544.0
10544,2023-06-26 09:00:00,6.02,6.075,5.9473,6.005,1295322.0
10545,2023-06-26 10:00:00,6.01,6.0399,5.86,5.9193,1949291.0
10546,2023-06-26 11:00:00,5.91,5.94,5.83,5.935,1511225.0
10547,2023-06-26 12:00:00,5.935,5.99,5.9,5.99,852141.0
10548,2023-06-26 13:00:00,5.99,6.0,5.93,5.935,936744.0
10549,2023-06-26 14:00:00,5.93,5.98,5.87,5.98,1755916.0
10550,2023-06-26 15:00:00,5.98,6.05,5.975,6.01,2476582.0
10551,2023-06-26 16:00:00,6.02,6.02,6.0,6.01,105831.0
10552,2023-06-26 17:00:00,6.01,6.01,6.01,6.01,297.0
10553,2023-06-26 18:00:00,6.02,6.02,6.01,6.01,500.0
10554,2023-06-26 19:00:00,5.991,6.03,5.991,6.03,2683.0
10555,2023-06-27 04:00:00,6.03,6.03,6.03,6.03,400.0
10556,2023-06-27 06:00:00,6.03,6.11,6.03,6.11,845.0
10557,2023-06-27 07:00:00,6.05,6.05,6.03,6.03,1273.0
10558,2023-06-27 08:00:00,6.06,6.06,5.9902,6.04,4188.0
10559,2023-06-27 09:00:00,6.04,6.07,5.89,6.045,1214251.0
10560,2023-06-27 10:00:00,6.0439,6.385,6.04,6.38,2162038.0
10561,2023-06-27 11:00:00,6.375,6.52,6.375,6.485,1953593.0
10562,2023-06-27 12:00:00,6.485,6.54,6.42,6.44,1580278.0
10563,2023-06-27 13:00:00,6.4302,6.48,6.4,6.435,942237.0
10564,2023-06-27 14:00:00,6.435,6.44,6.315,6.34,735369.0
10565,2023-06-27 15:00:00,6.335,6.39,6.335,6.36,1733610.0
10566,2023-06-27 16:00:00,6.37,6.39,6.3,6.37,153598.0
10567,2023-06-27 17:00:00,6.32,6.32,6.31,6.31,1752.0
10568,2023-06-27 18:00:00,6.36,6.3771,6.36,6.3771,750.0
10569,2023-06-27 19:00:00,6.43,6.43,6.38,6.38,1877.0
10570,2023-06-28 04:00:00,6.3,6.32,6.3,6.3,1000.0
10571,2023-06-28 08:00:00,6.31,6.43,6.31,6.39,2784.0
10572,2023-06-28 09:00:00,6.34,6.43,6.21,6.34,1200607.0
10573,2023-06-28 10:00:00,6.335,6.43,6.28,6.315,1252483.0
10574,2023-06-28 11:00:00,6.315,6.52,6.3125,6.495,1423869.0
10575,2023-06-28 12:00:00,6.49,6.54,6.44,6.46,1107485.0
10576,2023-06-28 13:00:00,6.46,6.52,6.44,6.495,826695.0
10577,2023-06-28 14:00:00,6.4991,6.575,6.495,6.57,1026198.0
10578,2023-06-28 15:00:00,6.57,6.61,6.54,6.605,3209335.0
10579,2023-06-28 16:00:00,6.6,6.63,6.54,6.54,83681.0
10580,2023-06-28 17:00:00,6.55,6.6,6.55,6.55,25415.0
10581,2023-06-28 18:00:00,6.54,6.61,6.54,6.6,29587.0
10582,2023-06-28 19:00:00,6.6,6.61,6.6,6.61,3000.0
10583,2023-06-29 07:00:00,6.6,6.6,6.6,6.6,227.0
10584,2023-06-29 08:00:00,6.6,6.65,6.59,6.59,7992.0
10585,2023-06-29 09:00:00,6.55,6.84,6.55,6.835,1032460.0
10586,2023-06-29 10:00:00,6.835,6.93,6.64,6.665,2178578.0
10587,2023-06-29 11:00:00,6.665,6.705,6.61,6.615,657401.0
10588,2023-06-29 12:00:00,6.615,6.765,6.61,6.74,881391.0
10589,2023-06-29 13:00:00,6.73,6.75,6.66,6.7,721177.0
10590,2023-06-29 14:00:00,6.691,6.71,6.63,6.695,643748.0
10591,2023-06-29 15:00:00,6.6999,6.74,6.68,6.69,1797304.0
10592,2023-06-29 16:00:00,6.69,6.73,6.69,6.73,442565.0
10593,2023-06-29 17:00:00,6.66,6.66,6.64,6.64,680.0
10594,2023-06-29 18:00:00,6.73,6.73,6.72,6.72,420.0
10595,2023-06-29 19:00:00,6.73,6.74,6.73,6.73,1002.0
10596,2023-06-30 04:00:00,6.69,6.69,6.69,6.69,1144.0
10597,2023-06-30 05:00:00,6.69,6.69,6.69,6.69,347.0
10598,2023-06-30 07:00:00,6.7,6.7,6.7,6.7,500.0
10599,2023-06-30 08:00:00,6.75,6.76,6.75,6.76,573.0
10600,2023-06-30 09:00:00,6.74,6.79,6.495,6.675,1268300.0
10601,2023-06-30 10:00:00,6.68,6.82,6.64,6.645,1924425.0
10602,2023-06-30 11:00:00,6.65,6.705,6.6001,6.66,857251.0
10603,2023-06-30 12:00:00,6.655,6.68,6.5694,6.67,1021559.0
10604,2023-06-30 13:00:00,6.665,6.68,6.64,6.665,395931.0
10605,2023-06-30 14:00:00,6.665,6.69,6.6,6.6,832840.0
10606,2023-06-30 15:00:00,6.61,6.62,6.57,6.585,3342177.0
10607,2023-06-30 16:00:00,6.59,6.59,6.56,6.58,80535.0
10608,2023-06-30 17:00:00,6.59,6.6,6.56,6.56,1060.0
10609,2023-06-30 18:00:00,6.57,6.57,6.55,6.55,2035.0
10610,2023-06-30 19:00:00,6.55,6.61,6.54,6.6,2252.0
10611,2023-07-03 06:00:00,6.6,6.6,6.6,6.6,506.0
10612,2023-07-03 07:00:00,6.63,6.63,6.61,6.61,596.0
10613,2023-07-03 08:00:00,6.64,6.64,6.61,6.62,8581.0
10614,2023-07-03 09:00:00,6.64,6.785,6.64,6.725,852674.0
10615,2023-07-03 10:00:00,6.72,6.81,6.65,6.665,1148437.0
10616,2023-07-03 11:00:00,6.67,6.78,6.67,6.755,752168.0
10617,2023-07-03 12:00:00,6.75,6.795,6.7,6.75,1222105.0
10618,2023-07-03 13:00:00,6.77,6.77,6.76,6.76,38770.0
10619,2023-07-03 14:00:00,6.73,6.75,6.73,6.75,2290.0
10620,2023-07-03 15:00:00,6.75,6.75,6.75,6.75,625.0
10621,2023-07-03 16:00:00,6.74,6.74,6.74,6.74,800.0
10622,2023-07-05 08:00:00,6.72,6.7491,6.72,6.73,6669.0
10623,2023-07-05 09:00:00,6.73,6.73,6.4899,6.535,1205465.0
10624,2023-07-05 10:00:00,6.53,6.775,6.53,6.76,1133212.0
10625,2023-07-05 11:00:00,6.758,6.89,6.75,6.85,1024178.0
10626,2023-07-05 12:00:00,6.845,6.91,6.84,6.905,795689.0
10627,2023-07-05 13:00:00,6.91,6.91,6.85,6.85,440150.0
10628,2023-07-05 14:00:00,6.86,6.86,6.76,6.775,768831.0
10629,2023-07-05 15:00:00,6.775,6.815,6.735,6.75,2761808.0
10630,2023-07-05 16:00:00,6.76,6.77,6.76,6.77,34279.0
10631,2023-07-05 18:00:00,6.76,6.76,6.75,6.75,14501.0
10632,2023-07-06 07:00:00,6.76,6.76,6.76,6.76,376.0
10633,2023-07-06 08:00:00,6.8992,6.9,6.64,6.65,14843.0
10634,2023-07-06 09:00:00,6.64,6.83,6.5454,6.645,1394692.0
10635,2023-07-06 10:00:00,6.65,6.68,6.57,6.605,1170176.0
10636,2023-07-06 11:00:00,6.605,6.65,6.36,6.5,4165199.0
10637,2023-07-06 12:00:00,6.505,6.64,6.46,6.61,997556.0
10638,2023-07-06 13:00:00,6.605,6.72,6.591,6.72,690742.0
10639,2023-07-06 14:00:00,6.72,6.76,6.695,6.75,650984.0
10640,2023-07-06 15:00:00,6.745,6.87,6.74,6.81,2308894.0
10641,2023-07-06 16:00:00,6.81,6.83,6.77,6.78,87662.0
10642,2023-07-06 17:00:00,6.82,6.82,6.78,6.78,2600.0
10643,2023-07-06 18:00:00,6.79,6.83,6.79,6.7901,1700.0
10644,2023-07-06 19:00:00,6.8,6.8001,6.8,6.8,4191.0
10645,2023-07-07 06:00:00,6.81,6.81,6.81,6.81,500.0
10646,2023-07-07 08:00:00,6.8,6.88,6.79,6.84,6781.0
10647,2023-07-07 09:00:00,6.82,7.01,6.7315,6.9,869494.0
10648,2023-07-07 10:00:00,6.9,7.0991,6.855,7.07,1421230.0
10649,2023-07-07 11:00:00,7.065,7.2,7.05,7.1998,1046614.0
10650,2023-07-07 12:00:00,7.195,7.33,7.185,7.3201,1433754.0
10651,2023-07-07 13:00:00,7.325,7.375,7.27,7.3,849659.0
10652,2023-07-07 14:00:00,7.29,7.36,7.29,7.3097,1006029.0
10653,2023-07-07 15:00:00,7.305,7.35,7.23,7.275,2195908.0
10654,2023-07-07 16:00:00,7.28,7.3,7.22,7.28,111088.0
10655,2023-07-07 17:00:00,7.28,7.32,7.23,7.24,3052.0
10656,2023-07-07 19:00:00,7.26,7.26,7.26,7.26,250.0
10657,2023-07-10 04:00:00,7.3,7.3,7.23,7.24,3025.0
10658,2023-07-10 05:00:00,7.35,7.42,7.35,7.42,700.0
10659,2023-07-10 07:00:00,7.22,7.28,7.2,7.24,12632.0
10660,2023-07-10 08:00:00,7.2,7.4185,7.04,7.2194,43366.0
10661,2023-07-10 09:00:00,7.22,7.315,7.05,7.26,1154045.0
10662,2023-07-10 10:00:00,7.27,7.36,7.12,7.155,1582856.0
10663,2023-07-10 11:00:00,7.1592,7.1653,6.99,7.025,1616657.0
10664,2023-07-10 12:00:00,7.03,7.045,6.95,7.0399,1663053.0
10665,2023-07-10 13:00:00,7.035,7.1,6.99,7.085,1055642.0
10666,2023-07-10 14:00:00,7.09,7.17,7.08,7.11,887952.0
10667,2023-07-10 15:00:00,7.11,7.11,7.02,7.07,1964856.0
10668,2023-07-10 16:00:00,7.08,7.196,7.08,7.09,106561.0
10669,2023-07-10 17:00:00,7.09,7.1,7.08,7.1,1763.0
10670,2023-07-10 18:00:00,7.1,7.1,7.1,7.1,2122.0
10671,2023-07-10 19:00:00,7.1,7.1,7.09,7.09,1703.0
10672,2023-07-11 07:00:00,7.16,7.16,7.16,7.16,600.0
10673,2023-07-11 08:00:00,7.1,7.18,7.08,7.1799,41336.0
10674,2023-07-11 09:00:00,7.13,7.26,7.13,7.2005,983853.0
10675,2023-07-11 10:00:00,7.205,7.41,7.1807,7.28,1077407.0
10676,2023-07-11 11:00:00,7.28,7.29,7.15,7.17,1052935.0
10677,2023-07-11 12:00:00,7.165,7.31,7.1601,7.275,911826.0
10678,2023-07-11 13:00:00,7.275,7.3099,7.2,7.23,638749.0
10679,2023-07-11 14:00:00,7.225,7.23,7.175,7.185,636758.0
10680,2023-07-11 15:00:00,7.19,7.285,7.175,7.25,1539916.0
10681,2023-07-11 16:00:00,7.25,7.25,7.23,7.23,88133.0
10682,2023-07-11 17:00:00,7.24,7.24,7.24,7.24,250.0
10683,2023-07-11 18:00:00,7.24,7.24,7.2,7.2,4100.0
10684,2023-07-11 19:00:00,7.2,7.2,7.2,7.2,600.0
10685,2023-07-12 08:00:00,7.336,7.35,7.26,7.34,108896.0
10686,2023-07-12 09:00:00,7.34,7.39,7.24,7.255,753084.0
10687,2023-07-12 10:00:00,7.26,7.37,7.23,7.3175,867705.0
10688,2023-07-12 11:00:00,7.315,7.44,7.27,7.34,1387621.0
10689,2023-07-12 12:00:00,7.34,7.35,7.21,7.245,1092177.0
10690,2023-07-12 13:00:00,7.245,7.29,7.21,7.255,805036.0
10691,2023-07-12 14:00:00,7.255,7.28,7.21,7.265,713041.0
10692,2023-07-12 15:00:00,7.265,7.29,7.21,7.221,1637908.0
10693,2023-07-12 16:00:00,7.23,7.23,7.23,7.23,51866.0
10694,2023-07-13 04:00:00,7.25,7.25,7.25,7.25,500.0
10695,2023-07-13 06:00:00,7.25,7.25,7.23,7.23,1200.0
10696,2023-07-13 07:00:00,7.25,7.27,7.24,7.24,582.0
10697,2023-07-13 08:00:00,7.22,7.35,7.2,7.2986,38360.0
10698,2023-07-13 09:00:00,7.3,7.3,7.015,7.1179,1195491.0
10699,2023-07-13 10:00:00,7.12,7.195,7.09,7.095,1208236.0
10700,2023-07-13 11:00:00,7.1,7.215,7.095,7.145,1328155.0
10701,2023-07-13 12:00:00,7.14,7.155,7.08,7.145,763086.0
10702,2023-07-13 13:00:00,7.15,7.185,7.09,7.125,570436.0
10703,2023-07-13 14:00:00,7.125,7.13,7.08,7.12,692968.0
10704,2023-07-13 15:00:00,7.13,7.15,7.1,7.115,1473141.0
10705,2023-07-13 16:00:00,7.12,7.13,7.0534,7.08,217620.0
10706,2023-07-13 17:00:00,7.05,7.1787,7.05,7.1787,242.0
10707,2023-07-13 18:00:00,7.12,7.12,7.12,7.12,279.0
10708,2023-07-13 19:00:00,7.06,7.06,7.06,7.06,1500.0
10709,2023-07-14 06:00:00,7.18,7.18,7.18,7.18,8030.0
10710,2023-07-14 07:00:00,7.13,7.14,7.13,7.13,2635.0
10711,2023-07-14 08:00:00,7.14,7.14,7.07,7.07,2485.0
10712,2023-07-14 09:00:00,7.0821,7.12,6.83,6.875,1372503.0
10713,2023-07-14 10:00:00,6.88,6.89,6.76,6.79,1508415.0
10714,2023-07-14 11:00:00,6.795,6.835,6.73,6.835,1099190.0
10715,2023-07-14 12:00:00,6.84,6.86,6.77,6.8099,851404.0
10716,2023-07-14 13:00:00,6.8,6.82,6.735,6.76,1074106.0
10717,2023-07-14 14:00:00,6.76,6.78,6.7115,6.725,743209.0
10718,2023-07-14 15:00:00,6.72,6.72,6.6,6.615,2672388.0
10719,2023-07-14 16:00:00,6.61,6.63,6.6,6.63,19959.0
10720,2023-07-14 17:00:00,6.65,6.66,6.63,6.66,8435.0
10721,2023-07-14 18:00:00,6.62,6.66,6.62,6.66,6289.0
10722,2023-07-14 19:00:00,6.66,6.66,6.66,6.66,1900.0
10723,2023-07-17 04:00:00,6.69,6.69,6.69,6.69,170.0
10724,2023-07-17 05:00:00,6.65,6.65,6.65,6.65,418.0
10725,2023-07-17 06:00:00,6.65,6.65,6.65,6.65,203.0
10726,2023-07-17 07:00:00,6.68,6.68,6.63,6.64,801.0
10727,2023-07-17 08:00:00,6.6296,6.64,6.58,6.64,8968.0
10728,2023-07-17 09:00:00,6.63,6.63,6.42,6.495,1499075.0
10729,2023-07-17 10:00:00,6.5,6.53,6.44,6.44,1015914.0
10730,2023-07-17 11:00:00,6.44,6.565,6.385,6.54,1701515.0
10731,2023-07-17 12:00:00,6.54,6.58,6.47,6.485,739357.0
10732,2023-07-17 13:00:00,6.4875,6.52,6.46,6.51,622543.0
10733,2023-07-17 14:00:00,6.505,6.51,6.47,6.5,733465.0
10734,2023-07-17 15:00:00,6.5,6.55,6.46,6.47,2205922.0
10735,2023-07-17 16:00:00,6.47,6.47,6.45,6.45,165579.0
10736,2023-07-17 17:00:00,6.48,6.48,6.47,6.48,1657.0
10737,2023-07-17 18:00:00,6.48,6.48,6.48,6.48,470.0
10738,2023-07-17 19:00:00,6.48,6.48,6.47,6.48,1706.0
10739,2023-07-18 05:00:00,6.5,6.5,6.5,6.5,165.0
10740,2023-07-18 07:00:00,6.49,6.49,6.49,6.49,300.0
10741,2023-07-18 08:00:00,6.5,6.5,6.47,6.47,3718.0
10742,2023-07-18 09:00:00,6.5,6.96,6.465,6.94,1444437.0
10743,2023-07-18 10:00:00,6.945,7.0,6.79,6.815,1555540.0
10744,2023-07-18 11:00:00,6.815,6.835,6.72,6.74,915186.0
10745,2023-07-18 12:00:00,6.735,6.745,6.59,6.7,944974.0
10746,2023-07-18 13:00:00,6.7,6.72,6.65,6.675,891019.0
10747,2023-07-18 14:00:00,6.675,6.81,6.6704,6.81,1129812.0
10748,2023-07-18 15:00:00,6.81,6.82,6.69,6.71,2727462.0
10749,2023-07-18 16:00:00,6.73,6.73,6.7,6.7195,142272.0
10750,2023-07-18 18:00:00,6.73,6.73,6.73,6.73,148.0
10751,2023-07-18 19:00:00,6.72,6.74,6.72,6.74,233.0
10752,2023-07-19 07:00:00,6.74,6.75,6.74,6.75,628.0
10753,2023-07-19 08:00:00,6.73,6.75,6.73,6.75,474.0
10754,2023-07-19 09:00:00,6.78,6.97,6.73,6.945,746169.0
10755,2023-07-19 10:00:00,6.95,7.1,6.93,7.065,1440657.0
10756,2023-07-19 11:00:00,7.065,7.1,7.03,7.055,931648.0
10757,2023-07-19 12:00:00,7.055,7.065,6.95,7.02,852763.0
10758,2023-07-19 13:00:00,7.02,7.05,6.98,7.045,715105.0
10759,2023-07-19 14:00:00,7.0417,7.07,7.015,7.0427,870597.0
10760,2023-07-19 15:00:00,7.045,7.11,7.03,7.06,1804588.0
10761,2023-07-19 16:00:00,7.06,7.1,7.06,7.1,76315.0
10762,2023-07-19 17:00:00,7.08,7.09,7.06,7.0899,11150.0
10763,2023-07-19 18:00:00,7.06,7.06,7.05,7.05,1104.0
10764,2023-07-19 19:00:00,7.05,7.05,7.05,7.05,4500.0
10765,2023-07-20 04:00:00,7.06,7.06,7.06,7.06,142.0
10766,2023-07-20 06:00:00,7.1,7.24,7.1,7.2,6703.0
10767,2023-07-20 07:00:00,7.07,7.07,7.05,7.05,611.0
10768,2023-07-20 08:00:00,7.1846,7.1846,7.09,7.09,15829.0
10769,2023-07-20 09:00:00,7.1,7.165,6.99,7.135,838342.0
10770,2023-07-20 10:00:00,7.135,7.15,7.03,7.115,1411208.0
10771,2023-07-20 11:00:00,7.115,7.195,7.08,7.195,1105965.0
10772,2023-07-20 12:00:00,7.1915,7.24,7.18,7.23,758367.0
10773,2023-07-20 13:00:00,7.225,7.3,7.21,7.255,781862.0
10774,2023-07-20 14:00:00,7.255,7.285,7.16,7.265,991540.0
10775,2023-07-20 15:00:00,7.26,7.29,7.18,7.245,1744115.0
10776,2023-07-20 16:00:00,7.25,7.28,7.2,7.28,58988.0
10777,2023-07-20 17:00:00,7.26,7.27,7.2599,7.27,981.0
10778,2023-07-20 18:00:00,7.26,7.27,7.25,7.27,3620.0
10779,2023-07-20 19:00:00,7.27,7.31,7.27,7.31,10146.0
10780,2023-07-21 04:00:00,7.35,7.35,7.35,7.35,866.0
10781,2023-07-21 05:00:00,7.3,7.3,7.3,7.3,314.0
10782,2023-07-21 07:00:00,7.3,7.37,7.3,7.37,5438.0
10783,2023-07-21 08:00:00,7.35,7.4,7.35,7.37,24450.0
10784,2023-07-21 09:00:00,7.38,7.53,7.31,7.405,2447326.0
10785,2023-07-21 10:00:00,7.405,7.6,7.375,7.495,1879526.0
10786,2023-07-21 11:00:00,7.5,7.71,7.49,7.57,2603127.0
10787,2023-07-21 12:00:00,7.5689,7.57,7.4,7.4,817328.0
10788,2023-07-21 13:00:00,7.405,7.42,7.33,7.355,1072242.0
10789,2023-07-21 14:00:00,7.355,7.43,7.33,7.365,1174030.0
10790,2023-07-21 15:00:00,7.365,7.46,7.365,7.455,3342806.0
10791,2023-07-21 16:00:00,7.44,7.46,7.42,7.42,53941.0
10792,2023-07-21 17:00:00,7.44,7.44,7.44,7.44,157.0
10793,2023-07-21 18:00:00,7.44,7.44,7.42,7.44,651.0
10794,2023-07-21 19:00:00,7.44,7.45,7.44,7.45,1136.0
10795,2023-07-24 04:00:00,7.52,7.52,7.45,7.45,230.0
10796,2023-07-24 06:00:00,7.45,7.45,7.45,7.45,2253.0
10797,2023-07-24 07:00:00,7.5,7.5,7.47,7.47,1488.0
10798,2023-07-24 08:00:00,7.529,7.529,7.45,7.45,6325.0
10799,2023-07-24 09:00:00,7.45,7.685,7.43,7.509,1274632.0
10800,2023-07-24 10:00:00,7.505,7.665,7.49,7.66,1081238.0
10801,2023-07-24 11:00:00,7.66,7.695,7.62,7.685,755175.0
10802,2023-07-24 12:00:00,7.68,7.72,7.62,7.715,919957.0
10803,2023-07-24 13:00:00,7.7101,7.9,7.7101,7.83,1244201.0
10804,2023-07-24 14:00:00,7.83,7.88,7.82,7.855,1349076.0
10805,2023-07-24 15:00:00,7.855,7.86,7.69,7.76,3180473.0
10806,2023-07-24 16:00:00,7.76,7.84,7.76,7.8,61320.0
10807,2023-07-24 17:00:00,7.8004,7.84,7.8004,7.81,7152.0
10808,2023-07-24 18:00:00,7.8299,7.8299,7.8101,7.8291,1320.0
10809,2023-07-24 19:00:00,7.81,7.83,7.81,7.82,1948.0
10810,2023-07-25 04:00:00,7.88,7.92,7.81,7.83,801.0
10811,2023-07-25 05:00:00,7.84,7.84,7.84,7.84,394.0
10812,2023-07-25 06:00:00,7.83,7.83,7.83,7.83,510.0
10813,2023-07-25 07:00:00,7.85,7.85,7.75,7.75,548.0
10814,2023-07-25 08:00:00,7.79,7.88,7.75,7.83,15670.0
10815,2023-07-25 09:00:00,7.81,7.84,7.65,7.765,951095.0
10816,2023-07-25 10:00:00,7.77,7.815,7.67,7.69,1018878.0
10817,2023-07-25 11:00:00,7.685,7.82,7.59,7.6489,2804728.0
10818,2023-07-25 12:00:00,7.65,7.9296,7.645,7.7799,2089159.0
10819,2023-07-25 13:00:00,7.78,7.9,7.72,7.89,1766430.0
10820,2023-07-25 14:00:00,7.885,7.91,7.715,7.745,1693903.0
10821,2023-07-25 15:00:00,7.745,7.815,7.7,7.72,3221142.0
10822,2023-07-25 16:00:00,7.7599,9.67,7.71,7.99,1355916.0
10823,2023-07-25 17:00:00,7.97,8.34,7.9508,8.2,400684.0
10824,2023-07-25 18:00:00,8.2,8.48,8.08,8.44,149210.0
10825,2023-07-25 19:00:00,8.47,8.52,8.4,8.4401,123549.0
10826,2023-07-26 04:00:00,8.48,8.75,8.44,8.7,27546.0
10827,2023-07-26 05:00:00,8.75,8.84,8.69,8.83,47001.0
10828,2023-07-26 06:00:00,8.81,8.81,8.65,8.65,62409.0
10829,2023-07-26 07:00:00,8.66,8.77,8.34,8.44,323165.0
10830,2023-07-26 08:00:00,8.6596,8.88,8.2,8.3915,410897.0
10831,2023-07-26 09:00:00,8.39,8.49,7.28,7.665,6659775.0
10832,2023-07-26 10:00:00,7.665,7.69,7.15,7.2399,6303036.0
10833,2023-07-26 11:00:00,7.23,7.42,7.19,7.3398,2490655.0
10834,2023-07-26 12:00:00,7.335,7.39,7.1,7.16,2269418.0
10835,2023-07-26 13:00:00,7.155,7.29,7.13,7.25,1550279.0
10836,2023-07-26 14:00:00,7.2407,7.36,7.235,7.325,1728401.0
10837,2023-07-26 15:00:00,7.325,7.34,7.1779,7.21,3873317.0
10838,2023-07-26 16:00:00,7.22,7.2987,7.22,7.24,86722.0
10839,2023-07-26 17:00:00,7.24,7.26,7.24,7.26,13977.0
10840,2023-07-26 18:00:00,7.26,7.2899,7.25,7.27,12215.0
10841,2023-07-26 19:00:00,7.27,7.28,7.24,7.2596,32613.0
10842,2023-07-27 04:00:00,7.17,7.17,7.17,7.17,101.0
10843,2023-07-27 05:00:00,7.25,7.26,7.25,7.26,283.0
10844,2023-07-27 06:00:00,7.29,7.47,7.29,7.47,7619.0
10845,2023-07-27 07:00:00,7.42,7.42,7.31,7.34,5379.0
10846,2023-07-27 08:00:00,7.35,7.41,7.26,7.32,59843.0
10847,2023-07-27 09:00:00,7.34,7.4,7.2,7.295,1389840.0
10848,2023-07-27 10:00:00,7.295,7.385,7.26,7.265,1368365.0
10849,2023-07-27 11:00:00,7.265,7.285,7.18,7.195,971862.0
10850,2023-07-27 12:00:00,7.195,7.195,7.09,7.12,795379.0
10851,2023-07-27 13:00:00,7.12,7.13,7.01,7.04,1325654.0
10852,2023-07-27 14:00:00,7.03,7.05,6.95,7.0,1375419.0
10853,2023-07-27 15:00:00,7.0,7.05,6.95,6.985,2276768.0
10854,2023-07-27 16:00:00,6.98,7.03,6.96,7.03,37290.0
10855,2023-07-27 17:00:00,6.99,7.04,6.99,6.99,17448.0
10856,2023-07-27 18:00:00,6.99,7.02,6.98,6.99,6922.0
10857,2023-07-27 19:00:00,6.99,6.99,6.98,6.99,4916.0
10858,2023-07-28 04:00:00,6.98,6.98,6.98,6.98,195.0
10859,2023-07-28 05:00:00,6.99,6.99,6.88,6.88,1049.0
10860,2023-07-28 06:00:00,6.95,6.95,6.95,6.95,213.0
10861,2023-07-28 08:00:00,7.0301,7.15,7.0017,7.08,13243.0
10862,2023-07-28 09:00:00,7.0611,7.69,7.0611,7.565,2790401.0
10863,2023-07-28 10:00:00,7.5601,7.73,7.49,7.585,1820267.0
10864,2023-07-28 11:00:00,7.58,7.695,7.56,7.615,1292402.0
10865,2023-07-28 12:00:00,7.615,7.88,7.57,7.845,2328421.0
10866,2023-07-28 13:00:00,7.84,7.875,7.7,7.76,1173614.0
10867,2023-07-28 14:00:00,7.765,7.86,7.745,7.805,1362759.0
10868,2023-07-28 15:00:00,7.805,7.85,7.755,7.78,2522647.0
10869,2023-07-28 16:00:00,7.79,7.81,7.75,7.7997,277239.0
10870,2023-07-28 17:00:00,7.79,7.81,7.77,7.7981,4165.0
10871,2023-07-28 18:00:00,7.8,7.81,7.78,7.81,3486.0
10872,2023-07-28 19:00:00,7.8,7.8,7.72,7.72,1882.0
10873,2023-07-31 06:00:00,7.87,7.87,7.87,7.87,790.0
10874,2023-07-31 07:00:00,7.85,7.86,7.85,7.86,2621.0
10875,2023-07-31 08:00:00,7.8592,7.8798,7.8,7.82,16211.0
10876,2023-07-31 09:00:00,7.85,8.02,7.7048,7.97,1742033.0
10877,2023-07-31 10:00:00,7.9754,8.08,7.865,7.96,1515723.0
10878,2023-07-31 11:00:00,7.97,8.0,7.93,7.945,799583.0
10879,2023-07-31 12:00:00,7.95,7.96,7.84,7.8553,544325.0
10880,2023-07-31 13:00:00,7.86,7.905,7.82,7.88,677807.0
10881,2023-07-31 14:00:00,7.88,7.94,7.87,7.94,623894.0
10882,2023-07-31 15:00:00,7.94,7.98,7.88,7.93,1898224.0
10883,2023-07-31 16:00:00,7.93,7.95,7.93,7.93,95102.0
10884,2023-07-31 17:00:00,7.94,7.94,7.55,7.91,21920.0
10885,2023-07-31 18:00:00,7.88,7.91,7.88,7.9,2075.0
10886,2023-07-31 19:00:00,7.9,7.9,7.85,7.85,8312.0
10887,2023-08-01 07:00:00,7.91,7.91,7.89,7.89,775.0
10888,2023-08-01 08:00:00,7.8981,7.9485,7.85,7.89,43588.0
10889,2023-08-01 09:00:00,7.9,7.9,7.7,7.755,840358.0
10890,2023-08-01 10:00:00,7.75,7.825,7.58,7.69,1229370.0
10891,2023-08-01 11:00:00,7.69,7.75,7.67,7.67,536098.0
10892,2023-08-01 12:00:00,7.675,7.7,7.645,7.685,528226.0
10893,2023-08-01 13:00:00,7.685,7.73,7.66,7.6725,469427.0
10894,2023-08-01 14:00:00,7.675,7.715,7.67,7.705,464210.0
10895,2023-08-01 15:00:00,7.705,7.775,7.6819,7.75,2014792.0
10896,2023-08-01 16:00:00,7.76,7.77,7.74,7.74,27196.0
10897,2023-08-01 17:00:00,7.69,7.75,7.69,7.75,3510.0
10898,2023-08-01 18:00:00,7.74,7.79,7.7,7.75,11562.0
10899,2023-08-01 19:00:00,7.74,7.75,7.73,7.73,4883.0
10900,2023-08-02 04:00:00,7.69,7.69,7.69,7.69,200.0
10901,2023-08-02 05:00:00,7.51,7.51,7.51,7.51,620.0
10902,2023-08-02 06:00:00,7.65,7.65,7.65,7.65,100.0
10903,2023-08-02 07:00:00,7.65,7.65,7.57,7.63,2011.0
10904,2023-08-02 08:00:00,7.65,7.65,7.58,7.6001,7388.0
10905,2023-08-02 09:00:00,7.6001,7.67,7.46,7.54,832649.0
10906,2023-08-02 10:00:00,7.545,7.569,7.28,7.295,1183817.0
10907,2023-08-02 11:00:00,7.29,7.3673,7.245,7.335,1203188.0
10908,2023-08-02 12:00:00,7.33,7.345,7.25,7.29,646154.0
10909,2023-08-02 13:00:00,7.3,7.36,7.2906,7.33,492103.0
10910,2023-08-02 14:00:00,7.33,7.385,7.31,7.365,574065.0
10911,2023-08-02 15:00:00,7.365,7.44,7.365,7.41,2053045.0
10912,2023-08-02 16:00:00,7.41,7.44,7.4,7.4,56359.0
10913,2023-08-02 17:00:00,7.42,7.42,7.42,7.42,1311.0
10914,2023-08-02 18:00:00,7.44,7.44,7.44,7.44,1200.0
10915,2023-08-02 19:00:00,7.44,7.44,7.42,7.44,3259.0
10916,2023-08-03 04:00:00,7.44,7.44,7.44,7.44,273.0
10917,2023-08-03 08:00:00,7.2801,7.5,7.2801,7.5,3596.0
10918,2023-08-03 09:00:00,7.38,7.455,7.2401,7.2801,521019.0
10919,2023-08-03 10:00:00,7.285,7.34,7.23,7.325,801449.0
10920,2023-08-03 11:00:00,7.32,7.53,7.32,7.53,542860.0
10921,2023-08-03 12:00:00,7.5262,7.63,7.515,7.63,616309.0
10922,2023-08-03 13:00:00,7.625,7.65,7.52,7.525,579753.0
10923,2023-08-03 14:00:00,7.525,7.54,7.475,7.54,522568.0
10924,2023-08-03 15:00:00,7.535,7.57,7.51,7.54,1115779.0
10925,2023-08-03 16:00:00,7.55,7.55,7.55,7.55,32870.0
10926,2023-08-03 17:00:00,7.53,7.54,7.53,7.53,600.0
10927,2023-08-03 18:00:00,7.53,7.66,7.5,7.6496,15275.0
10928,2023-08-03 19:00:00,7.6599,7.6599,7.6599,7.6599,102.0
10929,2023-08-04 07:00:00,7.6,7.6,7.6,7.6,177.0
10930,2023-08-04 08:00:00,7.61,7.64,7.56,7.64,6386.0
10931,2023-08-04 09:00:00,7.64,7.73,7.48,7.605,590871.0
10932,2023-08-04 10:00:00,7.6,7.78,7.55,7.78,952132.0
10933,2023-08-04 11:00:00,7.7751,7.85,7.72,7.815,792161.0
10934,2023-08-04 12:00:00,7.82,7.85,7.765,7.775,607427.0
10935,2023-08-04 13:00:00,7.775,7.78,7.68,7.685,1160164.0
10936,2023-08-04 14:00:00,7.685,7.695,7.57,7.58,882099.0
10937,2023-08-04 15:00:00,7.57,7.6,7.545,7.59,1702581.0
10938,2023-08-04 16:00:00,7.59,7.6,7.22,7.4,57962.0
10939,2023-08-04 17:00:00,7.6,7.6,7.4,7.46,1334.0
10940,2023-08-04 18:00:00,7.5,7.57,7.5,7.57,776.0
10941,2023-08-04 19:00:00,7.5,7.5,7.5,7.5,500.0
10942,2023-08-07 04:00:00,7.54,7.56,7.54,7.56,502.0
10943,2023-08-07 06:00:00,7.57,7.57,7.57,7.57,221.0
10944,2023-08-07 07:00:00,7.59,7.59,7.59,7.59,718.0
10945,2023-08-07 08:00:00,7.5901,7.62,7.55,7.6,12678.0
10946,2023-08-07 09:00:00,7.62,7.7,7.365,7.425,667433.0
10947,2023-08-07 10:00:00,7.43,7.56,7.375,7.51,785088.0
10948,2023-08-07 11:00:00,7.51,7.52,7.375,7.445,661392.0
10949,2023-08-07 12:00:00,7.445,7.6,7.44,7.6,495910.0
10950,2023-08-07 13:00:00,7.595,7.74,7.595,7.73,787422.0
10951,2023-08-07 14:00:00,7.72,7.74,7.67,7.675,602659.0
10952,2023-08-07 15:00:00,7.675,7.69,7.6025,7.65,1308017.0
10953,2023-08-07 16:00:00,7.64,7.64,7.57,7.59,55231.0
10954,2023-08-07 17:00:00,7.63,7.63,7.59,7.61,854.0
10955,2023-08-07 18:00:00,7.63,7.65,7.63,7.63,1226.0
10956,2023-08-08 04:00:00,7.64,7.86,7.64,7.7,965.0
10957,2023-08-08 05:00:00,7.73,7.73,7.71,7.71,600.0
10958,2023-08-08 06:00:00,7.71,7.71,7.71,7.71,144.0
10959,2023-08-08 07:00:00,7.7,7.74,7.13,7.74,53064.0
10960,2023-08-08 08:00:00,7.7203,7.74,7.2495,7.56,114674.0
10961,2023-08-08 09:00:00,7.57,8.03,7.53,7.885,4009710.0
10962,2023-08-08 10:00:00,7.885,8.31,7.86,8.28,6249002.0
10963,2023-08-08 11:00:00,8.28,8.455,8.27,8.345,4560967.0
10964,2023-08-08 12:00:00,8.34,8.355,8.17,8.24,2651092.0
10965,2023-08-08 13:00:00,8.235,8.3399,8.2275,8.315,2042370.0
10966,2023-08-08 14:00:00,8.315,8.37,8.3,8.35,2108428.0
10967,2023-08-08 15:00:00,8.35,8.405,8.34,8.38,3896632.0
10968,2023-08-08 16:00:00,8.37,8.48,8.36,8.4499,93894.0
10969,2023-08-08 17:00:00,8.4499,8.47,8.43,8.44,30407.0
10970,2023-08-08 18:00:00,8.4401,8.4401,8.41,8.43,3130.0
10971,2023-08-08 19:00:00,8.43,8.45,8.4199,8.45,9843.0
10972,2023-08-09 04:00:00,8.5,8.55,8.33,8.42,8838.0
10973,2023-08-09 05:00:00,8.46,8.49,8.46,8.49,307.0
10974,2023-08-09 07:00:00,8.43,8.5,8.42,8.45,43918.0
10975,2023-08-09 08:00:00,8.46,8.57,8.43,8.52,56844.0
10976,2023-08-09 09:00:00,8.55,8.73,8.12,8.35,2821716.0
10977,2023-08-09 10:00:00,8.345,8.49,8.26,8.43,3238074.0
10978,2023-08-09 11:00:00,8.43,8.465,8.32,8.415,2119432.0
10979,2023-08-09 12:00:00,8.415,8.55,8.41,8.4401,1902800.0
10980,2023-08-09 13:00:00,8.44,8.455,8.275,8.32,1671177.0
10981,2023-08-09 14:00:00,8.325,8.375,8.27,8.275,1535618.0
10982,2023-08-09 15:00:00,8.28,8.31,8.18,8.27,2728834.0
10983,2023-08-09 16:00:00,8.27,8.4227,8.2306,8.28,146095.0
10984,2023-08-09 17:00:00,8.27,8.27,8.27,8.27,1538.0
10985,2023-08-09 18:00:00,8.27,8.28,8.27,8.28,3100.0
10986,2023-08-09 19:00:00,8.28,8.28,8.28,8.28,1442.0
10987,2023-08-10 08:00:00,8.3782,8.38,8.29,8.37,10392.0
10988,2023-08-10 09:00:00,8.37,8.49,8.34,8.45,959242.0
10989,2023-08-10 10:00:00,8.46,8.57,8.24,8.245,2368823.0
10990,2023-08-10 11:00:00,8.245,8.26,8.15,8.22,1714261.0
10991,2023-08-10 12:00:00,8.215,8.255,8.02,8.05,1141711.0
10992,2023-08-10 13:00:00,8.05,8.12,7.95,8.105,1690870.0
10993,2023-08-10 14:00:00,8.105,8.135,8.08,8.105,1049151.0
10994,2023-08-10 15:00:00,8.1,8.2,8.06,8.16,3042065.0
10995,2023-08-10 16:00:00,8.16,8.16,8.16,8.16,31858.0
10996,2023-08-10 17:00:00,8.14,8.14,8.14,8.14,612.0
10997,2023-08-10 19:00:00,8.15,8.15,8.14,8.14,2340.0
10998,2023-08-11 05:00:00,7.95,7.95,7.95,7.95,150.0
10999,2023-08-11 06:00:00,7.96,7.96,7.95,7.95,200.0
11000,2023-08-11 07:00:00,8.13,8.15,8.09,8.15,683.0
11001,2023-08-11 08:00:00,7.97,8.16,7.97,8.09,7176.0
11002,2023-08-11 09:00:00,8.0902,8.14,7.995,8.035,568003.0
11003,2023-08-11 10:00:00,8.04,8.145,8.025,8.08,1001631.0
11004,2023-08-11 11:00:00,8.08,8.21,8.065,8.19,909169.0
11005,2023-08-11 12:00:00,8.19,8.2475,8.16,8.175,541940.0
11006,2023-08-11 13:00:00,8.17,8.17,8.1,8.145,489052.0
11007,2023-08-11 14:00:00,8.145,8.17,8.11,8.11,599972.0
11008,2023-08-11 15:00:00,8.11,8.1112,8.05,8.05,1740781.0
11009,2023-08-11 16:00:00,8.06,8.06,8.0382,8.0382,55823.0
11010,2023-08-11 17:00:00,8.07,8.07,8.07,8.07,2280.0
11011,2023-08-11 19:00:00,8.06,8.06,8.06,8.06,1105.0
11012,2023-08-14 05:00:00,8.14,8.14,8.14,8.14,125.0
11013,2023-08-14 07:00:00,8.13,8.15,8.11,8.11,3800.0
11014,2023-08-14 08:00:00,8.1019,8.16,8.05,8.05,8550.0
11015,2023-08-14 09:00:00,8.05,8.07,7.81,7.85,1110335.0
11016,2023-08-14 10:00:00,7.85,7.875,7.765,7.785,1561481.0
11017,2023-08-14 11:00:00,7.785,7.94,7.745,7.93,1296865.0
11018,2023-08-14 12:00:00,7.93,8.015,7.8936,7.995,1201585.0
11019,2023-08-14 13:00:00,7.995,8.0,7.9,7.91,798209.0
11020,2023-08-14 14:00:00,7.9,7.915,7.86,7.885,870993.0
11021,2023-08-14 15:00:00,7.885,7.89,7.8,7.8,2438380.0
11022,2023-08-14 16:00:00,7.8,7.9547,7.79,7.79,152188.0
11023,2023-08-14 18:00:00,7.78,7.79,7.78,7.79,1309.0
11024,2023-08-14 19:00:00,7.7901,7.8,7.79,7.8,1250.0
11025,2023-08-15 07:00:00,7.75,7.79,7.74,7.74,6068.0
11026,2023-08-15 08:00:00,7.7799,7.7799,7.6301,7.74,2700.0
11027,2023-08-15 09:00:00,7.73,7.76,7.59,7.7112,882656.0
11028,2023-08-15 10:00:00,7.72,7.745,7.625,7.6735,1062443.0
11029,2023-08-15 11:00:00,7.675,7.715,7.61,7.615,940878.0
11030,2023-08-15 12:00:00,7.615,7.63,7.565,7.61,854130.0
11031,2023-08-15 13:00:00,7.61,7.62,7.58,7.605,717429.0
11032,2023-08-15 14:00:00,7.6,7.61,7.55,7.58,544509.0
11033,2023-08-15 15:00:00,7.58,7.595,7.52,7.565,2342488.0
11034,2023-08-15 16:00:00,7.56,7.58,7.56,7.56,234937.0
11035,2023-08-15 17:00:00,7.5428,7.56,7.54,7.54,7080.0
11036,2023-08-15 18:00:00,7.53,7.55,7.53,7.54,1712.0
11037,2023-08-15 19:00:00,7.55,7.55,7.55,7.55,300.0
11038,2023-08-16 04:00:00,7.55,7.55,7.55,7.55,378.0
11039,2023-08-16 08:00:00,7.58,7.58,7.55,7.55,434.0
11040,2023-08-16 09:00:00,7.52,7.52,7.32,7.375,896236.0
11041,2023-08-16 10:00:00,7.375,7.38,7.24,7.2682,1041918.0
11042,2023-08-16 11:00:00,7.26,7.27,7.15,7.195,930231.0
11043,2023-08-16 12:00:00,7.19,7.24,7.145,7.145,1201899.0
11044,2023-08-16 13:00:00,7.1445,7.195,7.11,7.15,1317392.0
11045,2023-08-16 14:00:00,7.15,7.22,7.1,7.2,934921.0
11046,2023-08-16 15:00:00,7.195,7.195,7.09,7.1,2026965.0
11047,2023-08-16 16:00:00,7.11,7.15,7.0222,7.15,127286.0
11048,2023-08-16 17:00:00,7.11,7.15,7.1,7.1201,750.0
11049,2023-08-16 18:00:00,7.12,7.12,7.09,7.09,2191.0
11050,2023-08-16 19:00:00,7.1,7.1,7.04,7.04,14929.0
11051,2023-08-17 08:00:00,7.14,7.15,7.14,7.15,1540.0
11052,2023-08-17 09:00:00,7.15,7.26,7.07,7.1,744617.0
11053,2023-08-17 10:00:00,7.105,7.14,6.97,7.085,957875.0
11054,2023-08-17 11:00:00,7.085,7.0882,6.86,6.885,2309338.0
11055,2023-08-17 12:00:00,6.89,6.96,6.87,6.925,1243281.0
11056,2023-08-17 13:00:00,6.925,6.93,6.875,6.905,923679.0
11057,2023-08-17 14:00:00,6.905,6.95,6.8825,6.905,903430.0
11058,2023-08-17 15:00:00,6.905,6.97,6.88,6.92,2268959.0
11059,2023-08-17 16:00:00,6.92,6.95,6.92,6.95,104790.0
11060,2023-08-17 17:00:00,6.93,6.94,6.92,6.92,450.0
11061,2023-08-17 18:00:00,6.92,6.92,6.91,6.91,210.0
11062,2023-08-17 19:00:00,6.92,6.92,6.91,6.92,3712.0
11063,2023-08-18 07:00:00,6.9,6.9,6.86,6.86,3001.0
11064,2023-08-18 08:00:00,6.8257,6.88,6.8,6.82,3982.0
11065,2023-08-18 09:00:00,6.84,6.87,6.765,6.795,605974.0
11066,2023-08-18 10:00:00,6.79,6.8,6.71,6.79,1094015.0
11067,2023-08-18 11:00:00,6.79,6.845,6.74,6.755,936077.0
11068,2023-08-18 12:00:00,6.75,6.785,6.74,6.75,601907.0
11069,2023-08-18 13:00:00,6.75,6.77,6.68,6.77,862314.0
11070,2023-08-18 14:00:00,6.77,6.78,6.73,6.7513,797291.0
11071,2023-08-18 15:00:00,6.75,6.755,6.68,6.69,2664780.0
11072,2023-08-18 16:00:00,6.69,6.782,6.69,6.69,72616.0
11073,2023-08-18 17:00:00,6.69,6.72,6.69,6.72,1950.0
11074,2023-08-18 18:00:00,6.71,6.71,6.71,6.71,3050.0
11075,2023-08-18 19:00:00,6.69,6.7201,6.69,6.7,3866.0
11076,2023-08-21 04:00:00,6.7,6.7,6.7,6.7,501.0
11077,2023-08-21 08:00:00,6.75,6.75,6.7,6.7,7329.0
11078,2023-08-21 09:00:00,6.72,6.72,6.53,6.53,870922.0
11079,2023-08-21 10:00:00,6.535,6.535,6.39,6.47,1367999.0
11080,2023-08-21 11:00:00,6.48,6.52,6.3,6.3199,1497655.0
11081,2023-08-21 12:00:00,6.315,6.34,6.26,6.27,1393720.0
11082,2023-08-21 13:00:00,6.2724,6.35,6.23,6.345,1899935.0
11083,2023-08-21 14:00:00,6.35,6.4,6.295,6.36,1174367.0
11084,2023-08-21 15:00:00,6.36,6.42,6.34,6.405,2097015.0
11085,2023-08-21 16:00:00,6.4,6.43,6.4,6.4,58197.0
11086,2023-08-21 17:00:00,6.41,6.45,6.41,6.43,11376.0
11087,2023-08-21 18:00:00,6.42,6.44,6.41,6.4299,4848.0
11088,2023-08-21 19:00:00,6.43,6.43,6.39,6.4,5970.0
11089,2023-08-22 07:00:00,6.46,6.48,6.44,6.48,1270.0
11090,2023-08-22 08:00:00,6.45,6.5,6.4,6.48,37211.0
11091,2023-08-22 09:00:00,6.48,6.505,6.26,6.27,775113.0
11092,2023-08-22 10:00:00,6.275,6.4,6.245,6.385,1244609.0
11093,2023-08-22 11:00:00,6.385,6.39,6.29,6.3,750765.0
11094,2023-08-22 12:00:00,6.305,6.32,6.26,6.295,653015.0
11095,2023-08-22 13:00:00,6.295,6.31,6.26,6.28,649879.0
11096,2023-08-22 14:00:00,6.28,6.34,6.27,6.31,674840.0
11097,2023-08-22 15:00:00,6.3,6.365,6.3,6.345,2105982.0
11098,2023-08-22 16:00:00,6.33,6.37,6.33,6.35,408539.0
11099,2023-08-22 17:00:00,6.35,6.35,6.33,6.33,15560.0
11100,2023-08-22 18:00:00,6.34,6.36,6.34,6.36,2052.0
11101,2023-08-22 19:00:00,6.35,6.35,6.35,6.35,350.0
11102,2023-08-23 08:00:00,6.3201,6.39,6.32,6.39,3310.0
11103,2023-08-23 09:00:00,6.39,6.48,6.31,6.44,756123.0
11104,2023-08-23 10:00:00,6.445,6.47,6.32,6.34,753032.0
11105,2023-08-23 11:00:00,6.345,6.405,6.34,6.395,570610.0
11106,2023-08-23 12:00:00,6.4,6.4,6.33,6.36,566196.0
11107,2023-08-23 13:00:00,6.3675,6.3984,6.35,6.365,398702.0
11108,2023-08-23 14:00:00,6.365,6.38,6.33,6.345,507575.0
11109,2023-08-23 15:00:00,6.35,6.37,6.32,6.34,1440935.0
11110,2023-08-23 16:00:00,6.33,6.37,6.32,6.35,60484.0
11111,2023-08-23 17:00:00,6.35,6.35,6.3,6.31,3149.0
11112,2023-08-23 18:00:00,6.35,6.35,6.3487,6.35,5100.0
11113,2023-08-23 19:00:00,6.33,6.36,6.33,6.36,4885.0
11114,2023-08-24 08:00:00,6.37,6.39,6.3311,6.39,5147.0
11115,2023-08-24 09:00:00,6.34,6.385,6.215,6.35,639244.0
11116,2023-08-24 10:00:00,6.35,6.38,6.18,6.19,892415.0
11117,2023-08-24 11:00:00,6.19,6.23,6.12,6.12,797667.0
11118,2023-08-24 12:00:00,6.12,6.217,6.12,6.18,611059.0
11119,2023-08-24 13:00:00,6.1806,6.215,6.15,6.205,681882.0
11120,2023-08-24 14:00:00,6.205,6.265,6.175,6.255,717288.0
11121,2023-08-24 15:00:00,6.255,6.2775,6.23,6.235,1187242.0
11122,2023-08-24 16:00:00,6.23,6.25,6.23,6.25,10552.0
11123,2023-08-24 18:00:00,6.23,6.2315,6.23,6.2315,3141.0
11124,2023-08-24 19:00:00,6.2311,6.2311,6.2311,6.2311,250.0
11125,2023-08-25 08:00:00,6.24,6.29,6.2101,6.29,1739.0
11126,2023-08-25 09:00:00,6.24,6.36,6.11,6.12,738574.0
11127,2023-08-25 10:00:00,6.125,6.21,6.01,6.02,1438227.0
11128,2023-08-25 11:00:00,6.025,6.115,6.01,6.075,811375.0
11129,2023-08-25 12:00:00,6.075,6.085,6.01,6.03,947327.0
11130,2023-08-25 13:00:00,6.025,6.03,5.96,6.0225,1287258.0
11131,2023-08-25 14:00:00,6.03,6.08,6.02,6.065,804769.0
11132,2023-08-25 15:00:00,6.0625,6.08,6.0,6.01,2077431.0
11133,2023-08-25 16:00:00,6.0,6.04,5.98,6.04,47665.0
11134,2023-08-25 17:00:00,6.05,6.05,6.05,6.05,1600.0
11135,2023-08-25 18:00:00,6.04,6.0499,6.04,6.0494,700.0
11136,2023-08-25 19:00:00,6.03,6.06,6.02,6.06,2689.0
11137,2023-08-28 07:00:00,6.06,6.06,6.06,6.06,1200.0
11138,2023-08-28 08:00:00,6.04,6.06,6.03,6.05,3248.0
11139,2023-08-28 09:00:00,6.0495,6.2199,6.035,6.17,711936.0
11140,2023-08-28 10:00:00,6.175,6.175,6.055,6.15,826419.0
11141,2023-08-28 11:00:00,6.145,6.15,6.05,6.055,581309.0
11142,2023-08-28 12:00:00,6.05,6.095,6.025,6.075,526514.0
11143,2023-08-28 13:00:00,6.0782,6.1,6.01,6.01,578399.0
11144,2023-08-28 14:00:00,6.01,6.045,6.0,6.03,510561.0
11145,2023-08-28 15:00:00,6.04,6.055,6.01,6.045,1355755.0
11146,2023-08-28 16:00:00,6.04,6.07,6.03,6.03,65833.0
11147,2023-08-28 17:00:00,6.0699,6.0699,6.06,6.06,2560.0
11148,2023-08-28 18:00:00,6.0582,6.0582,6.0582,6.0582,100.0
11149,2023-08-28 19:00:00,6.05,6.1,6.05,6.1,25312.0
11150,2023-08-29 07:00:00,6.08,6.08,6.06,6.06,705.0
11151,2023-08-29 08:00:00,6.06,6.06,6.04,6.05,15499.0
11152,2023-08-29 09:00:00,6.06,6.27,6.05,6.135,928512.0
11153,2023-08-29 10:00:00,6.135,6.1501,6.065,6.065,843573.0
11154,2023-08-29 11:00:00,6.06,6.09,6.01,6.01,962976.0
11155,2023-08-29 12:00:00,6.01,6.07,5.99,6.02,859323.0
11156,2023-08-29 13:00:00,6.02,6.07,6.02,6.025,904825.0
11157,2023-08-29 14:00:00,6.02,6.04,5.99,6.015,1017867.0
11158,2023-08-29 15:00:00,6.015,6.12,6.0,6.12,1833738.0
11159,2023-08-29 16:00:00,6.12,6.12,6.06,6.09,72985.0
11160,2023-08-29 18:00:00,6.12,6.14,6.09,6.09,2912.0
11161,2023-08-30 07:00:00,6.13,6.13,6.13,6.13,205.0
11162,2023-08-30 08:00:00,6.1,6.14,6.1,6.14,5837.0
11163,2023-08-30 09:00:00,6.14,6.15,5.9705,6.03,961126.0
11164,2023-08-30 10:00:00,6.03,6.045,5.98,6.01,900855.0
11165,2023-08-30 11:00:00,6.015,6.05,6.0,6.035,703261.0
11166,2023-08-30 12:00:00,6.04,6.1,6.02,6.035,872411.0
11167,2023-08-30 13:00:00,6.04,6.04,6.0,6.0,1045826.0
11168,2023-08-30 14:00:00,6.0022,6.03,6.0,6.01,808013.0
11169,2023-08-30 15:00:00,6.01,6.04,6.0,6.01,2157129.0
11170,2023-08-30 16:00:00,6.01,6.03,6.0,6.03,312883.0
11171,2023-08-30 17:00:00,6.03,6.03,6.02,6.02,1273.0
11172,2023-08-30 19:00:00,6.0296,6.03,6.02,6.02,1803.0
11173,2023-08-31 08:00:00,6.0501,6.07,6.05,6.07,1758.0
11174,2023-08-31 09:00:00,6.02,6.0694,5.97,6.035,747306.0
11175,2023-08-31 10:00:00,6.035,6.1,6.015,6.1,1137219.0
11176,2023-08-31 11:00:00,6.1,6.1,6.03,6.06,804987.0
11177,2023-08-31 12:00:00,6.06,6.07,6.0,6.015,737071.0
11178,2023-08-31 13:00:00,6.015,6.06,6.01,6.045,430716.0
11179,2023-08-31 14:00:00,6.045,6.05,5.99,6.005,1027816.0
11180,2023-08-31 15:00:00,6.005,6.02,5.99,5.99,2353050.0
11181,2023-08-31 16:00:00,6.0,6.0,5.98,5.98,35043.0
11182,2023-08-31 17:00:00,6.0,6.0,5.98,5.99,2929.0
11183,2023-08-31 19:00:00,6.0,6.01,6.0,6.01,992.0
11184,2023-09-01 07:00:00,6.05,6.06,6.05,6.06,5551.0
11185,2023-09-01 08:00:00,6.06,6.09,6.01,6.04,17828.0
11186,2023-09-01 09:00:00,6.03,6.08,5.99,6.03,875731.0
11187,2023-09-01 10:00:00,6.035,6.035,5.95,5.975,1084965.0
11188,2023-09-01 11:00:00,5.975,5.99,5.93,5.95,978714.0
11189,2023-09-01 12:00:00,5.95,6.03,5.935,6.025,1100429.0
11190,2023-09-01 13:00:00,6.025,6.03,5.99,6.0175,656338.0
11191,2023-09-01 14:00:00,6.015,6.02,5.97,6.005,764507.0
11192,2023-09-01 15:00:00,6.005,6.02,5.96,5.965,1811384.0
11193,2023-09-01 16:00:00,5.96,6.03,5.95,6.0091,165299.0
11194,2023-09-01 18:00:00,5.9895,5.9895,5.9895,5.9895,197.0
11195,2023-09-01 19:00:00,5.97,5.98,5.95,5.98,1328.0
11196,2023-09-05 04:00:00,5.94,5.94,5.94,5.94,106.0
11197,2023-09-05 05:00:00,5.92,5.92,5.92,5.92,1065.0
11198,2023-09-05 06:00:00,5.96,5.96,5.96,5.96,126.0
11199,2023-09-05 07:00:00,5.97,5.97,5.95,5.95,1300.0
11200,2023-09-05 08:00:00,5.93,5.99,5.93,5.9798,9083.0
11201,2023-09-05 09:00:00,5.98,6.07,5.89,6.06,1847971.0
11202,2023-09-05 10:00:00,6.065,6.225,6.06,6.13,1937145.0
11203,2023-09-05 11:00:00,6.13,6.13,6.005,6.015,1721044.0
11204,2023-09-05 12:00:00,6.015,6.095,6.01,6.08,1350428.0
11205,2023-09-05 13:00:00,6.08,6.09,6.04,6.055,571354.0
11206,2023-09-05 14:00:00,6.055,6.07,6.03,6.07,708747.0
11207,2023-09-05 15:00:00,6.065,6.13,6.06,6.13,2460072.0
11208,2023-09-05 16:00:00,6.13,6.13,6.11,6.11,169730.0
11209,2023-09-05 17:00:00,6.12,6.12,6.12,6.12,700.0
11210,2023-09-05 19:00:00,6.1199,6.12,6.1199,6.12,300.0
11211,2023-09-06 04:00:00,6.12,6.12,6.12,6.12,349.0
11212,2023-09-06 07:00:00,6.11,6.11,6.11,6.11,481.0
11213,2023-09-06 08:00:00,6.15,6.15,6.1,6.1,3133.0
11214,2023-09-06 09:00:00,6.1,6.105,5.96,5.97,2067261.0
11215,2023-09-06 10:00:00,5.96,6.21,5.93,6.1714,2762809.0
11216,2023-09-06 11:00:00,6.17,6.19,6.1001,6.115,1099856.0
11217,2023-09-06 12:00:00,6.11,6.13,6.09,6.125,640214.0
11218,2023-09-06 13:00:00,6.1269,6.14,6.08,6.135,675070.0
11219,2023-09-06 14:00:00,6.14,6.17,6.13,6.165,596578.0
11220,2023-09-06 15:00:00,6.165,6.215,6.15,6.21,2345531.0
11221,2023-09-06 16:00:00,6.21,6.23,6.17,6.22,88366.0
11222,2023-09-06 17:00:00,6.22,6.22,6.22,6.22,245.0
11223,2023-09-06 18:00:00,6.19,6.1906,6.19,6.1906,10150.0
11224,2023-09-07 06:00:00,6.2,6.2,6.2,6.2,100.0
11225,2023-09-07 07:00:00,6.19,6.19,6.19,6.19,1402.0
11226,2023-09-07 08:00:00,6.22,6.22,6.09,6.12,6480.0
11227,2023-09-07 09:00:00,6.13,6.2,6.03,6.045,713426.0
11228,2023-09-07 10:00:00,6.045,6.0992,6.02,6.045,1118730.0
11229,2023-09-07 11:00:00,6.045,6.05,5.98,6.005,1394020.0
11230,2023-09-07 12:00:00,6.0,6.05,6.0,6.02,753617.0
11231,2023-09-07 13:00:00,6.015,6.125,6.0,6.095,874512.0
11232,2023-09-07 14:00:00,6.09,6.11,6.02,6.03,801136.0
11233,2023-09-07 15:00:00,6.03,6.03,6.0,6.005,2084251.0
11234,2023-09-07 16:00:00,6.01,6.04,6.01,6.03,101716.0
11235,2023-09-07 17:00:00,6.02,6.02,6.02,6.02,25000.0
11236,2023-09-07 18:00:00,6.01,6.02,6.0,6.02,440.0
11237,2023-09-07 19:00:00,6.01,6.03,6.0,6.03,2905.0
11238,2023-09-08 05:00:00,6.01,6.01,6.01,6.01,200.0
11239,2023-09-08 08:00:00,6.04,6.04,6.03,6.03,3396.0
11240,2023-09-08 09:00:00,6.02,6.1,5.95,6.085,956548.0
11241,2023-09-08 10:00:00,6.09,6.255,6.08,6.19,1343090.0
11242,2023-09-08 11:00:00,6.195,6.33,6.185,6.3101,877167.0
11243,2023-09-08 12:00:00,6.315,6.36,6.27,6.27,546458.0
11244,2023-09-08 13:00:00,6.273,6.29,6.23,6.275,710769.0
11245,2023-09-08 14:00:00,6.275,6.29,6.19,6.245,1149565.0
11246,2023-09-08 15:00:00,6.245,6.3,6.23,6.29,1973451.0
11247,2023-09-08 16:00:00,6.3,6.3,6.23,6.26,107970.0
11248,2023-09-08 17:00:00,6.2699,6.2699,6.2699,6.2699,1000.0
11249,2023-09-08 19:00:00,6.26,6.27,6.26,6.26,1600.0
11250,2023-09-11 04:00:00,6.3,6.32,6.3,6.3,5350.0
11251,2023-09-11 07:00:00,6.32,6.32,6.32,6.32,100.0
11252,2023-09-11 08:00:00,6.3497,6.35,6.3497,6.35,600.0
11253,2023-09-11 09:00:00,6.35,6.445,6.3,6.33,658164.0
11254,2023-09-11 10:00:00,6.33,6.4201,6.3,6.335,794216.0
11255,2023-09-11 11:00:00,6.34,6.3499,6.23,6.245,728626.0
11256,2023-09-11 12:00:00,6.245,6.29,6.23,6.285,610061.0
11257,2023-09-11 13:00:00,6.285,6.33,6.26,6.265,591332.0
11258,2023-09-11 14:00:00,6.265,6.28,6.23,6.235,704819.0
11259,2023-09-11 15:00:00,6.235,6.24,6.13,6.14,1661369.0
11260,2023-09-11 16:00:00,6.14,6.17,6.12,6.17,150448.0
11261,2023-09-11 17:00:00,6.17,6.18,6.169,6.17,19260.0
11262,2023-09-11 18:00:00,6.16,6.16,6.16,6.16,200.0
11263,2023-09-11 19:00:00,6.16,6.18,6.16,6.18,744.0
11264,2023-09-12 04:00:00,6.15,6.15,6.15,6.15,708.0
11265,2023-09-12 05:00:00,6.15,6.15,6.15,6.15,500.0
11266,2023-09-12 07:00:00,6.15,6.15,6.15,6.15,400.0
11267,2023-09-12 08:00:00,6.1595,6.1595,6.1,6.1,2175.0
11268,2023-09-12 09:00:00,6.11,6.24,6.06,6.14,409282.0
11269,2023-09-12 10:00:00,6.145,6.145,6.04,6.08,995261.0
11270,2023-09-12 11:00:00,6.085,6.135,6.07,6.115,557254.0
11271,2023-09-12 12:00:00,6.11,6.14,6.1,6.13,343368.0
11272,2023-09-12 13:00:00,6.13,6.225,6.12,6.22,683642.0
11273,2023-09-12 14:00:00,6.22,6.23,6.19,6.205,693042.0
11274,2023-09-12 15:00:00,6.205,6.24,6.12,6.14,1699746.0
11275,2023-09-12 16:00:00,6.13,6.13,6.13,6.13,21512.0
11276,2023-09-12 17:00:00,6.13,6.13,6.12,6.12,9208.0
11277,2023-09-12 18:00:00,6.15,6.21,6.1,6.21,2618.0
11278,2023-09-12 19:00:00,6.1499,6.1499,6.1499,6.1499,110.0
11279,2023-09-13 08:00:00,6.15,6.18,6.13,6.14,3444.0
11280,2023-09-13 09:00:00,6.15,6.17,5.98,6.035,873467.0
11281,2023-09-13 10:00:00,6.035,6.16,6.005,6.15,928113.0
11282,2023-09-13 11:00:00,6.155,6.215,6.155,6.2,662299.0
11283,2023-09-13 12:00:00,6.195,6.245,6.18,6.195,568116.0
11284,2023-09-13 13:00:00,6.2,6.21,6.17,6.175,522992.0
11285,2023-09-13 14:00:00,6.17,6.235,6.1501,6.1825,641410.0
11286,2023-09-13 15:00:00,6.185,6.28,6.18,6.255,1842351.0
11287,2023-09-13 16:00:00,6.26,6.29,6.21,6.21,24895.0
11288,2023-09-13 19:00:00,6.22,6.28,6.22,6.28,580.0
11289,2023-09-14 07:00:00,6.29,6.31,6.29,6.3,400.0
11290,2023-09-14 08:00:00,6.2724,6.32,6.2724,6.32,1995.0
11291,2023-09-14 09:00:00,6.31,6.59,6.305,6.585,1231388.0
11292,2023-09-14 10:00:00,6.59,6.59,6.4909,6.565,1063502.0
11293,2023-09-14 11:00:00,6.565,6.705,6.56,6.65,1429690.0
11294,2023-09-14 12:00:00,6.6401,6.6599,6.55,6.575,1064375.0
11295,2023-09-14 13:00:00,6.58,6.655,6.575,6.64,668969.0
11296,2023-09-14 14:00:00,6.645,6.79,6.645,6.765,923152.0
11297,2023-09-14 15:00:00,6.765,6.825,6.755,6.82,2870607.0
11298,2023-09-14 16:00:00,6.81,6.82,6.81,6.8199,47830.0
11299,2023-09-14 17:00:00,6.8,6.8008,6.8,6.8,1467.0
11300,2023-09-14 18:00:00,6.82,6.86,6.82,6.86,2314.0
11301,2023-09-14 19:00:00,6.8201,6.86,6.8201,6.86,4048.0
11302,2023-09-15 05:00:00,6.86,6.86,6.86,6.86,114.0
11303,2023-09-15 06:00:00,6.86,6.86,6.86,6.86,200.0
11304,2023-09-15 07:00:00,6.8,6.8,6.78,6.78,922.0
11305,2023-09-15 08:00:00,6.81,6.83,6.8,6.8,2049.0
11306,2023-09-15 09:00:00,6.8,6.92,6.72,6.785,998738.0
11307,2023-09-15 10:00:00,6.79,6.89,6.785,6.82,1035258.0
11308,2023-09-15 11:00:00,6.82,6.92,6.795,6.915,723659.0
11309,2023-09-15 12:00:00,6.92,6.94,6.81,6.815,659548.0
11310,2023-09-15 13:00:00,6.815,6.815,6.63,6.63,869660.0
11311,2023-09-15 14:00:00,6.635,6.65,6.531,6.58,1571720.0
11312,2023-09-15 15:00:00,6.57,6.58,6.5,6.525,2505863.0
11313,2023-09-15 16:00:00,6.54,6.54,6.41,6.51,501749.0
11314,2023-09-15 17:00:00,6.53,6.54,6.5004,6.5004,6356.0
11315,2023-09-15 18:00:00,6.54,6.54,6.54,6.54,11500.0
11316,2023-09-15 19:00:00,6.54,6.54,6.54,6.54,500.0
11317,2023-09-18 04:00:00,6.51,6.54,6.51,6.54,253.0
11318,2023-09-18 08:00:00,6.4904,6.52,6.48,6.5,1053.0
11319,2023-09-18 09:00:00,6.5,6.54,6.325,6.345,801730.0
11320,2023-09-18 10:00:00,6.34,6.465,6.34,6.41,804147.0
11321,2023-09-18 11:00:00,6.405,6.42,6.35,6.405,516137.0
11322,2023-09-18 12:00:00,6.405,6.415,6.3417,6.365,544227.0
11323,2023-09-18 13:00:00,6.365,6.39,6.34,6.37,569284.0
11324,2023-09-18 14:00:00,6.375,6.45,6.37,6.445,782366.0
11325,2023-09-18 15:00:00,6.445,6.45,6.37,6.375,1476675.0
11326,2023-09-18 16:00:00,6.38,6.38,6.37,6.37,24632.0
11327,2023-09-18 17:00:00,6.37,6.37,6.37,6.37,300.0
11328,2023-09-18 18:00:00,6.43,6.43,6.38,6.38,1096.0
11329,2023-09-19 05:00:00,6.46,6.46,6.46,6.46,400.0
11330,2023-09-19 08:00:00,6.39,6.3908,6.39,6.39,3300.0
11331,2023-09-19 09:00:00,6.38,6.72,6.37,6.67,1057421.0
11332,2023-09-19 10:00:00,6.675,6.735,6.53,6.565,1020413.0
11333,2023-09-19 11:00:00,6.565,6.585,6.48,6.5,755187.0
11334,2023-09-19 12:00:00,6.5,6.51,6.46,6.5099,524421.0
11335,2023-09-19 13:00:00,6.505,6.575,6.5,6.56,716632.0
11336,2023-09-19 14:00:00,6.555,6.56,6.495,6.495,447276.0
11337,2023-09-19 15:00:00,6.495,6.52,6.47,6.48,1173026.0
11338,2023-09-19 16:00:00,6.48,6.48,6.3915,6.46,110503.0
11339,2023-09-19 17:00:00,6.47,6.47,6.47,6.47,100.0
11340,2023-09-19 19:00:00,6.4999,6.5,6.4601,6.4601,950.0
11341,2023-09-20 07:00:00,6.49,6.5,6.48,6.5,5105.0
11342,2023-09-20 08:00:00,6.5,6.5796,6.5,6.5796,6891.0
11343,2023-09-20 09:00:00,6.5694,6.638,6.5115,6.57,445055.0
11344,2023-09-20 10:00:00,6.575,6.665,6.54,6.66,669905.0
11345,2023-09-20 11:00:00,6.665,6.675,6.57,6.59,622503.0
11346,2023-09-20 12:00:00,6.59,6.63,6.58,6.59,554809.0
11347,2023-09-20 13:00:00,6.59,6.62,6.57,6.59,411649.0
11348,2023-09-20 14:00:00,6.585,6.585,6.49,6.49,622050.0
11349,2023-09-20 15:00:00,6.49,6.49,6.41,6.415,1404927.0
11350,2023-09-20 16:00:00,6.41,6.45,6.41,6.44,140242.0
11351,2023-09-20 17:00:00,6.4003,6.51,6.4,6.5,2611.0
11352,2023-09-20 18:00:00,6.43,6.43,6.43,6.43,100.0
11353,2023-09-20 19:00:00,6.44,6.44,6.44,6.44,100.0
11354,2023-09-21 04:00:00,6.4,6.4,6.39,6.4,700.0
11355,2023-09-21 08:00:00,6.4,6.4,6.27,6.27,7953.0
11356,2023-09-21 09:00:00,6.28,6.39,6.16,6.345,943083.0
11357,2023-09-21 10:00:00,6.35,6.42,6.33,6.3525,636622.0
11358,2023-09-21 11:00:00,6.355,6.42,6.3325,6.38,455671.0
11359,2023-09-21 12:00:00,6.38,6.385,6.32,6.32,371024.0
11360,2023-09-21 13:00:00,6.32,6.415,6.305,6.41,510627.0
11361,2023-09-21 14:00:00,6.41,6.415,6.37,6.39,478946.0
11362,2023-09-21 15:00:00,6.39,6.41,6.34,6.36,1854094.0
11363,2023-09-21 16:00:00,6.35,6.39,6.3303,6.39,29947.0
11364,2023-09-21 17:00:00,6.35,6.35,6.25,6.25,1654.0
11365,2023-09-21 18:00:00,6.35,6.35,6.35,6.35,1400.0
11366,2023-09-21 19:00:00,6.35,6.35,6.34,6.34,1700.0
11367,2023-09-22 08:00:00,6.4099,6.42,6.4,6.4,1682.0
11368,2023-09-22 09:00:00,6.4,6.43,6.26,6.32,376075.0
11369,2023-09-22 10:00:00,6.32,6.375,6.29,6.3,397013.0
11370,2023-09-22 11:00:00,6.3001,6.35,6.22,6.31,808520.0
11371,2023-09-22 12:00:00,6.315,6.34,6.29,6.32,326653.0
11372,2023-09-22 13:00:00,6.32,6.36,6.26,6.3,696345.0
11373,2023-09-22 14:00:00,6.295,6.305,6.24,6.26,722251.0
11374,2023-09-22 15:00:00,6.26,6.31,6.245,6.265,1885209.0
11375,2023-09-22 16:00:00,6.27,6.27,6.2501,6.2501,34260.0
11376,2023-09-22 17:00:00,6.27,6.27,6.27,6.27,100.0
11377,2023-09-22 18:00:00,6.26,6.26,6.23,6.23,4000.0
11378,2023-09-22 19:00:00,6.2599,6.2599,6.2599,6.2599,252.0
11379,2023-09-25 04:00:00,6.33,6.36,6.33,6.36,416.0
11380,2023-09-25 06:00:00,6.34,6.34,6.34,6.34,292.0
11381,2023-09-25 08:00:00,6.23,6.32,6.2101,6.2101,3653.0
11382,2023-09-25 09:00:00,6.23,6.24,6.135,6.205,536312.0
11383,2023-09-25 10:00:00,6.21,6.215,6.05,6.055,948735.0
11384,2023-09-25 11:00:00,6.055,6.15,6.05,6.135,758626.0
11385,2023-09-25 12:00:00,6.135,6.21,6.13,6.21,360860.0
11386,2023-09-25 13:00:00,6.21,6.22,6.13,6.16,675413.0
11387,2023-09-25 14:00:00,6.16,6.16,6.13,6.15,314682.0
11388,2023-09-25 15:00:00,6.145,6.19,6.12,6.18,1150020.0
11389,2023-09-25 16:00:00,6.18,6.18,6.18,6.18,80333.0
11390,2023-09-25 17:00:00,6.19,6.19,6.15,6.15,1177.0
11391,2023-09-25 19:00:00,6.15,6.15,6.11,6.15,962.0
11392,2023-09-26 08:00:00,6.17,6.17,6.17,6.17,100.0
11393,2023-09-26 09:00:00,6.11,6.15,6.055,6.09,396109.0
11394,2023-09-26 10:00:00,6.095,6.145,6.07,6.115,446576.0
11395,2023-09-26 11:00:00,6.12,6.14,5.97,6.015,1527811.0
11396,2023-09-26 12:00:00,6.01,6.02,5.87,5.875,1259882.0
11397,2023-09-26 13:00:00,5.87,5.8791,5.81,5.815,1500933.0
11398,2023-09-26 14:00:00,5.8189,5.825,5.725,5.755,1601979.0
11399,2023-09-26 15:00:00,5.76,5.79,5.71,5.725,3248964.0
11400,2023-09-26 16:00:00,5.72,5.87,5.72,5.85,116893.0
11401,2023-09-26 17:00:00,5.74,5.74,5.72,5.72,2632.0
11402,2023-09-26 18:00:00,5.75,5.78,5.74,5.76,4300.0
11403,2023-09-26 19:00:00,5.76,5.76,5.72,5.72,4621.0
11404,2023-09-27 07:00:00,5.82,5.85,5.82,5.85,1360.0
11405,2023-09-27 08:00:00,5.75,5.8278,5.75,5.8278,800.0
11406,2023-09-27 09:00:00,5.8,5.8,5.69,5.745,522611.0
11407,2023-09-27 10:00:00,5.74,5.83,5.7101,5.79,1031828.0
11408,2023-09-27 11:00:00,5.78,5.78,5.66,5.66,584666.0
11409,2023-09-27 12:00:00,5.665,5.73,5.65,5.655,498368.0
11410,2023-09-27 13:00:00,5.6595,5.67,5.61,5.66,720782.0
11411,2023-09-27 14:00:00,5.6601,5.8,5.66,5.755,784663.0
11412,2023-09-27 15:00:00,5.755,5.79,5.7,5.73,1549084.0
11413,2023-09-27 16:00:00,5.72,5.72,5.72,5.72,43204.0
11414,2023-09-28 07:00:00,5.72,5.72,5.72,5.72,5000.0
11415,2023-09-28 08:00:00,5.6965,5.6965,5.6965,5.6965,124.0
11416,2023-09-28 09:00:00,5.75,5.775,5.635,5.75,545004.0
11417,2023-09-28 10:00:00,5.745,5.82,5.7,5.735,911924.0
11418,2023-09-28 11:00:00,5.735,5.86,5.7,5.86,740495.0
11419,2023-09-28 12:00:00,5.855,5.87,5.805,5.82,595818.0
11420,2023-09-28 13:00:00,5.82,5.82,5.78,5.805,442705.0
11421,2023-09-28 14:00:00,5.805,5.91,5.8,5.91,779938.0
11422,2023-09-28 15:00:00,5.91,5.92,5.8719,5.91,1722816.0
11423,2023-09-28 16:00:00,5.91,5.91,5.78,5.88,90732.0
11424,2023-09-29 09:00:00,5.93,6.04,5.91,5.995,554065.0
11425,2023-09-29 10:00:00,6.0,6.03,5.94,6.02,559447.0
11426,2023-09-29 11:00:00,6.025,6.04,5.94,5.97,512411.0
11427,2023-09-29 12:00:00,5.96,6.02,5.9,5.9,486694.0
11428,2023-09-29 13:00:00,5.9,5.905,5.82,5.85,734191.0
11429,2023-09-29 14:00:00,5.85,5.9,5.84,5.895,490913.0
11430,2023-09-29 15:00:00,5.9,5.92,5.845,5.86,1320538.0
11431,2023-09-29 16:00:00,5.86,5.87,5.86,5.86,56209.0
11432,2023-09-29 18:00:00,5.87,5.87,5.87,5.87,500.0
11433,2023-09-29 19:00:00,5.87,5.87,5.86,5.87,2100.0
11434,2023-10-02 07:00:00,5.86,5.95,5.86,5.93,4017.0
11435,2023-10-02 08:00:00,5.92,5.9995,5.89,5.89,3364.0
11436,2023-10-02 09:00:00,5.89,5.93,5.66,5.68,1028628.0
11437,2023-10-02 10:00:00,5.68,5.71,5.57,5.665,1527065.0
11438,2023-10-02 11:00:00,5.67,5.7,5.62,5.64,871940.0
11439,2023-10-02 12:00:00,5.64,5.7,5.615,5.64,602531.0
11440,2023-10-02 13:00:00,5.64,5.67,5.59,5.59,710799.0
11441,2023-10-02 14:00:00,5.6,5.66,5.58,5.6,766318.0
11442,2023-10-02 15:00:00,5.605,5.6199,5.59,5.59,1705219.0
11443,2023-10-02 16:00:00,5.59,5.649,5.59,5.6,124239.0
11444,2023-10-02 17:00:00,5.6,5.63,5.59,5.59,7543.0
11445,2023-10-02 18:00:00,5.6185,5.6185,5.6185,5.6185,100.0
11446,2023-10-02 19:00:00,5.62,5.62,5.59,5.59,4000.0
11447,2023-10-03 06:00:00,5.58,5.58,5.55,5.55,2492.0
11448,2023-10-03 08:00:00,5.6095,5.6095,5.5107,5.55,29124.0
11449,2023-10-03 09:00:00,5.55,5.57,5.4,5.505,857179.0
11450,2023-10-03 10:00:00,5.5,5.5,5.28,5.28,1572130.0
11451,2023-10-03 11:00:00,5.28,5.28,5.205,5.21,1589716.0
11452,2023-10-03 12:00:00,5.21,5.25,5.14,5.15,1440590.0
11453,2023-10-03 13:00:00,5.155,5.165,5.09,5.09,1605463.0
11454,2023-10-03 14:00:00,5.095,5.125,5.04,5.08,1846462.0
11455,2023-10-03 15:00:00,5.08,5.15,5.02,5.15,4990620.0
11456,2023-10-03 16:00:00,5.15,5.15,5.1,5.12,26495.0
11457,2023-10-03 17:00:00,5.12,5.145,5.1107,5.145,3293.0
11458,2023-10-03 18:00:00,5.12,5.12,5.12,5.12,700.0
11459,2023-10-03 19:00:00,5.12,5.12,5.1193,5.12,1797.0
11460,2023-10-04 06:00:00,5.14,5.14,5.14,5.14,200.0
11461,2023-10-04 07:00:00,5.14,5.14,5.135,5.14,1956.0
11462,2023-10-04 08:00:00,5.13,5.18,5.13,5.16,8072.0
11463,2023-10-04 09:00:00,5.155,5.22,5.071,5.105,727406.0
11464,2023-10-04 10:00:00,5.105,5.115,4.95,4.955,1643651.0
11465,2023-10-04 11:00:00,4.959,5.02,4.95,5.0,1197119.0
11466,2023-10-04 12:00:00,5.0089,5.07,4.97,4.97,679428.0
11467,2023-10-04 13:00:00,4.97,4.995,4.93,4.935,728559.0
11468,2023-10-04 14:00:00,4.935,4.99,4.93,4.975,1062293.0
11469,2023-10-04 15:00:00,4.98,5.0,4.94,4.97,3332692.0
11470,2023-10-04 16:00:00,4.975,5.01,4.975,4.99,33881.0
11471,2023-10-04 17:00:00,4.99,4.99,4.99,4.99,500.0
11472,2023-10-04 19:00:00,5.02,5.02,5.0,5.0,500.0
11473,2023-10-05 06:00:00,5.0,5.0,5.0,5.0,300.0
11474,2023-10-05 07:00:00,5.0,5.0,5.0,5.0,879.0
11475,2023-10-05 08:00:00,5.0,5.0,4.97,4.97,4575.0
11476,2023-10-05 09:00:00,4.97,5.01,4.875,4.98,931801.0
11477,2023-10-05 10:00:00,4.98,4.995,4.89,4.93,1379863.0
11478,2023-10-05 11:00:00,4.925,4.98,4.91,4.945,1100170.0
11479,2023-10-05 12:00:00,4.945,5.005,4.92,4.93,1117525.0
11480,2023-10-05 13:00:00,4.93,5.0875,4.92,5.08,1711031.0
11481,2023-10-05 14:00:00,5.07,5.175,5.07,5.16,1323595.0
11482,2023-10-05 15:00:00,5.165,5.26,5.15,5.17,3760330.0
11483,2023-10-05 16:00:00,5.18,5.22,5.1501,5.19,167585.0
11484,2023-10-05 17:00:00,5.19,5.19,5.15,5.15,13350.0
11485,2023-10-06 08:00:00,5.15,5.23,5.05,5.05,21781.0
11486,2023-10-06 09:00:00,5.05,5.165,5.05,5.135,700793.0
11487,2023-10-06 10:00:00,5.14,5.15,4.99,5.02,1026495.0
11488,2023-10-06 11:00:00,5.025,5.16,5.005,5.145,747913.0
11489,2023-10-06 12:00:00,5.15,5.16,4.99,4.995,686518.0
11490,2023-10-06 13:00:00,4.995,5.07,4.995,5.065,769197.0
11491,2023-10-06 14:00:00,5.07,5.12,5.0634,5.115,587962.0
11492,2023-10-06 15:00:00,5.1101,5.12,4.99,4.99,1812939.0
11493,2023-10-06 16:00:00,5.0,5.0792,4.99,5.0,138018.0
11494,2023-10-06 17:00:00,5.01,5.02,5.01,5.02,2309.0
11495,2023-10-06 18:00:00,5.04,5.04,5.04,5.04,400.0
11496,2023-10-06 19:00:00,5.03,5.04,5.03,5.04,4179.0
11497,2023-10-09 07:00:00,4.94,4.94,4.94,4.94,200.0
11498,2023-10-09 08:00:00,4.95,4.97,4.92,4.95,9281.0
11499,2023-10-09 09:00:00,4.94,5.025,4.85,4.9195,706673.0
11500,2023-10-09 10:00:00,4.91,4.97,4.85,4.96,1063161.0
11501,2023-10-09 11:00:00,4.97,5.1,4.9625,5.095,749424.0
11502,2023-10-09 12:00:00,5.095,5.14,5.08,5.09,622949.0
11503,2023-10-09 13:00:00,5.085,5.22,5.08,5.2,848232.0
11504,2023-10-09 14:00:00,5.2,5.25,5.185,5.245,888142.0
11505,2023-10-09 15:00:00,5.25,5.25,5.085,5.11,2658523.0
11506,2023-10-09 16:00:00,5.12,5.12,5.1184,5.12,233913.0
11507,2023-10-09 17:00:00,5.12,5.15,5.1,5.1,782.0
11508,2023-10-09 18:00:00,5.1487,5.1487,5.1487,5.1487,200.0
11509,2023-10-10 04:00:00,5.11,5.11,5.11,5.11,1000.0
11510,2023-10-10 08:00:00,5.15,5.159,5.14,5.14,2807.0
11511,2023-10-10 09:00:00,5.1,5.26,5.08,5.195,768421.0
11512,2023-10-10 10:00:00,5.19,5.31,5.16,5.185,1061785.0
11513,2023-10-10 11:00:00,5.181,5.25,5.17,5.24,671070.0
11514,2023-10-10 12:00:00,5.245,5.245,5.16,5.2,509909.0
11515,2023-10-10 13:00:00,5.2,5.2,5.13,5.175,583382.0
11516,2023-10-10 14:00:00,5.175,5.18,5.11,5.16,732733.0
11517,2023-10-10 15:00:00,5.16,5.18,5.13,5.14,1760681.0
11518,2023-10-10 16:00:00,5.15,5.15,5.15,5.15,87223.0
11519,2023-10-10 17:00:00,5.14,5.15,5.14,5.15,4567.0
11520,2023-10-10 19:00:00,5.18,5.18,5.16,5.16,500.0
11521,2023-10-11 08:00:00,5.18,5.2199,5.15,5.2199,1241.0
11522,2023-10-11 09:00:00,5.15,5.22,5.085,5.0999,324848.0
11523,2023-10-11 10:00:00,5.1,5.165,5.075,5.16,602222.0
11524,2023-10-11 11:00:00,5.16,5.165,5.07,5.07,485769.0
11525,2023-10-11 12:00:00,5.07,5.1,5.04,5.06,301069.0
11526,2023-10-11 13:00:00,5.06,5.07,5.025,5.03,296756.0
11527,2023-10-11 14:00:00,5.04,5.1,5.03,5.095,433148.0
11528,2023-10-11 15:00:00,5.095,5.11,5.07,5.08,1157908.0
11529,2023-10-11 16:00:00,5.07,5.1059,5.06,5.06,90629.0
11530,2023-10-11 17:00:00,5.07,5.07,5.07,5.07,1000.0
11531,2023-10-11 18:00:00,5.06,5.08,5.0501,5.0501,5390.0
11532,2023-10-11 19:00:00,5.08,5.08,5.06,5.06,929.0
11533,2023-10-12 04:00:00,5.08,5.08,5.08,5.08,200.0
11534,2023-10-12 08:00:00,5.06,5.11,5.06,5.11,1094.0
11535,2023-10-12 09:00:00,5.1,5.1,4.95,4.995,743069.0
11536,2023-10-12 10:00:00,4.995,5.12,4.995,5.085,557359.0
11537,2023-10-12 11:00:00,5.09,5.165,5.06,5.165,546777.0
11538,2023-10-12 12:00:00,5.165,5.245,5.165,5.21,565974.0
11539,2023-10-12 13:00:00,5.205,5.21,5.05,5.065,783496.0
11540,2023-10-12 14:00:00,5.0687,5.13,5.06,5.105,494365.0
11541,2023-10-12 15:00:00,5.105,5.14,5.095,5.12,1402677.0
11542,2023-10-12 16:00:00,5.13,5.13,5.1148,5.12,73134.0
11543,2023-10-12 17:00:00,5.12,5.12,5.12,5.12,1600.0
11544,2023-10-12 18:00:00,5.13,5.13,5.12,5.12,2680.0
11545,2023-10-12 19:00:00,5.12,5.12,5.12,5.12,1780.0
11546,2023-10-13 04:00:00,5.29,5.29,5.29,5.29,145.0
11547,2023-10-13 07:00:00,5.17,5.17,5.17,5.17,100.0
11548,2023-10-13 09:00:00,5.141,5.22,5.06,5.17,796781.0
11549,2023-10-13 10:00:00,5.16,5.19,5.13,5.175,750820.0
11550,2023-10-13 11:00:00,5.17,5.175,5.07,5.075,613964.0
11551,2023-10-13 12:00:00,5.07,5.1175,5.055,5.075,634048.0
11552,2023-10-13 13:00:00,5.075,5.09,4.98,4.98,1090224.0
11553,2023-10-13 14:00:00,4.985,5.055,4.96,5.045,1103016.0
11554,2023-10-13 15:00:00,5.045,5.075,5.0,5.03,2262635.0
11555,2023-10-13 16:00:00,5.03,5.03,5.03,5.03,23691.0
11556,2023-10-13 17:00:00,5.04,5.04,5.04,5.04,300.0
11557,2023-10-16 07:00:00,5.03,5.03,5.03,5.03,498.0
11558,2023-10-16 08:00:00,5.04,5.04,5.04,5.04,123.0
11559,2023-10-16 09:00:00,5.1279,5.1279,4.965,5.06,620797.0
11560,2023-10-16 10:00:00,5.055,5.14,5.02,5.135,621411.0
11561,2023-10-16 11:00:00,5.14,5.15,5.05,5.075,401713.0
11562,2023-10-16 12:00:00,5.075,5.13,5.0,5.025,703286.0
11563,2023-10-16 13:00:00,5.025,5.05,4.96,4.985,1233529.0
11564,2023-10-16 14:00:00,4.985,5.02,4.98,4.995,606603.0
11565,2023-10-16 15:00:00,4.995,5.01,4.95,4.96,1651531.0
11566,2023-10-16 16:00:00,4.9788,4.9788,4.96,4.97,82826.0
11567,2023-10-16 17:00:00,4.9993,4.9993,4.97,4.97,1150.0
11568,2023-10-16 18:00:00,4.99,4.99,4.99,4.99,100.0
11569,2023-10-16 19:00:00,4.97,4.97,4.97,4.97,300.0
11570,2023-10-17 08:00:00,4.95,4.95,4.9299,4.9484,1863.0
11571,2023-10-17 09:00:00,4.93,5.0,4.86,4.908,532983.0
11572,2023-10-17 10:00:00,4.905,4.97,4.88,4.96,1000015.0
11573,2023-10-17 11:00:00,4.95,5.08,4.95,5.02,799184.0
11574,2023-10-17 12:00:00,5.02,5.07,5.01,5.035,665319.0
11575,2023-10-17 13:00:00,5.035,5.07,5.0,5.015,528006.0
11576,2023-10-17 14:00:00,5.015,5.04,4.99,5.01,494930.0
11577,2023-10-17 15:00:00,5.005,5.03,5.0,5.01,1363498.0
11578,2023-10-17 16:00:00,5.02,5.04,4.9658,5.0007,188877.0
11579,2023-10-17 18:00:00,5.05,5.05,5.05,5.05,1299.0
11580,2023-10-17 19:00:00,5.0699,5.0699,5.05,5.05,1735.0
11581,2023-10-18 07:00:00,5.06,5.06,5.06,5.06,200.0
11582,2023-10-18 08:00:00,5.0699,5.0699,4.99,4.99,1441.0
11583,2023-10-18 09:00:00,4.9,5.01,4.88,4.945,669881.0
11584,2023-10-18 10:00:00,4.945,5.07,4.94,5.03,964772.0
11585,2023-10-18 11:00:00,5.025,5.09,5.01,5.08,878604.0
11586,2023-10-18 12:00:00,5.085,5.1,5.05,5.07,499945.0
11587,2023-10-18 13:00:00,5.065,5.16,5.05,5.115,789231.0
11588,2023-10-18 14:00:00,5.115,5.12,5.06,5.065,658068.0
11589,2023-10-18 15:00:00,5.06,5.09,5.04,5.055,1416660.0
11590,2023-10-18 16:00:00,5.05,5.05,5.05,5.05,47300.0
11591,2023-10-18 17:00:00,5.09,5.09,5.09,5.09,292.0
11592,2023-10-18 18:00:00,5.11,5.2,5.11,5.2,7741.0
11593,2023-10-19 08:00:00,5.149,5.149,5.09,5.09,2909.0
11594,2023-10-19 09:00:00,5.1,5.12,4.97,5.065,584742.0
11595,2023-10-19 10:00:00,5.06,5.12,5.03,5.08,959716.0
11596,2023-10-19 11:00:00,5.08,5.1,4.99,4.99,589269.0
11597,2023-10-19 12:00:00,4.99,5.05,4.97,4.98,1061516.0
11598,2023-10-19 13:00:00,4.99,5.03,4.97,4.98,798880.0
11599,2023-10-19 14:00:00,4.98,4.99,4.92,4.94,1027435.0
11600,2023-10-19 15:00:00,4.935,4.96,4.91,4.9525,2128061.0
11601,2023-10-19 16:00:00,4.95,4.96,4.95,4.96,33450.0
11602,2023-10-19 17:00:00,4.94,4.94,4.92,4.9202,2654.0
11603,2023-10-19 19:00:00,4.95,4.95,4.95,4.95,250.0
11604,2023-10-20 09:00:00,4.9,5.11,4.885,4.99,754368.0
11605,2023-10-20 10:00:00,4.98,5.09,4.97,5.055,1196572.0
11606,2023-10-20 11:00:00,5.06,5.065,4.97,4.985,815531.0
11607,2023-10-20 12:00:00,4.99,5.05,4.98,5.025,521378.0
11608,2023-10-20 13:00:00,5.025,5.045,4.99,5.0,513080.0
11609,2023-10-20 14:00:00,4.998,5.01,4.98,4.985,407689.0
11610,2023-10-20 15:00:00,4.985,5.0,4.975,4.98,1715252.0
11611,2023-10-20 16:00:00,4.99,4.99,4.98,4.98,23686.0
11612,2023-10-20 17:00:00,4.98,4.98,4.98,4.98,125.0
11613,2023-10-20 19:00:00,4.99,4.99,4.98,4.98,6484.0
11614,2023-10-23 07:00:00,4.98,4.98,4.98,4.98,7000.0
11615,2023-10-23 08:00:00,4.9401,4.98,4.9401,4.98,305.0
11616,2023-10-23 09:00:00,4.95,5.0,4.83,4.97,801729.0
11617,2023-10-23 10:00:00,4.975,5.09,4.965,5.01,904429.0
11618,2023-10-23 11:00:00,5.015,5.04,4.91,4.91,991846.0
11619,2023-10-23 12:00:00,4.915,4.93,4.885,4.92,937557.0
11620,2023-10-23 13:00:00,4.92,4.9378,4.88,4.885,572675.0
11621,2023-10-23 14:00:00,4.885,4.9,4.84,4.845,1041309.0
11622,2023-10-23 15:00:00,4.85,4.85,4.75,4.77,2305994.0
11623,2023-10-23 16:00:00,4.76,4.79,4.75,4.79,22956.0
11624,2023-10-23 17:00:00,4.79,4.79,4.76,4.76,7200.0
11625,2023-10-23 18:00:00,4.76,4.7601,4.76,4.7601,1206.0
11626,2023-10-23 19:00:00,4.77,4.77,4.7696,4.7696,1000.0
11627,2023-10-24 08:00:00,4.81,4.81,4.81,4.81,300.0
11628,2023-10-24 09:00:00,4.86,4.96,4.78,4.935,843375.0
11629,2023-10-24 10:00:00,4.94,5.01,4.92,4.98,1126660.0
11630,2023-10-24 11:00:00,4.985,5.03,4.91,4.93,928554.0
11631,2023-10-24 12:00:00,4.93,4.95,4.89,4.95,524092.0
11632,2023-10-24 13:00:00,4.95,4.96,4.91,4.915,499591.0
11633,2023-10-24 14:00:00,4.9102,4.93,4.9,4.905,509778.0
11634,2023-10-24 15:00:00,4.905,4.93,4.88,4.88,1020983.0
11635,2023-10-24 16:00:00,4.89,4.9388,4.89,4.9388,35084.0
11636,2023-10-24 19:00:00,4.91,4.91,4.91,4.91,2000.0
11637,2023-10-25 08:00:00,4.91,4.91,4.91,4.91,429.0
11638,2023-10-25 09:00:00,4.81,4.91,4.81,4.875,333567.0
11639,2023-10-25 10:00:00,4.87,4.91,4.81,4.86,589616.0
11640,2023-10-25 11:00:00,4.86,4.9,4.845,4.865,344716.0
11641,2023-10-25 12:00:00,4.86,4.8789,4.83,4.85,330666.0
11642,2023-10-25 13:00:00,4.85,4.88,4.825,4.825,436511.0
11643,2023-10-25 14:00:00,4.82,4.86,4.81,4.84,415128.0
11644,2023-10-25 15:00:00,4.845,4.85,4.77,4.785,1471330.0
11645,2023-10-25 16:00:00,4.78,4.9,4.76,4.8718,124975.0
11646,2023-10-25 18:00:00,4.78,4.78,4.78,4.78,925.0
11647,2023-10-25 19:00:00,4.76,4.76,4.76,4.76,6182.0
11648,2023-10-26 07:00:00,4.75,4.75,4.75,4.75,1516.0
11649,2023-10-26 08:00:00,4.7593,4.76,4.7,4.7,7045.0
11650,2023-10-26 09:00:00,4.71,4.9,4.7,4.845,621344.0
11651,2023-10-26 10:00:00,4.845,4.94,4.815,4.91,848966.0
11652,2023-10-26 11:00:00,4.92,4.96,4.86,4.865,611242.0
11653,2023-10-26 12:00:00,4.86,4.86,4.79,4.825,294032.0
11654,2023-10-26 13:00:00,4.82,4.85,4.775,4.85,438868.0
11655,2023-10-26 14:00:00,4.85,4.9,4.83,4.9,471081.0
11656,2023-10-26 15:00:00,4.9,4.91,4.85,4.855,1044867.0
11657,2023-10-26 16:00:00,4.86,4.87,4.86,4.87,87567.0
11658,2023-10-26 18:00:00,4.8476,4.8476,4.8476,4.8476,137.0
11659,2023-10-26 19:00:00,4.9182,4.9182,4.9182,4.9182,12000.0
11660,2023-10-27 08:00:00,4.85,4.86,4.85,4.86,800.0
11661,2023-10-27 09:00:00,4.85,4.925,4.76,4.76,543339.0
11662,2023-10-27 10:00:00,4.76,4.85,4.73,4.83,776163.0
11663,2023-10-27 11:00:00,4.84,4.85,4.77,4.805,400452.0
11664,2023-10-27 12:00:00,4.8,4.81,4.67,4.675,673740.0
11665,2023-10-27 13:00:00,4.68,4.7,4.65,4.68,638293.0
11666,2023-10-27 14:00:00,4.68,4.715,4.66,4.665,568643.0
11667,2023-10-27 15:00:00,4.67,4.7,4.65,4.685,1698802.0
11668,2023-10-27 16:00:00,4.68,4.7,4.68,4.7,39659.0
11669,2023-10-27 18:00:00,4.68,4.68,4.68,4.68,400.0
11670,2023-10-27 19:00:00,4.68,4.72,4.68,4.72,2337.0
11671,2023-10-30 08:00:00,4.75,4.75,4.75,4.75,492.0
11672,2023-10-30 09:00:00,4.72,4.86,4.72,4.795,411426.0
11673,2023-10-30 10:00:00,4.795,4.795,4.71,4.755,619815.0
11674,2023-10-30 11:00:00,4.76,4.795,4.735,4.765,409503.0
11675,2023-10-30 12:00:00,4.765,4.83,4.75,4.76,687357.0
11676,2023-10-30 13:00:00,4.77,4.825,4.76,4.82,725582.0
11677,2023-10-30 14:00:00,4.82,4.84,4.795,4.835,717429.0
11678,2023-10-30 15:00:00,4.83,4.85,4.775,4.785,1088126.0
11679,2023-10-30 16:00:00,4.78,4.8,4.78,4.8,61011.0
11680,2023-10-30 17:00:00,4.76,4.76,4.76,4.76,258.0
11681,2023-10-30 19:00:00,4.9,4.9,4.9,4.9,200.0
11682,2023-10-31 07:00:00,4.84,4.84,4.84,4.84,100.0
11683,2023-10-31 09:00:00,4.79,4.87,4.75,4.79,311629.0
11684,2023-10-31 10:00:00,4.7975,4.9,4.78,4.895,698287.0
11685,2023-10-31 11:00:00,4.9,4.9,4.82,4.86,434924.0
11686,2023-10-31 12:00:00,4.86,4.87,4.82,4.855,319498.0
11687,2023-10-31 13:00:00,4.855,4.88,4.82,4.83,373976.0
11688,2023-10-31 14:00:00,4.8375,4.88,4.8,4.88,559346.0
11689,2023-10-31 15:00:00,4.875,4.91,4.87,4.9,1066306.0
11690,2023-10-31 16:00:00,4.9,4.9,4.85,4.85,361279.0
11691,2023-10-31 17:00:00,4.87,4.87,4.87,4.87,100.0
11692,2023-10-31 19:00:00,4.83,4.83,4.83,4.83,100.0
11693,2023-11-01 08:00:00,4.6629,4.88,4.6629,4.88,1700.0
11694,2023-11-01 09:00:00,4.87,4.955,4.75,4.865,981035.0
11695,2023-11-01 10:00:00,4.87,4.905,4.83,4.865,711190.0
11696,2023-11-01 11:00:00,4.865,4.87,4.84,4.86,542369.0
11697,2023-11-01 12:00:00,4.855,4.89,4.83,4.84,454021.0
11698,2023-11-01 13:00:00,4.835,4.85,4.8103,4.85,794224.0
11699,2023-11-01 14:00:00,4.85,4.865,4.805,4.85,778611.0
11700,2023-11-01 15:00:00,4.85,4.92,4.845,4.88,1972600.0
11701,2023-11-01 16:00:00,4.89,4.89,4.89,4.89,28135.0
11702,2023-11-01 17:00:00,4.9,4.9,4.9,4.9,100.0
11703,2023-11-01 18:00:00,4.8701,4.8701,4.8701,4.8701,400.0
11704,2023-11-02 08:00:00,4.97,4.97,4.91,4.91,1100.0
11705,2023-11-02 09:00:00,4.95,5.22,4.95,5.1901,1005878.0
11706,2023-11-02 10:00:00,5.195,5.21,5.1,5.19,1099903.0
11707,2023-11-02 11:00:00,5.19,5.23,5.12,5.155,592070.0
11708,2023-11-02 12:00:00,5.15,5.155,5.085,5.1,473151.0
11709,2023-11-02 13:00:00,5.105,5.17,5.1,5.17,615013.0
11710,2023-11-02 14:00:00,5.165,5.17,5.125,5.145,489978.0
11711,2023-11-02 15:00:00,5.15,5.24,5.14,5.23,1604450.0
11712,2023-11-02 16:00:00,5.22,5.23,5.19,5.23,48828.0
11713,2023-11-02 17:00:00,5.21,5.24,5.21,5.22,1499.0
11714,2023-11-03 08:00:00,5.25,5.26,5.25,5.26,1250.0
11715,2023-11-03 09:00:00,5.26,5.54,5.22,5.475,925754.0
11716,2023-11-03 10:00:00,5.48,5.505,5.32,5.37,1804999.0
11717,2023-11-03 11:00:00,5.37,5.4,5.34,5.375,1016855.0
11718,2023-11-03 12:00:00,5.375,5.525,5.35,5.475,1124749.0
11719,2023-11-03 13:00:00,5.475,5.53,5.445,5.455,1505080.0
11720,2023-11-03 14:00:00,5.455,5.56,5.44,5.535,1088264.0
11721,2023-11-03 15:00:00,5.535,5.55,5.46,5.5,3483605.0
11722,2023-11-03 16:00:00,5.48,5.52,5.41,5.5,320640.0
11723,2023-11-03 17:00:00,5.49,5.49,5.49,5.49,2612.0
11724,2023-11-03 18:00:00,5.4901,5.5,5.4901,5.5,2510.0
11725,2023-11-03 19:00:00,5.5,5.5,5.3601,5.3601,4300.0
11726,2023-11-06 04:00:00,5.55,5.56,5.55,5.56,5250.0
11727,2023-11-06 05:00:00,5.55,5.55,5.55,5.55,869.0
11728,2023-11-06 06:00:00,5.55,5.56,4.8,4.98,18389.0
11729,2023-11-06 07:00:00,5.09,5.5,5.0,5.15,48773.0
11730,2023-11-06 08:00:00,5.1,5.4,4.91,4.95,118056.0
11731,2023-11-06 09:00:00,4.91,4.99,4.32,4.4682,7065466.0
11732,2023-11-06 10:00:00,4.4675,4.53,4.26,4.2685,5811139.0
11733,2023-11-06 11:00:00,4.265,4.36,4.2,4.265,6362424.0
11734,2023-11-06 12:00:00,4.265,4.285,4.135,4.1733,4123624.0
11735,2023-11-06 13:00:00,4.1799,4.1799,3.79,3.835,16105672.0
11736,2023-11-06 14:00:00,3.8302,3.891,3.57,3.6201,12674139.0
11737,2023-11-06 15:00:00,3.63,3.64,3.41,3.4385,17354832.0
11738,2023-11-06 16:00:00,3.435,3.6575,3.34,3.44,1079067.0
11739,2023-11-06 17:00:00,3.44,3.44,3.38,3.39,266241.0
11740,2023-11-06 18:00:00,3.39,3.43,3.39,3.4,97879.0
11741,2023-11-06 19:00:00,3.4099,3.42,3.4,3.4,122632.0
11742,2023-11-07 04:00:00,3.46,3.46,3.41,3.41,23461.0
11743,2023-11-07 05:00:00,3.41,3.43,3.4,3.41,9354.0
11744,2023-11-07 06:00:00,3.42,3.42,3.41,3.41,9766.0
11745,2023-11-07 07:00:00,3.42,3.42,3.35,3.39,64836.0
11746,2023-11-07 08:00:00,3.4106,3.52,3.29,3.36,394407.0
11747,2023-11-07 09:00:00,3.35,3.42,3.21,3.355,6962154.0
11748,2023-11-07 10:00:00,3.355,3.69,3.35,3.6325,9255999.0
11749,2023-11-07 11:00:00,3.635,3.7,3.6,3.695,3026272.0
11750,2023-11-07 12:00:00,3.7,3.72,3.66,3.675,2066464.0
11751,2023-11-07 13:00:00,3.6799,3.69,3.59,3.67,3217257.0
11752,2023-11-07 14:00:00,3.665,3.68,3.6101,3.64,1929740.0
11753,2023-11-07 15:00:00,3.6301,3.66,3.5,3.5194,8735665.0
11754,2023-11-07 16:00:00,3.515,3.5651,3.515,3.52,182332.0
11755,2023-11-07 17:00:00,3.52,3.53,3.52,3.52,18369.0
11756,2023-11-07 18:00:00,3.52,3.54,3.5,3.53,8633.0
11757,2023-11-07 19:00:00,3.51,3.52,3.5,3.52,8895.0
11758,2023-11-08 04:00:00,3.52,3.57,3.52,3.57,4231.0
11759,2023-11-08 05:00:00,3.57,3.57,3.57,3.57,8059.0
11760,2023-11-08 06:00:00,3.58,3.62,3.58,3.62,6623.0
11761,2023-11-08 07:00:00,3.62,3.62,3.53,3.55,26274.0
11762,2023-11-08 08:00:00,3.59,3.61,3.52,3.55,37477.0
11763,2023-11-08 09:00:00,3.5499,3.7,3.47,3.58,2132963.0
11764,2023-11-08 10:00:00,3.585,3.66,3.52,3.6,4782259.0
11765,2023-11-08 11:00:00,3.61,3.61,3.53,3.565,1874886.0
11766,2023-11-08 12:00:00,3.565,3.58,3.505,3.515,2874871.0
11767,2023-11-08 13:00:00,3.515,3.68,3.51,3.62,2054477.0
11768,2023-11-08 14:00:00,3.625,3.64,3.6,3.605,1715718.0
11769,2023-11-08 15:00:00,3.605,3.65,3.57,3.645,4994907.0
11770,2023-11-08 16:00:00,3.65,3.69,3.61,3.65,340339.0
11771,2023-11-08 17:00:00,3.62,3.67,3.61,3.62,43263.0
11772,2023-11-08 18:00:00,3.62,3.6599,3.62,3.63,13621.0
11773,2023-11-08 19:00:00,3.66,3.66,3.63,3.65,2477.0
11774,2023-11-09 04:00:00,3.51,3.51,3.51,3.51,321.0
11775,2023-11-09 05:00:00,3.57,3.57,3.55,3.55,400.0
11776,2023-11-09 06:00:00,3.59,3.59,3.59,3.59,112.0
11777,2023-11-09 07:00:00,3.61,3.61,3.6,3.61,511.0
11778,2023-11-09 08:00:00,3.6,3.6483,3.58,3.6,20198.0
11779,2023-11-09 09:00:00,3.6,3.71,3.46,3.515,1753543.0
11780,2023-11-09 10:00:00,3.515,3.58,3.48,3.49,1349676.0
11781,2023-11-09 11:00:00,3.49,3.505,3.4301,3.45,1319116.0
11782,2023-11-09 12:00:00,3.4425,3.475,3.41,3.44,1799206.0
11783,2023-11-09 13:00:00,3.43,3.44,3.34,3.36,2483531.0
11784,2023-11-09 14:00:00,3.36,3.54,3.33,3.4218,3274720.0
11785,2023-11-09 15:00:00,3.425,3.46,3.4,3.45,3761312.0
11786,2023-11-09 16:00:00,3.44,3.46,3.3907,3.4399,101769.0
11787,2023-11-09 17:00:00,3.44,3.46,3.42,3.46,20678.0
11788,2023-11-09 18:00:00,3.45,3.4599,3.4,3.4269,22140.0
11789,2023-11-09 19:00:00,3.4,3.42,3.39,3.42,1900.0
11790,2023-11-10 04:00:00,3.38,3.38,3.38,3.38,678.0
11791,2023-11-10 07:00:00,3.38,3.43,3.38,3.43,326.0
11792,2023-11-10 08:00:00,3.4035,3.49,3.4,3.45,7563.0
11793,2023-11-10 09:00:00,3.45,3.48,3.36,3.405,830592.0
11794,2023-11-10 10:00:00,3.4,3.41,3.32,3.39,1185343.0
11795,2023-11-10 11:00:00,3.39,3.48,3.385,3.4778,1216357.0
11796,2023-11-10 12:00:00,3.4799,3.51,3.45,3.505,1367977.0
11797,2023-11-10 13:00:00,3.5001,3.53,3.49,3.525,1413307.0
11798,2023-11-10 14:00:00,3.525,3.525,3.43,3.445,1130021.0
11799,2023-11-10 15:00:00,3.445,3.455,3.42,3.44,2308516.0
11800,2023-11-10 16:00:00,3.44,3.45,3.44,3.45,71064.0
11801,2023-11-10 18:00:00,3.4399,3.44,3.4399,3.44,450.0
11802,2023-11-13 04:00:00,3.41,3.41,3.4,3.4,4334.0
11803,2023-11-13 07:00:00,3.43,3.43,3.33,3.35,25233.0
11804,2023-11-13 08:00:00,3.43,3.5,3.33,3.39,37399.0
11805,2023-11-13 09:00:00,3.4599,3.4599,3.28,3.37,1382688.0
11806,2023-11-13 10:00:00,3.37,3.405,3.33,3.36,1007581.0
11807,2023-11-13 11:00:00,3.355,3.49,3.35,3.451,871429.0
11808,2023-11-13 12:00:00,3.455,3.51,3.43,3.4499,1413842.0
11809,2023-11-13 13:00:00,3.445,3.4899,3.412,3.415,985334.0
11810,2023-11-13 14:00:00,3.415,3.42,3.34,3.355,1063382.0
11811,2023-11-13 15:00:00,3.36,3.365,3.31,3.32,1946588.0
11812,2023-11-13 16:00:00,3.33,3.3502,3.33,3.34,134715.0
11813,2023-11-13 17:00:00,3.35,3.37,3.34,3.35,2010.0
11814,2023-11-13 18:00:00,3.34,3.34,3.34,3.34,384.0
11815,2023-11-13 19:00:00,3.39,3.39,3.39,3.39,200.0
11816,2023-11-14 06:00:00,3.38,3.38,3.38,3.38,1000.0
11817,2023-11-14 08:00:00,3.37,3.4999,3.32,3.45,62792.0
11818,2023-11-14 09:00:00,3.48,3.63,3.44,3.535,2756972.0
11819,2023-11-14 10:00:00,3.535,3.56,3.5122,3.522,1144549.0
11820,2023-11-14 11:00:00,3.52,3.57,3.505,3.5078,1219340.0
11821,2023-11-14 12:00:00,3.5,3.51,3.46,3.48,913228.0
11822,2023-11-14 13:00:00,3.475,3.48,3.43,3.445,576670.0
11823,2023-11-14 14:00:00,3.44,3.45,3.41,3.415,625546.0
11824,2023-11-14 15:00:00,3.415,3.47,3.405,3.47,3021954.0
11825,2023-11-14 16:00:00,3.45,3.4661,3.45,3.45,113048.0
11826,2023-11-14 17:00:00,3.46,3.46,3.45,3.45,22000.0
11827,2023-11-14 18:00:00,3.45,3.46,3.45,3.46,1452.0
11828,2023-11-14 19:00:00,3.4598,3.4598,3.45,3.45,1528.0
11829,2023-11-15 06:00:00,3.45,3.45,3.45,3.45,181.0
11830,2023-11-15 07:00:00,3.51,3.51,3.51,3.51,223.0
11831,2023-11-15 08:00:00,3.5192,3.52,3.46,3.46,20783.0
11832,2023-11-15 09:00:00,3.47,3.56,3.39,3.545,1156943.0
11833,2023-11-15 10:00:00,3.54,3.62,3.54,3.565,2131390.0
11834,2023-11-15 11:00:00,3.57,3.58,3.47,3.475,874391.0
11835,2023-11-15 12:00:00,3.475,3.53,3.47,3.495,670002.0
11836,2023-11-15 13:00:00,3.495,3.5,3.44,3.455,724980.0
11837,2023-11-15 14:00:00,3.45,3.48,3.45,3.475,564601.0
11838,2023-11-15 15:00:00,3.475,3.495,3.45,3.46,3191576.0
11839,2023-11-15 16:00:00,3.46,3.5401,3.44,3.46,160171.0
11840,2023-11-15 17:00:00,3.48,3.48,3.48,3.48,700.0
11841,2023-11-15 18:00:00,3.48,3.48,3.4794,3.4794,2740.0
11842,2023-11-15 19:00:00,3.46,3.48,3.45,3.48,1136.0
11843,2023-11-16 08:00:00,3.4408,3.52,3.4408,3.49,1837.0
11844,2023-11-16 09:00:00,3.46,3.47,3.36,3.385,1402371.0
11845,2023-11-16 10:00:00,3.385,3.39,3.27,3.285,2139929.0
11846,2023-11-16 11:00:00,3.285,3.3,3.27,3.29,887573.0
11847,2023-11-16 12:00:00,3.29,3.32,3.29,3.295,759157.0
11848,2023-11-16 13:00:00,3.295,3.34,3.28,3.34,878977.0
11849,2023-11-16 14:00:00,3.34,3.35,3.33,3.335,495094.0
11850,2023-11-16 15:00:00,3.335,3.36,3.3,3.33,3344904.0
11851,2023-11-16 16:00:00,3.32,3.32,3.32,3.32,99775.0
11852,2023-11-16 17:00:00,3.3299,3.3299,3.3202,3.3202,400.0
11853,2023-11-16 18:00:00,3.33,3.33,3.33,3.33,2000.0
11854,2023-11-16 19:00:00,3.31,3.33,3.31,3.33,11156.0
11855,2023-11-17 04:00:00,3.32,3.32,3.32,3.32,100.0
11856,2023-11-17 07:00:00,3.33,3.36,3.33,3.36,8544.0
11857,2023-11-17 08:00:00,3.32,3.39,3.32,3.39,10535.0
11858,2023-11-17 09:00:00,3.39,3.41,3.255,3.305,1282975.0
11859,2023-11-17 10:00:00,3.305,3.4,3.3,3.395,1854045.0
11860,2023-11-17 11:00:00,3.395,3.42,3.35,3.405,1748457.0
11861,2023-11-17 12:00:00,3.405,3.55,3.4,3.495,2475654.0
11862,2023-11-17 13:00:00,3.495,3.55,3.4805,3.525,1195373.0
11863,2023-11-17 14:00:00,3.525,3.57,3.52,3.525,1305617.0
11864,2023-11-17 15:00:00,3.525,3.58,3.52,3.58,2067990.0
11865,2023-11-17 16:00:00,3.57,3.57,3.4853,3.54,406843.0
11866,2023-11-17 17:00:00,3.54,3.54,3.54,3.54,100.0
11867,2023-11-17 18:00:00,3.55,3.55,3.54,3.55,2093.0
11868,2023-11-17 19:00:00,3.55,3.55,3.52,3.52,709.0
11869,2023-11-20 04:00:00,3.47,3.47,3.47,3.47,273.0
11870,2023-11-20 07:00:00,3.53,3.53,3.51,3.51,1168.0
11871,2023-11-20 08:00:00,3.5198,3.56,3.51,3.56,18330.0
11872,2023-11-20 09:00:00,3.52,3.6,3.4801,3.565,893547.0
11873,2023-11-20 10:00:00,3.565,3.57,3.47,3.555,1345407.0
11874,2023-11-20 11:00:00,3.56,3.6184,3.535,3.59,883795.0
11875,2023-11-20 12:00:00,3.585,3.62,3.575,3.595,845987.0
11876,2023-11-20 13:00:00,3.595,3.635,3.58,3.625,1110427.0
11877,2023-11-20 14:00:00,3.63,3.65,3.57,3.6,1062135.0
11878,2023-11-20 15:00:00,3.6,3.67,3.59,3.655,3323561.0
11879,2023-11-20 16:00:00,3.65,3.69,3.5514,3.68,117284.0
11880,2023-11-20 17:00:00,3.69,3.7,3.67,3.7,68663.0
11881,2023-11-20 18:00:00,3.7,3.71,3.69,3.71,5434.0
11882,2023-11-20 19:00:00,3.7,3.7,3.69,3.7,4567.0
11883,2023-11-21 04:00:00,3.67,3.67,3.67,3.67,600.0
11884,2023-11-21 05:00:00,3.71,3.71,3.71,3.71,850.0
11885,2023-11-21 06:00:00,3.67,3.68,3.67,3.68,780.0
11886,2023-11-21 07:00:00,3.68,3.68,3.66,3.68,2987.0
11887,2023-11-21 08:00:00,3.6792,3.8,3.65,3.65,34103.0
11888,2023-11-21 09:00:00,3.6401,3.76,3.64,3.675,1225131.0
11889,2023-11-21 10:00:00,3.675,3.71,3.65,3.695,854673.0
11890,2023-11-21 11:00:00,3.695,3.74,3.69,3.73,822574.0
11891,2023-11-21 12:00:00,3.7399,3.75,3.705,3.72,819863.0
11892,2023-11-21 13:00:00,3.72,3.725,3.57,3.595,1453334.0
11893,2023-11-21 14:00:00,3.595,3.63,3.58,3.585,496312.0
11894,2023-11-21 15:00:00,3.585,3.66,3.57,3.655,1774736.0
11895,2023-11-21 16:00:00,3.65,3.67,3.65,3.66,24539.0
11896,2023-11-21 17:00:00,3.63,3.65,3.63,3.65,2743.0
11897,2023-11-21 18:00:00,3.64,3.6891,3.64,3.6891,1741.0
11898,2023-11-21 19:00:00,3.62,3.65,3.61,3.65,3414.0
11899,2023-11-22 05:00:00,3.65,3.65,3.6,3.6,1225.0
11900,2023-11-22 07:00:00,3.63,3.67,3.63,3.67,585.0
11901,2023-11-22 08:00:00,3.69,3.69,3.56,3.6501,2745.0
11902,2023-11-22 09:00:00,3.68,3.755,3.65,3.67,575017.0
11903,2023-11-22 10:00:00,3.665,3.735,3.65,3.705,623918.0
11904,2023-11-22 11:00:00,3.7,3.72,3.67,3.71,328793.0
11905,2023-11-22 12:00:00,3.705,3.72,3.62,3.6378,655008.0
11906,2023-11-22 13:00:00,3.635,3.66,3.63,3.65,219762.0
11907,2023-11-22 14:00:00,3.655,3.67,3.63,3.66,551541.0
11908,2023-11-22 15:00:00,3.665,3.68,3.63,3.645,1371620.0
11909,2023-11-22 16:00:00,3.65,3.65,3.6496,3.65,102664.0
11910,2023-11-22 18:00:00,3.65,3.65,3.65,3.65,2305.0
11911,2023-11-22 19:00:00,3.6398,3.6398,3.63,3.63,617.0
11912,2023-11-24 04:00:00,3.64,3.64,3.64,3.64,135.0
11913,2023-11-24 08:00:00,3.64,3.64,3.64,3.64,313.0
11914,2023-11-24 09:00:00,3.65,3.7,3.6,3.665,356336.0
11915,2023-11-24 10:00:00,3.67,3.69,3.655,3.68,337717.0
11916,2023-11-24 11:00:00,3.675,3.69,3.65,3.655,395350.0
11917,2023-11-24 12:00:00,3.655,3.68,3.635,3.65,457081.0
11918,2023-11-24 13:00:00,3.66,3.6969,3.65,3.65,4936.0
11919,2023-11-24 14:00:00,3.665,3.665,3.665,3.665,150.0
11920,2023-11-24 16:00:00,3.65,3.65,3.65,3.65,100.0
11921,2023-11-27 08:00:00,3.635,3.66,3.63,3.65,3618.0
11922,2023-11-27 09:00:00,3.65,3.66,3.595,3.6375,383403.0
11923,2023-11-27 10:00:00,3.64,3.74,3.64,3.7075,730340.0
11924,2023-11-27 11:00:00,3.7,3.72,3.62,3.625,589624.0
11925,2023-11-27 12:00:00,3.62,3.68,3.615,3.665,506135.0
11926,2023-11-27 13:00:00,3.665,3.7,3.65,3.6657,789270.0
11927,2023-11-27 14:00:00,3.665,3.69,3.65,3.655,357548.0
11928,2023-11-27 15:00:00,3.655,3.73,3.65,3.7,1703713.0
11929,2023-11-27 16:00:00,3.7,3.72,3.67,3.67,21767.0
11930,2023-11-27 18:00:00,3.68,3.68,3.68,3.68,300.0
11931,2023-11-27 19:00:00,3.68,3.68,3.68,3.68,100.0
11932,2023-11-28 07:00:00,3.7,3.7,3.7,3.7,243.0
11933,2023-11-28 08:00:00,3.7086,3.71,3.7086,3.71,2667.0
11934,2023-11-28 09:00:00,3.69,3.69,3.51,3.5299,1146462.0
11935,2023-11-28 10:00:00,3.53,3.58,3.51,3.565,1075598.0
11936,2023-11-28 11:00:00,3.565,3.62,3.56,3.585,819159.0
11937,2023-11-28 12:00:00,3.585,3.59,3.53,3.53,782107.0
11938,2023-11-28 13:00:00,3.54,3.55,3.52,3.535,521797.0
11939,2023-11-28 14:00:00,3.535,3.55,3.52,3.545,617454.0
11940,2023-11-28 15:00:00,3.54,3.55,3.51,3.55,1800327.0
11941,2023-11-28 16:00:00,3.54,3.5599,3.53,3.5305,162200.0
11942,2023-11-28 17:00:00,3.51,3.54,3.41,3.52,13332.0
11943,2023-11-28 18:00:00,3.54,3.54,3.52,3.52,1371.0
11944,2023-11-28 19:00:00,3.52,3.52,3.5,3.5,9867.0
11945,2023-11-29 06:00:00,3.56,3.57,3.56,3.57,410.0
11946,2023-11-29 07:00:00,3.54,3.55,3.54,3.55,499.0
11947,2023-11-29 08:00:00,3.57,3.63,3.53,3.61,39384.0
11948,2023-11-29 09:00:00,3.62,3.71,3.53,3.7,1282950.0
11949,2023-11-29 10:00:00,3.695,3.695,3.61,3.63,899634.0
11950,2023-11-29 11:00:00,3.6288,3.64,3.59,3.635,877347.0
11951,2023-11-29 12:00:00,3.63,3.68,3.59,3.68,1302614.0
11952,2023-11-29 13:00:00,3.68,3.73,3.67,3.715,1248200.0
11953,2023-11-29 14:00:00,3.7153,3.72,3.64,3.65,1561205.0
11954,2023-11-29 15:00:00,3.65,3.67,3.62,3.645,3197157.0
11955,2023-11-29 16:00:00,3.64,3.6761,3.64,3.64,428035.0
11956,2023-11-29 17:00:00,3.67,3.68,3.67,3.68,200.0
11957,2023-11-29 19:00:00,3.68,3.68,3.68,3.68,600.0
11958,2023-11-30 07:00:00,3.68,3.68,3.68,3.68,1500.0
11959,2023-11-30 08:00:00,3.64,3.68,3.64,3.68,3004.0
11960,2023-11-30 09:00:00,3.6401,3.68,3.56,3.6495,578927.0
11961,2023-11-30 10:00:00,3.645,3.68,3.6,3.615,437608.0
11962,2023-11-30 11:00:00,3.615,3.67,3.595,3.615,1049152.0
11963,2023-11-30 12:00:00,3.61,3.67,3.605,3.655,420213.0
11964,2023-11-30 13:00:00,3.655,3.655,3.58,3.585,340026.0
11965,2023-11-30 14:00:00,3.585,3.6,3.57,3.575,400811.0
11966,2023-11-30 15:00:00,3.575,3.66,3.555,3.65,1838768.0
11967,2023-11-30 16:00:00,3.66,3.66,3.55,3.6386,104000.0
11968,2023-11-30 17:00:00,3.6399,3.6399,3.6399,3.6399,300.0
11969,2023-12-01 08:00:00,3.58,3.65,3.58,3.59,1119.0
11970,2023-12-01 09:00:00,3.6,3.69,3.58,3.635,455471.0
11971,2023-12-01 10:00:00,3.64,3.815,3.64,3.7877,1131759.0
11972,2023-12-01 11:00:00,3.785,3.865,3.76,3.85,1271633.0
11973,2023-12-01 12:00:00,3.85,3.93,3.85,3.925,1270551.0
11974,2023-12-01 13:00:00,3.925,3.93,3.84,3.875,724403.0
11975,2023-12-01 14:00:00,3.875,3.89,3.845,3.86,887704.0
11976,2023-12-01 15:00:00,3.865,3.92,3.845,3.92,1865188.0
11977,2023-12-01 16:00:00,3.92,3.92,3.88,3.9,75079.0
11978,2023-12-01 17:00:00,3.88,3.89,3.88,3.89,200.0
11979,2023-12-01 18:00:00,3.88,3.88,3.88,3.88,3000.0
11980,2023-12-01 19:00:00,3.9,3.9,3.86,3.86,1803.0
11981,2023-12-04 04:00:00,3.86,3.9,3.86,3.9,683.0
11982,2023-12-04 05:00:00,3.89,3.89,3.89,3.89,199.0
11983,2023-12-04 06:00:00,3.89,3.89,3.88,3.88,523.0
11984,2023-12-04 07:00:00,3.88,3.88,3.87,3.88,1932.0
11985,2023-12-04 08:00:00,3.87,3.89,3.83,3.85,11889.0
11986,2023-12-04 09:00:00,3.85,3.96,3.83,3.91,688025.0
11987,2023-12-04 10:00:00,3.905,3.99,3.905,3.955,1127776.0
11988,2023-12-04 11:00:00,3.955,4.01,3.945,3.995,705188.0
11989,2023-12-04 12:00:00,4.0,4.01,3.87,3.93,2282570.0
11990,2023-12-04 13:00:00,3.9212,3.94,3.86,3.892,704327.0
11991,2023-12-04 14:00:00,3.895,3.9,3.86,3.875,606620.0
11992,2023-12-04 15:00:00,3.88,3.92,3.87,3.92,1009356.0
11993,2023-12-04 16:00:00,3.92,3.92,3.8701,3.9,176080.0
11994,2023-12-04 17:00:00,3.89,3.9,3.87,3.87,1562.0
11995,2023-12-04 18:00:00,3.87,3.88,3.87,3.88,337.0
11996,2023-12-04 19:00:00,3.88,3.88,3.87,3.87,525.0
11997,2023-12-05 04:00:00,3.87,3.87,3.87,3.87,1202.0
11998,2023-12-05 05:00:00,3.87,3.87,3.87,3.87,1700.0
11999,2023-12-05 07:00:00,3.88,3.88,3.87,3.87,649.0
12000,2023-12-05 08:00:00,3.87,3.94,3.87,3.94,6128.0
12001,2023-12-05 09:00:00,3.9,3.95,3.78,3.82,680244.0
12002,2023-12-05 10:00:00,3.82,3.85,3.79,3.845,570307.0
12003,2023-12-05 11:00:00,3.85,3.88,3.83,3.84,584849.0
12004,2023-12-05 12:00:00,3.84,3.84,3.795,3.805,903563.0
12005,2023-12-05 13:00:00,3.805,3.86,3.8,3.84,443626.0
12006,2023-12-05 14:00:00,3.845,3.87,3.84,3.855,828566.0
12007,2023-12-05 15:00:00,3.85,3.86,3.81,3.83,1415311.0
12008,2023-12-05 16:00:00,3.84,3.85,3.84,3.85,162007.0
12009,2023-12-05 17:00:00,3.8398,3.8398,3.8398,3.8398,5200.0
12010,2023-12-05 19:00:00,3.84,3.84,3.82,3.84,2026.0
12011,2023-12-06 04:00:00,3.84,3.84,3.84,3.84,200.0
12012,2023-12-06 05:00:00,3.84,3.84,3.84,3.84,400.0
12013,2023-12-06 08:00:00,3.8105,3.87,3.8,3.87,34895.0
12014,2023-12-06 09:00:00,3.85,4.015,3.85,4.0,668647.0
12015,2023-12-06 10:00:00,4.01,4.05,3.98,4.015,883321.0
12016,2023-12-06 11:00:00,4.02,4.05,3.995,4.015,521538.0
12017,2023-12-06 12:00:00,4.02,4.02,3.94,3.945,412824.0
12018,2023-12-06 13:00:00,3.95,4.01,3.95,4.005,410897.0
12019,2023-12-06 14:00:00,4.005,4.04,3.985,3.985,1088213.0
12020,2023-12-06 15:00:00,3.98,4.005,3.93,3.9699,3551269.0
12021,2023-12-06 16:00:00,3.96,3.97,3.9204,3.94,48776.0
12022,2023-12-06 17:00:00,3.96,3.96,3.94,3.94,18668.0
12023,2023-12-06 19:00:00,3.98,3.98,3.95,3.95,551.0
12024,2023-12-07 08:00:00,3.96,4.0083,3.96,3.9716,5445.0
12025,2023-12-07 09:00:00,4.004,4.02,3.932,4.0012,430476.0
12026,2023-12-07 10:00:00,4.005,4.26,3.975,4.255,1171667.0
12027,2023-12-07 11:00:00,4.255,4.3,4.21,4.29,1521031.0
12028,2023-12-07 12:00:00,4.29,4.34,4.265,4.2889,1249981.0
12029,2023-12-07 13:00:00,4.2891,4.35,4.26,4.33,1619821.0
12030,2023-12-07 14:00:00,4.33,4.35,4.27,4.275,1215896.0
12031,2023-12-07 15:00:00,4.275,4.385,4.27,4.37,2659249.0
12032,2023-12-07 16:00:00,4.35,4.37,4.3078,4.35,127571.0
12033,2023-12-07 17:00:00,4.3499,4.37,4.34,4.37,6375.0
12034,2023-12-07 18:00:00,4.37,4.37,4.35,4.35,400.0
12035,2023-12-07 19:00:00,4.3503,4.39,4.3503,4.39,3942.0
12036,2023-12-08 06:00:00,4.35,4.35,4.25,4.25,1120.0
12037,2023-12-08 07:00:00,4.35,4.35,4.35,4.35,314.0
12038,2023-12-08 08:00:00,4.34,4.37,4.34,4.35,16977.0
12039,2023-12-08 09:00:00,4.33,4.52,4.33,4.52,1116434.0
12040,2023-12-08 10:00:00,4.51,4.6,4.445,4.485,2310651.0
12041,2023-12-08 11:00:00,4.485,4.54,4.47,4.4948,974196.0
12042,2023-12-08 12:00:00,4.5,4.545,4.46,4.51,712947.0
12043,2023-12-08 13:00:00,4.51,4.57,4.5094,4.555,883048.0
12044,2023-12-08 14:00:00,4.555,4.58,4.53,4.56,877828.0
12045,2023-12-08 15:00:00,4.56,4.62,4.55,4.57,2406063.0
12046,2023-12-08 16:00:00,4.57,4.57,4.55,4.57,154375.0
12047,2023-12-08 17:00:00,4.55,4.57,4.5403,4.5403,3024.0
12048,2023-12-08 18:00:00,4.5401,4.5412,4.54,4.5412,604.0
12049,2023-12-08 19:00:00,4.54,4.6,4.54,4.6,1108.0
12050,2023-12-11 06:00:00,4.66,4.66,4.66,4.66,962.0
12051,2023-12-11 07:00:00,4.62,4.62,4.62,4.62,1000.0
12052,2023-12-11 08:00:00,4.62,4.62,4.53,4.57,2994.0
12053,2023-12-11 09:00:00,4.57,4.61,4.36,4.39,827314.0
12054,2023-12-11 10:00:00,4.39,4.4,4.29,4.375,1266576.0
12055,2023-12-11 11:00:00,4.375,4.405,4.29,4.355,1023849.0
12056,2023-12-11 12:00:00,4.355,4.44,4.35,4.4,754565.0
12057,2023-12-11 13:00:00,4.4,4.47,4.39,4.445,1349811.0
12058,2023-12-11 14:00:00,4.45,4.48,4.41,4.43,586623.0
12059,2023-12-11 15:00:00,4.43,4.47,4.42,4.465,1294095.0
12060,2023-12-11 16:00:00,4.46,4.46,4.43,4.43,63080.0
12061,2023-12-11 18:00:00,4.43,4.43,4.43,4.43,250.0
12062,2023-12-11 19:00:00,4.43,4.43,4.4,4.43,5008.0
12063,2023-12-12 04:00:00,4.4,4.4,4.4,4.4,445.0
12064,2023-12-12 07:00:00,4.4,4.4,4.4,4.4,2575.0
12065,2023-12-12 08:00:00,4.47,4.48,4.47,4.48,3956.0
12066,2023-12-12 09:00:00,4.4324,4.4324,4.3,4.305,585490.0
12067,2023-12-12 10:00:00,4.3,4.32,4.23,4.305,813028.0
12068,2023-12-12 11:00:00,4.3,4.31,4.24,4.295,528995.0
12069,2023-12-12 12:00:00,4.29,4.32,4.28,4.29,441047.0
12070,2023-12-12 13:00:00,4.285,4.33,4.28,4.33,644056.0
12071,2023-12-12 14:00:00,4.32,4.33,4.28,4.2825,888188.0
12072,2023-12-12 15:00:00,4.28,4.31,4.245,4.28,1599219.0
12073,2023-12-12 16:00:00,4.29,4.3457,4.29,4.3457,96882.0
12074,2023-12-12 17:00:00,4.28,4.28,4.28,4.28,100.0
12075,2023-12-12 18:00:00,4.3,4.3,4.29,4.3,14881.0
12076,2023-12-12 19:00:00,4.29,4.29,4.28,4.28,1403.0
12077,2023-12-13 05:00:00,4.25,4.25,4.25,4.25,493.0
12078,2023-12-13 08:00:00,4.3388,4.35,4.28,4.35,17726.0
12079,2023-12-13 09:00:00,4.34,4.34,4.1,4.12,643279.0
12080,2023-12-13 10:00:00,4.115,4.17,4.09,4.165,1034679.0
12081,2023-12-13 11:00:00,4.1601,4.25,4.15,4.15,385925.0
12082,2023-12-13 12:00:00,4.15,4.18,4.14,4.16,300806.0
12083,2023-12-13 13:00:00,4.16,4.22,4.16,4.2005,525829.0
12084,2023-12-13 14:00:00,4.2,4.435,4.2,4.4288,1101907.0
12085,2023-12-13 15:00:00,4.43,4.485,4.395,4.45,1582013.0
12086,2023-12-13 16:00:00,4.44,4.48,4.44,4.45,19097.0
12087,2023-12-13 18:00:00,4.42,4.42,4.39,4.39,400.0
12088,2023-12-13 19:00:00,4.47,4.5,4.44,4.5,2514.0
12089,2023-12-14 07:00:00,4.5,4.52,4.5,4.5,640.0
12090,2023-12-14 08:00:00,4.5217,4.6,4.5,4.56,6964.0
12091,2023-12-14 09:00:00,4.6,4.935,4.55,4.765,1422303.0
12092,2023-12-14 10:00:00,4.765,4.81,4.6726,4.715,1408863.0
12093,2023-12-14 11:00:00,4.715,4.8,4.67,4.775,810566.0
12094,2023-12-14 12:00:00,4.77,4.79,4.735,4.74,695972.0
12095,2023-12-14 13:00:00,4.7403,4.78,4.7,4.705,504826.0
12096,2023-12-14 14:00:00,4.705,4.76,4.685,4.76,535369.0
12097,2023-12-14 15:00:00,4.7591,4.82,4.75,4.815,1825568.0
12098,2023-12-14 16:00:00,4.82,4.82,4.8,4.82,146652.0
12099,2023-12-14 17:00:00,4.7901,4.8748,4.79,4.8693,2395.0
12100,2023-12-14 19:00:00,4.71,4.72,4.71,4.72,911.0
12101,2023-12-15 05:00:00,4.83,4.83,4.83,4.83,468.0
12102,2023-12-15 06:00:00,4.83,4.84,4.83,4.84,273.0
12103,2023-12-15 07:00:00,4.84,4.89,4.84,4.89,752.0
12104,2023-12-15 08:00:00,4.8897,4.9,4.82,4.82,7033.0
12105,2023-12-15 09:00:00,4.8199,4.95,4.575,4.645,1076897.0
12106,2023-12-15 10:00:00,4.65,4.68,4.595,4.665,934433.0
12107,2023-12-15 11:00:00,4.665,4.69,4.625,4.64,502018.0
12108,2023-12-15 12:00:00,4.645,4.645,4.594,4.595,456732.0
12109,2023-12-15 13:00:00,4.595,4.64,4.565,4.63,609556.0
12110,2023-12-15 14:00:00,4.635,4.67,4.6201,4.645,612605.0
12111,2023-12-15 15:00:00,4.645,4.69,4.6115,4.655,1948779.0
12112,2023-12-15 16:00:00,4.68,4.69,4.66,4.69,432429.0
12113,2023-12-15 17:00:00,4.67,4.67,4.67,4.67,130.0
12114,2023-12-15 18:00:00,4.6705,4.6705,4.6705,4.6705,18071.0
12115,2023-12-18 04:00:00,4.68,4.75,4.68,4.75,1006.0
12116,2023-12-18 07:00:00,4.69,4.73,4.67,4.67,1037.0
12117,2023-12-18 08:00:00,4.6805,4.73,4.6573,4.7,1897.0
12118,2023-12-18 09:00:00,4.68,4.76,4.57,4.7,402755.0
12119,2023-12-18 10:00:00,4.695,4.715,4.61,4.615,528846.0
12120,2023-12-18 11:00:00,4.615,4.69,4.6,4.65,350808.0
12121,2023-12-18 12:00:00,4.655,4.75,4.632,4.75,816929.0
12122,2023-12-18 13:00:00,4.745,4.82,4.7,4.815,786910.0
12123,2023-12-18 14:00:00,4.81,4.81,4.71,4.71,778586.0
12124,2023-12-18 15:00:00,4.715,4.715,4.64,4.645,867948.0
12125,2023-12-18 16:00:00,4.64,4.69,4.64,4.69,76545.0
12126,2023-12-18 17:00:00,4.67,4.6845,4.65,4.67,4534.0
12127,2023-12-18 18:00:00,4.7,4.7,4.7,4.7,500.0
12128,2023-12-18 19:00:00,4.68,4.73,4.65,4.65,400.0
12129,2023-12-19 04:00:00,4.62,4.62,4.62,4.62,267.0
12130,2023-12-19 06:00:00,4.67,4.75,4.67,4.75,530.0
12131,2023-12-19 07:00:00,4.67,4.67,4.65,4.66,1972.0
12132,2023-12-19 08:00:00,4.72,4.8029,4.66,4.75,10832.0
12133,2023-12-19 09:00:00,4.7778,4.88,4.69,4.8,786768.0
12134,2023-12-19 10:00:00,4.805,4.89,4.735,4.8312,965487.0
12135,2023-12-19 11:00:00,4.84,4.88,4.81,4.8399,538957.0
12136,2023-12-19 12:00:00,4.83,4.875,4.815,4.855,458952.0
12137,2023-12-19 13:00:00,4.855,4.88,4.83,4.875,402280.0
12138,2023-12-19 14:00:00,4.875,4.89,4.855,4.87,431044.0
12139,2023-12-19 15:00:00,4.87,4.92,4.87,4.87,1371383.0
12140,2023-12-19 16:00:00,4.88,4.88,4.88,4.88,302736.0
12141,2023-12-19 17:00:00,4.88,4.88,4.88,4.88,5200.0
12142,2023-12-19 19:00:00,4.8,4.8,4.8,4.8,100.0
12143,2023-12-20 05:00:00,4.96,4.96,4.88,4.88,1150.0
12144,2023-12-20 06:00:00,4.88,4.88,4.88,4.88,205.0
12145,2023-12-20 07:00:00,4.88,4.88,4.88,4.88,102.0
12146,2023-12-20 08:00:00,4.88,4.9677,4.8303,4.88,3942.0
12147,2023-12-20 09:00:00,4.87,4.92,4.81,4.88,455237.0
12148,2023-12-20 10:00:00,4.885,4.98,4.88,4.955,749446.0
12149,2023-12-20 11:00:00,4.95,4.99,4.9201,4.9201,716923.0
12150,2023-12-20 12:00:00,4.92,4.97,4.915,4.935,465833.0
12151,2023-12-20 13:00:00,4.935,4.9385,4.87,4.87,407747.0
12152,2023-12-20 14:00:00,4.87,4.8786,4.715,4.7207,941650.0
12153,2023-12-20 15:00:00,4.72,4.82,4.69,4.77,1403949.0
12154,2023-12-20 16:00:00,4.77,4.81,4.77,4.8,59893.0
12155,2023-12-20 17:00:00,4.81,4.81,4.81,4.81,505.0
12156,2023-12-20 18:00:00,4.83,4.83,4.83,4.83,100.0
12157,2023-12-20 19:00:00,4.83,4.83,4.83,4.83,3000.0
12158,2023-12-21 04:00:00,4.77,4.77,4.77,4.77,335.0
12159,2023-12-21 08:00:00,4.9065,4.93,4.7711,4.9,9288.0
12160,2023-12-21 09:00:00,4.81,4.89,4.78,4.86,491063.0
12161,2023-12-21 10:00:00,4.865,4.9,4.84,4.885,744769.0
12162,2023-12-21 11:00:00,4.885,4.895,4.8502,4.875,432374.0
12163,2023-12-21 12:00:00,4.87,4.89,4.85,4.88,349876.0
12164,2023-12-21 13:00:00,4.88,4.89,4.86,4.8788,367726.0
12165,2023-12-21 14:00:00,4.88,4.89,4.86,4.885,430973.0
12166,2023-12-21 15:00:00,4.885,4.91,4.86,4.88,2228413.0
12167,2023-12-21 16:00:00,4.89,4.89,4.87,4.88,34645.0
12168,2023-12-21 17:00:00,4.88,4.92,4.85,4.92,2555.0
12169,2023-12-21 18:00:00,4.8902,4.8902,4.89,4.89,3512.0
12170,2023-12-22 04:00:00,4.89,4.89,4.89,4.89,200.0
12171,2023-12-22 07:00:00,4.91,4.91,4.91,4.91,200.0
12172,2023-12-22 08:00:00,4.9,4.92,4.9,4.92,1124.0
12173,2023-12-22 09:00:00,4.93,5.0,4.84,4.97,537468.0
12174,2023-12-22 10:00:00,4.97,4.9799,4.9,4.9375,491034.0
12175,2023-12-22 11:00:00,4.93,4.975,4.925,4.965,435836.0
12176,2023-12-22 12:00:00,4.9603,5.02,4.96,5.02,486693.0
12177,2023-12-22 13:00:00,5.0144,5.02,4.99,5.015,444201.0
12178,2023-12-22 14:00:00,5.02,5.02,4.93,4.99,587556.0
12179,2023-12-22 15:00:00,4.99,5.01,4.98,5.01,847129.0
12180,2023-12-22 16:00:00,5.0,5.0,4.95,4.9802,36792.0
12181,2023-12-22 17:00:00,4.9895,5.04,4.96,5.0376,25622.0
12182,2023-12-22 18:00:00,5.03,5.05,5.03,5.05,8136.0
12183,2023-12-22 19:00:00,5.07,5.15,5.03,5.03,17265.0
12184,2023-12-26 05:00:00,5.1,5.11,5.01,5.01,534.0
12185,2023-12-26 07:00:00,5.07,5.08,5.06,5.06,1300.0
12186,2023-12-26 08:00:00,5.06,5.08,5.04,5.04,7136.0
12187,2023-12-26 09:00:00,5.05,5.11,5.014,5.055,413208.0
12188,2023-12-26 10:00:00,5.055,5.19,5.05,5.095,735076.0
12189,2023-12-26 11:00:00,5.0917,5.17,5.08,5.17,880575.0
12190,2023-12-26 12:00:00,5.17,5.17,5.1,5.16,632003.0
12191,2023-12-26 13:00:00,5.16,5.17,5.12,5.165,247617.0
12192,2023-12-26 14:00:00,5.17,5.23,5.15,5.22,856369.0
12193,2023-12-26 15:00:00,5.22,5.25,5.19,5.19,1354681.0
12194,2023-12-26 16:00:00,5.2,5.2,5.1414,5.1806,58452.0
12195,2023-12-26 17:00:00,5.2,5.2,5.2,5.2,100.0
12196,2023-12-26 19:00:00,5.23,5.23,5.16,5.23,1339.0
12197,2023-12-27 07:00:00,5.23,5.23,5.2,5.2,546.0
12198,2023-12-27 08:00:00,5.21,5.25,5.18,5.22,2784.0
12199,2023-12-27 09:00:00,5.22,5.33,5.15,5.27,1003936.0
12200,2023-12-27 10:00:00,5.265,5.44,5.255,5.405,1854993.0
12201,2023-12-27 11:00:00,5.4,5.5,5.36,5.4301,3055836.0
12202,2023-12-27 12:00:00,5.43,5.44,5.275,5.39,2222368.0
12203,2023-12-27 13:00:00,5.39,5.41,5.345,5.355,805424.0
12204,2023-12-27 14:00:00,5.355,5.41,5.32,5.345,817596.0
12205,2023-12-27 15:00:00,5.345,5.37,5.28,5.295,1678223.0
12206,2023-12-27 16:00:00,5.3,5.3,5.29,5.3,43709.0
12207,2023-12-27 17:00:00,5.33,5.4838,5.3015,5.4838,25867.0
12208,2023-12-27 18:00:00,5.41,5.47,5.41,5.41,1861.0
12209,2023-12-27 19:00:00,5.41,5.5,5.41,5.5,10362.0
12210,2023-12-28 04:00:00,5.16,5.39,5.16,5.39,2106.0
12211,2023-12-28 06:00:00,5.35,5.36,5.35,5.36,477.0
12212,2023-12-28 07:00:00,5.39,5.4,5.38,5.39,1086.0
12213,2023-12-28 08:00:00,5.3991,5.49,5.3,5.41,65036.0
12214,2023-12-28 09:00:00,5.37,5.605,5.24,5.51,2724270.0
12215,2023-12-28 10:00:00,5.505,5.535,5.43,5.445,2068943.0
12216,2023-12-28 11:00:00,5.45,5.55,5.41,5.51,1698328.0
12217,2023-12-28 12:00:00,5.505,5.67,5.505,5.67,1886204.0
12218,2023-12-28 13:00:00,5.6668,5.72,5.61,5.71,2026523.0
12219,2023-12-28 14:00:00,5.7,5.76,5.62,5.62,2253307.0
12220,2023-12-28 15:00:00,5.62,5.71,5.62,5.65,3335159.0
12221,2023-12-28 16:00:00,5.66,5.7,5.64,5.7,23004.0
12222,2023-12-28 17:00:00,5.69,5.69,5.66,5.67,821.0
12223,2023-12-28 18:00:00,5.6819,5.72,5.67,5.7186,1297.0
12224,2023-12-28 19:00:00,5.72,5.72,5.67,5.72,8842.0
12225,2023-12-29 04:00:00,5.65,5.65,5.49,5.53,1319.0
12226,2023-12-29 05:00:00,5.64,5.64,5.64,5.64,800.0
12227,2023-12-29 06:00:00,5.64,5.64,5.64,5.64,600.0
12228,2023-12-29 07:00:00,5.59,5.63,5.59,5.63,1651.0
12229,2023-12-29 08:00:00,5.63,5.7606,5.61,5.66,12620.0
12230,2023-12-29 09:00:00,5.7,5.86,5.57,5.79,1833284.0
12231,2023-12-29 10:00:00,5.795,5.899,5.68,5.68,2642345.0
12232,2023-12-29 11:00:00,5.6807,5.81,5.68,5.8,1860295.0
12233,2023-12-29 12:00:00,5.8,5.92,5.8,5.9167,1792224.0
12234,2023-12-29 13:00:00,5.915,5.965,5.88,5.955,1899584.0
12235,2023-12-29 14:00:00,5.955,5.955,5.87,5.91,1845478.0
12236,2023-12-29 15:00:00,5.905,5.93,5.75,5.79,10867019.0
12237,2023-12-29 16:00:00,5.79,5.8474,5.7,5.77,10254944.0
12238,2023-12-29 17:00:00,5.79,5.81,5.7,5.78,9011.0
12239,2023-12-29 18:00:00,5.7799,5.85,5.73,5.77,29720.0
12240,2023-12-29 19:00:00,5.79,5.79,5.72,5.73,7397.0
